Night,time,RV,e_RV,logRHK,e_logRHK,BJD,n_obs,FWHM,e_FWHM,BIS,e_BIS,Contrast,e_Contrast,SMW,e_SMW,Mg2,e_Mg2
2015-07-16,2015-07-16T12:00:00.000,3.858436825552199,0.0392925576707926,-4.963814213262431,0.0002234664594627,57220.046412749994,36.0,7106.199643469075,0.07857448799409747,-63.17976119272644,0.07857448799409747,56.17320593140905,0.0006280623721601256,0.1657815079443403,3.8775290356213005e-05,0.1587575,6.25357040874581e-06
2015-07-29,2015-07-29T12:00:00.000,3.099552795171688,0.0283696302162643,-4.963063033496924,0.000157836259253,57233.01552133898,59.0,7105.662105899671,0.05671508120068767,-63.95773507017216,0.05671508120068767,56.15640992131047,0.000455490829369549,0.16591417721971807,2.763248832113699e-05,0.1592772881355932,7.632831161598806e-06
2015-07-30,2015-07-30T12:00:00.000,3.9399805659472578,0.0295903950395375,-4.959373189652758,0.0001634154797756,57234.0533632963,54.0,7105.718305061592,0.05916718428374554,-64.42987677497204,0.05916718428374554,56.13724259259259,0.0004762896722078402,0.16656011592858794,2.8719483244477377e-05,0.15974333333333338,1.4718414522825946e-06
2015-07-31,2015-07-31T12:00:00.000,4.620592914027092,0.0254572214288396,-4.957868978940652,0.0001408959860821,57235.043466693336,75.0,7105.977944986231,0.050588640788145546,-63.30510794802751,0.050588640788145546,56.13279130155158,0.00040601367035524575,0.1668282011140409,2.467047162163372e-05,0.15999040000000003,3.5536556485494817e-06
2015-08-01,2015-08-01T12:00:00.000,3.882932748992291,0.0268159987767507,-4.957987434207485,0.0001482604483733,57235.99894068183,66.0,7106.9251755494415,0.05393297761347047,-63.05179971351241,0.05393297761347047,56.122542651031296,0.00043138601396694416,0.16680334488569692,2.635489537871464e-05,0.15988045454545452,4.939880136810161e-06
2015-08-02,2015-08-02T12:00:00.000,5.246700494732569,0.0247242187963115,-4.958484157078745,0.0001366248831633,57237.019815833344,78.0,7106.498921892842,0.04941164669245777,-61.95962946919412,0.04941164669245777,56.12371337647445,0.000394822065981711,0.1667184297652884,2.4116550893846824e-05,0.15980794871794873,3.7011170671056193e-06
2015-08-03,2015-08-03T12:00:00.000,4.451567746888573,0.0279538759950752,-4.958566439876453,0.0001551861062527,57238.00275457813,64.0,7106.395578226303,0.05587332342132294,-62.135709494633836,0.05587332342132294,56.13357745102531,0.00044663133052620917,0.16670513369644985,2.7496896057397914e-05,0.15985421875,2.4980616245323775e-06
2015-08-04,2015-08-04T12:00:00.000,3.262432540821907,0.0398915161144103,-4.959035817460101,0.0002201698089227,57239.22447047369,38.0,7105.217891630846,0.07229388340966074,-62.86158840218017,0.07229388340966074,56.152314543638475,0.0005790687248684226,0.16652788881806524,3.49975939981161e-05,0.15963684210526313,1.2383771231853759e-05
2015-08-05,2015-08-05T12:00:00.000,3.8742975854793182,0.0327351377837744,-4.960878314155029,0.0001838110572454,57239.94521,40.0,7104.235427904294,0.0706698417298051,-62.96649979810831,0.0706698417298051,56.168166772654104,0.0005659589688110715,0.1663402634929642,3.451671043264207e-05,0.15945274999999998,2.9305530238582213e-06
2015-08-07,2015-08-07T12:00:00.000,4.117847870152416,0.0363323273091117,-4.962224292655736,0.000203133667133,57242.02293026315,38.0,7107.514146366522,0.07255637536437348,-63.230770189965995,0.07255637536437348,56.17722518111635,0.0005818358721005166,0.1660574349075513,3.5449573340910425e-05,0.15862,1.8087821166123873e-06
2015-08-17,2015-08-17T12:00:00.000,1.4839593088215934,0.0220588249231256,-4.977431064321959,0.0001266354171309,57252.1137934902,102.0,7101.29764151865,0.04402223917170266,-64.67645842741761,0.04402223917170266,56.19822065577926,0.00035389905090094835,0.1634280559981063,2.137981895145471e-05,0.15546176470588235,1.457425072279972e-06
2015-08-18,2015-08-18T12:00:00.000,0.2317005033083224,0.0336609153265264,-4.978573980578462,0.0001950250416252,57253.1139228889,45.0,7101.390016403402,0.06716794631076435,-65.27173179385044,0.06716794631076435,56.2108380935642,0.0005395193209506783,0.1632601099678613,3.2748130655858595e-05,0.15550799999999998,1.43955660962783e-05
2015-08-19,2015-08-19T12:00:00.000,1.3796425989258114,0.0340145164064288,-4.977448825905769,0.0001965918373705,57254.10432044186,43.0,7101.067179625766,0.06892517301623416,-65.22384316823171,0.06892517301623416,56.21523788758814,0.0005540017069783081,0.16353981494130887,3.3625376346672174e-05,0.15584837209302327,3.133594314057265e-05
2015-08-20,2015-08-20T12:00:00.000,-0.4538885119071605,0.0322736654089158,-4.975267906053926,0.0001861806780261,57254.99634645455,44.0,7102.191345916686,0.06796689413682816,-66.44041061903617,0.06796689413682816,56.211436328591574,0.0005433455996853132,0.1638556660205065,3.307904476311479e-05,0.1564047727272727,1.2876419589070393e-05
2015-08-21,2015-08-21T12:00:00.000,1.02951200873351,0.0268043430181105,-4.972237981755254,0.000152861783915,57256.082940907894,76.0,7103.775981753392,0.05161157387317105,-66.19295818518525,0.05161157387317105,56.2032021895413,0.0004122116632864171,0.1643576049947816,2.4972208292650096e-05,0.15678855263157898,6.932516687824371e-06
2015-08-22,2015-08-22T12:00:00.000,3.3617780124096575,0.0299900575575497,-4.968237408844518,0.0001690324046692,57257.0620121064,47.0,7104.987437432845,0.0634561012131261,-65.48283384898612,0.0634561012131261,56.1859404255319,0.000510527470242631,0.1650489361702127,3.0631648214557855e-05,0.15711787234042554,5.276237641156416e-06
2015-08-25,2015-08-25T12:00:00.000,3.909205661748051,0.0321001104520403,-4.9639955515071215,0.0001790898951833,57260.10246591304,46.0,7107.233887746788,0.06473942321006133,-62.46416540389665,0.06473942321006133,56.16126936076787,0.0005200438141003613,0.16575841714903847,3.134509421696785e-05,0.1578876086956522,2.800703545301698e-06
2015-08-26,2015-08-26T12:00:00.000,2.882839431347004,0.0259319034650372,-4.964099327622168,0.0001451451681609,57261.00443105714,70.0,7106.494783497124,0.05303123524413828,-62.36460646587056,0.05303123524413828,56.15793411858042,0.0004247779811136931,0.1657558590008222,2.5663181181068414e-05,0.15787099999999998,1.8777326532777936e-06
2015-08-27,2015-08-27T12:00:00.000,0.5859923511780456,0.028818907739913,-4.964592582694155,0.0001618565531846,57262.00310561667,60.0,7105.122438853608,0.057567042061987136,-62.71508543130838,0.057567042061987136,56.16563595179693,0.00045992343689121553,0.16564723825540253,2.78493632466977e-05,0.1578391666666666,2.4505466548757136e-06
2015-08-28,2015-08-28T12:00:00.000,0.8059105340790674,0.0259627861694515,-4.966939777744816,0.0001461050439295,57263.10207450001,80.0,7103.8125107499945,0.050049165875153054,-64.12219100150438,0.050049165875153054,56.16834421018612,0.0004013175300857144,0.16520401358819123,2.4354401795488896e-05,0.15760675,3.498530432892431e-06
2015-08-29,2015-08-29T12:00:00.000,0.7917668814118756,0.0240501263776984,-4.968569666989571,0.0001369766647499,57264.03095694047,84.0,7103.176993297314,0.04955238865500031,-64.29792877103537,0.04955238865500031,56.17613274512398,0.0003976832340484832,0.16497589485427877,2.4356291926754575e-05,0.15751999999999997,3.0465702180374018e-18
2015-08-30,2015-08-30T12:00:00.000,1.047311113403136,0.0260603453616713,-4.969809833542811,0.0001477021868976,57265.0342347027,74.0,7102.444544946922,0.052073849863755024,-64.24851752651446,0.052073849863755024,56.174319639867285,0.00041539438474139334,0.16474854482679857,2.519727087482846e-05,0.1574677027027027,8.507090776172152e-07
2015-08-31,2015-08-31T12:00:00.000,0.6140866652864356,0.0313461982157705,-4.968515465407108,0.0001765380376545,57266.04714156,50.0,7102.3028536694665,0.06269298397766958,-63.59256828870411,0.06269298397766958,56.177111077413954,0.000500769440657847,0.1649627735898102,3.0409218363458066e-05,0.1572822,2.1436189122173687e-06
2015-09-01,2015-09-01T12:00:00.000,2.3636801625430124,0.0322966495850456,-4.969586914803451,0.0001838452547824,57267.07489506001,50.0,7102.161767337315,0.06343287276456659,-64.18570003977494,0.06343287276456659,56.18930513912801,0.000509616043364765,0.16478559728170702,3.137414333680822e-05,0.15709399999999998,4.615855548972386e-06
2015-09-02,2015-09-02T12:00:00.000,0.3707427294618605,0.0261169142871419,-4.970412048734207,0.0001487063191006,57268.06222190907,77.0,7101.8080192664465,0.05124934224809407,-64.63454332069612,0.05124934224809407,56.19176752575121,0.00040934666080097556,0.164603668350983,2.4907768124601004e-05,0.1568775324675325,7.174601677650139e-06
2015-09-03,2015-09-03T12:00:00.000,0.8292503137384823,0.0310123609869206,-4.9724262302733315,0.0001772170265997,57268.98907472917,48.0,7100.779457864999,0.06461323175156765,-64.62820265520025,0.06461323175156765,56.18947206804088,0.0005178979877917997,0.1643221534255555,3.131481112341382e-05,0.15662729166666667,2.836245635096411e-06
2015-09-04,2015-09-04T12:00:00.000,-0.7660895642223055,0.0351991990387132,-4.972665457676459,0.0002067595141101,57270.047426162164,37.0,7101.5442128525865,0.0703840781401924,-64.51144260099224,0.0703840781401924,56.18875331083929,0.0005606662111885177,0.16424983855981418,3.5206706678159364e-05,0.15649243243243244,7.15067921910064e-07
2015-09-05,2015-09-05T12:00:00.000,-0.5071871379779568,0.03673184930297,-4.97412215196187,0.0002165151678228,57271.046077088235,34.0,7101.388278628104,0.07346164554387448,-64.89227182542635,0.07346164554387448,56.193480043769995,0.0005835787864506301,0.16399839574249805,3.69943466980052e-05,0.15635970588235293,1.7654484474537047e-06
2015-09-07,2015-09-07T12:00:00.000,-0.5065079265395512,0.0648450004267462,-4.975586297629838,0.0003888869234828,57272.93668725,12.0,7101.212932121034,0.12953162274407368,-65.46001873369038,0.12953162274407368,56.2103544664148,0.0010407398380467153,0.16375054247395107,6.582532491273374e-05,0.1557966666666667,2.562353715951698e-06
2015-09-10,2015-09-10T12:00:00.000,0.3460378516373226,0.0440848773091241,-4.978543452072718,0.000253897880875,57276.19449256666,30.0,7101.7476800858385,0.08298130704292175,-65.43583529885807,0.08298130704292175,56.20305360241876,0.0006666189896800875,0.16325210904580026,4.061606088927782e-05,0.15512900000000004,8.267788207198099e-06
2015-09-11,2015-09-11T12:00:00.000,1.8254843702116896,0.0765239087957616,-4.978317205400289,0.0004515666772213,57277.13356725,8.0,7103.200817636538,0.16986998673219453,-65.6817587531287,0.16986998673219453,56.203241880269815,0.001360836217475336,0.1632648632858144,8.438552068864045e-05,0.1552,1.9639610121240784e-05
2015-09-12,2015-09-12T12:00:00.000,0.065218891245343,0.0332812952297017,-4.978126865270911,0.0001940714557144,57277.977037347824,46.0,7102.059276541848,0.06772713199914476,-64.41427466839272,0.06772713199914476,56.209597669343545,0.0005440269982964761,0.16334044075122378,3.343847071481827e-05,0.15509434782608691,2.276792682510271e-06
2015-09-13,2015-09-13T12:00:00.000,0.3682197845058353,0.0451636841055031,-4.977850650297022,0.0002594926206794,57279.22826617241,29.0,7102.393437909339,0.08470096539352354,-65.07978548768467,0.08470096539352354,56.210429958596706,0.0006797746018554761,0.16336776169013528,4.131738435909829e-05,0.15537206896551722,2.777185071620414e-05
2015-09-14,2015-09-14T12:00:00.000,0.1316506927924862,0.0340525940243584,-4.976512577384403,0.0001973927760117,57280.07693553332,45.0,7101.948121795844,0.06792521864433103,-65.72160781851838,0.06792521864433103,56.22679535110704,0.0005467087287550248,0.16366027589056437,3.351380919793991e-05,0.1558657777777778,2.0931559683809352e-05
2015-09-15,2015-09-15T12:00:00.000,2.003944793189789,0.0302949481797936,-4.974432259149437,0.0001753022789248,57280.97705992454,53.0,7101.9127814291,0.06242028051246834,-66.33077798442339,0.06242028051246834,56.2309995649638,0.0005026342017197253,0.1639456638846571,3.086768479456897e-05,0.15632660377358493,3.035152017081183e-06
2015-09-16,2015-09-16T12:00:00.000,2.2440719854912197,0.027625032372272,-4.97250225853893,0.0001587627175634,57282.00788279104,67.0,7102.784781601761,0.0551718161227001,-66.51035458148903,0.0551718161227001,56.21925491637644,0.00044515555318995454,0.16428836799040647,2.7314641694861008e-05,0.15674835820895525,4.3770557097103635e-06
2015-09-17,2015-09-17T12:00:00.000,2.048393711569963,0.0312247296405118,-4.9701950310532474,0.000177680891123,57283.055917058824,51.0,7103.694530943607,0.062445976986359564,-65.6091702381365,0.062445976986359564,56.20832549019608,0.0005041008302500835,0.1646756862745098,3.080616184861622e-05,0.15698764705882354,5.998846486569096e-07
2015-09-18,2015-09-18T12:00:00.000,1.484192965039557,0.0600309341714731,-4.969018218210499,0.0003414100271902,57284.004571499994,14.0,7103.588926601612,0.12001785020784932,-65.33182417212562,0.12001785020784932,56.20482984752893,0.0009658261692843325,0.16487850156228775,5.8976922672863107e-05,0.15725285714285714,5.686746827662873e-06
2015-09-20,2015-09-20T12:00:00.000,1.2344853945842762,0.0305020961048889,-4.965315123180662,0.000174032878756,57286.005172377365,53.0,7104.735137154763,0.06289799985247284,-64.63072374171456,0.06289799985247284,56.178387195905074,0.0005033993150662804,0.16555776871402786,3.10636516619211e-05,0.15804301886792452,4.875704003057068e-06
2015-09-21,2015-09-21T12:00:00.000,1.158664934043647,0.0565902944264848,-4.965516935796297,0.0003238506253966,57286.96887994117,17.0,7103.82243478101,0.11310149203543056,-65.13327293373719,0.11310149203543056,56.1949737587437,0.0009037355870819329,0.16548636772242542,5.6113051332508634e-05,0.15801529411764706,4.382254242867246e-06
2015-09-23,2015-09-23T12:00:00.000,1.86002074351802,0.0632666851802398,-4.965216154276809,0.0003672652617366,57288.9214474,15.0,7104.44773914414,0.1263603978392947,-65.17956012854405,0.1263603978392947,56.194095292780595,0.0010109732155837848,0.16553417534013634,6.40880965878782e-05,0.15838800000000003,1.4474937289129393e-06
2015-09-25,2015-09-25T12:00:00.000,4.3578811955838255,0.1191746974288729,-4.962696505665416,0.0006773964126926,57291.505948499995,8.0,7107.725891806503,0.171996585146663,-64.15374270163439,0.171996585146663,56.16338553453208,0.0013774617503321872,0.16590140749156393,8.594434873003113e-05,0.15823375,3.741359092247555e-05
2015-09-26,2015-09-26T12:00:00.000,2.899858992855113,0.0869921581706822,-4.963849639793333,0.0005018821946829,57291.87822175,4.0,7107.292719506274,0.24337163533961703,-63.77002032275741,0.24337163533961703,56.16765,0.00195,0.1657352468380253,0.00012119357448701651,0.1583425,2.4999999999955613e-06
2015-09-27,2015-09-27T12:00:00.000,4.113729943815124,0.0316699330641278,-4.96190093878686,0.00017919963137,57292.97563037734,53.0,7107.932060180921,0.06323322029712168,-61.77329014056933,0.06323322029712168,56.16767732936411,0.0005059912889537377,0.1661289068514567,3.124852409713634e-05,0.1586824528301887,1.074363495951744e-06
2015-09-28,2015-09-28T12:00:00.000,1.7122686137680263,0.0377583242745608,-4.962264888854943,0.0002148533236248,57293.94512876315,38.0,7107.27634733463,0.07539372584246953,-62.69808900586922,0.07539372584246953,56.17875195227432,0.0006023956878725101,0.16606025712997483,3.73790156208941e-05,0.1587265789473684,1.6983095850235279e-06
2015-09-30,2015-09-30T12:00:00.000,1.4119902842773224,0.0308874050276382,-4.9664443215084475,0.0001732973408464,57296.03649687037,54.0,7104.028476336718,0.06168461786433071,-63.29745276215305,0.06168461786433071,56.199455558353655,0.0004937688103781425,0.16532457572076895,3.0020480819261668e-05,0.15756018518518516,6.157101997963657e-06
2015-10-03,2015-10-03T12:00:00.000,0.4607406792288759,0.0784138377567983,-4.978372682319055,0.0004726906354783,57299.02952745455,11.0,7102.775279129387,0.15680283858347357,-64.86835138079715,0.15680283858347357,56.232359291418774,0.0012607014181024,0.16328408434356462,7.972127095100037e-05,0.15549000000000002,5.045249791095174e-06
2015-10-05,2015-10-05T12:00:00.000,-0.5027894179633182,0.0830104685324598,-4.982599507683742,0.0004975301943418,57301.07616044445,9.0,7102.096583308597,0.16598747062367658,-64.99226989989204,0.16598747062367658,56.23385733652312,0.0013369170339883505,0.1625784966020222,8.368482147479131e-05,0.15473,0.0
2015-10-06,2015-10-06T12:00:00.000,-0.4010380175149265,0.0259311531276243,-4.981812111640509,0.0001507841808197,57302.026906216226,74.0,7100.7530907166865,0.051791875739950734,-66.31979859032819,0.051791875739950734,56.208896232067104,0.00041504995470917534,0.162705831319941,2.5115379229701684e-05,0.15442756756756756,6.255129877897594e-06
2015-10-08,2015-10-08T12:00:00.000,-0.8673767847274152,0.0381132601428604,-4.9835825681540715,0.0002211226251561,57304.05232266667,33.0,7101.187123559089,0.07621801688667779,-65.26107072296054,0.07621801688667779,56.2033872754526,0.000609778158459399,0.16240750831816186,3.660561598789486e-05,0.1539487878787879,5.7695250802057e-07
2015-10-09,2015-10-09T12:00:00.000,-0.2848694619230912,0.0565797276881777,-4.983214842113247,0.0003289051024718,57305.03885033334,15.0,7098.728270379678,0.1131412009586164,-66.09110913127394,0.1131412009586164,56.21843333333334,0.0009036961141150641,0.16247000000000006,5.422176684690385e-05,0.15396000000000004,7.417989609027187e-18
2015-10-10,2015-10-10T12:00:00.000,-1.6456475367047791,0.0292558764043042,-4.98413564455229,0.0001711179811156,57306.02189115789,57.0,7100.326380151839,0.05846103237174604,-66.15337692328714,0.05846103237174604,56.2212551625723,0.00046884488966710084,0.1623187837597556,2.832709787718993e-05,0.15423157894736841,4.734753089899975e-06
2015-10-11,2015-10-11T12:00:00.000,-0.8879116786721721,0.0286629761162898,-4.981899693958643,0.0001674939928955,57307.00622231667,60.0,7099.413837734784,0.05723262007053995,-66.14102209999187,0.05723262007053995,56.22840331221821,0.0004592895218350664,0.16268916608265935,2.7855826821927483e-05,0.15466733333333332,3.402115216636399e-06
2015-10-12,2015-10-12T12:00:00.000,-0.7541911442415165,0.0383596219899136,-4.979132801492084,0.0002224196834709,57308.06203524242,33.0,7098.378937979749,0.07668563919516437,-66.45268528578087,0.07668563919516437,56.22449772219315,0.000614392968598312,0.16314984732824425,3.731757349879455e-05,0.1550527272727273,4.443942235170813e-06
2015-10-19,2015-10-19T12:00:00.000,5.07888507305249,0.0680794765497639,-4.953380769766204,0.000371770223927,57315.000182699994,10.0,7106.601013090789,0.13618773754098168,-63.62477012635727,0.13618773754098168,56.14665790085526,0.001084375303980937,0.167624,6.640783086353597e-05,0.16114,4.472135954999225e-06
2015-10-21,2015-10-21T12:00:00.000,5.163315062444439,0.0645880522630617,-4.948756734288586,0.0003580870097312,57316.89394258333,12.0,7107.38998808384,0.1339595720858824,-63.1101401427844,0.1339595720858824,56.14753218058243,0.0010723557456731485,0.16843477010633517,6.755358314535615e-05,0.16151000000000001,8.368620923398063e-18
2015-10-26,2015-10-26T12:00:00.000,1.5487702038081037,0.0284363577934139,-4.962971979053843,0.0001578440342175,57322.05224467241,58.0,7104.399962799265,0.05685953223470016,-60.51243112437429,0.05685953223470016,56.164089453870076,0.0004536787997679622,0.16592809441503725,2.7723382459002587e-05,0.15808758620689653,1.3517281504193736e-05
2015-10-27,2015-10-27T12:00:00.000,0.8132374349805832,0.0900138363554514,-4.96916283271941,0.0005091077706731,57322.95776816667,6.0,7101.12906146129,0.18001349598611893,-62.00060450765377,0.18001349598611893,56.19085537070998,0.001442096979831884,0.16485058378378376,8.770219880753091e-05,0.15715,3.6514837166996923e-06
2015-10-28,2015-10-28T12:00:00.000,-0.2271592060445003,0.0296178506805175,-4.969580444535837,0.0001678784321593,57323.99401387501,56.0,7101.906973882011,0.059114062341206634,-62.530724038950545,0.059114062341206634,56.20043660442368,0.00047276428314196173,0.16478779644572483,2.888176342385099e-05,0.15667714285714288,4.71054554506124e-06
2015-10-29,2015-10-29T12:00:00.000,-1.7025070550021315,0.0267677022298528,-4.971429893572277,0.0001514530563378,57325.02508274626,67.0,7101.894026457698,0.05347289713653856,-64.8940446908524,0.05347289713653856,56.201143024129735,0.0004278800506727826,0.16446106390086448,2.6003205008401705e-05,0.156249552238806,4.196835165963123e-06
2015-10-30,2015-10-30T12:00:00.000,-0.6075337135344812,0.0303524562278462,-4.973097702224769,0.0001721791906441,57325.98462976923,52.0,7102.659748309573,0.060599796033430485,-64.94024833594415,0.060599796033430485,56.21114605349684,0.0004845741073077837,0.16417964715943828,2.9548228913951924e-05,0.15576461538461542,5.3986028195109485e-06
2015-11-01,2015-11-01T12:00:00.000,1.6847705936937774,0.0298496922612148,-4.970545584033858,0.000168327994402,57328.02352518868,53.0,7104.042470528018,0.05969094454561171,-65.25674791755297,0.05969094454561171,56.207084536274884,0.0004785010628317845,0.16461694100968727,2.8991882637732417e-05,0.15625584905660378,1.4615031495124265e-06
2015-11-02,2015-11-02T12:00:00.000,3.0352618966487737,0.028020264225313,-4.969212583265499,0.0001575874351571,57329.00358290164,61.0,7104.955693862189,0.055973881293653105,-64.35597187233896,0.055973881293653105,56.19202297504135,0.0004473722305498808,0.16484890492382076,2.7275070707739508e-05,0.15611967213114755,1.0445594965290622e-06
2015-11-03,2015-11-03T12:00:00.000,3.564102374767168,0.0269918047233529,-4.969260615556905,0.0001519054057056,57330.02588662121,66.0,7104.897657240221,0.053934926081841875,-64.47352565733394,0.053934926081841875,56.17740944451342,0.0004322609249064035,0.16483533282179275,2.623372014655169e-05,0.15634409090909093,5.154839185358977e-06
2015-11-04,2015-11-04T12:00:00.000,2.450395498401578,0.0281810677339053,-4.967782757319404,0.0001581461548265,57331.03605861667,60.0,7105.702984065631,0.05632758289898751,-64.03499063945951,0.05632758289898751,56.15260819142272,0.0004506091830040886,0.16509184746786393,2.7432545624042534e-05,0.15640683333333338,3.297762181373546e-06
2015-11-05,2015-11-05T12:00:00.000,1.1518357534661166,0.0432222825986392,-4.969402120248898,0.0002457278174881,57331.930857962965,27.0,7105.770227898965,0.0862797078291373,-63.32370421445866,0.0862797078291373,56.167806991278304,0.0006919483842213864,0.16481486625294295,4.210193801261933e-05,0.1564340740740741,2.6289674540458262e-06
2015-11-06,2015-11-06T12:00:00.000,1.4495719780106926,0.0337287647320644,-4.96832467747919,0.0001893787357756,57333.03451690244,41.0,7106.040768866207,0.06744808670217194,-62.36417146838865,0.06744808670217194,56.16827634485433,0.0005376804814237893,0.16499731707317072,3.279648999660728e-05,0.1569841463414634,4.319208511449734e-06
2015-11-07,2015-11-07T12:00:00.000,1.4302423584909754,0.0270899026657127,-4.966769393648215,0.0001521839030627,57334.03625309231,65.0,7102.396881526037,0.054137673266023804,-63.83568317057812,0.054137673266023804,56.19040538845971,0.0004326563909142972,0.1652710674173959,2.6408415030576355e-05,0.15723,0.0
2015-11-08,2015-11-08T12:00:00.000,1.8747719047372084,0.0288470138182556,-4.967465683315076,0.0001627802249157,57335.02768606896,58.0,7101.575113766894,0.0576612347401523,-64.37032182609104,0.0576612347401523,56.204079131022795,0.00046390446285581103,0.16514555756087715,2.8061942091010825e-05,0.15729896551724143,1.4486503131284895e-06
2015-11-10,2015-11-10T12:00:00.000,0.8677347393098608,0.0550068999523066,-4.967678874222758,0.0003097563459334,57337.014321625,16.0,7104.3579232457805,0.10999670510280647,-64.95179419167978,0.10999670510280647,56.17776208604449,0.0008780114730679123,0.16510898658520387,5.324432516028795e-05,0.15725687500000002,1.1967838846966195e-06
2015-11-14,2015-11-14T12:00:00.000,1.932480359428265,0.0410513996987105,-4.961057088591168,0.0002388401386436,57341.01892049999,40.0,7107.635196534893,0.08191264489704221,-64.18281062785742,0.08191264489704221,56.18115801062855,0.0006554597524886383,0.1662724576578396,4.186045117356448e-05,0.15988125000000003,7.32214326896722e-06
2015-11-15,2015-11-15T12:00:00.000,2.3923886527952813,0.0331097759275503,-4.9570504114694485,0.0001851877447409,57342.07321485715,49.0,7106.4484190943,0.06618711392622587,-63.72936882022378,0.06618711392622587,56.15300743686835,0.0005315695065413929,0.16697316261124515,3.301539327878406e-05,0.16018,0.0
2015-11-18,2015-11-18T12:00:00.000,4.2557894548157265,0.0359904328377529,-4.957397591702386,0.0001993916909447,57344.98197702632,38.0,7105.320357613618,0.07192720347718783,-62.15845590661415,0.07192720347718783,56.13903101437021,0.0005755441474204289,0.16690307585494582,3.503678832421678e-05,0.15940526315789472,1.7584116922014194e-06
2015-11-20,2015-11-20T12:00:00.000,3.206868578538472,0.0273233290575316,-4.957412980484004,0.0001518501207706,57347.039631029846,67.0,7106.03744235779,0.05459222351231761,-61.970481682977315,0.05459222351231761,56.12648754375886,0.00043613291084599015,0.1669064131351256,2.6777158650345534e-05,0.15959985074626867,1.336482102527652e-06
2015-11-21,2015-11-21T12:00:00.000,2.2095949330876516,0.0270477689388757,-4.957347880408916,0.0001492291187646,57348.036952779425,68.0,7105.348057169294,0.054046646413762826,-61.892602776073176,0.054046646413762826,56.14666015302315,0.00043225749317192877,0.16691943971806164,2.6228682447483528e-05,0.1594645588235294,1.3322801147615072e-06
2015-11-23,2015-11-23T12:00:00.000,1.609913473649397,0.0268837036680815,-4.961188307337354,0.0001497787920872,57350.03961163236,68.0,7103.754257550937,0.053716584134451496,-63.27833741393861,0.053716584134451496,56.177648160955314,0.0004305867402326929,0.16624309039001606,2.6158581662231336e-05,0.1586533823529412,5.16883640708736e-06
2015-11-24,2015-11-24T12:00:00.000,1.3480719128951286,0.0302121895591594,-4.964698588829934,0.0001705114404397,57351.03075844643,56.0,7103.264194080496,0.0602990186258071,-63.85742662383554,0.0602990186258071,56.185427033266485,0.00048313701945205533,0.16562765929067624,2.943802294519318e-05,0.15818232142857142,4.4282964933509625e-06
2015-11-26,2015-11-26T12:00:00.000,2.527439903862567,0.0327371030978947,-4.96684676056556,0.0001848853562676,57353.008269020844,48.0,7104.88745883844,0.06542608158389114,-64.50358867232717,0.06542608158389114,56.18095860875673,0.0005247969997276248,0.16525186935139352,3.217776672043429e-05,0.1574725,2.535213001808759e-06
2015-11-27,2015-11-27T12:00:00.000,3.6311108288832794,0.0461652560854601,-4.967786514693066,0.0002606483217958,57354.01492608333,24.0,7104.161497324499,0.09221642301811198,-63.805972231268925,0.09221642301811198,56.179863573486756,0.0007402517007910309,0.16509029360579947,4.529061167320717e-05,0.15732,0.0
2015-11-28,2015-11-28T12:00:00.000,2.2181434516087544,0.0304359966742162,-4.968117610114846,0.0001721993389344,57355.03063207273,55.0,7104.629674427269,0.060842722602340395,-63.58756115040216,0.060842722602340395,56.172238822666515,0.0004884935249415264,0.16503335688185136,2.9850039908640256e-05,0.15714545454545456,2.6820036459293873e-06
2015-11-29,2015-11-29T12:00:00.000,3.415540430732178,0.0770264031127318,-4.9694111629996405,0.0004400620257045,57356.13118233334,9.0,7104.205996636491,0.15402901030620642,-64.09129222820923,0.15402901030620642,56.17797482473856,0.0012366044220540025,0.164807444894287,7.588672098563962e-05,0.15673555555555557,3.3793125168319215e-06
2015-12-02,2015-12-02T12:00:00.000,-0.1424417237612733,0.0605903603222506,-4.97568066652374,0.0003508220410331,57359.11176806666,15.0,7102.298156948473,0.12107376879724426,-64.17318824799167,0.12107376879724426,56.203544272384725,0.0009700228885228062,0.163733306001543,5.947992292052044e-05,0.155538,1.0743768958264192e-05
2015-12-03,2015-12-03T12:00:00.000,-0.4379177263578049,0.0534912190299328,-4.976330022773689,0.0003069184505861,57359.98484461111,18.0,7103.223856682672,0.1068891348257608,-64.6552883077584,0.1068891348257608,56.20154700187439,0.0008597757002492957,0.1636257952568043,5.2462685206312134e-05,0.15550055555555556,2.616216674462071e-06
2015-12-11,2015-12-11T12:00:00.000,1.519033872033736,0.045202219705211,-4.961178425947912,0.0002529792067226,57368.00455664001,25.0,7106.991958888392,0.09039334815987356,-64.70374082010258,0.09039334815987356,56.1426798493798,0.0007238702830279163,0.16624038153846155,4.4379135776935684e-05,0.15917320000000001,5.251031644670536e-06
2015-12-12,2015-12-12T12:00:00.000,1.2504630696706305,0.0353510533018845,-4.958168075296758,0.0001978165437441,57369.071488372094,43.0,7106.905943832257,0.07063134397434838,-64.26445654787132,0.07063134397434838,56.150579690591485,0.0005633677164881523,0.16677731433413898,3.473907056781062e-05,0.1596581395348837,2.8676183865352523e-06
2015-12-15,2015-12-15T12:00:00.000,3.9405726644894865,0.0621046640628379,-4.959084531662908,0.0003466425904143,57372.00841578571,14.0,7106.617773713067,0.12377491707710372,-64.16787852716651,0.12377491707710372,56.16293802964358,0.0009878013194770236,0.16661636100895327,6.0636951407428474e-05,0.15915714285714283,1.2529400275792455e-06
2015-12-21,2015-12-21T12:00:00.000,0.8799731404163493,0.0364617104347715,-4.965289035341953,0.0002135805353985,57378.059449236855,38.0,7105.889130270962,0.07291249509122169,-63.4405799229031,0.07291249509122169,56.18373517045125,0.0005860566988488714,0.1655245854127558,3.7351050278618564e-05,0.15827947368421055,6.196720194540234e-06
2015-12-22,2015-12-22T12:00:00.000,0.1927728065706796,0.0322113056229836,-4.963058268686477,0.0001823571275133,57379.035858076924,52.0,7107.086237978778,0.06440175317173535,-64.5947753569825,0.06440175317173535,56.1757170687977,0.0005166834828720388,0.1659123887611577,3.2097363376633824e-05,0.15872769230769232,1.7927157919378889e-06
2015-12-23,2015-12-23T12:00:00.000,-0.1391197989500264,0.0296758775659829,-4.961604104819109,0.0001679561322732,57380.04284470968,62.0,7106.190052440377,0.05931630807783292,-65.14640737781735,0.05931630807783292,56.193177870558856,0.0004750103833070788,0.16616818322049876,2.9502690985531803e-05,0.15886322580645165,5.985260208116365e-07
2015-12-24,2015-12-24T12:00:00.000,1.0701827944183666,0.0410556781087233,-4.961616269870792,0.0002330227818204,57380.98021069697,33.0,7105.966705474478,0.08196061342969527,-65.53854779104826,0.08196061342969527,56.19580692031692,0.0006571238445783551,0.16616042303864,4.0875846584210616e-05,0.15854454545454547,5.9526367516856075e-06
2015-12-25,2015-12-25T12:00:00.000,4.55708125417212,0.0310821554219756,-4.963612409117848,0.0001768847434008,57382.037426228075,57.0,7104.690993262444,0.062112448833985645,-65.27302515667908,0.062112448833985645,56.1922703788255,0.0004981082096318226,0.16581823235505816,3.094752953291481e-05,0.15792280701754388,4.333774697723793e-06
2015-12-27,2015-12-27T12:00:00.000,5.0472935466301685,0.0579646241187046,-4.964073841431606,0.0003284126283751,57384.0559796875,16.0,7108.1748316077565,0.11583467421034054,-63.48765419265908,0.11583467421034054,56.15500041389097,0.0009292017973148963,0.16573771708400645,5.777800323230388e-05,0.157611875,4.762592956223316e-06
2015-12-28,2015-12-28T12:00:00.000,3.47775765486686,0.0331168692105077,-4.964820101252063,0.0001875528237668,57385.035976489795,49.0,7107.858923155816,0.0662080394698053,-63.75751078423218,0.0662080394698053,56.14752482947268,0.0005316585082505129,0.16561217500261532,3.286924810842507e-05,0.15733591836734692,2.1011490083648124e-06
2015-12-29,2015-12-29T12:00:00.000,1.67603768182632,0.0288629668890804,-4.968123296600411,0.000164857071409,57386.04833283077,65.0,7107.080158002465,0.0576724559264045,-62.23831118203736,0.0576724559264045,56.166276354392096,0.00046241355591681666,0.16503263251156375,2.8349789918073107e-05,0.1569512307692308,4.338488816062676e-06
2015-12-30,2015-12-30T12:00:00.000,1.699550440555183,0.0316786311083998,-4.970972807151731,0.0001814059364098,57387.0489686981,53.0,7103.925110088408,0.06333255331018736,-62.81180405807012,0.06333255331018736,56.19168435156328,0.000506659650653765,0.16453788312905085,3.0967848916395415e-05,0.15664754716981133,1.344387364517822e-06
2015-12-31,2015-12-31T12:00:00.000,-0.0967388880435257,0.035900119968062,-4.974753624403874,0.0002071084509255,57388.016679439024,41.0,7101.991134139388,0.07177701621583207,-63.563026224495566,0.07177701621583207,56.21192204262306,0.0005744805993938481,0.16389599536860808,3.493394491950795e-05,0.15620780487804878,5.19746883895852e-06
2016-01-03,2016-01-03T12:00:00.000,-0.2984159243256928,0.0422466091233011,-4.977632916607186,0.0002452501153973,57391.08539723334,30.0,7102.951143019274,0.08446739008153567,-66.76226247747675,0.08446739008153567,56.21224961337695,0.0006801107101039396,0.16340968681141962,4.121727556459522e-05,0.15540066666666663,1.8528222234126028e-06
2016-01-06,2016-01-06T12:00:00.000,1.6826625252714886,0.0298756466544414,-4.969864341408512,0.00017087293463,57394.048185833344,60.0,7104.72516796021,0.05971697662029302,-66.08192841856106,0.05971697662029302,56.17909809811964,0.00047849776880415324,0.16473591495476264,2.915879339653241e-05,0.15713833333333335,6.844382688595589e-06
2016-01-08,2016-01-08T12:00:00.000,0.7736806196404485,0.0423645405320124,-4.964404355254552,0.0002410537895851,57396.11107276667,30.0,7105.255799352622,0.08468092395207658,-64.11680196055445,0.08468092395207658,56.175381799691635,0.0006807536939100775,0.1656786052796623,4.227241883491217e-05,0.15840999999999997,4.068381021724539e-06
2016-01-09,2016-01-09T12:00:00.000,1.0637689474476757,0.0331156423553852,-4.963406335959943,0.0001881500968046,57397.056309102045,49.0,7106.0937185299135,0.06618078000032146,-64.40466896639069,0.06618078000032146,56.172556182017765,0.0005293458523315151,0.1658523551114541,3.3074323917352104e-05,0.1586873469387755,6.372446937147595e-07
2016-01-10,2016-01-10T12:00:00.000,3.025291033690946,0.0286963590181491,-4.963127494056714,0.000162143443069,57398.04643730769,65.0,7105.770197599145,0.057344639455477874,-64.60082926139756,0.057344639455477874,56.17493902189851,0.0004581517987850725,0.16589990728317694,2.8124104391387547e-05,0.15857446153846153,2.0688947396585832e-06
2016-01-11,2016-01-11T12:00:00.000,4.38230511833005,0.0336944503863567,-4.964148638914496,0.0001907888099836,57399.032408,46.0,7105.661598821904,0.06737828176181913,-63.922630818433774,0.06737828176181913,56.17048776098605,0.0005379368152234641,0.1657229331746302,3.299095834871331e-05,0.15831586956521737,2.2323075073554155e-06
2016-01-12,2016-01-12T12:00:00.000,3.650886473469799,0.0387889424991645,-4.9655555258061,0.0002201196923333,57400.04234128571,35.0,7103.965347894912,0.07753414801939121,-63.84277725554977,0.07753414801939121,56.176470468888915,0.0006201050700058137,0.16547597656408286,3.795118084564345e-05,0.15796257142857145,3.6517028868178156e-06
2016-01-17,2016-01-17T12:00:00.000,0.6980840351237285,0.0918382083044372,-4.974910638137593,0.0005431641654639,57405.03921842858,7.0,7103.225979877154,0.1836362627826555,-65.09862641634942,0.1836362627826555,56.21272857142856,0.0014740614447359861,0.1638646153846154,9.174483527748864e-05,0.15667,0.0
2016-01-18,2016-01-18T12:00:00.000,-0.5561422956648386,0.0477108809996336,-4.972205759157805,0.0002753245772472,57405.965069959995,25.0,7103.899766004549,0.09525737159102263,-65.97117060549375,0.09525737159102263,56.20246036266392,0.0007629591507568562,0.1643296792227226,4.720254064176633e-05,0.156744,2.8867513459478752e-06
2016-01-20,2016-01-20T12:00:00.000,-0.4746072321376998,0.0283834483076305,-4.969938013920735,0.0001629424758606,57408.059448179105,67.0,7102.187162277528,0.05671552930344969,-65.9184500294714,0.05671552930344969,56.210379971391575,0.0004555503350558561,0.16471984589840927,2.7947808474535808e-05,0.15706686567164177,7.450147765568552e-06
2016-01-21,2016-01-21T12:00:00.000,1.8852406482283104,0.0334599049288493,-4.970164790023469,0.0001918409710774,57409.023909083335,48.0,7102.644659586038,0.06684198299368552,-65.42556638985224,0.06684198299368552,56.20940982661055,0.0005352446385351004,0.16468159106530103,3.2770299863616034e-05,0.15693541666666666,3.694426669467578e-06
2016-01-22,2016-01-22T12:00:00.000,2.384357997481842,0.0543062861271757,-4.9696870049161115,0.0003124790484961,57409.96289026316,19.0,7103.316763494242,0.10841986510731878,-65.49952605624054,0.10841986510731878,56.19460094592537,0.0008720057783590107,0.16476150477149792,5.358770212329906e-05,0.1568536842105263,5.9829448789404135e-06
2016-01-23,2016-01-23T12:00:00.000,3.502758416767449,0.0393175040336404,-4.97005219477207,0.0002249072372637,57411.056116142856,35.0,7104.633142256444,0.07854602568273697,-65.11171223568954,0.07854602568273697,56.17845649616968,0.0006282227389322844,0.1647008519654577,3.8433782343334975e-05,0.15681514285714285,7.739144509769377e-06
2016-01-24,2016-01-24T12:00:00.000,3.963606285937524,0.0470662070025744,-4.968862221253631,0.0002696668280113,57412.13976564,25.0,7106.1890425458205,0.09404699126590993,-64.10765918539185,0.09404699126590993,56.16638065766516,0.0007523690437762851,0.16491284163434058,4.660339679753767e-05,0.1571652,1.0198039027195769e-06
2016-01-25,2016-01-25T12:00:00.000,2.3841730572381574,0.0348884152695017,-4.967250151459019,0.0001992208460254,57413.02105973334,45.0,7107.225754171366,0.06964317856995324,-63.49287109976166,0.06964317856995324,56.16919155899437,0.0005594737902902046,0.1651873383028192,3.439705126982787e-05,0.1571831111111111,8.301285176288464e-07
2016-01-26,2016-01-26T12:00:00.000,-0.038888764583369,0.0425680787509545,-4.967745560497878,0.0002454937957094,57414.0633813125,32.0,7106.569706080651,0.08507449731619961,-63.92240414357619,0.08507449731619961,56.189920719117666,0.0006817835678416104,0.16509543714431368,4.243683084566968e-05,0.157298125,5.147766114318918e-06
2016-01-27,2016-01-27T12:00:00.000,-0.1255667789967285,0.0374571061121338,-4.967017585019651,0.0002133672560588,57415.01077564865,37.0,7103.120150367667,0.07589880835394999,-63.926944569016364,0.07589880835394999,56.20533041780861,0.0006114752698534966,0.1652194112592527,3.7170179661122085e-05,0.15731729729729732,1.6278658558187793e-06
2016-01-29,2016-01-29T12:00:00.000,0.4888442661887091,0.0704071562792536,-4.970475678147348,0.0004049521932454,57417.049627,11.0,7102.638971027187,0.14061982257541872,-65.84270077449231,0.14061982257541872,56.216039584846456,0.0011338441891436618,0.16462564916244588,6.891515417030493e-05,0.1566509090909091,1.7707448122420897e-05
2016-01-30,2016-01-30T12:00:00.000,1.5656553086848928,0.0310836084022179,-4.972698271476123,0.0001787119340421,57418.06925912726,55.0,7103.96257160891,0.06213576115026218,-65.93622926149436,0.06213576115026218,56.2002867336754,0.0005010235308429841,0.16424799561984066,3.039353116365188e-05,0.15603672727272724,4.627938472875691e-06
2016-01-31,2016-01-31T12:00:00.000,1.3915207193441297,0.0278033656791692,-4.974438878232728,0.0001614053726555,57419.053455970585,68.0,7104.74553196606,0.05557260742372582,-64.75819652906237,0.05557260742372582,56.19013291339187,0.00044461587317556715,0.16395271986156504,2.7388763866827687e-05,0.15595499999999995,2.6377751553101747e-06
2016-02-03,2016-02-03T12:00:00.000,1.41012211179293,0.0520512736517014,-4.967937457681278,0.0002976140757596,57422.041994549996,20.0,7104.27186414028,0.10398766022742295,-64.5378097862742,0.10398766022742295,56.199770826006436,0.0008344986968313949,0.1650638899274658,5.171145548117704e-05,0.158244,7.341303483857457e-06
2016-02-05,2016-02-05T12:00:00.000,1.8574945911824845,0.0412100013429172,-4.962780437172558,0.0002339411656945,57424.11163990626,32.0,7105.5616804855135,0.0823883160681942,-65.67932944199953,0.0823883160681942,56.1833493566228,0.0006604550929225642,0.16596108815427,4.097328297019135e-05,0.1591109375,2.216114688935796e-06
2016-02-07,2016-02-07T12:00:00.000,2.1337815216156697,0.0655569163608897,-4.960548545198723,0.0003711867214281,57426.048517,13.0,7107.06321774436,0.13107365293985143,-64.14489611566682,0.13107365293985143,56.17216076286966,0.0010513816631447085,0.16634872883708027,6.502673503856078e-05,0.15915923076923072,2.1066252211727043e-06
2016-02-08,2016-02-08T12:00:00.000,1.286045010925233,0.1001774518745785,-4.962767438401766,0.0005777919642886,57426.9865295,6.0,7106.189929659552,0.200311057556461,-63.651529317611335,0.200311057556461,56.1786906732486,0.0015987601540064919,0.165965,0.00010206207261596576,0.15911,0.0
2016-02-09,2016-02-09T12:00:00.000,2.045052195254387,0.0334086950628748,-4.961615763333633,0.0001915824293565,57428.10092487038,54.0,7106.776290886004,0.06666615767960268,-63.668783780316694,0.06666615767960268,56.16570945107178,0.0005327765035302212,0.16616970987985083,3.346021484471127e-05,0.15876962962962957,4.895575970043991e-06
2016-02-10,2016-02-10T12:00:00.000,2.26799948352358,0.0288647601386,-4.962664370390962,0.0001654182039762,57429.048571528576,70.0,7106.087924520607,0.05760884350734262,-63.962516934624404,0.05760884350734262,56.17388764451666,0.0004629656334139455,0.16598748904048738,2.86809538291475e-05,0.1585522857142857,5.055152782458672e-07
2016-02-11,2016-02-11T12:00:00.000,2.175924410029028,0.0356781999640831,-4.964623219200081,0.0002030720600785,57430.10681430233,43.0,7105.879011178001,0.0713044117136336,-64.20385199989748,0.0713044117136336,56.177932149747434,0.0005706990696058816,0.1656411458445262,3.544253470654286e-05,0.15813906976744185,5.322531490895886e-06
2016-02-12,2016-02-12T12:00:00.000,1.0228094762581743,0.0298601551199529,-4.964841861294095,0.000169155616016,57431.04687852542,59.0,7103.821706006476,0.059699503041290035,-63.320842190994256,0.059699503041290035,56.187284812573004,0.0004768373868943582,0.16559962564051042,2.9246339353107376e-05,0.15778898305084743,1.1767997707437486e-06
2016-02-13,2016-02-13T12:00:00.000,1.4185483940480648,0.0575448866294712,-4.968121573121275,0.0003312472917366,57431.98218382354,17.0,7103.228468095106,0.11493023601319922,-63.55601309249608,0.11493023601319922,56.20631958123131,0.0009221282130095507,0.16503879884874686,5.7265665372939364e-05,0.15769,0.0
2016-02-14,2016-02-14T12:00:00.000,0.6832971570810327,0.031692488146551,-4.967967618567315,0.0001805158073129,57433.075642923075,52.0,7103.654697867476,0.06337636142940588,-64.31743540156813,0.06337636142940588,56.20029233618773,0.00050671875266786,0.16505963583127647,3.099078703797614e-05,0.15777673076923077,1.8568927858012285e-06
2016-02-15,2016-02-15T12:00:00.000,-1.3102797745875343,0.0409259782767541,-4.968147759945277,0.0002323891835476,57434.0825988387,31.0,7104.427823858567,0.08185828892015151,-65.12465448326044,0.08185828892015151,56.1982002551529,0.0006533126560069466,0.16503135981046196,3.995414792022131e-05,0.15725870967741934,8.446440180156664e-06
2016-02-16,2016-02-16T12:00:00.000,-0.8125942814358289,0.0292172087961217,-4.971645752004904,0.0001676977850129,57435.07293527419,62.0,7101.682101783092,0.05840400255597027,-65.81245132042325,0.05840400255597027,56.21351315561016,0.00047057449559603114,0.16442633490267616,2.860285132177018e-05,0.15678,7.966083578072712e-07
2016-02-17,2016-02-17T12:00:00.000,-0.7353814161779971,0.028659618619136,-4.9721305058338,0.0001645327658428,57436.04686290769,65.0,7101.859733544952,0.057268639545390146,-65.93821834318467,0.057268639545390146,56.21971454159032,0.0004579556458264468,0.16434424229123631,2.8007540960979294e-05,0.15617030769230766,1.0256258011690648e-05
2016-02-25,2016-02-25T12:00:00.000,-0.0088715653576494,0.0324036933547355,-4.975597211143725,0.0001874836026628,57444.050797680015,50.0,7101.344265569632,0.06474806895704555,-65.79465504190725,0.06474806895704555,56.219281291337424,0.0005177189265468116,0.16375640755975465,3.168892375557608e-05,0.1555988,4.642307659783735e-07
2016-02-26,2016-02-26T12:00:00.000,-0.6062056351114481,0.0301753366738318,-4.976160466627827,0.0001743321847721,57445.027824224126,58.0,7102.516051013683,0.060273062060089935,-65.99693196030738,0.060273062060089935,56.20800814087582,0.0004812596680743047,0.16366180814803535,2.9395012101074577e-05,0.15559,0.0
2016-02-27,2016-02-27T12:00:00.000,0.2662527941284168,0.0307911509311643,-4.976254835390301,0.0001782888240071,57446.025488428575,56.0,7103.298387326828,0.061513525206614114,-66.24278857219288,0.061513525206614114,56.19620690101937,0.0004916607458334947,0.16364146536129678,3.002609693779971e-05,0.1556,0.0
2016-02-28,2016-02-28T12:00:00.000,0.1735824289251975,0.0527394745445246,-4.9758675053878765,0.0003059098350396,57446.97757726316,19.0,7102.86121660192,0.10540703607618247,-65.29208389258835,0.10540703607618247,56.20635654667421,0.0008447018814394108,0.16370888429934286,5.162591551138588e-05,0.15567631578947366,1.136972052353393e-06
2016-02-29,2016-02-29T12:00:00.000,0.2343837606991522,0.028510615848216,-4.975651409478084,0.0001657837758954,57448.048203,66.0,7103.622592138494,0.05696428503557672,-65.6238286101319,0.05696428503557672,56.19872925550519,0.00045850888303417285,0.1637415463663374,2.8004696712859227e-05,0.15601772727272725,4.434424850534069e-06
2016-03-01,2016-03-01T12:00:00.000,0.3779898335400452,0.0284899104381474,-4.973657588547106,0.0001645451910476,57449.01916346154,65.0,7104.152543433285,0.05688973085397473,-64.58910300576659,0.05688973085397473,56.200067286224915,0.00045524030727400966,0.16408962703100863,2.7908694854303037e-05,0.15644815384615385,3.758914453644881e-06
2016-03-03,2016-03-03T12:00:00.000,0.8851069935644901,0.0340694800672054,-4.9721184062140535,0.000202480070009,57451.03029282456,57.0,7104.009747674999,0.06798095920705431,-65.68519979661582,0.06798095920705431,56.22353677665719,0.0005460508675005234,0.16434616653773532,3.462415624013153e-05,0.15715385964912282,8.810005084947353e-06
2016-03-04,2016-03-04T12:00:00.000,1.3910156669946374,0.044140748864419,-4.9685464854990435,0.0002566149162841,57451.95549980002,30.0,7103.8243451229155,0.08801572953843036,-65.56458351962125,0.08801572953843036,56.206137122488784,0.0007053588520816604,0.16496070374077262,4.418766558717535e-05,0.15744500000000003,3.0606888263843375e-06
2016-03-05,2016-03-05T12:00:00.000,1.8085284161219248,0.0291558000658547,-4.969569748252455,0.0001683520991501,57453.02563663077,65.0,7104.747448925258,0.05821949442752569,-64.87479189382356,0.05821949442752569,56.19878135378968,0.0004669826176484202,0.16478520859646623,2.9088227081785454e-05,0.15713938461538463,2.2131265201255507e-06
2016-03-06,2016-03-06T12:00:00.000,1.4954624891681856,0.0340720814047885,-4.96981528221371,0.000197151444809,57453.97530754167,48.0,7103.12051362895,0.0679923527487877,-65.03737380639478,0.0679923527487877,56.202066012809,0.0005470368108928691,0.16474951231000123,3.39329349848494e-05,0.15696854166666666,1.1136477398255502e-06
2016-03-07,2016-03-07T12:00:00.000,2.6765590429853705,0.0276395308624173,-4.9707658678495905,0.000159322912547,57455.04452004225,71.0,7104.282353655107,0.05523002168018762,-65.12415545189755,0.05523002168018762,56.19580420035363,0.0004440369665699768,0.16458142991842545,2.7384230410247526e-05,0.15685070422535216,9.263403180187309e-07
2016-03-08,2016-03-08T12:00:00.000,0.5842310520601852,0.0634023127686337,-4.972010741662158,0.0003735072962665,57455.90913946666,15.0,7103.473092959678,0.12675748765582914,-64.44894059698937,0.12675748765582914,56.20674546512276,0.0010168094139984686,0.16436063886131977,6.380977082087528e-05,0.15664666666666663,2.108185106779356e-06
2016-03-09,2016-03-09T12:00:00.000,-0.6076301398629225,0.0400729403414452,-4.972971460631119,0.0002313992300672,57457.07183945455,33.0,7103.325302640263,0.08013378623289023,-64.40035905999534,0.08013378623289023,56.20441862862926,0.0006456133372788012,0.16419792979899192,3.9431497807870266e-05,0.15632969696969698,1.766955119651858e-06
2016-03-10,2016-03-10T12:00:00.000,-1.0730453274624852,0.0409265527744159,-4.973705960193377,0.0002397100711163,57457.99409941177,34.0,7103.269553075132,0.0817289101582828,-64.31560906293869,0.0817289101582828,56.21141713730185,0.0006554100517807904,0.16408397219064302,4.082626187750196e-05,0.15630852941176468,1.4705882352936586e-06
2016-03-11,2016-03-11T12:00:00.000,-0.443313208936663,0.0271478696402446,-4.973072495533144,0.0001572513381034,57459.01944049315,73.0,7102.38626266479,0.05421274996093206,-65.29408679517658,0.05421274996093206,56.216212332190786,0.0004341966639531477,0.16419306425748656,2.663256376384628e-05,0.15624616438356168,1.9175364016982182e-06
2016-03-14,2016-03-14T12:00:00.000,0.0638192034670462,0.0512771720319252,-4.976259955708501,0.0003063399904135,57461.94740538094,21.0,7102.79876572323,0.10207030890247024,-65.50227236976025,0.10207030890247024,56.22496698142632,0.0008223889285772135,0.16364459157415864,5.1775897253418514e-05,0.155617619047619,1.6768397011101072e-06
2016-03-15,2016-03-15T12:00:00.000,0.4897400488904478,0.0253534172523747,-4.976455314800304,0.0001487832523703,57463.04842832558,86.0,7102.266430498606,0.05062869695695228,-65.82030370899594,0.05062869695695228,56.22140274402074,0.00040718276372849485,0.16360857450654379,2.5348821636381828e-05,0.15557383720930235,9.381502983249985e-07
2016-03-17,2016-03-17T12:00:00.000,0.5777531868560869,0.0504619247269583,-4.97646562119249,0.0003100435961713,57464.92797182609,23.0,7102.206121354422,0.10072522160001493,-64.9760059059338,0.10072522160001493,56.230038005664106,0.0008084138298867915,0.16360941771405482,5.221412489292869e-05,0.15578521739130433,3.006551819089087e-06
2016-03-20,2016-03-20T12:00:00.000,0.4720093739617553,0.0326514378016098,-4.979569656210875,0.0001993058324588,57468.05571974509,51.0,7103.1375269485825,0.06529971518220483,-66.23204105127549,0.06529971518220483,56.23324791167314,0.0005218371061370475,0.16308185356782653,3.368448423330154e-05,0.15543235294117647,2.6655130145825144e-06
2016-03-21,2016-03-21T12:00:00.000,0.5835876188904847,0.0549409832217195,-4.979203394251131,0.0003337999549106,57469.18873052631,19.0,7102.703508046375,0.10529729347120925,-66.0670745150948,0.10529729347120925,56.235286495998395,0.000842555613709195,0.16314432227942313,5.390318983803787e-05,0.15519368421052632,2.471132191110016e-05
2016-03-22,2016-03-22T12:00:00.000,0.822515583518055,0.0323468381408442,-4.979158324453725,0.0001921264883807,57469.97207467925,53.0,7101.764928498449,0.06552419776460076,-65.84433635560842,0.06552419776460076,56.2340947834823,0.0005245118325102272,0.16315218297189074,3.272817927671539e-05,0.1548543396226415,2.7007153001081795e-06
2016-03-23,2016-03-23T12:00:00.000,0.4665302774677275,0.0408739299951693,-4.979652954705049,0.0002392285551335,57471.0432525,32.0,7104.185755565731,0.08174226122154749,-65.99090520464087,0.08174226122154749,56.222403125,0.0006540737725975566,0.1630659375,4.0658639918226484e-05,0.154604375,8.909830562099375e-07
2016-03-24,2016-03-24T12:00:00.000,0.4185306735599337,0.0272751831466078,-4.980312895193909,0.0001613878357914,57472.024847473665,76.0,7102.967900008192,0.054456276053454725,-65.56081650046649,0.054456276053454725,56.22581662871189,0.0004355414977888331,0.16295823912175406,2.711125973229298e-05,0.15454000000000004,3.2049378106392727e-18
2016-03-25,2016-03-25T12:00:00.000,1.2842149163529808,0.0476850519160202,-4.979843548185747,0.0002855488906998,57472.96109526923,26.0,7103.760570193378,0.09531307546490714,-65.01433669253366,0.09531307546490714,56.23991626921087,0.0007651146145366508,0.16304233679087243,4.797133834365921e-05,0.15456884615384617,8.461538461541296e-07
2016-03-26,2016-03-26T12:00:00.000,0.3878683981457891,0.0362031171690662,-4.980809180969749,0.0002158633022674,57473.97517680001,45.0,7103.360490605064,0.07152088232791941,-65.64147789082097,0.07152088232791941,56.22736223828511,0.0005729021595381444,0.1628844209279777,3.584887617353464e-05,0.1547384444444444,3.0476942030178037e-06
2016-03-27,2016-03-27T12:00:00.000,-0.9483225421454978,0.0266916563982491,-4.980899014262583,0.0001589014907211,57475.02197855697,79.0,7103.317557165242,0.053573946955754674,-66.07661940159907,0.053573946955754674,56.22325724742758,0.0004282543119388437,0.16285333545630465,2.6682802026962004e-05,0.15480607594936713,1.7872726273020407e-06
2016-03-28,2016-03-28T12:00:00.000,-0.2566991379011518,0.0372869263587006,-4.980237278413536,0.000221446503329,57476.19317313636,44.0,7101.733518687386,0.07225706122695767,-65.78282398882594,0.07225706122695767,56.2310484139818,0.0005789256669452332,0.16297362997883877,3.6060650159913276e-05,0.15455181818181818,1.9581435979475703e-06
2016-03-29,2016-03-29T12:00:00.000,-0.4279951767707896,0.0281137697575784,-4.981546429657785,0.0001680475142607,57477.038239299996,70.0,7101.968346087743,0.05709483084354838,-66.30994232389797,0.05709483084354838,56.23793077150288,0.00045723161664612376,0.16274971127586002,2.8562872349010918e-05,0.15458399999999994,2.9375839708714954e-06
2016-04-01,2016-04-01T12:00:00.000,1.2145277825962684,0.0293281155335104,-4.979997920916578,0.0001697519210463,57480.07968886667,60.0,7103.003834275771,0.05863936943701348,-64.86496075234984,0.05863936943701348,56.21228299466916,0.00046928636161870776,0.16300819385066687,2.8644081168926322e-05,0.15470166666666665,4.851854247821236e-07
2016-04-03,2016-04-03T12:00:00.000,-0.4207059717749254,0.0451047718507762,-4.982063200521482,0.0002670776596909,57482.267972125,32.0,7101.153223223372,0.08471328849513335,-64.7342051916827,0.08471328849513335,56.23492963344548,0.000680666187863637,0.16266198599076545,4.195055935051677e-05,0.15417,2.199706725320973e-06
2016-04-04,2016-04-04T12:00:00.000,0.3205476770848679,0.0251163653644312,-4.981761278807588,0.0001470079429799,57483.066676285714,84.0,7102.6369551175985,0.05037639915223849,-64.15442761298365,0.05037639915223849,56.21790599430465,0.00040345818183847476,0.16271016334005545,2.4691600788749765e-05,0.15414702380952386,7.141661785619564e-07
2016-04-05,2016-04-05T12:00:00.000,-1.1535314241242,0.046654589278392,-4.983007882313007,0.0002755271813764,57484.07560779167,24.0,7101.397074202587,0.09816427960654195,-64.77426448084383,0.09816427960654195,56.2312861735574,0.0007885006735958046,0.1625501257358422,4.819110184107207e-05,0.15417625,1.00946606636007e-06
2016-04-06,2016-04-06T12:00:00.000,-0.6156104096235983,0.0344056195771659,-4.983547537812276,0.0001993446951593,57485.0092165,44.0,7102.291825302055,0.06871733269921887,-65.167237805729,0.06871733269921887,56.228395835791446,0.0005500564194117489,0.1624158808979493,3.354155596146442e-05,0.15420000000000003,4.232685600141914e-18
2016-04-07,2016-04-07T12:00:00.000,0.0667131503261106,0.0337391398734065,-4.982271606647066,0.0001944710466582,57486.14058473468,49.0,7101.672187328973,0.06515356193604008,-65.31913477968847,0.06515356193604008,56.23175907376152,0.0005208407634415766,0.16263976181763748,3.1722030451945306e-05,0.15443346938775512,8.7799585308478e-06
2016-04-08,2016-04-08T12:00:00.000,0.4374044682804947,0.0265197966882232,-4.981569841150761,0.0001538715382692,57487.07375025974,77.0,7102.147563032467,0.05261147468510603,-65.69590283901206,0.05261147468510603,56.234728517780454,0.00042111819387332083,0.162746658323247,2.5676113092831526e-05,0.1546723376623377,6.238855008851353e-06
2016-04-09,2016-04-09T12:00:00.000,0.8284217918098553,0.0266465639423118,-4.980469417027341,0.000154131263935,57488.03342008333,72.0,7103.37369657856,0.05409040059340382,-65.88706462954745,0.05409040059340382,56.239022608762454,0.00043321912090307324,0.1629480069534502,2.644252324646741e-05,0.15492402777777778,4.9672626317231785e-06
2016-04-10,2016-04-10T12:00:00.000,1.9070383841191765,0.0270429362816763,-4.978349986923664,0.0001569716723329,57489.055315175676,74.0,7103.831253867831,0.05366461696183143,-66.13095841347953,0.05366461696183143,56.23589426499707,0.00042903861486448205,0.16330545923607856,2.6287994598257165e-05,0.15514783783783784,3.0862599939852057e-06
2016-04-11,2016-04-11T12:00:00.000,1.5954235977903948,0.0308167059944067,-4.977864515977718,0.0001796144289738,57490.04361093104,58.0,7104.5927896640405,0.061045658998323246,-65.50967637596402,0.061045658998323246,56.234300940031495,0.0004883374691551445,0.16337773679392822,2.9998531062885453e-05,0.15529793103448278,5.381729643508302e-06
2016-04-12,2016-04-12T12:00:00.000,1.7441155219607192,0.0271550608894717,-4.977082539418758,0.0001572680169166,57491.011707304344,69.0,7105.126049612872,0.05547294528242882,-65.05486691112506,0.05547294528242882,56.22270173755187,0.00044317833070305394,0.16352473628412012,2.713436582286946e-05,0.1554671014492754,1.7037825787570147e-06
2016-04-13,2016-04-13T12:00:00.000,2.4732665441799333,0.0442429662051263,-4.974697803864306,0.0002528798993566,57492.17471930303,33.0,7105.976790772258,0.08107826900583869,-64.32459112149647,0.08107826900583869,56.21279686657356,0.0006482347914258023,0.16387022310704663,3.971267864172423e-05,0.15568545454545454,8.349502220361595e-06
2016-04-14,2016-04-14T12:00:00.000,2.063360994133536,0.0457118683006001,-4.976374661824699,0.000265835571757,57492.91787186363,22.0,7106.808991847637,0.10215472696117436,-63.78695343158028,0.10215472696117436,56.209666509247,0.0008194895519945229,0.16361408572844402,5.0165237372450375e-05,0.15579000000000004,6.056763153128096e-18
2016-04-15,2016-04-15T12:00:00.000,1.3179346925570536,0.0367070344498829,-4.973124621526269,0.0002104884436148,57494.13475548718,39.0,7106.737873898749,0.07337301396744306,-63.47633406831699,0.07337301396744306,56.209393458724385,0.0005867624555371555,0.16417671440518683,3.59258306961795e-05,0.15592410256410255,1.409335977388168e-06
2016-04-19,2016-04-19T12:00:00.000,0.0024375116962067,0.0444164882771847,-4.981397263186665,0.000255477481772,57498.22976258065,31.0,7102.035186332209,0.08241138991685737,-64.7904172226948,0.08241138991685737,56.23489186998587,0.0006599022959189421,0.16272446235349283,4.0119786629594104e-05,0.15430225806451614,3.03977562747939e-05
2016-04-20,2016-04-20T12:00:00.000,-0.1304968145364719,0.0262146244471305,-4.984060192197506,0.0001526273240214,57499.02383741096,73.0,7101.243885802729,0.05386449901883572,-65.24495968689422,0.05386449901883572,56.227109217016626,0.00043239094047581864,0.16232805676429485,2.6076804583251527e-05,0.1538195890410959,7.403458703017724e-06
2016-04-22,2016-04-22T12:00:00.000,-0.8058786170219416,0.0331980671589356,-4.986586884520555,0.000194793280533,57501.093669562506,48.0,7101.827794227474,0.06732995263386105,-65.04328181102748,0.06732995263386105,56.22783982774949,0.0005386638957147389,0.16195726856750234,3.2781426080104e-05,0.15332062500000002,3.6394003529530517e-06
2016-04-23,2016-04-23T12:00:00.000,-0.1800311841897313,0.0354143323178738,-4.986030277037817,0.0002076486326316,57502.049024738095,42.0,7103.5966441907885,0.07213054884150936,-65.44202167360538,0.07213054884150936,56.23231510690898,0.0005779851826340487,0.1620266203786276,3.517012862436876e-05,0.153465,2.1519647722377445e-05
2016-04-24,2016-04-24T12:00:00.000,-0.1318746928127873,0.0280677305471283,-4.984528634725934,0.0001649483278321,57502.99567332813,64.0,7103.565368474441,0.05751618138999889,-64.71328413469801,0.05751618138999889,56.22026189324265,0.0004598847806122782,0.16226735881205157,2.8112156539320163e-05,0.15397703125,6.246743943514309e-06
2016-04-26,2016-04-26T12:00:00.000,-0.9466620053658285,0.1204571675500112,-4.987069996782815,0.0007863610827855,57505.14289242857,7.0,7103.9157143499715,0.23062269154850165,-66.04662820761952,0.23062269154850165,56.2620083525249,0.0018489057159606717,0.16205751537070526,0.0001234468792932137,0.1547285714285714,4.0439759515355384e-05
2016-04-27,2016-04-27T12:00:00.000,0.1334116975465627,0.0429874143255658,-4.979536077195081,0.000250109586713,57505.96287071427,28.0,7104.012071022365,0.08690552369772112,-64.82805437764665,0.08690552369772112,56.2236839612452,0.0006959511449815341,0.1631099410263461,4.247302594751257e-05,0.1550389285714286,3.649283676694292e-06
2016-04-28,2016-04-28T12:00:00.000,0.9257623861597392,0.0359408516026174,-4.976858190138562,0.0002082466513849,57507.14465457142,42.0,7104.0627718435535,0.0717309619539825,-65.63621868025844,0.0717309619539825,56.21229691537269,0.0005739526483800307,0.163538488272982,3.51260152449923e-05,0.1553788095238095,5.057601944196131e-07
2016-04-29,2016-04-29T12:00:00.000,1.209469322741738,0.032215057380429,-4.976403073574515,0.00018512164289,57508.09376248076,52.0,7105.43984936733,0.06336350763678932,-65.37536755274455,0.06336350763678932,56.207116361138965,0.0005055020564358884,0.16360799595650327,3.076893910979577e-05,0.1555065384615385,3.7441217415746994e-06
2016-04-30,2016-04-30T12:00:00.000,0.3148630147654945,0.0257317897722491,-4.976157596275262,0.000148578188514,57509.07249803572,84.0,7104.843942680906,0.050576152176196786,-64.94892056479053,0.050576152176196786,56.20898599998046,0.0004043982537857604,0.1636486295010345,2.4722259238093436e-05,0.1556547619047619,1.4908036168029866e-06
2016-05-01,2016-05-01T12:00:00.000,0.82398114915736,0.0256702774346502,-4.97679019942247,0.0001485407263981,57510.018984999995,76.0,7103.629697906608,0.05268819751161642,-64.38456914385011,0.05268819751161642,56.217557267715996,0.0004216800123387587,0.16356997949988583,2.576804883876693e-05,0.15566315789473684,1.1578947368421565e-06
2016-05-05,2016-05-05T12:00:00.000,-0.337062284354357,0.046184421078639,-4.980116264983969,0.0002774047357674,57514.0080599,20.0,7102.732729547021,0.10551343433499909,-65.12798262978733,0.10551343433499909,56.24734743268935,0.0008464443908008679,0.16309438186669545,5.299819378003405e-05,0.15550100000000003,8.94132923121821e-06
2016-05-13,2016-05-13T12:00:00.000,0.6023684368769898,0.0274643161230394,-4.976825409411354,0.0001592957274827,57522.04271076625,77.0,7104.010502114577,0.054223366904038416,-63.896619096631696,0.054223366904038416,56.223489855888204,0.0004341490898462678,0.16356878686274146,2.6691972653437114e-05,0.15609454545454549,5.3149136133341e-06
2016-05-14,2016-05-14T12:00:00.000,0.1367104578571154,0.0261376055167816,-4.975354765534051,0.0001508071012541,57523.063756325304,83.0,7104.402914861118,0.051995442061345064,-64.1464709879156,0.051995442061345064,56.226277033316414,0.00041547463330511336,0.16380113242726066,2.5549280981493995e-05,0.15641409638554216,5.485631980942145e-06
2016-05-15,2016-05-15T12:00:00.000,0.3522553721660362,0.0298127597098734,-4.97395598998731,0.0001720440992034,57523.99857055001,60.0,7104.17689720954,0.0612458124015616,-64.01902674510441,0.0612458124015616,56.220657138728654,0.0004888907338396533,0.16402475750684736,3.024346291737805e-05,0.15631583333333335,8.02641003212302e-06
2016-05-16,2016-05-16T12:00:00.000,-0.0895022119740909,0.0278114928836549,-4.976223994277216,0.000160130437759,57525.035244780825,73.0,7104.866828471826,0.05525446031932535,-65.3702429531372,0.05525446031932535,56.226835053333176,0.00044112060712200906,0.163637345846695,2.7146200938380573e-05,0.1559053424657534,3.0724520558497033e-06
2016-05-17,2016-05-17T12:00:00.000,0.5346323838796067,0.0269177375038645,-4.977174962546405,0.0001551189039099,57526.07261983951,81.0,7105.049189815809,0.052673377527442354,-65.94732059554352,0.052673377527442354,56.23923654470563,0.0004211419703775308,0.16347890401548582,2.5656517075391554e-05,0.155589012345679,1.0088504854217387e-05
2016-05-18,2016-05-18T12:00:00.000,0.176924893057588,0.0305389621786067,-4.97833749814201,0.0001778627841787,57526.988528824564,57.0,7105.103099849703,0.06327552842485026,-65.17528108482695,0.06327552842485026,56.22726738816511,0.0005088851322040546,0.16330674664650746,3.1074715023179867e-05,0.15525771929824558,1.8734650167942919e-06
2016-05-20,2016-05-20T12:00:00.000,0.7177523584387494,0.0294955101650476,-4.97750531521904,0.0001706412045098,57528.995361406254,64.0,7106.356355510072,0.05936117386183712,-64.81745370723341,0.05936117386183712,56.21141625436092,0.000475698438099523,0.16343189706202146,2.9155145885042864e-05,0.15523093749999997,1.3310760282030723e-06
2016-05-22,2016-05-22T12:00:00.000,0.6080723413345044,0.0317156676238295,-4.977714376497661,0.0001846343229034,57530.96505336734,49.0,7105.71326664734,0.06823362879205815,-64.0353085105441,0.06823362879205815,56.21451536186809,0.0005481557330930765,0.1633750122529269,3.340820540899664e-05,0.1552348979591837,2.261073449608724e-06
2016-05-23,2016-05-23T12:00:00.000,0.7343565285192218,0.0377972908247713,-4.978353643477015,0.0002185926294859,57532.17007004445,45.0,7105.185792066246,0.07092600980260885,-64.4439764973688,0.07092600980260885,56.2215924655088,0.000568643562905202,0.1632357013438242,3.470025505711316e-05,0.15505155555555553,1.5925824132475907e-05
2016-05-24,2016-05-24T12:00:00.000,0.2918500993180398,0.0405594199306373,-4.9804738294801165,0.0002390288504311,57533.13752360527,38.0,7103.564307650246,0.07935666375736884,-64.6458049119163,0.07935666375736884,56.24650750818151,0.0006370327484022472,0.1628367215484572,3.928147800066792e-05,0.15472921052631577,1.7518052379402994e-05
2016-05-25,2016-05-25T12:00:00.000,-0.476820965556644,0.0333131214818777,-4.982376905867931,0.0001967735446017,57534.077292607835,51.0,7102.637051408435,0.0675203785265659,-65.12040865195594,0.0675203785265659,56.24675604339097,0.0005423480041179067,0.16263294208205592,3.324303920753128e-05,0.15443509803921568,1.3320697588221071e-05
2016-05-26,2016-05-26T12:00:00.000,-0.5484090174594196,0.0309173116691575,-4.983663207263044,0.0001818505109631,57534.98766016666,54.0,7102.709696932967,0.06474316530003542,-65.44810074723141,0.06474316530003542,56.239689879654435,0.0005214579644066572,0.16240020302313812,3.175243953862611e-05,0.1541811111111111,9.772630625409174e-07
2016-05-27,2016-05-27T12:00:00.000,-1.0806912908767936,0.041471235510044,-4.984409281565637,0.0002423449314712,57536.026804,32.0,7103.544009508307,0.08292946122572604,-64.02101044073332,0.08292946122572604,56.236526023744965,0.0006711771547819555,0.16227000000000003,4.0658639918226484e-05,0.1541871875,8.075219711367934e-07
2016-05-29,2016-05-29T12:00:00.000,-0.0625630933248983,0.0266521605552928,-4.985394600149962,0.0001569671312075,57538.08734920989,81.0,7102.392017968221,0.05299712916684724,-65.339973661013,0.05299712916684724,56.24331111081163,0.0004242511451926413,0.1621428211881837,2.6011357268508674e-05,0.15417617283950616,7.1114754707753195e-06
2016-05-30,2016-05-30T12:00:00.000,-0.5641270542850232,0.0301074722384208,-4.983369061069408,0.0001766562126778,57539.0294919,60.0,7102.434307915527,0.061415555272498056,-65.19572043456932,0.061415555272498056,56.235889123590745,0.0004907651099654722,0.16243853076059142,3.0195424941007713e-05,0.15447033333333332,8.285057909117649e-06
2016-05-31,2016-05-31T12:00:00.000,-0.1891126388604842,0.0267661223309214,-4.982249698876642,0.0001564119068576,57540.0382369359,78.0,7102.493345744611,0.05382788212188071,-65.05476583827534,0.05382788212188071,56.2320001720963,0.0004316341768668093,0.16264990411494815,2.6446297776568605e-05,0.15471499999999994,3.513685721004251e-06
2016-06-01,2016-06-01T12:00:00.000,-0.1201326815528759,0.0355284288790894,-4.980814101269032,0.0002071657422851,57541.17510612499,48.0,7102.957877621474,0.06898167490301087,-65.89223639012052,0.06898167490301087,56.2288942432641,0.0005546188975210448,0.16284709958394059,3.371040958066682e-05,0.155056875,5.3358503313781345e-06
2016-06-02,2016-06-02T12:00:00.000,-0.5504831325537218,0.0271835413807331,-4.98115412766041,0.0001598524242609,57542.098136675,80.0,7102.592905493527,0.05428373906443176,-65.78410253928254,0.05428373906443176,56.242137758166166,0.00043532217203455254,0.16280402939980548,2.673886056423359e-05,0.15501925,8.506838276842777e-06
2016-06-03,2016-06-03T12:00:00.000,-0.5549210625091813,0.0271998114576695,-4.982720842935215,0.000160245780069,57543.01566372602,73.0,7102.280669683159,0.05597708435786322,-65.89827233674875,0.05597708435786322,56.235632064547914,0.00044921484699177015,0.16257541287690297,2.7417024528693667e-05,0.15479356164383562,7.394582073372431e-07
2016-06-04,2016-06-04T12:00:00.000,0.8760567434673534,0.0600474309836526,-4.981759144733265,0.0003545507592185,57544.23380115789,19.0,7101.994744926562,0.10859774045565106,-65.49683819684684,0.10859774045565106,56.2326545664853,0.0008659245671347751,0.16266292917754574,5.4016545671361834e-05,0.15468684210526312,1.8810421268323266e-05
2016-06-05,2016-06-05T12:00:00.000,0.1681705171131402,0.0350208005212272,-4.982642279624729,0.0002071846602414,57545.03771802084,48.0,7102.070473267221,0.0699657676349844,-65.42764000755703,0.0699657676349844,56.23491793625485,0.0005611734182658224,0.1625605952537167,3.4447690044192445e-05,0.15446416666666665,1.1702705229674762e-05
2016-06-06,2016-06-06T12:00:00.000,-0.0517245813882559,0.0280376866526379,-4.9830281768085145,0.0001654481974676,57546.05184720269,74.0,7103.810253437729,0.05602823213197278,-65.2443257918332,0.05602823213197278,56.225682825969685,0.00044814427407855974,0.16250867779964334,2.744284304254928e-05,0.15419756756756753,1.3442985149345885e-06
2016-06-07,2016-06-07T12:00:00.000,1.4300383844719144,0.0291442690047946,-4.982857399447848,0.0001726397666048,57547.01514972727,66.0,7103.054986637277,0.059409613954479974,-65.42989665657102,0.059409613954479974,56.22483388179124,0.0004751275858902344,0.16254557634201322,2.935005278988804e-05,0.1541543939393939,1.0383954782130199e-06
2016-06-08,2016-06-08T12:00:00.000,0.5644796103902203,0.0247777179498352,-4.983844112606871,0.0001466928501292,57548.053184255325,94.0,7103.299893393345,0.04975819920571426,-64.43054795627346,0.04975819920571426,56.23098256334932,0.00039858393149948924,0.16235752046900784,2.4431801458882015e-05,0.1540782978723404,1.3832866630040812e-06
2016-06-09,2016-06-09T12:00:00.000,-0.6931336279910988,0.0261645338442271,-4.984588757290901,0.0001543970078048,57549.07461493181,88.0,7102.759185348205,0.0512409631394476,-65.1744056245157,0.0512409631394476,56.23859981406715,0.00041098993159293404,0.16223263819018968,2.5109093443632457e-05,0.15416397727272727,5.280877187016312e-06
2016-06-10,2016-06-10T12:00:00.000,-0.669667979673039,0.0285038786151118,-4.985481773662638,0.0001689604548763,57550.01189785294,68.0,7103.176892395801,0.05842232120098723,-64.99952960868409,0.05842232120098723,56.24074293828453,0.0004678574808228278,0.16210378461671116,2.8582908074075653e-05,0.15440294117647055,2.7879303982693014e-06
2016-06-11,2016-06-11T12:00:00.000,-0.4059324837184415,0.0434525322725603,-4.982143741144271,0.0002545796423507,57551.1632670303,33.0,7103.257496139532,0.08335929006331949,-65.28182447550755,0.08335929006331949,56.244968678808796,0.0006668125204115867,0.16264136740329718,4.064515035013791e-05,0.15458121212121212,5.552053533507615e-06
2016-06-12,2016-06-12T12:00:00.000,-0.6239332608316789,0.0304052289541275,-4.981358394784593,0.0001799732305739,57552.05912529231,65.0,7102.032607032879,0.06034273176538582,-66.60014651561866,0.06034273176538582,56.25482072859077,0.00048334766905603244,0.16276846339179515,2.9889388713792665e-05,0.15471692307692306,5.700552760491156e-06
2016-06-13,2016-06-13T12:00:00.000,1.1217777164845808,0.0338124664540469,-4.981838525182521,0.0002005810271668,57552.9638069375,48.0,7102.723390292797,0.07001913725451775,-66.69931524618057,0.07001913725451775,56.25491425005082,0.000560687716626381,0.16273033138181167,3.458142382813344e-05,0.154903125,1.5516020661337429e-06
2016-06-14,2016-06-14T12:00:00.000,1.2970688670511998,0.0687182895589699,-4.979234562324278,0.0004004654050904,57554.108735,13.0,7102.644519133618,0.13267694380447176,-66.3930215757275,0.13267694380447176,56.24545224512587,0.00106388901883905,0.16314693439855163,6.474546350382631e-05,0.15486538461538463,8.815442788549024e-06
2016-06-15,2016-06-15T12:00:00.000,2.323226005325375,0.0551355949217634,-4.97851359750297,0.0003251988364389,57554.91444805263,19.0,7105.162182748388,0.11288243811159714,-66.03588394790519,0.11288243811159714,56.21756767152818,0.000905371487883352,0.16325882652613088,5.623215571155333e-05,0.15498684210526315,3.424424788762497e-06
2016-06-17,2016-06-17T12:00:00.000,0.155082281254264,0.0468887423194494,-4.976683930972181,0.0002727900037188,57557.11117527586,29.0,7105.698413537782,0.08936011296603362,-65.18857568512765,0.08936011296603362,56.21055595674831,0.0007140143809856294,0.1635463730348314,4.3899154701622715e-05,0.15541896551724135,4.717247140836857e-06
2016-06-18,2016-06-18T12:00:00.000,0.2247666280315311,0.0333091204751742,-4.977450171180756,0.0001958644686303,57557.968970899994,50.0,7104.055091999459,0.06830550190731886,-64.67820184252541,0.06830550190731886,56.214463909975954,0.0005466655865070345,0.16345322405329676,3.3865661901965314e-05,0.155417,3.067272936226464e-06
2016-06-20,2016-06-20T12:00:00.000,-1.0106258282299168,0.0352858731694312,-4.981128958519105,0.0002091911735784,57559.98204281251,48.0,7103.9710223689335,0.07055596621605398,-65.51642366914885,0.07055596621605398,56.24116540473107,0.0005669927312508806,0.16282064047008615,3.512886319288177e-05,0.15474791666666668,1.2261314550878262e-06
2016-06-21,2016-06-21T12:00:00.000,-0.561794191667506,0.0351366502830607,-4.983949050129719,0.0002105845398525,57560.990096673086,52.0,7101.972095006829,0.07008605413487233,-65.33562943529039,0.07008605413487233,56.24547757874419,0.000561532719440943,0.16235443948691944,3.478660845745746e-05,0.15433730769230772,6.196355814975112e-06
2016-06-22,2016-06-22T12:00:00.000,-0.9015597127789106,0.0330107460434239,-4.98697961966961,0.0001997524625463,57562.017104311475,61.0,7101.791287719462,0.06593334049921852,-65.55879209365999,0.06593334049921852,56.257248861123166,0.0005292538540085033,0.1618564424652916,3.288288231195005e-05,0.15360213114754104,7.2996547343246145e-06
2016-06-23,2016-06-23T12:00:00.000,-1.222655841472935,0.0517915914472534,-4.990333205700792,0.000341774535631,57563.06303560465,43.0,7101.980995686946,0.10335616986211228,-66.11148614789542,0.10335616986211228,56.29670402158923,0.0008295488033773425,0.16128979071784058,5.594406677136771e-05,0.153036976744186,2.986401140870115e-06
2016-06-25,2016-06-25T12:00:00.000,-0.9159288172156608,0.0415783957072982,-4.991955062306541,0.0002597701644923,57565.0804277111,45.0,7101.567666726654,0.08309882670251158,-65.94802218097523,0.08309882670251158,56.28035709599704,0.0006664677339209622,0.1610247485861076,4.249625080326971e-05,0.15327688888888885,2.1277916237648623e-06
2016-06-26,2016-06-26T12:00:00.000,-1.5839503787367917,0.0402188849594378,-4.991626230227553,0.0002496028483207,57566.134023191495,47.0,7101.64188432286,0.07910474198598834,-66.93132145231506,0.07910474198598834,56.27201410340422,0.0006346348961630248,0.1610997566582858,4.008909821368579e-05,0.1531206382978723,5.102141315709567e-06
2016-06-27,2016-06-27T12:00:00.000,-1.2243614571202552,0.0249857958164853,-4.988970735179927,0.0001495923958057,57567.05692747873,94.0,7101.468461460197,0.05039328361619932,-66.32109103563526,0.05039328361619932,56.25835486708709,0.0004030744874998883,0.1615197707552053,2.4729062770895496e-05,0.1530557446808511,2.1734939599871972e-06
2016-06-28,2016-06-28T12:00:00.000,-0.5591580402473812,0.0262510937110648,-4.989006201934113,0.0001568864421959,57568.05379818604,86.0,7103.297166755166,0.05246339295847426,-66.78149581853246,0.05246339295847426,56.24973051094922,0.00041999522290162386,0.16151401284758238,2.575490034305096e-05,0.1533782558139535,4.681926306431455e-06
2016-06-29,2016-06-29T12:00:00.000,-0.4443736111987431,0.0307844910026527,-4.987522495961553,0.00018356558621,57569.11265471428,63.0,7103.040478293825,0.06151374953833063,-66.37672848632646,0.06151374953833063,56.247754023494956,0.0004942419724501106,0.16175421429404838,3.052882257582038e-05,0.15358,0.0
2016-07-01,2016-07-01T12:00:00.000,0.7420054165265131,0.0406853952251827,-4.9864563458918765,0.0002427525356136,57571.24087439024,41.0,7102.807835103467,0.07748964611623217,-65.82555633771638,0.07748964611623217,56.243246176909835,0.0006220136637835637,0.16189625914283978,3.850210304343838e-05,0.15358658536585368,2.4843352179827347e-06
2016-07-02,2016-07-02T12:00:00.000,1.1255731610090394,0.0247095069266231,-4.987886038049514,0.0001481439083188,57572.08044591837,98.0,7103.070581859282,0.04958650673533571,-65.5934380772345,0.04958650673533571,56.23501876049529,0.0003973126562652542,0.16170340591384275,2.462439782862059e-05,0.15351061224489795,1.945049478501376e-06
2016-07-03,2016-07-03T12:00:00.000,1.364849137078901,0.027800957131663,-4.986986482824481,0.0001660700227763,57573.0162408919,74.0,7102.9251101471245,0.056548677104196296,-65.79367997468167,0.056548677104196296,56.23518367460988,0.00045321934426542453,0.16185792980656588,2.8078103588672495e-05,0.15341324324324324,9.447551610116428e-07
2016-07-04,2016-07-04T12:00:00.000,0.1384483633237462,0.0299879148406712,-4.986764483369435,0.0001775387711729,57574.03112352308,65.0,7103.235440944764,0.059955236170873866,-65.70277279151439,0.059955236170873866,56.23855771770222,0.0004795214671355146,0.1618842685325182,2.929746534255465e-05,0.15348138461538463,2.0787029410568296e-06
2016-07-05,2016-07-05T12:00:00.000,-0.2514400228937959,0.0283688660367957,-4.986623704365956,0.0001683192590403,57575.02151335136,74.0,7102.898042708068,0.05670585498619683,-65.64001566311364,0.05670585498619683,56.24864744802825,0.00045504961670618185,0.16190620672751452,2.790565870911983e-05,0.15358567567567563,5.7983774751489e-07
2016-07-06,2016-07-06T12:00:00.000,-0.5834287064943924,0.0290571851744274,-4.986776545518544,0.0001729728594401,57576.029048380275,71.0,7101.030224493804,0.05770496475226271,-66.01597308956552,0.05770496475226271,56.25512407986432,0.00046250388229209075,0.16187024348395815,2.846351429847646e-05,0.1536880281690141,5.351318377997454e-06
2016-07-07,2016-07-07T12:00:00.000,-0.1125777034684903,0.0282910265041706,-4.985058031928005,0.000168033844725,57577.034242333335,75.0,7100.811899121785,0.056211186150335775,-66.29316057248545,0.056211186150335775,56.256716954676556,0.00045109509088990307,0.16217243699356723,2.781596036170739e-05,0.15415346666666666,1.2564060474846917e-05
2016-07-08,2016-07-08T12:00:00.000,-0.4448244118066002,0.0286596140199072,-4.983651549204268,0.0001696984650982,57578.02430422534,71.0,7102.540287639534,0.05762187879100377,-67.14713728246663,0.05762187879100377,56.24780785564064,0.0004614911209850216,0.1624172067186864,2.8483095309709508e-05,0.1548059154929578,1.0067333600636665e-05
2016-07-09,2016-07-09T12:00:00.000,-0.9424254731931596,0.0315677990816779,-4.9806245410169225,0.0001862743164782,57579.0295324516,62.0,7103.789009409553,0.06217217879803109,-67.15935801093413,0.06217217879803109,56.244383956430994,0.0004990174372714424,0.1629272605056642,3.09419289024444e-05,0.15550467741935484,1.5511238043913917e-05
2016-07-10,2016-07-10T12:00:00.000,-0.8084469666280889,0.0303257537876879,-4.977984796042181,0.0001782488350623,57580.00996852382,63.0,7103.730849895482,0.061436234384147366,-66.90094774704421,0.061436234384147366,56.2385401934461,0.0004913459226492696,0.16335432433213862,3.067051101667633e-05,0.15602920634920636,5.748178487957682e-06
2016-07-11,2016-07-11T12:00:00.000,1.7233105663324166,0.0255058761416973,-4.974241579177158,0.0001489447290299,57581.054231659335,91.0,7103.49123198574,0.05122739164405736,-66.50207727884374,0.05122739164405736,56.234605220762816,0.00041075385106587904,0.1639886725993707,2.556195742814067e-05,0.15644835164835164,5.514469226401637e-06
2016-07-12,2016-07-12T12:00:00.000,1.638365410153995,0.0379783745838899,-4.970033210237115,0.0002186157823031,57582.058069374994,40.0,7104.6338827193285,0.07594806910777022,-67.00442623335142,0.07594806910777022,56.21811020428785,0.0006081897240069848,0.16470325000000002,3.794733192202055e-05,0.15678074999999997,1.4045484720221198e-06
2016-07-13,2016-07-13T12:00:00.000,2.937787853780389,0.0292865958717614,-4.971239439311745,0.0001718700525283,57583.06169975,80.0,7106.949829267209,0.05714437776229202,-66.48444090678524,0.05714437776229202,56.21445219762619,0.0004568322100768953,0.16449933300273858,2.874398363062383e-05,0.156932875,5.147181083007055e-06
2016-07-14,2016-07-14T12:00:00.000,2.9090467332834753,0.0297892286255359,-4.96994305399157,0.0001743792644695,57584.016147771414,70.0,7107.573248521026,0.06109934463313532,-65.30189340919692,0.06109934463313532,56.198726798845655,0.0004879578147862646,0.1647364760551265,3.057334564407465e-05,0.1571915714285714,3.970052042598316e-06
2016-07-15,2016-07-15T12:00:00.000,3.696951572985135,0.0447730925287339,-4.969318898794654,0.0002627012005322,57585.03582188236,34.0,7107.952014679015,0.08950938979540235,-65.21456726012708,0.08950938979540235,56.199676538306036,0.0007175505020456232,0.16482838550724643,4.517295953656264e-05,0.15717058823529412,2.798687509759714e-06
2016-07-16,2016-07-16T12:00:00.000,1.1531999537245918,0.0451079518000565,-4.971162090449325,0.0002699305742721,57586.16785027026,37.0,7106.772930559118,0.09004097651743467,-64.61276382294982,0.09004097651743467,56.217012887262946,0.0007206296144572682,0.1645118832883912,4.62304688489205e-05,0.15691378378378376,8.083044344569507e-07
2016-07-17,2016-07-17T12:00:00.000,1.250910974225624,0.0543023590213128,-4.971310454388248,0.0003172157073892,57587.18800709523,21.0,7106.017224330042,0.10855047009593073,-64.80215136180598,0.10855047009593073,56.22093917054164,0.0008692656252537977,0.1644853053328257,5.4285467583811784e-05,0.15652190476190475,3.2819163695454857e-06
2016-07-18,2016-07-18T12:00:00.000,0.8569272462592112,0.027502888385485,-4.973121064664417,0.00016026810293,57588.0443295696,79.0,7106.195766135446,0.05498637860777791,-64.24445689153994,0.05498637860777791,56.22406425733053,0.00044155266391135076,0.16417468493378518,2.735736077668159e-05,0.15593544303797469,7.587630370749411e-06
2016-07-19,2016-07-19T12:00:00.000,-0.7794016841463368,0.0289312698392997,-4.977776135144236,0.0001723033314521,57589.023886743584,78.0,7106.008501376499,0.057830796105226796,-64.50113760050571,0.057830796105226796,56.238054080199454,0.00046251532084607956,0.16338579767367725,2.9033922266023057e-05,0.15528653846153848,5.5042953078237e-06
2016-07-20,2016-07-20T12:00:00.000,-1.4609569767285306,0.0435668173318569,-4.9821225005667715,0.000280056041787,57590.04177316666,48.0,7105.734046094536,0.08709504303443862,-64.19191050338411,0.08709504303443862,56.27560566091941,0.0006973722677667358,0.16265183498320465,4.6845085280146154e-05,0.1544566666666667,7.941124965711172e-06
2016-07-21,2016-07-21T12:00:00.000,-0.4025741846552462,0.0395798087897305,-4.986475632690128,0.0002523020222666,57591.00077517647,51.0,7104.17610344158,0.07880111938547593,-65.50008657413696,0.07880111938547593,56.26839427909808,0.000632176533576857,0.1619375355064189,4.144884532203372e-05,0.15373960784313723,4.374263270753133e-06
2016-07-22,2016-07-22T12:00:00.000,-1.840563561469712,0.0388425175648839,-4.989217831951047,0.0002467374590486,57592.04307277551,49.0,7102.545290463339,0.0776624013871178,-66.24775193933017,0.0776624013871178,56.28087038738974,0.0006219774997580793,0.1614762373523401,4.0536205674593506e-05,0.1532991836734694,2.8695672522990664e-06
2016-07-23,2016-07-23T12:00:00.000,-1.1105757043662925,0.0272915665707772,-4.990537935256714,0.000166887404226,57593.079489899996,90.0,7101.967944358328,0.054494875344839114,-66.53853972602704,0.054494875344839114,56.27713255388784,0.00043701448867671265,0.1612623411967259,2.7261411542608692e-05,0.15287522222222222,4.735785032030762e-06
2016-07-24,2016-07-24T12:00:00.000,-1.1377783595636637,0.0360245111857675,-4.993646497840489,0.0002215155804684,57593.97144357692,52.0,7102.36099917611,0.07199268647615203,-66.78568945131015,0.07199268647615203,56.26974286196625,0.0005778388056865255,0.16075594512640218,3.59167889635535e-05,0.15266653846153846,6.661733875271575e-07
2016-07-25,2016-07-25T12:00:00.000,-0.812379403905307,0.0412623051295179,-4.993303836780482,0.0002552773692498,57595.00852957143,42.0,7101.621713606461,0.08250437047997822,-66.78028354905803,0.08250437047997822,56.27756931426386,0.0006644687611433469,0.16080325446332538,4.190762049585808e-05,0.15252761904761908,1.7313641479925944e-06
2016-07-26,2016-07-26T12:00:00.000,-1.5989333740016678,0.0361542001183097,-4.9941972861597685,0.0002324760180213,57596.032085159415,69.0,7101.200251118995,0.07180847420140868,-67.53451605831289,0.07180847420140868,56.290740413035216,0.0005760620132405118,0.16066781662316268,3.7385659617434724e-05,0.15273942028985507,6.008249720563182e-06
2016-07-27,2016-07-27T12:00:00.000,-0.9541412071829386,0.0356711442866251,-4.993016916919616,0.0002212955548394,57597.03404405084,59.0,7102.266139526886,0.0702162734695748,-66.81702203435607,0.0702162734695748,56.2695886826913,0.0005629342058557622,0.16086009656867445,3.5535910620401185e-05,0.15274745762711864,8.274912690264207e-06
2016-07-28,2016-07-28T12:00:00.000,-1.1283363478520512,0.0349435767361409,-4.992872702729849,0.0002175799330591,57598.074724766666,60.0,7101.218986535319,0.07007613624496804,-67.33827512561372,0.07007613624496804,56.27717389109278,0.0005629940955969801,0.16088545507568403,3.536259114709666e-05,0.1524396666666666,2.138781883986542e-06
2016-07-29,2016-07-29T12:00:00.000,-0.9541938416436884,0.0286520120711438,-4.990260103212623,0.0001742044754435,57599.06472409877,81.0,7101.724816897198,0.056730879447836995,-66.66365810877204,0.056730879447836995,56.259980992025355,0.0004551593958985121,0.16131024570309616,2.8505720973730057e-05,0.15258370370370372,5.4587240302482985e-06
2016-07-30,2016-07-30T12:00:00.000,-0.6263735024819426,0.0307754361676935,-4.990885753196164,0.0001902316821925,57600.02822812329,73.0,7102.19113695106,0.062123249359921286,-66.36367348779949,0.062123249359921286,56.258503865599856,0.000497508104893229,0.16119936352506928,3.1438753272189205e-05,0.15277219178082188,1.3265606435009423e-06
2016-07-31,2016-07-31T12:00:00.000,-0.6088678908910143,0.0486363769286639,-4.991372074705778,0.0003053141443851,57600.95213728125,32.0,7102.414848379385,0.09812262981656318,-66.15872509857631,0.09812262981656318,56.25941013285895,0.0007887538474675649,0.1611305788877893,5.012573168025146e-05,0.1528590625,1.2180907025652166e-06
2016-08-02,2016-08-02T12:00:00.000,-1.129502840179455,0.0335510676615238,-4.989506613873782,0.0002008565604153,57603.055691301895,53.0,7101.493017963563,0.06710451755590141,-66.19363665695005,0.06710451755590141,56.25731655343023,0.0005367071295148064,0.16142851878765854,3.301540941146413e-05,0.15270773584905661,4.010522348646745e-06
2016-08-04,2016-08-04T12:00:00.000,-0.5207984790460084,0.0342125863762991,-4.991209512189111,0.0002143030064024,57605.00458196775,62.0,7100.537388208274,0.06982424190448963,-66.34910596710574,0.06982424190448963,56.285502600889366,0.0005615722778775613,0.1611958752710536,3.567293854180241e-05,0.1532824193548387,5.93765192739894e-06
2016-08-05,2016-08-05T12:00:00.000,0.1244470863726003,0.0349195445781386,-4.988488064022186,0.0002155180051275,57606.07174853333,60.0,7101.2614972246265,0.0693429152188398,-66.46220256768295,0.0693429152188398,56.27483435140667,0.0005560155170621082,0.16158146703965492,3.5288265343011945e-05,0.1535916666666667,3.127847102287906e-06
2016-08-06,2016-08-06T12:00:00.000,-0.0778943028159657,0.0347719247729045,-4.988771084145736,0.0002187193697643,57607.020950257574,66.0,7103.498036845442,0.06966356239841669,-66.49901509168649,0.06966356239841669,56.27267195253829,0.0005598123689313563,0.16156903402021489,3.604509473220484e-05,0.1538337878787879,4.913067829968449e-06
2016-08-07,2016-08-07T12:00:00.000,-0.008692341367009,0.0276631295004013,-4.98419693684038,0.0001663056573521,57608.088944229894,87.0,7103.506676070886,0.05383938865567204,-66.6697379512881,0.05383938865567204,56.24829582616526,0.0004315936332682866,0.1623120266516464,2.6947735707481506e-05,0.15444873563218392,1.4197601739509826e-05
2016-08-08,2016-08-08T12:00:00.000,0.1967284358070631,0.0269764881564976,-4.9818626752922,0.0001618555149974,57609.1000375111,90.0,7104.8034141255675,0.05311234908469948,-66.39115855032497,0.05311234908469948,56.23466746909674,0.0004257755923946893,0.16274006750744466,2.6686798857933e-05,0.1550277777777778,1.284963241217578e-05
2016-08-09,2016-08-09T12:00:00.000,0.1958691511903668,0.0308587518030302,-4.979795700251189,0.000186029778261,57610.01133150794,63.0,7105.71378446282,0.06522826741751829,-66.8648559356797,0.06522826741751829,56.24172165818143,0.0005234381074199068,0.1630490642519469,3.2945227507022746e-05,0.1554760317460318,5.57286455805927e-06
2016-08-11,2016-08-11T12:00:00.000,1.2043032097480533,0.0298987373708249,-4.975754175445485,0.0001811302358602,57612.105068222234,90.0,7105.2030601919,0.0576321140751817,-66.41153102019133,0.0576321140751817,56.24188814405606,0.00046159680550791654,0.16373738820675465,2.9592367735174916e-05,0.15613755555555556,8.486327567522894e-06
2016-08-12,2016-08-12T12:00:00.000,1.7457458178378484,0.0459088227282399,-4.975013105940249,0.0002783552238818,57613.10761512121,33.0,7104.084187368054,0.09235756639440512,-65.88718023054474,0.09235756639440512,56.240634030384705,0.0007385963355904961,0.16383518093307134,4.695982461573592e-05,0.1557321212121212,2.377194988782421e-05
2016-08-13,2016-08-13T12:00:00.000,1.1831419907179654,0.0283232491225912,-4.9764285420380645,0.0001691040812357,57614.070728382714,81.0,7104.895822026071,0.05623497855448616,-65.94990981105951,0.05623497855448616,56.2291810656586,0.0004501850030126164,0.16362528756537084,2.8266012934105528e-05,0.15545777777777778,9.128709291749855e-07
2016-08-14,2016-08-14T12:00:00.000,2.060020865731481,0.0646235062564523,-4.976819822561167,0.000389466101784,57614.89321127273,11.0,7102.918890969802,0.15447973386194744,-65.03564678867059,0.15447973386194744,56.2324,0.0012361965127688308,0.1635181818181818,7.839294959021853e-05,0.1554709090909091,9.090909090918183e-07
2016-08-16,2016-08-16T12:00:00.000,-0.8825075709062626,0.0300990549264742,-4.9804285416551615,0.0001789184046968,57617.07833964789,71.0,7104.426977929558,0.05828605871630321,-65.01896864607417,0.05828605871630321,56.241702194601295,0.0004663309623120749,0.1628948879425777,2.9110591942892693e-05,0.15461957746478874,1.5449582596405178e-05
2016-08-17,2016-08-17T12:00:00.000,-1.0817644155675743,0.0278276718145768,-4.983478560302904,0.0001677939022977,57618.06875509877,81.0,7102.693073606286,0.0555940648698465,-65.48424605603019,0.0555940648698465,56.26040475845096,0.0004464053281541631,0.16242736174647993,2.7861660324922423e-05,0.15409567901234567,1.0464428682069783e-05
2016-08-18,2016-08-18T12:00:00.000,-0.6699522906323759,0.0283519173677495,-4.985809037704114,0.0001712486595202,57619.072579,76.0,7100.116141944632,0.05644980207737313,-66.04266582503799,0.05644980207737313,56.272381609028194,0.0004525180611785596,0.16199468264882746,2.825244317567287e-05,0.15366407894736844,1.3245558847334773e-05
2016-08-19,2016-08-19T12:00:00.000,-1.4446667645675573,0.0286439153633208,-4.988979927027608,0.0001742215674552,57620.05124785134,74.0,7100.21670757314,0.057561938137977456,-66.79135977211907,0.057561938137977456,56.26968858644589,0.0004630623429457698,0.16149667272906737,2.878708676521137e-05,0.15313135135135136,1.3848928820763308e-05
2016-08-20,2016-08-20T12:00:00.000,-1.2439186060942589,0.0301030274649576,-4.991374514704851,0.000183620165778,57621.080931901415,71.0,7101.226732231146,0.05910340016158999,-67.19888521070102,0.05910340016158999,56.2634599164464,0.00047374919499046484,0.16110378721847213,2.9526008773218583e-05,0.15262169014084512,3.889758080816983e-06
2016-08-21,2016-08-21T12:00:00.000,-2.0589546992579,0.0452879252330029,-4.99291778707119,0.0002811130996679,57622.073491517236,29.0,7101.136848201263,0.09566770525773809,-66.89418092461483,0.09566770525773809,56.27139721840885,0.000768639412533082,0.1609064577506374,4.816684181193438e-05,0.15268103448275863,2.775839121160885e-05
2016-08-22,2016-08-22T12:00:00.000,-1.39011613183893,0.0309297089584851,-4.990682689991644,0.0001901360524981,57623.055087957146,70.0,7101.642288922562,0.061507295708921876,-66.89580645747277,0.061507295708921876,56.275391075233685,0.0004937052474397034,0.16125728633993733,3.09766454204761e-05,0.1532231428571429,1.3285436004120636e-05
2016-08-23,2016-08-23T12:00:00.000,-1.2688344079299905,0.030028055420054,-4.989387422805779,0.0001855909749371,57624.04633618056,72.0,7102.105751169629,0.06024446636541421,-66.98047806780028,0.06024446636541421,56.26752763387429,0.00048377585867163166,0.16145786128703773,3.0580224906021373e-05,0.15365361111111112,2.2751425651008174e-06
2016-08-24,2016-08-24T12:00:00.000,-1.4606299409476498,0.0298410309308059,-4.987571292304789,0.0001831286588905,57625.07366916666,78.0,7102.400489443962,0.05850759423750959,-66.710715489744,0.05850759423750959,56.270062079468936,0.00046925871136488525,0.16177183158338496,2.9584765125144e-05,0.15365025641025637,7.109753631627662e-06
2016-08-25,2016-08-25T12:00:00.000,-0.05311703162373,0.0321367406032264,-4.98478670136625,0.0001936513350951,57626.0287189074,54.0,7101.466170523656,0.06654009140510168,-66.71309082740788,0.06654009140510168,56.259607546666466,0.0005344787986486227,0.1622451197508235,3.331600315103711e-05,0.154049074074074,1.0280036077529442e-05
2016-08-26,2016-08-26T12:00:00.000,2.0760587306823775,0.0406105329137169,-4.982300525929451,0.0002408993470033,57627.087011999996,35.0,7102.90296988307,0.08122241730320143,-65.96168403323125,0.08122241730320143,56.24205385922893,0.0006513294755810171,0.16262159034586782,4.051601223052305e-05,0.15440114285714288,1.4650797191388011e-06
2016-08-27,2016-08-27T12:00:00.000,0.8514338832835977,0.0359648811229995,-4.984486484376421,0.0002273071357671,57628.06883891176,68.0,7102.943814817255,0.06946806029540119,-66.54548716374,0.06946806029540119,56.258885370746704,0.0005575615827208565,0.1622514278881031,3.639856945554861e-05,0.15434132352941174,2.7709170325476237e-06
2016-08-28,2016-08-28T12:00:00.000,1.1029721618858102,0.0479314339710746,-4.983558066111022,0.0002943822617861,57629.07556996154,26.0,7104.660925330048,0.10051812169270756,-65.59388791121464,0.10051812169270756,56.23770964814205,0.0008062677848424259,0.16249923076923076,5.099019513592785e-05,0.154475,1.6870547845744954e-06
2016-08-29,2016-08-29T12:00:00.000,0.7487924441983335,0.0461605623605161,-4.9831615303056696,0.0002875903555451,57630.0788134054,37.0,7102.937879569403,0.0922741685865045,-64.90105824099166,0.0922741685865045,56.25071768173486,0.0007411409481938971,0.1624746416980868,4.7937823582157854e-05,0.15451945945945947,6.650821198298129e-07
2016-08-30,2016-08-30T12:00:00.000,-0.384455712394933,0.0295432322757369,-4.981875411681538,0.0001804381435715,57631.047944012644,79.0,7102.623979869858,0.0582168714560449,-65.74499971603046,0.0582168714560449,56.25769852676238,0.00046734984258691754,0.1626913609497622,2.9697948819979156e-05,0.15448151898734175,1.0671788711837416e-06
2016-08-31,2016-08-31T12:00:00.000,-1.568090936222376,0.0319601152703314,-4.9822713040199025,0.0001946005776228,57632.0511252,65.0,7102.807520949489,0.0629405213601877,-66.42355799364272,0.0629405213601877,56.26662808798768,0.000503963352641357,0.16261675929762118,3.197396693306379e-05,0.15457523076923077,3.2677598500913475e-06
2016-09-01,2016-09-01T12:00:00.000,-1.409115366812852,0.0253923084369205,-4.982223756773573,0.0001545392618109,57633.103791108915,101.0,7103.297402012482,0.05023149168556088,-67.00307415345226,0.05023149168556088,56.266411473998396,0.0004029167603924549,0.1626479400445654,2.551915526126827e-05,0.15465287128712873,2.8365947848660884e-06
2016-09-02,2016-09-02T12:00:00.000,-0.2704857370881586,0.025281992802542,-4.982095907294328,0.0001537161650743,57634.06149576596,94.0,7102.836254566773,0.051827829716293086,-67.32913710391809,0.051827829716293086,56.26917890436173,0.0004158273510140121,0.16267753521094122,2.626238658203905e-05,0.1544758510638298,3.356393266583101e-06
2016-09-03,2016-09-03T12:00:00.000,1.0331707649196078,0.0325170809105919,-4.980979041563342,0.0001957355643003,57635.182819444446,63.0,7102.92336782868,0.0626652802124908,-67.49230292257856,0.0626652802124908,56.260641460387575,0.0005032378889253701,0.16283884580258837,3.1545657539540154e-05,0.15440761904761904,2.475835966587566e-06
2016-09-04,2016-09-04T12:00:00.000,1.670215691385572,0.0276516852158411,-4.981224375072393,0.000167832208929,57636.05489965,80.0,7102.416536312744,0.0557895525375743,-66.90157022779285,0.0557895525375743,56.25713165041448,0.0004479128373395893,0.16282257941728356,2.826237413593063e-05,0.154495125,7.702937443155256e-06
2016-09-05,2016-09-05T12:00:00.000,1.8482932071358424,0.0273928910857111,-4.979925266408971,0.0001654808630306,57637.0434265244,82.0,7104.54941020806,0.05524261802876599,-66.68199353931531,0.05524261802876599,56.23998499439586,0.0004427888196518044,0.16302892275853542,2.7985605683435664e-05,0.15499463414634143,1.060244204107263e-05
2016-09-06,2016-09-06T12:00:00.000,2.048621598222923,0.0268984247858929,-4.977427021280531,0.0001614993050923,57638.036359058824,85.0,7105.991299590819,0.05398432428974767,-66.15492367005234,0.05398432428974767,56.22571494496277,0.0004334345994754231,0.16344569135870302,2.726756363554996e-05,0.15550152941176473,1.983869703756469e-06
2016-09-07,2016-09-07T12:00:00.000,0.7995050624990382,0.0305766742915811,-4.976596686731991,0.0001833562900826,57639.06537033333,72.0,7105.184002463648,0.059310366289096896,-65.33562358916829,0.059310366289096896,56.22558779236045,0.0004750308013034861,0.1635597460427256,3.017742505698372e-05,0.15549305555555554,4.875760399301773e-06
2016-09-08,2016-09-08T12:00:00.000,0.1202093547103248,0.0258742440569321,-4.977569881199394,0.000156928033941,57640.05014656989,93.0,7104.966565997732,0.05272682176979049,-64.65393134981234,0.05272682176979049,56.228569258212,0.0004220349742306435,0.16345537091182288,2.7000095568433405e-05,0.15530999999999998,2.1513556181609003e-06
2016-09-09,2016-09-09T12:00:00.000,-0.6913760123979523,0.05547970649938,-4.978113567859317,0.0003352588922628,57641.196915727276,22.0,7104.197306232809,0.10855398858802118,-64.9152902603575,0.10855398858802118,56.22730527261687,0.0008706363620693771,0.1633449495083074,5.5242261852782754e-05,0.1553127272727273,6.843387751901164e-06
2016-09-10,2016-09-10T12:00:00.000,-0.4211718991769431,0.0274729382914303,-4.977888958439508,0.0001657266018993,57642.0691725647,85.0,7103.20553230397,0.05428424011110567,-65.39620866672863,0.05428424011110567,56.239201223593106,0.000435428317157394,0.16335383595061823,2.7664258010870737e-05,0.15506235294117643,8.312265344003481e-06
2016-09-11,2016-09-11T12:00:00.000,0.125088078909296,0.0280687513680707,-4.9807253647095475,0.000170446868985,57643.02478905194,77.0,7102.9903909230125,0.056978907741219165,-65.04491759727236,0.056978907741219165,56.238341687038805,0.00045718789355560485,0.16288377198071016,2.892907720082546e-05,0.15474636363636365,1.5121866640082366e-06
2016-09-12,2016-09-12T12:00:00.000,-1.38271312964869,0.0364562113801171,-4.983076064391455,0.0002230924669121,57644.10150945999,50.0,7103.753862808813,0.07284641555630023,-65.6954426197947,0.07284641555630023,56.24293061215266,0.0005861803515316207,0.16249688038157217,3.734051515686925e-05,0.1541434,7.214554450440408e-06
2016-09-13,2016-09-13T12:00:00.000,-0.9870320962604252,0.0379247206549223,-4.986596105263484,0.0002315391890435,57645.08923111363,44.0,7101.795021941297,0.07502357462915808,-65.59721437009149,0.07502357462915808,56.25212228745505,0.0006012539615735016,0.16191475352293663,3.803010543472297e-05,0.1538634090909091,1.8375684198104266e-06
2016-09-14,2016-09-14T12:00:00.000,-1.656052527007248,0.0274642053232259,-4.9869562969199315,0.0001668417235119,57646.050215812495,80.0,7100.3917347924535,0.054558088300259606,-66.14511959862277,0.054558088300259606,56.25950191226466,0.0004369721343315505,0.16184500232504753,2.7463771727802692e-05,0.15378462499999998,6.309385589658121e-06
2016-09-15,2016-09-15T12:00:00.000,-1.1552455251765363,0.0273630462557811,-4.987368175317556,0.0001672915792069,57647.05288496296,81.0,7100.227563960494,0.05432432180604395,-67.1925429079296,0.05432432180604395,56.26569831864944,0.0004349780807095945,0.16178279875859197,2.7464238911620884e-05,0.1533506172839506,8.673333758597975e-06
2016-09-16,2016-09-16T12:00:00.000,-1.5034487940541552,0.0270673989692391,-4.988635221591517,0.000165808496632,57648.044798407405,81.0,7100.874602922311,0.054320283185162625,-67.61768298613862,0.054320283185162625,56.27108983413486,0.0004350255743076201,0.16157283821886317,2.7430880619931888e-05,0.1530548148148148,4.5613483194209325e-06
2016-09-17,2016-09-17T12:00:00.000,-1.8879545245166016,0.0330476481956993,-4.988676503605768,0.0002036504877556,57649.05809347458,59.0,7100.549918368212,0.06450662756277578,-67.3911061718921,0.06450662756277578,56.270935397379716,0.0005183923832233258,0.16160021699882818,3.264333369987526e-05,0.15345338983050844,2.2922901002823574e-05
2016-09-18,2016-09-18T12:00:00.000,-0.2348050011650863,0.0287806779092918,-4.986921893313932,0.0001764508188433,57650.007884420294,69.0,7102.207926056776,0.05913491813587017,-66.75167616298349,0.05913491813587017,56.25685821317015,0.00047483181212812906,0.16187309709906517,2.983554804386627e-05,0.1540844927536232,5.591737571257776e-06
2016-09-19,2016-09-19T12:00:00.000,1.0721318401151103,0.0281930897354129,-4.983692300226881,0.0001719774800272,57651.08638265432,81.0,7103.129524258564,0.05478209574141893,-66.75201802188873,0.05478209574141893,56.245810214285356,0.0004393353485930697,0.16241126135198355,2.776945101401995e-05,0.15439061728395062,2.058898775328032e-06
2016-09-20,2016-09-20T12:00:00.000,0.1660965540779054,0.0278821860235931,-4.98232490175035,0.0001696519115068,57652.012958561645,73.0,7102.871540423788,0.05720613373904998,-66.48946502385348,0.05720613373904998,56.238609459771084,0.00045802257679126453,0.16262846967997974,2.890992442501161e-05,0.1544820547945206,1.392506911596068e-06
2016-09-21,2016-09-21T12:00:00.000,1.169043394712383,0.0270840750936493,-4.981895240879849,0.0001643901319383,57653.02715880486,82.0,7102.624438718567,0.05408113792576883,-65.96095238376483,0.05408113792576883,56.23898124456184,0.0004324386140021847,0.16269861169994917,2.7363910276855997e-05,0.15446573170731703,1.6556136455576856e-06
2016-09-22,2016-09-22T12:00:00.000,0.2086060785270702,0.0278064977071603,-4.982238257827359,0.0001682600764061,57654.028468766235,77.0,7102.111972727745,0.05553127834868457,-65.82150159412728,0.05553127834868457,56.24572055880204,0.0004443956133434318,0.16264285841302467,2.798691400484936e-05,0.1543959740259741,5.625514409457529e-07
2016-09-23,2016-09-23T12:00:00.000,0.2184825434380679,0.029377339143804,-4.981054374243467,0.0001774432067308,57655.02486171016,69.0,7102.4408308522625,0.0586645876859613,-64.92930375926224,0.0586645876859613,56.245227914193535,0.00046953300874413644,0.1628351400673961,2.9679390363510886e-05,0.15433188405797105,1.389207001141336e-06
2016-09-24,2016-09-24T12:00:00.000,-0.1774181332316158,0.0314877232172254,-4.983102917740823,0.0001913179137924,57655.9971431,60.0,7101.736517925149,0.06287108850801643,-65.519516588722,0.06287108850801643,56.253997019962775,0.0005022211254705729,0.16249332689601573,3.1759993539471295e-05,0.15417049999999996,1.7854559942334405e-06
2016-09-25,2016-09-25T12:00:00.000,-0.0175802515547421,0.0301429846282254,-4.9848331004422795,0.0001841360866494,57657.04422705715,70.0,7101.702853629421,0.058688488686158974,-65.2012161044606,0.058688488686158974,56.263510170260844,0.000469331904616349,0.16220587506593365,2.971489155670842e-05,0.15374600000000002,9.953099125127397e-06
2016-09-26,2016-09-26T12:00:00.000,-1.5872548722157482,0.0293015835423078,-4.986413233383774,0.0001795119830825,57658.00819163636,66.0,7100.800901713662,0.05993238259698914,-66.24378409888529,0.05993238259698914,56.2642513716845,0.0004795230095225988,0.16192852032335425,3.0323478259510358e-05,0.15346530303030306,6.190336468468964e-07
2016-09-27,2016-09-27T12:00:00.000,-1.5175762810625422,0.0303910835494089,-4.987334047890025,0.0001860539820881,57659.00593414063,64.0,7101.516363684406,0.060690660549667326,-66.72718895660967,0.060690660549667326,56.26869777233435,0.0004859876465015237,0.16179597679705982,3.066575213421713e-05,0.15338921875,1.7295386504648508e-06
2016-09-29,2016-09-29T12:00:00.000,-0.8319740293687403,0.0290168438145934,-4.98916308483837,0.0001799933723653,57661.0506858961,77.0,7099.583498285239,0.05732028914765689,-67.26051545643962,0.05732028914765689,56.282971720020626,0.0004601852757108765,0.16148241227569687,2.9323348111868294e-05,0.15319415584415583,3.4603043801033507e-06
2016-09-30,2016-09-30T12:00:00.000,-0.1955935585243524,0.0325700757677904,-4.989307193895435,0.0002011304171335,57662.10367263793,58.0,7099.771659074239,0.06501160178794102,-66.95988625427866,0.06501160178794102,56.271751715764026,0.0005231318119919051,0.16145705145585174,3.2919507112961054e-05,0.1530862068965517,4.350268825141126e-06
2016-10-01,2016-10-01T12:00:00.000,0.2091529157482504,0.0262917571227364,-4.988506624481352,0.0001620305657342,57663.040069941875,86.0,7100.0672861158755,0.05300538519289739,-66.75150621644782,0.05300538519289739,56.26706670218741,0.0004258249753056271,0.1616007085509808,2.6820192671042692e-05,0.153338488372093,4.829564225867266e-06
2016-10-02,2016-10-02T12:00:00.000,-0.6342968280456989,0.0324464425013094,-4.986492331322001,0.0001986092886359,57664.08511966666,57.0,7101.037959150575,0.06480605445384673,-67.0630994231557,0.06480605445384673,56.25325977819797,0.0005226408245714094,0.1619286160042329,3.2737451172101105e-05,0.1538543859649123,5.524027851167807e-06
2016-10-03,2016-10-03T12:00:00.000,0.6509627341674049,0.0380244440122839,-4.983178528445878,0.0002297422274525,57665.0520369,40.0,7103.563366978739,0.07604626400928416,-66.47169324316766,0.07604626400928416,56.23698017313077,0.0006105697201623713,0.16247455156319157,3.8059391503489664e-05,0.15457749999999998,6.705814545448305e-06
2016-10-04,2016-10-04T12:00:00.000,-0.7207472037170232,0.0312974463491766,-4.980291257303777,0.0001899497986522,57665.999818590164,61.0,7103.607093229861,0.06250421609041054,-66.75816456715212,0.06250421609041054,56.24052981055497,0.0005009765846886004,0.16297060402570232,3.16282997651202e-05,0.15509508196721314,1.9223015409110223e-06
2016-10-06,2016-10-06T12:00:00.000,2.4786625114696426,0.0273103973857961,-4.976554799569344,0.0001661725282968,57668.040073892844,84.0,7105.201287837444,0.054492391103136854,-66.46579131073725,0.054492391103136854,56.232514999505234,0.0004367669197571526,0.1635971214412444,2.8121747294195238e-05,0.15585178571428568,2.3417235898722575e-06
2016-10-07,2016-10-07T12:00:00.000,2.0172624451315997,0.0545669630457109,-4.975258843434178,0.0003329228900875,57668.91553742856,21.0,7104.928530310261,0.11130424590690678,-66.31460368759085,0.11130424590690678,56.23656680521989,0.0008927750929509582,0.16382607152784898,5.753393340296175e-05,0.15581000000000003,1.825741858349846e-06
2016-10-09,2016-10-09T12:00:00.000,1.9467835636775384,0.0324833855686371,-4.976881839219997,0.0001966448913031,57671.0561856,55.0,7105.794464958105,0.06495030087353612,-64.34577753982013,0.06495030087353612,56.22136354267687,0.0005185810467752142,0.16353479841552215,3.314507972952447e-05,0.1552201818181818,9.171361182082845e-07
2016-10-10,2016-10-10T12:00:00.000,0.739315973091178,0.029722965582649,-4.978219081529824,0.0001802581404332,57672.03153891177,68.0,7104.067712575211,0.059385110415230195,-64.45711150593448,0.059385110415230195,56.23323028535617,0.00047815320218170664,0.1633141017251377,3.0305536274901722e-05,0.15521764705882357,8.91813490573708e-07
2016-10-11,2016-10-11T12:00:00.000,-0.0052599021098651,0.028558296427004,-4.979426794680935,0.0001733997012975,57673.03214174323,74.0,7103.535768716048,0.05705772942997153,-64.83813611146152,0.05705772942997153,56.24045018260198,0.00045934836387289394,0.16310993155239237,2.906315618391281e-05,0.15507364864864864,1.9956851300383882e-06
2016-10-12,2016-10-12T12:00:00.000,-0.6087338172927396,0.0299413589146464,-4.980969704487987,0.0001820223441915,57674.07337597015,67.0,7103.5843788192815,0.059797931720181434,-65.53342364057256,0.059797931720181434,56.24998483462285,0.00048206944084672545,0.16285170350993136,3.0302346482229662e-05,0.15465910447761197,5.085124959311514e-06
2016-10-13,2016-10-13T12:00:00.000,-0.1002878068799752,0.0293548499072117,-4.98347792999804,0.0001806944237061,57675.03769373611,72.0,7102.774004251195,0.058285772723730755,-66.40428676660797,0.058285772723730755,56.26805217934083,0.00046858810921552354,0.16243060408141938,3.00653062527381e-05,0.15422375,8.113141400239274e-06
2016-10-14,2016-10-14T12:00:00.000,-0.8055575491823493,0.0556314124632785,-4.98582784524985,0.0003504216485966,57675.9358397619,21.0,7100.261793548442,0.11359680464041419,-66.74909093186562,0.11359680464041419,56.284741661592754,0.000912015772066105,0.16201936795470845,5.919282339876666e-05,0.15364666666666665,8.628119403697468e-06
2016-10-15,2016-10-15T12:00:00.000,-0.5266468604238932,0.0559106237327939,-4.988436037072328,0.0003526418456006,57676.921520476186,21.0,7099.847818712376,0.11166056029837917,-66.81814803291913,0.11166056029837917,56.28052099387434,0.0008966463186651936,0.1616070544962989,5.795159536892147e-05,0.15327476190476194,2.2487083720229127e-06
2016-10-17,2016-10-17T12:00:00.000,0.2280214344966112,0.0428620225400744,-4.988256201136595,0.0002681944559587,57679.06009714286,35.0,7102.57597600292,0.08570121869743365,-66.59801835954747,0.08570121869743365,56.2520609207545,0.0006869857989348038,0.16163407111957775,4.422447582970534e-05,0.15349542857142856,3.960792237678693e-06
2016-10-18,2016-10-18T12:00:00.000,0.6472560674559266,0.0423077245295454,-4.9869678566661335,0.0002666477505444,57679.98634639474,38.0,7101.606674801046,0.08343557559999962,-66.46263048659853,0.08343557559999962,56.258481605471964,0.0006704026060296687,0.1618630280281749,4.356436912446447e-05,0.15350052631578948,7.399851680696818e-06
2016-10-19,2016-10-19T12:00:00.000,0.0102567348554396,0.0612388391839583,-4.988586711792944,0.0003911637069996,57680.908883222226,18.0,7102.050580108438,0.1253013832259506,-66.20420719239249,0.1253013832259506,56.2641645425119,0.0010073177569498014,0.16156647033987745,6.590026897263646e-05,0.15327944444444444,5.555555555561111e-07
2016-10-21,2016-10-21T12:00:00.000,-0.2350708048280448,0.0778794191371677,-4.988543904847212,0.0004917306446773,57682.94193754545,11.0,7100.055590325032,0.15567771547929934,-65.72820798789415,0.15567771547929934,56.27859418601725,0.0012463110653504663,0.16159340818934828,8.102412196018178e-05,0.15321636363636368,1.5212000482410729e-06
2016-10-29,2016-10-29T12:00:00.000,-0.8604522314664267,0.0344429265955205,-4.99093605364618,0.0002097572936315,57690.99130198077,52.0,7103.167949995136,0.06880633062215423,-66.40130764725113,0.06880633062215423,56.25891609133103,0.0005509112107818543,0.16119716289553507,3.4199924790265846e-05,0.15265576923076923,4.353758746438139e-06
2016-10-30,2016-10-30T12:00:00.000,-0.3807217462182935,0.0325403888949687,-4.989960684343983,0.0001975571987644,57692.04020567241,58.0,7102.760893094222,0.06504034705706876,-66.5069660866081,0.06504034705706876,56.249875812275214,0.0005210269403078814,0.16135261312686033,3.2286120626875854e-05,0.1531048275862069,3.540803372755827e-06
2016-10-31,2016-10-31T12:00:00.000,-0.3422605770647567,0.0652126109342589,-4.988280061235358,0.0003970400014004,57692.96994153332,15.0,7101.868786343963,0.13006232061183903,-65.69020427269487,0.13006232061183903,56.251589837389275,0.0010408309363596456,0.16162608251520827,6.510761457168185e-05,0.15355133333333335,9.9458853261349e-06
2016-11-06,2016-11-06T12:00:00.000,-0.5697401398515914,0.0730757549873927,-4.987753681318984,0.000443661397095,57699.03049033333,12.0,7102.798934948939,0.14567135250345517,-66.12513300374707,0.14567135250345517,56.24834863224702,0.001171331630042096,0.16171838262899838,7.311430642392241e-05,0.1532416666666667,1.166666666666617e-05
2016-11-08,2016-11-08T12:00:00.000,-1.3752981714252144,0.0690808612527819,-4.988541325962681,0.0004232887778571,57700.918754285725,14.0,7102.803124562058,0.1380258548130081,-66.2294942556799,0.1380258548130081,56.272297272837655,0.0011083401073885245,0.16158677626251014,6.978441790620708e-05,0.153,0.0
2016-11-09,2016-11-09T12:00:00.000,-1.0182598189237166,0.0446003301453255,-4.990694058110873,0.0002705880745792,57702.00009825807,31.0,7101.928814114743,0.08902594195819834,-66.30964260318783,0.08902594195819834,56.26264318096547,0.0007114002745102659,0.16123888705688383,4.385391322178642e-05,0.15270032258064514,5.215441732603629e-06
2016-11-10,2016-11-10T12:00:00.000,-0.6801337799211555,0.0305576717493977,-4.991882739752189,0.0001868446267334,57703.03104092537,67.0,7103.112100630755,0.06103416811624877,-65.94460574960699,0.06103416811624877,56.259010779283514,0.0004887924201447011,0.16103942653916536,3.036432442734178e-05,0.15247835820895522,1.0967864519919452e-06
2016-11-11,2016-11-11T12:00:00.000,-1.3767953497508174,0.0298620866860198,-4.991043753327582,0.0001817489790117,57704.03013197143,70.0,7102.818863878988,0.05964321632941595,-66.38828389828966,0.05964321632941595,56.25710531700095,0.0004775601203450983,0.16117274973250365,2.9616513122306966e-05,0.15247728571428568,9.952564215175662e-07
2016-11-12,2016-11-12T12:00:00.000,-1.1497240451766364,0.0772666791742893,-4.992500320085378,0.0004793760078436,57704.96653309092,11.0,7103.447606713849,0.15430609340579238,-66.04764903962979,0.15430609340579238,56.26350686144958,0.0012457488736634546,0.16094709904341106,7.852999609489456e-05,0.15256454545454545,7.670917494448447e-06
2016-11-13,2016-11-13T12:00:00.000,-0.4168589772404519,0.0347713444991749,-4.9910963679161995,0.0002126440115741,57705.99829067925,53.0,7103.395567962425,0.06941213545754836,-66.35152394548432,0.06941213545754836,56.257745579286784,0.0005559811447048113,0.16117748988028732,3.457837703185398e-05,0.1528396226415094,2.720164237642101e-06
2016-11-16,2016-11-16T12:00:00.000,0.3228057438864909,0.0298520968050668,-4.989131604320551,0.0001823170094473,57709.03890834246,73.0,7104.797069028093,0.05964161561880387,-65.55379211585726,0.05964161561880387,56.2488612628577,0.0004783092159584729,0.1614874214274276,3.0018629070550838e-05,0.15334,0.0
2016-11-29,2016-11-29T12:00:00.000,-0.1732601441258186,0.10194874626581,-4.987511523365881,0.0006148670181353,57722.07918833333,6.0,7104.754901036533,0.20384599842407394,-65.75554628405249,0.20384599842407394,56.243566666666666,0.0016329931618554521,0.161755,0.00010206207261596576,0.15419666666666668,2.108185106781028e-06
2016-11-30,2016-11-30T12:00:00.000,0.4848420381467882,0.0381938056317473,-4.984568778617484,0.0002297341578387,57723.05670676744,43.0,7105.383660271754,0.07631936515576318,-65.49287896976861,0.07631936515576318,56.2353254180299,0.0006143879348602594,0.16224696951174916,3.852114248248679e-05,0.1540544186046512,3.2994231782430672e-06
2016-12-01,2016-12-01T12:00:00.000,0.7521293850796059,0.0832831459201276,-4.986914762575923,0.0005101744214143,57723.9231928,10.0,7103.163896450213,0.1664101775182182,-65.10801374162192,0.1664101775182182,56.24646315960253,0.0013334092108015666,0.16185202170217278,8.403976084503366e-05,0.15392,0.0
2016-12-05,2016-12-05T12:00:00.000,-0.8816381972009716,0.0348333439251604,-4.987898860720976,0.0002109948957642,57728.05196646154,52.0,7104.336543588761,0.06964875408339918,-65.55256175422906,0.06964875408339918,56.24958429975463,0.0005590844483388302,0.1616923894773198,3.487172638979262e-05,0.15307153846153845,5.8538292077931705e-06
2016-12-06,2016-12-06T12:00:00.000,-0.6582084625043597,0.0334161665415443,-4.9907215194976295,0.0002038864795177,57729.020133280705,57.0,7103.92368808923,0.06677306085153162,-65.70662794630982,0.06677306085153162,56.25571514572897,0.0005359885313899974,0.16123128424314426,3.352528992841832e-05,0.15268824561403507,9.406846749786802e-07
2016-12-08,2016-12-08T12:00:00.000,-0.938896058245012,0.0433861374754203,-4.99345404965374,0.0002647980350075,57731.044236333335,33.0,7102.464434152412,0.08678186684164779,-66.5429356226284,0.08678186684164779,56.26308190352398,0.0006968195471029251,0.16078060606060607,4.351941398892446e-05,0.15223848484848487,7.348484848484564e-06
2016-12-09,2016-12-09T12:00:00.000,-0.349113751487615,0.0689584590203411,-4.994747227701893,0.0004224592406115,57732.046722384606,13.0,7102.2595963912145,0.13790569884582773,-67.7166197212828,0.13790569884582773,56.27140769230769,0.0011094003924504582,0.16056923076923077,6.933752452815364e-05,0.1515515384615385,2.492592576310738e-06
2016-12-10,2016-12-10T12:00:00.000,-1.0150040606929172,0.034711627407818,-4.9967447931846944,0.0002145508414444,57733.057755867914,53.0,7102.443770635342,0.06936389500584014,-67.20386771269138,0.06936389500584014,56.270119840771635,0.0005576384412462506,0.16025094081890123,3.474857983361526e-05,0.15159754716981133,3.84671518755997e-06
2016-12-11,2016-12-11T12:00:00.000,-0.7395088811682,0.0689373354414123,-4.996678255209914,0.0004265109901766,57734.00520999999,13.0,7102.3985736540835,0.13779046574070497,-65.99482895323627,0.13779046574070497,56.26755716581818,0.001104534693800613,0.16025489350351851,6.908636031670008e-05,0.15165384615384614,3.308586641170365e-06
2016-12-13,2016-12-13T12:00:00.000,-1.2655465371739667,0.0460601682786605,-4.995239266858561,0.00028368510136,57735.96843983333,30.0,7101.76079600349,0.09196390557152594,-67.34839117366346,0.09196390557152594,56.26839545519696,0.00073782159405596,0.16049429299266343,4.584826370351135e-05,0.15191666666666667,1.464784581341239e-06
2016-12-14,2016-12-14T12:00:00.000,-2.0446974133958435,0.0326959968006381,-4.995701824661934,0.0001999774858127,57737.02473778181,55.0,7102.02094909195,0.06517111281463853,-67.09417842984226,0.06517111281463853,56.265066273379645,0.0005225729820237034,0.16040649773768406,3.239587683444502e-05,0.15178927272727274,3.5339102393037164e-07
2016-12-15,2016-12-15T12:00:00.000,-0.7060240969951344,0.0351775439156085,-4.994985626602639,0.0002223477702241,57738.01454140426,47.0,7102.4630926096725,0.07022806257492516,-66.52698298780601,0.07022806257492516,56.264840516257586,0.0005644754615091045,0.1605376388622575,3.590047220844239e-05,0.15163617021276596,2.49982777370388e-06
2016-12-16,2016-12-16T12:00:00.000,-1.7926824462061266,0.030147146381918,-4.995768173105016,0.0001912666671051,57739.05347160938,64.0,7101.6688161818465,0.060228768020001065,-66.87040258218234,0.060228768020001065,56.27144946186124,0.00048356880636225207,0.1604065766671618,3.0811469885386074e-05,0.15162046875,1.8152474729068507e-06
2016-12-18,2016-12-18T12:00:00.000,-1.025508847998711,0.0473590063789633,-4.99543208439294,0.0002939940151286,57741.10611692857,28.0,7101.880184772154,0.09464646412868716,-66.85043488152661,0.09464646412868716,56.278538295297885,0.0007615554127389804,0.1604643483267406,4.775475099197959e-05,0.15211678571428572,5.3217525912496605e-06
2016-12-19,2016-12-19T12:00:00.000,-0.9568634763860556,0.0872033165898812,-4.993564936401276,0.0005430813330303,57741.95143666666,9.0,7102.905906338377,0.17417304926329205,-65.79603397303704,0.17417304926329205,56.270743786819544,0.0013948110658758251,0.16075269672552717,8.83807707465302e-05,0.1522633333333333,8.49836585598725e-06
2016-12-20,2016-12-20T12:00:00.000,-1.1772351404142798,0.067279418333596,-4.993712638611822,0.0004184866817135,57742.97959799999,15.0,7101.640844593313,0.13441117276179898,-66.74906957425772,0.13441117276179898,56.272363518192506,0.0010802621241713809,0.16073545389920205,6.810885495653488e-05,0.15229466666666666,1.158269097225356e-05
2016-12-26,2016-12-26T12:00:00.000,-1.718157456116911,0.0655314964759556,-4.994943572635002,0.0004195771897934,57748.99883433333,18.0,7102.145204675306,0.13097977118596651,-67.26410145206363,0.13097977118596651,56.26974024889335,0.001049733765617652,0.1605325931938471,6.776836414546563e-05,0.152515,3.726779962500456e-06
2016-12-27,2016-12-27T12:00:00.000,-1.475937062383118,0.0393398706638788,-4.992422851699403,0.0002504035605986,57750.00866688,50.0,7103.731884211089,0.07839891062034088,-66.61493681529217,0.07839891062034088,56.26842624283412,0.0006287986294305213,0.16096612946487385,4.072650184065806e-05,0.15282160000000003,1.6253100175231542e-06
2017-01-02,2017-01-02T12:00:00.000,-0.6511993672142783,0.0526906598311171,-4.992337425045955,0.0003255116728302,57756.126028304345,23.0,7101.777193913352,0.10524769054529722,-66.36035702832297,0.10524769054529722,56.26754879466167,0.0008449969443801918,0.16097063785111798,5.314462127160072e-05,0.15248391304347822,1.0405096111513687e-06
2017-01-04,2017-01-04T12:00:00.000,-1.9730112149236392,0.0540696337127553,-4.994419407846231,0.0003385975741887,57758.0038666087,23.0,7102.569074380973,0.10805439746163678,-66.49775248481298,0.10805439746163678,56.26182142423981,0.00086802012190727,0.16063054528724435,5.4961073639235244e-05,0.15224999999999997,3.6115755925730435e-06
2017-01-06,2017-01-06T12:00:00.000,-1.515292771645821,0.0452875588899346,-4.995291482193224,0.0002858234375653,57759.98309260607,33.0,7101.169341311141,0.09050213689077374,-66.88917854939717,0.09050213689077374,56.268525049604364,0.000726281192323367,0.160484598850609,4.6210336579394685e-05,0.15180181818181818,3.1818181818186683e-06
2017-01-08,2017-01-08T12:00:00.000,-0.5040650106310499,0.0823184776494185,-4.995780293547478,0.0005200083225719,57762.101255400004,10.0,7101.5271171068625,0.164623214572413,-66.88863734431848,0.164623214572413,56.287839999999996,0.0013281566172707192,0.16040400704535443,8.504874660962324e-05,0.15168999999999996,9.25185853854297e-18
2017-01-09,2017-01-09T12:00:00.000,-1.9904698443227704,0.0372680974490544,-4.996519101334247,0.0002330108261567,57763.08844563831,47.0,7101.620711594599,0.07444497670288089,-67.01017414220715,0.07444497670288089,56.28616285700796,0.0005971518636185535,0.16028767582881204,3.7520080131120956e-05,0.15194659574468092,2.2816607010134544e-06
2017-01-10,2017-01-10T12:00:00.000,-2.0255660075145627,0.0890152555437776,-4.994892529751279,0.0005519344138841,57764.105748875,8.0,7101.300377216613,0.17786306793454373,-66.0767081520373,0.17786306793454373,56.27476450957632,0.0014309407431234943,0.1605511024182077,9.000800106682471e-05,0.151585,7.791937224743135e-06
2017-01-12,2017-01-12T12:00:00.000,-1.9930989515999185,0.0562659688924681,-4.997105486914673,0.0003560432905096,57765.98664645455,22.0,7100.212221483627,0.11249649158304584,-66.9204564844401,0.11249649158304584,56.289000859670885,0.0009028868708332948,0.1601886852105059,5.731747511191536e-05,0.15179681818181825,1.7881722556115325e-06
2017-01-15,2017-01-15T12:00:00.000,-1.1273346008510066,0.0458339767991371,-4.990857857888413,0.0002839150959586,57769.10418916128,31.0,7102.1257694835695,0.09160731982405197,-66.45724662522606,0.09160731982405197,56.276732154428004,0.0007336142849116998,0.1612144733088576,4.621535344232533e-05,0.15277290322580647,1.5515201277787942e-06
2017-01-16,2017-01-16T12:00:00.000,-0.5242065329558886,0.0460366061792346,-4.990043859194331,0.0002851655679703,57770.04386041937,31.0,7100.938434514385,0.09201862452702939,-66.7182405964848,0.09201862452702939,56.27748493397517,0.0007376876229238703,0.1613476650158112,4.6699464302533515e-05,0.15282483870967745,9.123958466906993e-07
2017-01-18,2017-01-18T12:00:00.000,0.4157380018376094,0.0444601005924502,-4.989315779518816,0.0002747380342914,57772.00734069697,33.0,7102.106512884889,0.08888846605346845,-66.86537141788854,0.08888846605346845,56.26872675527397,0.0007172713869163924,0.1614566293347655,4.545476194520689e-05,0.1530409090909091,1.0078889920940507e-06
2017-01-19,2017-01-19T12:00:00.000,-0.4240416964047959,0.0328101222527205,-4.988112808086265,0.0002050402645823,57773.04835627868,61.0,7103.336011941008,0.06556303037580129,-66.68248216521955,0.06556303037580129,56.25315281001491,0.0005251227320678773,0.16166539570016877,3.3942061652753643e-05,0.1534072131147541,5.372115556155735e-06
2017-01-21,2017-01-21T12:00:00.000,1.0303206751889626,0.0452645767251555,-4.985450506887872,0.0002829922872604,57774.969618187504,32.0,7102.4085694091145,0.09037001921469366,-66.55659718509517,0.09037001921469366,56.25163388943744,0.000724919199620748,0.16210074384001075,4.709615134433377e-05,0.1538625,1.5554275420965636e-06
2017-01-23,2017-01-23T12:00:00.000,0.9812429076453888,0.0345533980898629,-4.984714073060157,0.0002115729103427,57777.064369075466,53.0,7103.589112183263,0.06908032813891958,-65.59351625823106,0.06908032813891958,56.25135464511979,0.0005542140072897274,0.16221999245548488,3.501405006042989e-05,0.1537615094339623,3.064334683874695e-06
2017-01-24,2017-01-24T12:00:00.000,1.0661086661248345,0.0322103202386523,-4.986293083241912,0.0001984156616285,57778.04768017742,62.0,7104.311063883279,0.06437170380366321,-65.3103993944554,0.06437170380366321,56.25131137949352,0.0005164907387258188,0.16196000432679847,3.273030097974371e-05,0.1535733870967742,6.05961411746894e-07
2017-01-25,2017-01-25T12:00:00.000,1.0504071923973946,0.0539730666858549,-4.987731773212209,0.0003362659268056,57778.956191739126,23.0,7104.231763305955,0.1077827055415531,-66.42295587893938,0.1077827055415531,56.253744560428736,0.0008637327012091611,0.16172624310874445,5.5211821895364427e-05,0.15339478260869563,2.255390137184137e-06
2017-01-26,2017-01-26T12:00:00.000,0.7881600422284654,0.083250513872857,-4.987377351099541,0.00052194243073,57780.170270799994,10.0,7104.386271343134,0.16633213126494964,-65.47690765268887,0.16633213126494964,56.24966733443866,0.0013334092108015666,0.16177953842275405,8.619043769067064e-05,0.15307600000000002,1.6329931618525524e-06
2017-02-05,2017-02-05T12:00:00.000,-2.0003335635058197,0.0310153221879722,-4.996202168029723,0.0001961045185536,57790.05194327272,66.0,7100.631353347806,0.06198512220956249,-67.05534744367318,0.06198512220956249,56.288061181785146,0.0004984746041369366,0.16033515406065404,3.164581209396253e-05,0.151275303030303,1.040434214754305e-06
2017-02-06,2017-02-06T12:00:00.000,-1.9778924899241783,0.0312599800474781,-4.996633538934955,0.0001975251227913,57791.048904969226,65.0,7100.889875802822,0.06249186791522084,-66.92309644511576,0.06249186791522084,56.280947872027525,0.0005023651754443861,0.16026331261327162,3.184380731900824e-05,0.15134676923076926,5.845647751379179e-07
2017-02-07,2017-02-07T12:00:00.000,-1.5842541370734915,0.0433513511439987,-4.996454615177235,0.00027402857467,57792.06914411765,34.0,7099.99091105184,0.08663451975366841,-67.6267815158366,0.08663451975366841,56.281251766474085,0.0006952100609142405,0.16029793785507987,4.422150454820624e-05,0.1513879411764706,7.038741487219971e-07
2017-02-08,2017-02-08T12:00:00.000,-1.6773095045199653,0.0315042796995466,-4.995500074394274,0.0001994862213845,57793.04731430159,63.0,7101.325871032544,0.06297207559323309,-67.11749239414522,0.06297207559323309,56.285674956433176,0.0005077962402652283,0.16044793044655833,3.220570975600356e-05,0.15161888888888883,3.5714570175800006e-06
2017-02-09,2017-02-09T12:00:00.000,-1.9099071557939753,0.0756119780695174,-4.995097326288664,0.00048483029244,57793.94059625,12.0,7102.160387621429,0.15106175867057278,-67.78658275118077,0.15106175867057278,56.29010322511428,0.0012137260687892356,0.16052757217909652,7.854801899665087e-05,0.15176583333333332,1.9299604852796618e-06
2017-02-13,2017-02-13T12:00:00.000,-0.8544099543347082,0.0743943513736195,-4.993552101212628,0.0004721509715558,57797.957674166675,12.0,7100.536283362163,0.14853406628226462,-67.0741403353359,0.14853406628226462,56.28391439097617,0.0011942321832554264,0.16076457723686227,7.68024936276456e-05,0.15233999999999998,8.368620923398063e-18
2017-02-20,2017-02-20T12:00:00.000,-1.3052175344046268,0.0384085091543517,-4.98859069901097,0.0002386191945017,57805.0667164878,41.0,7102.672200507059,0.07682314927325971,-67.06446823772575,0.07682314927325971,56.26264223296444,0.000615031798693877,0.16157569824076765,3.9187925634777454e-05,0.15321170731707318,1.9412856886419465e-06
2017-02-21,2017-02-21T12:00:00.000,-1.623171856480457,0.0975785982348806,-4.988278803148475,0.0006184769434256,57805.95612557143,7.0,7101.144619383692,0.19517641868699073,-66.72430012533759,0.19517641868699073,56.27836689809074,0.0015655192376687788,0.16162714285714283,0.00010205040771249135,0.1534442857142857,2.020305089106442e-06
2017-02-22,2017-02-22T12:00:00.000,-0.2522517924963793,0.0371276333365116,-4.987578780955637,0.0002349332266005,57807.002703139995,50.0,7101.349194582718,0.07413816185659564,-67.06077079501104,0.07413816185659564,56.27685806610653,0.0005943020394163578,0.1617527756226108,3.88212778743577e-05,0.15358,0.0
2017-02-23,2017-02-23T12:00:00.000,0.3692011708730324,0.0317147705537691,-4.9849135685732495,0.0001978051485406,57808.04946365625,64.0,7102.852746444295,0.06341016901965374,-66.66346518987963,0.06341016901965374,56.26343849896297,0.0005079586789128057,0.16218452348996598,3.2907834116234906e-05,0.15350984374999999,1.0082051153226354e-06
2017-02-25,2017-02-25T12:00:00.000,0.1617898360566661,0.0339717203692643,-4.985612611408466,0.0002121981598529,57810.035624125,56.0,7103.030364823733,0.06790486032083543,-66.00779798145528,0.06790486032083543,56.25636617922968,0.0005437465410365247,0.16207208423419195,3.519413553566184e-05,0.15333053571428573,2.2565869363068743e-06
2017-02-26,2017-02-26T12:00:00.000,0.369815366353463,0.0324035066505234,-4.986681068594797,0.0002026545438465,57811.05008090165,61.0,7104.715281011993,0.06478186819547893,-65.5213142906206,0.06478186819547893,56.24690027495683,0.0005184616939011137,0.16189286417056784,3.3648210299045465e-05,0.15323196721311474,5.131959292613357e-07
2017-02-27,2017-02-27T12:00:00.000,-0.1224810322580257,0.0293631075411626,-4.987024594624274,0.0001840538463036,57812.05805424001,75.0,7103.38315097824,0.058675409103111226,-65.8075418490866,0.058675409103111226,56.25867808944461,0.0004704622888598459,0.16183740668926083,3.050299456811137e-05,0.1531997333333333,9.098724459337822e-07
2017-02-28,2017-02-28T12:00:00.000,0.272781756903875,0.0367773088642129,-4.987621408830914,0.0002316335683989,57813.01487934001,50.0,7102.630708331472,0.07345901248253743,-66.0050880174706,0.07345901248253743,56.26648930525946,0.0005903044123401354,0.16173612950778982,3.813409276350297e-05,0.1532216,1.1197667395577358e-06
2017-03-01,2017-03-01T12:00:00.000,-1.4678017071266105,0.0366359459010671,-4.987437620325314,0.0002297430758349,57814.00882535417,48.0,7102.542388736499,0.07324752809896579,-66.64056122068774,0.07324752809896579,56.2670649820149,0.0005873335605941803,0.16177035846839743,3.7952195353570694e-05,0.15293395833333334,5.265466775740717e-06
2017-03-02,2017-03-02T12:00:00.000,-1.3596118542353937,0.0375053567897945,-4.9896553648677235,0.0002376037438154,57815.009574312506,48.0,7101.8268032465085,0.07492488106678806,-65.8856102956149,0.07492488106678806,56.27395001302211,0.0006014687147875482,0.16140652554911636,3.8929571136221236e-05,0.15269208333333337,1.4874872111415475e-06
2017-03-03,2017-03-03T12:00:00.000,-2.435355307485228,0.0349796482461322,-4.989966094839454,0.0002195285222169,57816.053446113205,53.0,7102.750857491948,0.06992864091617716,-67.09488843362111,0.06992864091617716,56.26189416267706,0.0005602356216403947,0.16135246750665977,3.6124607584237766e-05,0.15257018867924527,3.718023473750613e-06
2017-03-04,2017-03-04T12:00:00.000,-1.4427645507936002,0.0302858523492475,-4.992359263705825,0.0001926843848676,57817.040153388894,72.0,7101.649950253388,0.06050911016066071,-66.47357707404636,0.06050911016066071,56.27360842427326,0.00048659606751130194,0.160963104157202,3.1396062575182776e-05,0.15218416666666668,3.944797092393686e-06
2017-03-05,2017-03-05T12:00:00.000,-0.5670445640046091,0.0295310792926557,-4.993148754876413,0.0001884159779451,57818.037317263144,76.0,7102.209917278964,0.05897366811975943,-66.40496768960328,0.05897366811975943,56.27872057484483,0.0004729728513969641,0.1608305311567444,3.068540733045244e-05,0.15205921052631577,1.1662378845352593e-06
2017-03-06,2017-03-06T12:00:00.000,-2.7698035369078697,0.0833463967069755,-4.993874281140952,0.0005324995114006,57819.0855062,10.0,7100.554832306662,0.16666199392931885,-66.78401042880321,0.16666199392931885,56.277186187327814,0.0013405389319595211,0.16071176902887144,8.66052679745573e-05,0.151817,5.783117190968087e-06
2017-03-07,2017-03-07T12:00:00.000,-1.353971953572964,0.0339742011770119,-4.994810754735942,0.0002161105541469,57820.05368286207,58.0,7100.797715865879,0.0679162139859716,-67.22777880191101,0.0679162139859716,56.28346456679352,0.0005453892979868715,0.16055762131340418,3.498664660376508e-05,0.15153258620689652,1.381765811952522e-06
2017-03-08,2017-03-08T12:00:00.000,-2.6262952873961827,0.033518962131249,-4.996783196535673,0.0002198490157189,57821.03895298592,71.0,7101.235032493738,0.06683041261870838,-67.37787580855658,0.06683041261870838,56.28935529418822,0.000537332080913188,0.16024206800628257,3.5405492515764945e-05,0.15149647887323947,5.708756925185481e-07
2017-03-09,2017-03-09T12:00:00.000,-1.2953602953053451,0.0344268801718876,-4.996048029409684,0.0002237737923504,57822.04507307812,64.0,7102.035131921084,0.06873156025298799,-66.9121146149858,0.06873156025298799,56.289580346259946,0.000551506983706203,0.16036335811713948,3.608468158402994e-05,0.15134578125,2.936198947774269e-06
2017-03-10,2017-03-10T12:00:00.000,-0.7001441719988658,0.0382963768664515,-4.996723737598605,0.0002499972262357,57823.02670528845,52.0,7100.016705551602,0.07643573772118625,-66.96873072030802,0.07643573772118625,56.29300060361672,0.00061380060046517,0.1602515639101149,4.0213197499564327e-05,0.1513846153846154,4.319983541927925e-06
2017-03-11,2017-03-11T12:00:00.000,-1.4797892439783995,0.0490204632283718,-4.996468405413644,0.0003188440164838,57824.03683093548,31.0,7099.402411295532,0.0979251654087754,-66.98410875722253,0.0979251654087754,56.297424958986056,0.0007883219859670095,0.1602919499988646,5.158031581827703e-05,0.1515354838709678,9.085862440558595e-07
2017-03-12,2017-03-12T12:00:00.000,-1.3310850684890096,0.0480549085755738,-4.996099836054794,0.0003099066685914,57825.05511276666,30.0,7099.238436469886,0.09594227288611744,-67.19945586806618,0.09594227288611744,56.29598501692492,0.000771314415832384,0.16035424213925215,5.008023075850671e-05,0.15157133333333334,1.8403731089305113e-06
2017-03-13,2017-03-13T12:00:00.000,0.1460223371872753,0.0424173294922725,-4.995440593474159,0.0002703618520955,57825.991621972214,36.0,7100.507660750834,0.0848203079797856,-66.82425599686457,0.0848203079797856,56.28044615895418,0.0006812514663941523,0.16045718965764288,4.390403337182477e-05,0.15161444444444447,8.399210511324561e-07
2017-03-16,2017-03-16T12:00:00.000,-2.162277661553141,0.0564552112458922,-4.996888848413427,0.0003664393419405,57828.96767599999,22.0,7101.269439602256,0.11281887387073794,-66.69069189056184,0.11281887387073794,56.29008883450236,0.0009073730941647533,0.1602178056782255,5.9226665868113786e-05,0.15145227272727277,9.144861547315469e-07
2017-03-23,2017-03-23T12:00:00.000,0.6373959110891116,0.0292424654344877,-4.99251139476061,0.000184308614194,57836.041797986305,73.0,7101.126568225048,0.05845837419281381,-67.00081555918939,0.05845837419281381,56.26764357452235,0.0004700788550677129,0.16093834921497974,2.9981929555161607e-05,0.1522650684931507,3.407414735213406e-06
2017-03-24,2017-03-24T12:00:00.000,0.236878470691,0.0292518654974736,-4.990829375649382,0.0001840478440698,57837.02986520548,73.0,7102.064143308836,0.05846429078458406,-66.32314015347164,0.05846429078458406,56.26656166755135,0.0004686667620927199,0.16121147804674998,3.006976808670045e-05,0.1522868493150685,2.6666432100053565e-06
2017-03-26,2017-03-26T12:00:00.000,-0.3933633249223665,0.0550197773224136,-4.991313941104957,0.0003518812352318,57839.00395104167,24.0,7101.746079996716,0.10583544342276346,-66.16021329859859,0.10583544342276346,56.27243288353978,0.000849293506525249,0.16117614851596557,5.5321243953878136e-05,0.15281708333333335,3.6850248591506265e-06
2017-03-27,2017-03-27T12:00:00.000,0.4627104986917353,0.0277571168586852,-4.988628962246597,0.0001751895823983,57840.042528878046,82.0,7103.021620201641,0.05597749858705095,-66.37475255549492,0.05597749858705095,56.26986758833186,0.0004494784941202911,0.16157248621820738,2.9009000512872987e-05,0.1527013414634146,3.5805447863748116e-06
2017-03-28,2017-03-28T12:00:00.000,-0.217482544489672,0.0340776328739759,-4.988040285119037,0.0002150643400229,57840.99287766072,56.0,7102.635868863945,0.06807081275048762,-65.86157529143401,0.06807081275048762,56.270627329420115,0.0005463956360462974,0.1616711935470716,3.546886357101315e-05,0.15279642857142856,5.268311118453362e-06
2017-03-30,2017-03-30T12:00:00.000,0.2475631418228125,0.088395835511168,-4.9875735148742955,0.0005560759292037,57843.278440400005,10.0,7103.141370802822,0.1611366827347428,-65.72453448221681,0.1611366827347428,56.27265843801724,0.0012898817514538001,0.16174269430693072,8.388139906386212e-05,0.152507,5.783117190968087e-06
2017-03-31,2017-03-31T12:00:00.000,0.2993707149171419,0.0410208246963408,-4.987373853263622,0.0002581518471676,57844.09102052778,36.0,7104.1241300709235,0.08374177302907114,-66.01928395515088,0.08374177302907114,56.25726516066234,0.0006730899545908124,0.1617808260370515,4.338228030065988e-05,0.15268416666666665,8.158888424133577e-06
2017-04-01,2017-04-01T12:00:00.000,-0.6467708609217447,0.0296148079925223,-4.986556543471133,0.0001875438838503,57845.06809188889,81.0,7105.884096131729,0.05770803228077874,-65.27798032048813,0.05770803228077874,56.25886586107467,0.0004628773903281406,0.16193198371127213,3.0150227319859267e-05,0.1530485185185185,2.528303431981982e-06
2017-04-02,2017-04-02T12:00:00.000,-0.5374073342940711,0.0271516776967594,-4.985625936303939,0.0001714334828635,57846.040390264396,87.0,7106.161130924211,0.055263134871301335,-64.84102207925515,0.055263134871301335,56.263440376830246,0.00044244810585800505,0.16207460904184406,2.8991084058552115e-05,0.15311379310344828,5.232212470959093e-07
2017-04-05,2017-04-05T12:00:00.000,0.1344942529834383,0.0354986948148804,-4.9891677702637915,0.0002225218612708,57849.01986991837,49.0,7102.453470535144,0.07096934967110348,-65.75360155929225,0.07096934967110348,56.28368497920911,0.0005697683426707749,0.16148584139415306,3.641578185753564e-05,0.15254408163265307,1.7476506909748382e-06
2017-04-06,2017-04-06T12:00:00.000,0.3819574986150268,0.0311323928963075,-4.989940834989676,0.0001951365154737,57850.03972668254,63.0,7102.514337309333,0.062217547386312085,-66.6349011720088,0.062217547386312085,56.27929581582741,0.0004984650355969608,0.1613571003577761,3.2065503663875565e-05,0.15223507936507935,8.095288294373772e-06
2017-04-09,2017-04-09T12:00:00.000,-2.117686797262374,0.0304172212222059,-4.993766371143542,0.0001926522282751,57853.02196986363,66.0,7101.88118691333,0.06081779351554176,-67.00359312500949,0.06081779351554176,56.27179344442508,0.0004875112876841053,0.16072739921823842,3.1308423790901554e-05,0.152,4.108096502816777e-06
2017-04-10,2017-04-10T12:00:00.000,-1.1823120955406967,0.0447060564643579,-4.992537705131276,0.0002845245042336,57854.089950062495,32.0,7101.82771745461,0.08932690523890875,-66.70210860858676,0.08932690523890875,56.274835611822326,0.0007170950328829116,0.16093402402378798,4.657870123979965e-05,0.152301875,1.1392467092408328e-06
2017-04-12,2017-04-12T12:00:00.000,-1.0434152874665228,0.0293689238239631,-4.992660322645082,0.000181065215472,57856.03137105715,70.0,7101.926400284195,0.058676716551410824,-66.50643661174158,0.058676716551410824,56.2804634695539,0.00047263912110767766,0.16090820829085903,2.945644883276345e-05,0.15245185714285717,9.166700276896273e-07
2017-04-13,2017-04-13T12:00:00.000,-0.9240998965988096,0.0282742695047429,-4.9918247071548585,0.0001733026241559,57857.06066027999,75.0,7101.469278485427,0.05558952107513211,-66.38347896535736,0.05558952107513211,56.26792998937992,0.00044670435639756003,0.16104321274165215,2.8074261333750148e-05,0.15255799999999997,2.7245960110492543e-06
2017-04-14,2017-04-14T12:00:00.000,-0.9385599938554154,0.07142085499127,-4.993274563220722,0.0004485479919083,57857.89673110001,10.0,7102.2805592928735,0.16058798881888758,-65.78199488274572,0.16058798881888758,56.26610231040051,0.0012865726551234014,0.16078250265416968,8.184969299554227e-05,0.152547,2.1343747458090385e-06
2017-04-16,2017-04-16T12:00:00.000,-0.9674114528108112,0.0312226625007078,-4.993607242414734,0.0001950475157558,57860.06550460273,73.0,7101.749859441863,0.061297819931507895,-65.71553401615971,0.061297819931507895,56.26800648550307,0.0004922213433824964,0.16074932573015802,3.114461795000848e-05,0.1520746575342466,2.241864980625941e-06
2017-04-17,2017-04-17T12:00:00.000,-1.6705981656069724,0.0329014381786168,-4.993086910789757,0.0002090911599688,57860.99438014063,64.0,7102.3796470780335,0.06591657137020367,-65.8476163653775,0.06591657137020367,56.265269641282146,0.0005302964691704356,0.16088881800770233,3.364258958871253e-05,0.1521034375,2.6466768434188662e-06
2017-04-18,2017-04-18T12:00:00.000,-2.23188205035913,0.0296230734771453,-4.990457339272323,0.0001804037681819,57862.04989456666,60.0,7101.697526262732,0.05923639558013253,-66.41343786690058,0.05923639558013253,56.2509814939536,0.00047828939728515965,0.16127062554495977,2.9730509316317306e-05,0.1526295,6.080556211548988e-06
2017-04-21,2017-04-21T12:00:00.000,0.7227592393573201,0.0279072575966527,-4.985812281166615,0.0001675248973807,57865.08316410667,75.0,7102.81476754715,0.05418505273573617,-65.88139351082877,0.05418505273573617,56.25027404087388,0.00043467420857370054,0.16205128625077328,2.6975253528156925e-05,0.15378773333333332,1.209209902617634e-05
2017-04-22,2017-04-22T12:00:00.000,1.2714930073019592,0.0343604935074392,-4.98316155387986,0.0002061367777681,57866.29121650877,57.0,7103.002893488751,0.0626839319718467,-65.84094495048127,0.0626839319718467,56.24583057609872,0.0005021200050949332,0.16250919814849912,3.1334584510348226e-05,0.15435631578947367,1.4592698201024237e-05
2017-04-23,2017-04-23T12:00:00.000,1.018121048559015,0.0307212186901014,-4.98101818292206,0.0001835944767433,57867.12014482001,50.0,7104.137571064288,0.06638406261451839,-65.53484701748613,0.06638406261451839,56.233401068590766,0.0005320800252278682,0.1629335344120263,3.3185542220332654e-05,0.15451759999999998,2.596072386651657e-06
2017-04-24,2017-04-24T12:00:00.000,1.7608596916727166,0.071115066220406,-4.9805750116696625,0.0004290696866384,57867.963423999994,6.0,7103.885500000001,0.19065195164662407,-65.11550000000001,0.19065195164662407,56.222699999999996,0.0015105186747162934,0.16295833333333332,9.389710680668849e-05,0.15446000000000001,1.2412670766236365e-17
2017-04-25,2017-04-25T12:00:00.000,1.8322745554541249,0.1166546244458827,-4.981831686620492,0.0006900022240959,57869.0357,2.0,7104.522094854622,0.3298647450100941,-65.49959967834208,0.3298647450100941,56.2241,0.0026162950903902264,0.16293,0.00016263455967290594,0.15412,0.0
2017-04-30,2017-04-30T12:00:00.000,-0.4856130367130428,0.0656187952545949,-4.989199202929807,0.0004100623935723,57874.074469812505,16.0,7101.575287814523,0.1207364589402986,-65.07166174054325,0.1207364589402986,56.27019145346502,0.0009696045954835499,0.16138316792623394,6.210578734711746e-05,0.152486875,4.058652023763702e-05
2017-05-01,2017-05-01T12:00:00.000,-0.3037571147316131,0.0584912084874,-4.992469139652841,0.0003660654022264,57874.959146142864,14.0,7101.7296393797915,0.1254461363955439,-65.6878253783495,0.1254461363955439,56.26817999826694,0.0010066564853603072,0.16095940933971553,6.384551751497003e-05,0.15210785714285716,9.954764248347e-06
2017-05-02,2017-05-02T12:00:00.000,-0.7519569639423184,0.0285885573076242,-4.993349235862668,0.0001736727024115,57876.05905230435,69.0,7102.6028363505475,0.05644672637646951,-65.98500920891608,0.05644672637646951,56.26607604025219,0.00045267567152327865,0.16079096885979874,2.7976907976635543e-05,0.15193420289855072,1.2110213732515447e-06
2017-05-03,2017-05-03T12:00:00.000,-0.8006816600927781,0.0270107006622787,-4.99314827494559,0.0001642459937892,57877.032466175675,74.0,7102.667750137523,0.054595690664844126,-65.95729295911042,0.054595690664844126,56.25540535110485,0.00043797260648974657,0.1608402959863497,2.70871001002569e-05,0.15191013513513515,1.580766984499643e-06
2017-05-05,2017-05-05T12:00:00.000,-0.6730490769505421,0.0278247009877555,-4.993774670824105,0.0001693808232489,57879.1243945125,80.0,7102.207972052107,0.052963171177931825,-66.49745018183252,0.052963171177931825,56.268325919567665,0.0004248713270175962,0.1607052808894516,2.6262541179061735e-05,0.151313625,5.535397456371254e-06
2017-05-06,2017-05-06T12:00:00.000,-0.9413630188532188,0.0374519552696262,-4.995319055651187,0.0002312194141929,57879.956052454545,33.0,7101.348383649176,0.08275138656786829,-65.53766978771789,0.08275138656786829,56.268942745394924,0.0006635157287788804,0.16047917143706583,4.113547203897996e-05,0.15149212121212124,5.107881160919968e-06
2017-05-07,2017-05-07T12:00:00.000,-0.8776620396034815,0.0273437497775467,-4.994209107016731,0.0001665537083108,57881.09178882277,79.0,7101.254934624273,0.05293273085903748,-65.9210322126185,0.05293273085903748,56.261310648867166,0.0004240996724410631,0.160642203735049,2.6349733010521633e-05,0.15167481012658227,5.419322898494057e-06
2017-05-08,2017-05-08T12:00:00.000,-1.0978656673529803,0.0319814638641417,-4.9955001643413555,0.0001967915701303,57882.097809759995,50.0,7100.867313829549,0.06686067067250777,-66.44261612777132,0.06686067067250777,56.25823291149941,0.0005342202066415135,0.16046210619814674,3.328301465517755e-05,0.1513948,5.207843378315346e-06
2017-05-13,2017-05-13T12:00:00.000,-1.4489190451319398,0.0273032966908122,-4.995402047767888,0.0001665473687673,57887.12893602381,84.0,7101.155721346182,0.05179216360543365,-66.22225768485856,0.05179216360543365,56.26629029924015,0.00041518269645154986,0.1604343968759372,2.5728757176816345e-05,0.15172690476190476,7.939853951393688e-07
2017-05-14,2017-05-14T12:00:00.000,-1.470830427584744,0.0343915100621905,-4.995998350285563,0.000212403440867,57887.96315365001,40.0,7101.422410841956,0.07544602122845066,-66.27839414308853,0.07544602122845066,56.264827764870766,0.0006064414630479174,0.16043355497426584,3.7337645938028067e-05,0.15172675,1.0369766211553005e-06
2017-05-17,2017-05-17T12:00:00.000,-0.99675025037945,0.0958542832462377,-4.990798452392159,0.0005817513954044,57890.943489499994,6.0,7101.160686843805,0.1916661816814696,-66.35318448168645,0.1916661816814696,56.262735746169625,0.0015443091721407086,0.16121943783462223,9.520071785731078e-05,0.1522083333333333,1.6666666666683338e-06
2017-05-18,2017-05-18T12:00:00.000,-0.768989565621243,0.0355444592320259,-4.990119572888638,0.0002142770503647,57892.19648258824,51.0,7102.942389414591,0.06636916317757799,-66.49614334515603,0.06636916317757799,56.25086931871986,0.0005310772320736821,0.16131477393870702,3.29841746457175e-05,0.15286215686274507,1.57064086470288e-05
2017-05-19,2017-05-19T12:00:00.000,1.4610117679558634,0.031193901232858,-4.988662843165859,0.0001899403729425,57892.97412736539,52.0,7103.490775967562,0.06601602326746256,-65.99416774500499,0.06601602326746256,56.24577605765107,0.0005279684794347105,0.16161888586825607,3.283817525526141e-05,0.15311365384615389,6.74287857051635e-07
2017-05-21,2017-05-21T12:00:00.000,0.6480567229342558,0.0275377909342465,-4.9869909228328675,0.0001660100372895,57895.031746,73.0,7104.577584016249,0.05505678698469289,-65.17233081399488,0.05505678698469289,56.23199985002461,0.0004410319887265156,0.16184191964363095,2.7359236011045437e-05,0.15355712328767124,6.803614660797411e-06
2017-05-22,2017-05-22T12:00:00.000,0.8250336698837974,0.0273334263887608,-4.986576880512113,0.0001639820664886,57896.08331825927,81.0,7103.735646285331,0.052917404386241644,-65.40701502249009,0.052917404386241644,56.23203430585034,0.00042330034632383673,0.16191049546504457,2.6245919306089688e-05,0.15340345679012346,3.809347234460491e-06
2017-05-23,2017-05-23T12:00:00.000,2.5062433202551433,0.0405524822151764,-4.986413946678685,0.0002445616377556,57897.18103973685,38.0,7103.384830380643,0.0779307418729666,-65.15657569993337,0.0779307418729666,56.23122047916013,0.0006265086943418401,0.16188594760483666,3.881854736332629e-05,0.1534444736842105,1.5411551163370738e-06
2017-05-24,2017-05-24T12:00:00.000,-0.0553328093816678,0.0233675358901076,-4.987091229788574,0.0001420597212737,57898.11858440952,105.0,7104.17640898727,0.046808126503025994,-65.21632825096215,0.046808126503025994,56.2289894526973,0.0003749136543794984,0.16182330761284047,2.3428383687220633e-05,0.1535027619047619,3.352040650393463e-06
2017-05-25,2017-05-25T12:00:00.000,-0.6477377937964892,0.0281020498537996,-4.987825423035588,0.0001713978564639,57899.15488760001,75.0,7103.914019550604,0.05570610238374457,-65.36243553551203,0.05570610238374457,56.241393415918104,0.0004461155442404334,0.16171633292131696,2.7984902233055016e-05,0.1533774666666666,7.595857888155764e-06
2017-05-26,2017-05-26T12:00:00.000,-0.3630882766123701,0.0231180676605058,-4.988211583733118,0.0001407823656039,57900.12026160748,107.0,7103.333392544097,0.04629272833612781,-65.11002698674429,0.04629272833612781,56.249118311645624,0.0003709662310019007,0.16163421641164646,2.314686433878886e-05,0.1532896261682243,6.576765118385286e-06
2017-05-27,2017-05-27T12:00:00.000,-0.6246677201126005,0.0251255568422211,-4.989422481239518,0.0001529203850619,57901.141152560434,91.0,7101.942150459248,0.05015202326741485,-65.5044727464658,0.05015202326741485,56.25773122577876,0.0004017158704675559,0.1614291585719232,2.506400933229951e-05,0.15281109890109887,1.9761366676654534e-05
2017-05-28,2017-05-28T12:00:00.000,-1.8600048669447404,0.0353797442789408,-4.991945098937858,0.0002176363506414,57902.10115751063,47.0,7100.417467172145,0.07046978884817372,-66.39968409180996,0.07046978884817372,56.27045557184597,0.0005663447531407324,0.16100439181853063,3.51743516039431e-05,0.15217489361702125,2.0327731864144737e-05
2017-05-29,2017-05-29T12:00:00.000,-0.4854637947927174,0.0444278536509783,-4.994049368286333,0.0002767129451763,57903.13143842308,26.0,7101.5400790566855,0.09786881653710237,-66.85860361697013,0.09786881653710237,56.26501893860925,0.000782665707024851,0.16068443018889053,4.9545249265006904e-05,0.15181807692307692,8.320858512829712e-06
2017-05-30,2017-05-30T12:00:00.000,-0.6676797275861963,0.046781121978159,-4.996111029334747,0.0002904172276921,57903.92213672,25.0,7100.655589245095,0.09673294668082069,-66.80245052975336,0.09673294668082069,56.27182720069063,0.0007761527120137273,0.16036356770651036,4.845761641789019e-05,0.1517712,6.633249580717433e-07
2017-05-31,2017-05-31T12:00:00.000,-0.1371826791193012,0.0337143583046565,-4.994714786378142,0.0002043329796402,57905.06330777084,48.0,7102.63885553908,0.06742320968227941,-65.94847742117284,0.06742320968227941,56.25506911313632,0.0005399232682615341,0.16057508097532697,3.322589353876315e-05,0.15170479166666664,1.997107468007476e-06
2017-06-01,2017-06-01T12:00:00.000,-0.928381614827454,0.0286230408618636,-4.992966848131332,0.0001731995283069,57906.03095283583,67.0,7102.28258311456,0.057234208225645206,-67.08943467730984,0.057234208225645206,56.257008296209506,0.00045899114115506345,0.16086000797827785,2.826960644458577e-05,0.15172223880597016,2.1033979479144783e-06
2017-06-02,2017-06-02T12:00:00.000,0.2872069852372332,0.0266777841363298,-4.992732199449416,0.000161882472728,57907.0421978718,78.0,7102.472320884631,0.05332283572969275,-66.75621463048793,0.05332283572969275,56.261780959018,0.00042757398315345757,0.1608980778718207,2.6397253686758176e-05,0.15211666666666668,5.4490852161191875e-06
2017-06-03,2017-06-03T12:00:00.000,-0.2859754567021584,0.0259086303811699,-4.990986236121101,0.0001573038841834,57908.044927011906,84.0,7102.0848782939975,0.051784026024540686,-66.89309475353173,0.051784026024540686,56.26695040959628,0.0004149989066061621,0.16118471242596805,2.5668585997955417e-05,0.15244714285714286,1.6730065468082373e-06
2017-06-04,2017-06-04T12:00:00.000,-0.0869203577139648,0.0272313307635055,-4.990024462604546,0.0001649535402692,57909.063838064096,78.0,7103.821274847534,0.05382096575657194,-66.52209982300069,0.05382096575657194,56.2512345584731,0.0004315552591663152,0.16133974578442045,2.671120416679586e-05,0.1528024358974359,6.4367252400619535e-06
2017-06-05,2017-06-05T12:00:00.000,-0.5668237442677975,0.0357600848637448,-4.989121367392125,0.0002176389423299,57910.036028,46.0,7102.902526573657,0.07072921727832152,-66.99405727357097,0.07072921727832152,56.254951967381864,0.0005675276319227931,0.16150712183598495,3.528964690113295e-05,0.15300956521739129,4.835022410901935e-06
2017-06-06,2017-06-06T12:00:00.000,0.3349712703184887,0.0338688011184989,-4.989252025284047,0.000204856684919,57911.0415365,46.0,7103.261072881747,0.06946483433624794,-66.2546814249407,0.06946483433624794,56.243174826046044,0.0005568088160736442,0.16147205224859054,3.423689060234903e-05,0.15320260869565222,4.4768301264976305e-06
2017-06-08,2017-06-08T12:00:00.000,-0.913891719171454,0.0301702711141447,-4.9911168373716714,0.0001830505338826,57913.00606024591,61.0,7103.687407625081,0.060312195871195066,-65.59659955812565,0.060312195871195066,56.24124944988148,0.00048285927519761115,0.16116547055589753,2.9817966395810428e-05,0.15251836065573773,2.475898334169078e-06
2017-06-12,2017-06-12T12:00:00.000,-1.2110170449378332,0.0338158636412832,-4.99187737614469,0.0002044783833523,57917.120471884606,52.0,7102.062864225746,0.06537800856970098,-66.04255014324295,0.06537800856970098,56.25741218323661,0.0005237454407339994,0.16101646815470846,3.221687207394183e-05,0.15268942307692307,2.3206961420218516e-06
2017-06-13,2017-06-13T12:00:00.000,-1.8085513941611369,0.0569279023363339,-4.993277255556708,0.0003545445547189,57917.9018144,15.0,7101.941280026692,0.1269045339074324,-66.98821865953616,0.1269045339074324,56.264899090381576,0.0010181220170359293,0.16084343942801949,6.41054269548304e-05,0.15262733333333334,1.8170270503166084e-06
2017-06-15,2017-06-15T12:00:00.000,-0.3566468571131528,0.0290750414845894,-4.988682787723259,0.0001753858788881,57920.04624113637,66.0,7103.735471745263,0.058134634493646066,-66.35890050530824,0.058134634493646066,56.24668966566041,0.0004663361979203157,0.1615646396145499,2.8756816198219678e-05,0.15292333333333336,4.4477454718589245e-06
2017-06-16,2017-06-16T12:00:00.000,1.4715346031588956,0.0343521245128286,-4.98770887245249,0.0002072849795196,57920.971753,48.0,7103.15886324892,0.06862964989743198,-66.60791815496053,0.06862964989743198,56.24922456082922,0.0005506052066271734,0.16172386751701553,3.399251434014619e-05,0.15295541666666668,4.038361410790266e-06
2017-06-17,2017-06-17T12:00:00.000,0.1636291121511908,0.0325988480070516,-4.98696411246074,0.0001960951320907,57921.98400875472,53.0,7103.582718920244,0.06512640614341633,-65.90019947045667,0.06512640614341633,56.23819955728273,0.000521242885573446,0.16185322753478906,3.223517762476003e-05,0.15337528301886794,2.6749899771245818e-06
2017-06-18,2017-06-18T12:00:00.000,0.8815808766361732,0.0264191898365129,-4.986301457134997,0.0001587207837487,57923.04959917501,80.0,7104.311224272572,0.052823857817215845,-65.52885233202223,0.052823857817215845,56.2310397502285,0.00042297725135038473,0.1619574481964672,2.6135274314312506e-05,0.153381625,2.7179883081129756e-06
2017-06-19,2017-06-19T12:00:00.000,-0.2210303553259389,0.0301074308861761,-4.988142180679552,0.0001809862059988,57924.03099785247,61.0,7103.936064591141,0.06020024747087487,-65.35689207417762,0.06020024747087487,56.23347021653617,0.00048262211893135504,0.1616517298198193,2.9665191543122775e-05,0.15319655737704926,1.1661258520515849e-06
2017-06-20,2017-06-20T12:00:00.000,-0.2034329652428513,0.0337620523244412,-4.988515011793438,0.0002036581819931,57925.11516046001,50.0,7103.299362080919,0.06741418129978465,-65.22488933965718,0.06741418129978465,56.23639472002166,0.0005385474973524275,0.16159558993458115,3.3515608591892315e-05,0.1528388,5.5449186151806886e-06
2017-06-21,2017-06-21T12:00:00.000,-0.4703359836114882,0.0264692348684521,-4.990185381624179,0.0001626188411096,57926.095472957444,94.0,7103.542205894783,0.05214681417042048,-65.9732432626899,0.05214681417042048,56.25082411120338,0.00041786292760026707,0.16132110861633825,2.6208427952684768e-05,0.1525552127659575,2.640379139373641e-06
2017-06-22,2017-06-22T12:00:00.000,-1.107640505180692,0.0326705311363527,-4.992623722532769,0.0002078931121092,57927.03415487671,73.0,7103.450066868533,0.06589728952854804,-66.21625676825445,0.06589728952854804,56.27034382307938,0.0005277501439921249,0.1609185371096254,3.405734673451661e-05,0.15243123287671237,1.1856769107394742e-06
2017-06-23,2017-06-23T12:00:00.000,-1.407720162148153,0.0599514332815707,-4.993728396701199,0.0003969452003112,57928.064995468754,32.0,7102.556493332884,0.11982723445815907,-66.12484131679287,0.11982723445815907,56.29478719419505,0.0009612619152449007,0.1607403622851818,6.457998827174369e-05,0.15247624999999998,1.3281991203224568e-06
2017-06-24,2017-06-24T12:00:00.000,-1.182694051516512,0.0649355100426706,-4.994510235223122,0.0004285675176543,57929.07279367857,28.0,7101.986487544465,0.12078392774156223,-67.0932322899932,0.12078392774156223,56.289150862674454,0.0009709986567352529,0.16062470682270044,6.449691624351475e-05,0.1524175,4.950148306259227e-06
2017-06-25,2017-06-25T12:00:00.000,-0.8327611668701825,0.0428561090041929,-4.994426789174094,0.0002703462669725,57929.97247767568,37.0,7102.204945844758,0.08828489068717388,-67.05073793251599,0.08828489068717388,56.26958816124531,0.0007070279832381949,0.16061820645332325,4.5219848312571476e-05,0.15236540540540539,2.1079926048277352e-06
2017-06-26,2017-06-26T12:00:00.000,-0.539077300948093,0.0368678992811749,-4.994047309735788,0.000231701881583,57930.98074169813,53.0,7102.845612460827,0.07358415937756073,-66.95001622164237,0.07358415937756073,56.26916593552003,0.0005879489705426885,0.16068076053868804,3.787591443090291e-05,0.15222396226415097,4.2022492304923365e-06
2017-06-27,2017-06-27T12:00:00.000,-1.462765877658854,0.0341835589076061,-4.993356188117538,0.000215726926774,57932.0223524923,65.0,7102.977446622142,0.06830639221105424,-66.23512604950155,0.06830639221105424,56.27596596567866,0.0005478292150557556,0.16080146074456478,3.5056800499422755e-05,0.15213153846153846,2.5685858241632822e-06
2017-06-28,2017-06-28T12:00:00.000,-1.2631663174910508,0.0325627312080045,-4.992707120812026,0.0001992634703167,57933.04241603509,57.0,7102.812925589897,0.06510893713563352,-66.61014493217316,0.06510893713563352,56.26301996077332,0.0005222534529277759,0.16089915279163328,3.248632309141005e-05,0.1523136842105263,7.354085589541795e-07
2017-06-29,2017-06-29T12:00:00.000,-1.456644369221033,0.0309985422244261,-4.9934544646378285,0.0001895884917311,57934.026138409834,61.0,7101.758012347497,0.06198289224378403,-66.62043892642826,0.06198289224378403,56.26391363460923,0.0004972185022413858,0.16078307011378315,3.098195291404747e-05,0.15213967213114757,3.932262610920204e-06
2017-06-30,2017-06-30T12:00:00.000,-1.0708124058760793,0.0303709738299968,-4.993939223166475,0.0001857857468783,57935.02438573017,63.0,7101.622304419274,0.06072542392501927,-66.53080180495881,0.06072542392501927,56.264907216586856,0.00048676707103901753,0.160702820284922,3.034092506686368e-05,0.15197079365079363,3.432911478111315e-07
2017-07-01,2017-07-01T12:00:00.000,-0.6304775996798868,0.0303206122470073,-4.993399816121778,0.0001851983934509,57936.03064844444,63.0,7100.958870220841,0.060633819854700365,-66.51861906043824,0.060633819854700365,56.274179273887015,0.00048678204451062723,0.16079134831510664,3.0348144306420632e-05,0.1519638095238096,6.167391674300793e-07
2017-07-02,2017-07-02T12:00:00.000,-1.2684499040967565,0.0305871732748679,-4.994395392358964,0.0001871302380839,57937.02823248386,62.0,7102.2777152026765,0.06116322932407794,-66.75704698655993,0.06116322932407794,56.266482354030494,0.000490427154088116,0.16062831891962082,3.057684604123474e-05,0.1519764516129032,6.935822062030226e-07
2017-07-03,2017-07-03T12:00:00.000,-0.90704759162245,0.042809434006927,-4.994728918150511,0.0002622936745976,57938.141302875,32.0,7101.858667574104,0.08559320853688661,-66.39258642696703,0.08559320853688661,56.27011338006792,0.0006847123985686747,0.16056988219094245,4.2848399178003166e-05,0.1517790625,2.474033494896519e-06
2017-07-04,2017-07-04T12:00:00.000,-0.985725120885824,0.032952131056678,-4.994935651303071,0.000201825836892,57938.99901944445,54.0,7102.072001270272,0.06586444585007196,-66.99219997544647,0.06586444585007196,56.26199817698541,0.0005276210711211998,0.16054233724303263,3.287570320165785e-05,0.15167481481481482,6.863315999152477e-07
2017-07-05,2017-07-05T12:00:00.000,-1.1416451091492428,0.0296808618929703,-4.994933294984783,0.0001832744659481,57940.06883805882,68.0,7101.728841870694,0.05929394943862276,-66.08007690964574,0.05929394943862276,56.26563886026982,0.0004763539581949098,0.1605441605670707,2.967020087612042e-05,0.15191044117647065,4.161119756315616e-06
2017-07-06,2017-07-06T12:00:00.000,-1.1338102015131757,0.0318573738495858,-4.993449207824271,0.000195104420707,57941.00444010345,58.0,7102.34364859182,0.06367759584162087,-67.10023052721182,0.06367759584162087,56.26627703637295,0.0005092400316019079,0.16078622451527988,3.1869515698327306e-05,0.15207000000000004,3.676315799186602e-18
2017-07-07,2017-07-07T12:00:00.000,-0.1158643834049503,0.0307172391792295,-4.992906073311095,0.0001887283281504,57942.01953498462,65.0,7103.440042948794,0.06053222067180404,-67.38280703490365,0.06053222067180404,56.26990038440458,0.00048462243177021456,0.16087378393666013,3.038822387061349e-05,0.1524810769230769,1.0939350012602424e-05
2017-07-08,2017-07-08T12:00:00.000,0.2232843900374298,0.0420475838263077,-4.992006977620764,0.0002601766863381,57942.933081939394,33.0,7104.355209529349,0.08621384279652908,-67.37498849922733,0.08621384279652908,56.266637834579946,0.0006924718959323916,0.16102833359637647,4.340298026230646e-05,0.15285363636363636,8.503766788107497e-07
2017-07-09,2017-07-09T12:00:00.000,1.2172273578893478,0.0295153538572356,-4.990143142464157,0.0001797253792607,57944.07602654286,70.0,7102.5348616736765,0.05792704282402443,-67.45446661640727,0.05792704282402443,56.27953711802309,0.00046410260553687215,0.16131014680093375,2.8979596319449838e-05,0.15255,4.495224058651218e-06
2017-07-10,2017-07-10T12:00:00.000,2.418975970706115,0.0568620670511117,-4.990722856059797,0.0003545339422633,57944.90216282353,17.0,7104.840838986356,0.12252724916047991,-67.16731804727225,0.12252724916047991,56.262977541625496,0.000983663776777266,0.16128508548808404,6.25455721403558e-05,0.1525864705882353,3.0847319063829256e-06
2017-07-11,2017-07-11T12:00:00.000,1.98207938705393,0.0306667649679401,-4.987228458657678,0.0001847213668782,57946.01917601587,63.0,7106.743561792582,0.061292643978922375,-66.84760465388001,0.061292643978922375,56.24183098433074,0.0004917515819997725,0.16180573927331615,3.0629103719634594e-05,0.15309920634920632,2.102123707345082e-06
2017-07-13,2017-07-13T12:00:00.000,0.5984441746955964,0.0306209563009756,-4.984344652815485,0.0001857909936159,57948.00379393442,61.0,7106.783414749576,0.06236630879090568,-64.72508213477965,0.06236630879090568,56.23567822083228,0.0004983688309028269,0.16230714437440058,3.1325401317401e-05,0.1537552459016394,6.447161181974808e-07
2017-07-15,2017-07-15T12:00:00.000,-0.6721116221870413,0.0404157603038897,-4.988226875463621,0.0002551394834109,57949.98913753061,49.0,7103.531239911899,0.08063442491687535,-64.85510258992602,0.08063442491687535,56.26411078005403,0.0006477541594665856,0.16163927608882284,4.190163875084406e-05,0.1533042857142857,6.454972243679101e-06
2017-07-16,2017-07-16T12:00:00.000,-1.204013240411023,0.0811349800538546,-4.991556524670163,0.0005186715109576,57951.06461508333,12.0,7102.0077216405025,0.16860889926702827,-66.01275096169066,0.16860889926702827,56.27708141555232,0.0013516790219419077,0.16109134624043225,8.825181930694711e-05,0.15268666666666664,1.8802535827240404e-06
2017-07-17,2017-07-17T12:00:00.000,-1.173905144781391,0.0383637174645624,-4.993108927140438,0.0002466856928404,57952.04007678334,60.0,7102.632775683318,0.07511633110861274,-66.55454813531446,0.07511633110861274,56.275351584381454,0.0006019602287223342,0.16083622150343194,3.9246800759219e-05,0.1524261666666667,4.7125968147330664e-06
2017-07-18,2017-07-18T12:00:00.000,-1.343408222134308,0.0334472802640725,-4.9944114255188925,0.0002104092678078,57952.98804026666,60.0,7102.990777366239,0.0673524839342738,-66.78018823502947,0.0673524839342738,56.266513142445966,0.0005393936593089635,0.1606396524232256,3.423289542051763e-05,0.1522173333333333,2.083926469237441e-06
2017-07-19,2017-07-19T12:00:00.000,-1.507211482240734,0.0303159661873611,-4.994486891300416,0.0001864958583592,57954.08265244286,70.0,7101.322165877499,0.058693037031407394,-67.15527349634961,0.058693037031407394,56.26829988591057,0.00047023810631110515,0.1606136704246175,2.9182580948906555e-05,0.15224857142857137,2.62403064452841e-06
2017-07-20,2017-07-20T12:00:00.000,-0.7940526536532788,0.0298234941057729,-4.994374324919043,0.0001842437540864,57954.992690492065,63.0,7101.739815115048,0.06156238229330083,-66.84628104865527,0.06156238229330083,56.27003638633429,0.0004950464650263551,0.16063109547719248,3.078929185355709e-05,0.15224190476190474,2.5081244622897918e-06
2017-07-21,2017-07-21T12:00:00.000,-2.0044346222931084,0.0318864705583721,-4.994884780186055,0.0001964273055403,57956.097650548385,62.0,7100.20837610318,0.06197242219987282,-66.93905764405503,0.06197242219987282,56.27543046460593,0.0004981169755603616,0.16054132494741918,3.0867077355345485e-05,0.15197064516129033,2.871024188536894e-06
2017-07-22,2017-07-22T12:00:00.000,-2.3879447559459677,0.0318903405329075,-4.995634216501856,0.0001979579976779,57956.97727185714,56.0,7101.710745544728,0.06564247512679144,-67.18985283232038,0.06564247512679144,56.27144717457047,0.0005270347210673071,0.1604276200631533,3.2820570773340735e-05,0.15192767857142858,1.0503886549893695e-06
2017-07-23,2017-07-23T12:00:00.000,-2.099638098313122,0.0298114047349704,-4.995449920884565,0.0001844383550356,57958.10091789041,73.0,7102.229922819902,0.05782742681942865,-67.32691462571489,0.05782742681942865,56.27083471518028,0.0004631795424982659,0.16045245937797006,2.9083074838332094e-05,0.15180712328767124,5.5533919182900696e-06
2017-07-24,2017-07-24T12:00:00.000,-2.4892040731781404,0.0311228000607742,-4.996314741301112,0.0001968512450185,57959.007508772724,66.0,7102.879149547483,0.06424535098717435,-67.1415829521671,0.06424535098717435,56.272508581338585,0.0005159091907921009,0.16031729694634136,3.2736304706439164e-05,0.15166469696969695,6.190336468486145e-07
2017-07-26,2017-07-26T12:00:00.000,-1.7302195151571262,0.0384512410061804,-4.996802494402839,0.0002448052519615,57960.98331301999,50.0,7102.248920428461,0.07677320538514344,-66.71381756464136,0.07677320538514344,56.27847847371433,0.0006163914730316091,0.1602411922421612,3.945851279817057e-05,0.1515788,3.436182029342235e-06
2017-07-27,2017-07-27T12:00:00.000,-1.639129866136616,0.033181743007945,-4.996158474862261,0.0002110087851781,57962.014190791044,67.0,7101.772154678597,0.06619131721343643,-67.0359095937875,0.06619131721343643,56.28180352483539,0.0005314081233617033,0.1603507230624195,3.403986595387369e-05,0.15181119402985077,7.218997269198997e-07
2017-07-28,2017-07-28T12:00:00.000,-2.25581928809621,0.0323933679652602,-4.996249936346022,0.0002051679194824,57963.032954681155,69.0,7101.489913763998,0.06440872310986437,-66.83892863470493,0.06440872310986437,56.283339825049865,0.0005175560152371097,0.160330668307523,3.297668208383611e-05,0.15263797101449278,1.4017373993136719e-05
2017-07-29,2017-07-29T12:00:00.000,-2.319415872623607,0.0356709417415617,-4.996183543611707,0.0002275981449781,57963.98783172881,59.0,7102.386642121347,0.07148557548474054,-67.29927415964613,0.07148557548474054,56.27668263519711,0.0005729531325570431,0.16033420239500643,3.6795037151584356e-05,0.15252610169491526,1.4639675619010197e-05
2017-07-30,2017-07-30T12:00:00.000,-2.4253718852104584,0.0312088340951988,-4.996557804750583,0.0001962629232242,57965.01811655883,68.0,7101.888616393346,0.06236098769350047,-67.06246073088296,0.06236098769350047,56.27934141802136,0.0004996872497842452,0.16027826977439721,3.1683107413780176e-05,0.15150014705882353,2.646022136280939e-06
2017-08-02,2017-08-02T12:00:00.000,-1.0761046215747685,0.0274720432478734,-4.994500609936831,0.0001704741743637,57968.07200911904,84.0,7102.2380641406835,0.05375504290144943,-67.54762671567822,0.05375504290144943,56.26969923920621,0.00043141126344108197,0.16063765399987065,2.714619778888305e-05,0.15204285714285717,1.0252927920359587e-05
2017-08-03,2017-08-03T12:00:00.000,-0.1293679935654041,0.0332273510274309,-4.991980299477148,0.0002053877735288,57968.97730689999,50.0,7102.498127512369,0.0691697138537928,-67.2887090888526,0.0691697138537928,56.27131595194503,0.0005551481391761027,0.16103217598136652,3.469920637172637e-05,0.1523498,2.000000000002e-07
2017-08-04,2017-08-04T12:00:00.000,0.244687542940796,0.0277289541553527,-4.991703473134797,0.0001708207588844,57970.023907999996,78.0,7102.547096823219,0.055430550448180495,-67.4863314223342,0.055430550448180495,56.26914135895339,0.00044444528784208796,0.16107089599133273,2.7935636161506563e-05,0.15238000000000004,6.326082794252283e-18
2017-08-05,2017-08-05T12:00:00.000,1.163907355028864,0.0271125758652909,-4.99112361509536,0.0001668144896027,57971.03536419752,81.0,7101.451058120893,0.05420306414712315,-67.2127690667185,0.05420306414712315,56.27085823568219,0.00043480296286950535,0.16116678932901374,2.7268629101788404e-05,0.1527272839506173,6.423847222517289e-06
2017-08-06,2017-08-06T12:00:00.000,0.7441170985293645,0.0284436321824663,-4.9900808647070045,0.0001746259269181,57972.014915729735,74.0,7103.06589755508,0.056852283142218886,-66.5539743269102,0.056852283142218886,56.2552932361993,0.00045566721237845097,0.16133438082300655,2.8676572585969826e-05,0.15308216216216217,1.2057843783443634e-06
2017-08-09,2017-08-09T12:00:00.000,-1.1073921729368563,0.0381219707715012,-4.991714200239982,0.0002442398315519,57974.99839942105,57.0,7103.0659011408125,0.07601043936440108,-66.15323886482501,0.07601043936440108,56.26407315016598,0.0006091844020374025,0.16107259335635107,3.9633737792574666e-05,0.15284649122807015,8.669261328645484e-06
2017-08-11,2017-08-11T12:00:00.000,-2.349800745634473,0.0968915632762612,-4.995535601235994,0.0006509616563671,57976.88057425,4.0,7101.448523036504,0.3014174377021075,-66.9414333323364,0.3014174377021075,56.29026197787891,0.0024114191182402667,0.1606472353311655,0.0001610873622417372,0.15237,0.0
2017-08-12,2017-08-12T12:00:00.000,-1.9163257162482945,0.0317564952427483,-4.994264667096203,0.0001997709108053,57978.036108014494,69.0,7101.358193717379,0.06347554016704303,-67.11303043434827,0.06347554016704303,56.27898751927569,0.0005087802242473906,0.16065347401036625,3.242943509875869e-05,0.15223405797101447,1.5216376371785823e-06
2017-08-13,2017-08-13T12:00:00.000,-2.0193502053953383,0.0292940653943225,-4.996634676603576,0.000185058611044,57979.11050586048,86.0,7101.818045405769,0.05625209800668588,-67.30145502844444,0.05625209800668588,56.276498552450185,0.00045135843140644893,0.16024343786272485,2.8661551701992032e-05,0.1518774418604651,6.111562109888479e-06
2017-08-14,2017-08-14T12:00:00.000,-2.0941977442889415,0.0765094032973908,-4.998134315715084,0.0004885441157694,57979.8806094,5.0,7100.128821412355,0.23253610461071075,-67.00575942230901,0.23253610461071075,56.284953310556084,0.0018690910662031966,0.160069612583746,0.00011981197036823487,0.15176799999999996,1.9999999999964487e-06
2017-08-18,2017-08-18T12:00:00.000,-0.0801113167666477,0.0544488940256109,-4.99193141942985,0.0003410896222573,57984.27774737931,29.0,7102.093541390722,0.09766136462598561,-68.12905619287893,0.09766136462598561,56.288089633120464,0.0007839242912028299,0.16100849998078032,5.032625710279285e-05,0.15232241379310343,7.237273055799172e-06
2017-08-19,2017-08-19T12:00:00.000,0.0407477271862254,0.0453427581242783,-4.992195849184994,0.0002843037593565,57984.98954046427,28.0,7101.385286917081,0.09728426491565288,-67.19646554929315,0.09728426491565288,56.28221453793974,0.0007800742461023521,0.1609803419422985,4.9595717832538055e-05,0.15239714285714287,1.9825390471112094e-06
2017-08-20,2017-08-20T12:00:00.000,0.5885857998282074,0.037583585622929,-4.991697284518789,0.000243974110677,57986.00609503279,61.0,7103.72847118206,0.07555587460698737,-67.43553937305376,0.07555587460698737,56.276658662017745,0.0006061588135449881,0.16110000115861942,3.989903257161105e-05,0.1523234426229509,2.416758949453174e-06
2017-08-21,2017-08-21T12:00:00.000,-0.0358937577840254,0.040729381157219,-4.989577266765232,0.0002716261113899,57987.04264526471,68.0,7105.755264331914,0.081247365924791,-66.61130006603237,0.081247365924791,56.275385511530885,0.0006516914670113512,0.1614157178395805,4.444058892184223e-05,0.1524922058823529,5.001516838556124e-06
2017-08-23,2017-08-23T12:00:00.000,-0.7627286376222163,0.0488365137598841,-4.990248285437181,0.0003127310785079,57988.970860457135,35.0,7104.155462319555,0.09756003469470591,-65.93358079913979,0.09756003469470591,56.28105863000306,0.0007841123067203563,0.16131398057148885,5.133246721055587e-05,0.15253,9.44688824317298e-06
2017-08-24,2017-08-24T12:00:00.000,0.8186809683677142,0.0635020652648959,-4.989836839381583,0.0004071634093001,57989.929895049994,20.0,7102.592238310216,0.12673578200699723,-66.38864780960085,0.12673578200699723,56.284785473031356,0.0010167038195904358,0.16138399175477103,6.66735337393936e-05,0.15312699999999996,4.478016478190717e-06
2017-08-26,2017-08-26T12:00:00.000,-0.0899696098272345,0.0333649021311903,-4.993887844543456,0.000216981938922,57992.04443107597,79.0,7103.062136492956,0.06643642878546623,-67.16065014752557,0.06643642878546623,56.27706706403418,0.0005327887406857623,0.16071331018805296,3.505123781207879e-05,0.1522298734177215,7.61899791361036e-06
2017-08-28,2017-08-28T12:00:00.000,-1.1916403570448508,0.0330367847541218,-4.994160496085042,0.0002087446448069,57994.02409095455,66.0,7101.821970957044,0.06544370165475571,-66.80603445211733,0.06544370165475571,56.27127229279476,0.0005263112456046262,0.16067312578842866,3.3490296116209494e-05,0.15259121212121213,1.2398802768571768e-05
2017-08-29,2017-08-29T12:00:00.000,-1.6414781692076343,0.031076903238503,-4.991495576505452,0.0001923438775868,57995.01498501538,65.0,7102.6204963000455,0.06299922743450216,-66.68842922312052,0.06299922743450216,56.2654628393172,0.000505723606259884,0.16111365271027814,3.1938889804660446e-05,0.1532849230769231,1.0490662232806764e-05
2017-08-30,2017-08-30T12:00:00.000,-1.4536469658615467,0.0292652746641896,-4.990206436324302,0.0001817045995532,57996.03350602632,76.0,7102.778625809497,0.05816076909164935,-66.73941768300556,0.05816076909164935,56.275708786291524,0.00046632771822553574,0.16131270561178085,2.9582163959628486e-05,0.15358763157894734,5.773102850994461e-06
2017-08-31,2017-08-31T12:00:00.000,-0.5416777793490756,0.0362434081649229,-4.988329338480869,0.0002238243200441,57997.01350982978,47.0,7103.6993052128655,0.0731209873645269,-68.01485228172913,0.0731209873645269,56.27633995485633,0.0005878907252568331,0.16162576139836768,3.698144064324174e-05,0.15314744680851064,5.979212255454654e-06
2017-09-01,2017-09-01T12:00:00.000,1.7763670571757426,0.0946594485037914,-4.988526519933823,0.0005867422086115,57998.150627,7.0,7103.607574141916,0.18930348280119777,-68.49636646081834,0.18930348280119777,56.2842,0.0015118578920369089,0.16158199687290598,9.714485613498386e-05,0.15336142857142857,3.400680204071424e-06
2017-09-02,2017-09-02T12:00:00.000,2.307907423096861,0.0278077575177913,-4.9851262980227675,0.0001707799628176,57999.06016228048,82.0,7105.202826164629,0.055298221172954624,-67.66055939704371,0.055298221172954624,56.26811370549771,0.0004439398307334005,0.16215713196088588,2.811108312496496e-05,0.15429451219512194,1.4652609300742855e-05
2017-09-03,2017-09-03T12:00:00.000,3.1801660040199407,0.0279879551274178,-4.979208771752669,0.0001700817154209,58000.03031101268,79.0,7107.712537626968,0.05627028194080529,-66.584201674566,0.05627028194080529,56.244350783913816,0.0004524966172968205,0.16315229880088916,2.869794169923425e-05,0.15506860759493668,4.717718771419469e-06
2017-09-04,2017-09-04T12:00:00.000,4.381432650583037,0.0366125733871178,-4.975012155637002,0.0002234988098589,58000.98516717307,52.0,7109.721007617022,0.07265870475031186,-65.62572568426928,0.07265870475031186,56.23341362301943,0.0005822937402414709,0.16385818320999065,3.778249296795931e-05,0.1554394230769231,5.4122191617474684e-06
2017-09-05,2017-09-05T12:00:00.000,2.5121457652610646,0.0533237421105036,-4.9744710391790266,0.0003332758536563,58001.96673096296,27.0,7111.1224643396945,0.10767617826513837,-64.4630274499695,0.10767617826513837,56.220700717124366,0.00086308519239772,0.1639854199130748,5.6943284199630674e-05,0.1557037037037037,3.506126024593214e-06
2017-09-06,2017-09-06T12:00:00.000,0.3198045205446198,0.0319519275564749,-4.970021334775421,0.0001912020778047,58003.00951401588,63.0,7111.066773024498,0.06342559604006621,-62.77964950171092,0.06342559604006621,56.21382291314556,0.000507966943137847,0.16469814896054433,3.266392964608479e-05,0.15566698412698415,4.798206060031028e-06
2017-09-07,2017-09-07T12:00:00.000,0.3593486790845738,0.0444068453659519,-4.976307180024369,0.0002713091994439,58003.9331311875,32.0,7107.16036416568,0.09004475108193649,-62.850588775514204,0.09004475108193649,56.24573288098201,0.0007223016949321184,0.1636408394456408,4.6699286852241174e-05,0.1553915625,2.111287588714386e-06
2017-09-08,2017-09-08T12:00:00.000,-1.416057223110249,0.0375652719167405,-4.979862444737591,0.0002339021132845,58005.06142986793,53.0,7105.539104752098,0.07511110296399759,-64.43629306416314,0.07511110296399759,56.254380565661094,0.0006021641151574892,0.16303078188585762,3.921808255969576e-05,0.15483396226415092,5.6077622354138936e-06
2017-09-09,2017-09-09T12:00:00.000,-1.5260707545755725,0.0314770911737425,-4.984300174027142,0.0001983759479455,58006.032907144756,76.0,7103.235506271088,0.06288992480796954,-65.49577086197695,0.06288992480796954,56.262545566722636,0.0005034798555446164,0.1622901920425585,3.2952514253265e-05,0.15407631578947367,8.443500781537778e-06
2017-09-10,2017-09-10T12:00:00.000,-1.5007351310522827,0.0296310526402026,-4.988699457971397,0.0001848434693768,58007.04310878947,76.0,7101.803452265027,0.05885563507876658,-66.57203114133354,0.05885563507876658,56.266614201780534,0.0004723707222377803,0.16155604486004524,3.030430799304835e-05,0.15405947368421052,7.534469880517357e-06
2017-09-11,2017-09-11T12:00:00.000,-1.5589208586694665,0.0345148316090033,-4.991597548459001,0.0002160503976238,58008.037233433955,53.0,7101.202838214536,0.0695829341829331,-66.68838544880933,0.0695829341829331,56.26938409879998,0.0005579903303397088,0.16108255669187188,3.573619795264231e-05,0.15401301886792457,9.49595019347445e-06
2017-09-12,2017-09-12T12:00:00.000,-0.4165894459854823,0.0304045475803939,-4.992806216448652,0.0001923615570226,58009.03193348648,74.0,7101.609563544845,0.06075268479481947,-67.05198770651927,0.06075268479481947,56.27847049664578,0.0004874244958913686,0.1608861085903231,3.1279865234201855e-05,0.1532758108108108,7.6046487973143465e-06
2017-09-16,2017-09-16T12:00:00.000,-0.1239502969983625,0.0278954819279789,-4.995418260469927,0.0001781538072237,58013.052005310354,87.0,7100.644316939688,0.05610630315512457,-67.32286507125687,0.05610630315512457,56.284129848882024,0.00045009281475742394,0.16046660836039875,2.9011888541290093e-05,0.15181103448275862,5.937918336553128e-06
2017-09-17,2017-09-17T12:00:00.000,-0.8811255412033316,0.0384343537501237,-4.996748469198238,0.00025139206618,58014.05197147059,51.0,7101.425717940873,0.0778765801583924,-67.67931778342877,0.0778765801583924,56.280115927612975,0.0006260105653179316,0.16027931503011722,4.106594554845829e-05,0.1519998039215686,1.2042472574744662e-06
2017-09-18,2017-09-18T12:00:00.000,-1.268572513135159,0.0443427128707167,-4.997306372398632,0.0002971997177239,58015.00059364584,48.0,7101.730304716549,0.08775372461316276,-67.41076146118533,0.08775372461316276,56.29637157032803,0.0007037432210571295,0.1601540659635998,4.705478879860483e-05,0.15185520833333332,2.0839981208838868e-06
2017-09-19,2017-09-19T12:00:00.000,-1.163455792534003,0.0710364005149486,-4.99713640629492,0.0004890651546985,58015.976764809515,21.0,7101.466160653526,0.14160122318961635,-67.54545175930669,0.14160122318961635,56.298392554466226,0.0011378964658550538,0.16017091515405513,7.846420186120872e-05,0.1518961904761904,6.882558718418462e-06
2017-09-20,2017-09-20T12:00:00.000,-1.838139527117142,0.0613963693579144,-4.996102044599129,0.0003939249112154,58017.18254404545,22.0,7101.77471659342,0.11377416078448266,-67.49494665049065,0.11377416078448266,56.27110442753006,0.0009175650942692112,0.16039275812752324,5.947194064154846e-05,0.1523940909090909,5.608400120239004e-06
2017-09-21,2017-09-21T12:00:00.000,-1.536186643136778,0.0474306176562611,-4.99356546137886,0.000298309909893,58018.09984257143,28.0,7100.127011255497,0.09328838396108773,-67.71783655528239,0.09328838396108773,56.26483084951101,0.0007481671800801849,0.16076110523190593,4.781530419934364e-05,0.15236892857142856,1.4257081093270422e-05
2017-09-22,2017-09-22T12:00:00.000,-0.9135114250006928,0.068503895500494,-4.994264623938629,0.0004364996723119,58018.889552,10.0,7102.022037584658,0.15958006882228526,-67.75663079395167,0.15958006882228526,56.27874668558427,0.0012833778067334158,0.16066137482771684,8.278620556452856e-05,0.15223000000000003,9.25185853854297e-18
2017-09-24,2017-09-24T12:00:00.000,-0.6830998663417478,0.0418048454405489,-4.990953773949925,0.0002613371546827,58021.185929473686,38.0,7102.688576215343,0.0808872895937918,-67.92169411210881,0.0808872895937918,56.26127785428342,0.0006498279519111349,0.1611976293829067,4.137369629765711e-05,0.15311184210526316,2.985945090612131e-05
2017-09-25,2017-09-25T12:00:00.000,-1.8892482948199256,0.0442404390141104,-4.989585555550337,0.0002809826545785,58022.062762,36.0,7103.095949502918,0.08703136516158283,-67.85974013885355,0.08703136516158283,56.26350860858018,0.0006988746641279498,0.16148938774557225,4.533302714406356e-05,0.15386583333333334,3.37389017613721e-05
2017-09-26,2017-09-26T12:00:00.000,0.5060608896278271,0.04145161289888,-4.986506524072129,0.0002613389658243,58023.03842474358,39.0,7102.263572552669,0.08232908594874887,-67.88157323884926,0.08232908594874887,56.26295926480332,0.0006614305424770743,0.16196765567182148,4.2723290453755466e-05,0.15446256410256418,1.2829821182224967e-05
2017-09-27,2017-09-27T12:00:00.000,-0.7492010208315201,0.0844554865007846,-4.982978999029991,0.0005332931636486,58024.209907666664,9.0,7103.417368270677,0.1773114556161832,-68.16717087026569,0.1773114556161832,56.264463574391826,0.001421177228121261,0.16258587088772714,9.32539007523396e-05,0.15472333333333332,1.6666666666669456e-05
2017-09-28,2017-09-28T12:00:00.000,1.788131143868118,0.0772237308386067,-4.981646766812564,0.0004793675626747,58025.14674475,8.0,7104.545542250984,0.17622145458057936,-67.19340894414165,0.17622145458057936,56.253007727986834,0.0014184919451723157,0.1628000764406115,9.1000364002184e-05,0.15484375,1.8298126367752509e-06
2017-09-29,2017-09-29T12:00:00.000,3.985493534829072,0.0348491790481227,-4.981818319610831,0.0002141539611149,58025.98354120408,49.0,7103.877988926859,0.0696344613421759,-66.23300834840502,0.0696344613421759,56.24542316768198,0.0005562750573558611,0.1627068879315457,3.555078343708066e-05,0.15475530612244898,3.222239376587153e-06
2017-09-30,2017-09-30T12:00:00.000,2.63343868667098,0.0286439584960178,-4.981300990154806,0.0001755800266513,58027.04577233784,74.0,7104.969510838445,0.056606792566336904,-66.24312382994725,0.056606792566336904,56.226394507432104,0.000452624433677428,0.16278065388033888,2.899626968253222e-05,0.15455851351351355,4.107417516342292e-06
2017-10-01,2017-10-01T12:00:00.000,1.3095749402143302,0.0564523700335806,-4.983254534301337,0.0003519512575909,58027.90639888889,18.0,7104.65834758118,0.11815951786377345,-66.24996274376832,0.11815951786377345,56.22839165725397,0.0009459407143602512,0.1624888850195758,6.134586051926824e-05,0.1543288888888889,2.667755768882626e-06
2017-10-02,2017-10-02T12:00:00.000,1.427684332432072,0.0327745604426422,-4.982136478862827,0.0002005744220497,58029.014034574066,54.0,7106.255556636348,0.06552785481991406,-65.37626867428769,0.06552785481991406,56.22140203157426,0.0005239821474958105,0.1626484896496621,3.3386633155617625e-05,0.15414833333333333,2.3309361750448208e-06
2017-10-03,2017-10-03T12:00:00.000,-0.7447258345485612,0.0685089065021182,-4.9862021778837216,0.0004407913671916,58030.02792611111,18.0,7104.394590546776,0.1370343285111165,-64.5234113145598,0.1370343285111165,56.26166666666668,0.0011078006238589243,0.16197166666666668,7.306770072260991e-05,0.15425999999999998,6.731715880179762e-18
2017-10-04,2017-10-04T12:00:00.000,-1.324911523467749,0.0366679649282077,-4.988161285527299,0.0002399993834623,58031.018737630766,65.0,7102.985001831536,0.07330334832335164,-65.16809268891198,0.07330334832335164,56.277086551240565,0.0005890930989913374,0.16165347640174108,3.954182187408838e-05,0.15386107692307693,7.805086719455853e-06
2017-10-05,2017-10-05T12:00:00.000,-1.33868412316578,0.0434450417084437,-4.990595164074146,0.0002838067207473,58032.04148915555,45.0,7101.711153494082,0.08688452160160319,-65.58004962748353,0.08688452160160319,56.28830744596183,0.0006962078346597985,0.16124801694765256,4.6660787401551476e-05,0.15314288888888888,6.353414911097071e-06
2017-10-06,2017-10-06T12:00:00.000,-2.366692656182665,0.039895739101787,-4.99112214920858,0.0002512822604009,58033.09498042499,40.0,7100.726911883285,0.07970765255590544,-66.28010217606023,0.07970765255590544,56.27272155608706,0.0006418418561198513,0.1611710281668737,4.0905607824519383e-05,0.15262025,2.9631821945243954e-06
2017-10-07,2017-10-07T12:00:00.000,-1.478000810626221,0.028755381662117,-4.993675804726715,0.0001802560304542,58034.024338690135,71.0,7100.9037995750405,0.057481235199210584,-66.63314791520412,0.057481235199210584,56.269789720097336,0.0004607553507307408,0.16074439736760063,2.9217618800088994e-05,0.15249591549295774,5.875113694263399e-07
2017-10-08,2017-10-08T12:00:00.000,-1.4646083712065665,0.0380904418788987,-4.995053896592738,0.000241340190446,58034.96608088094,42.0,7101.035442685132,0.07608090518384723,-67.63642076556857,0.07608090518384723,56.28318838771766,0.0006126602840491301,0.16052699926885491,3.8957948153435966e-05,0.15212380952380952,8.945261211175741e-06
2017-10-10,2017-10-10T12:00:00.000,-0.8764913454291092,0.0394817636990953,-4.999778989205046,0.0002625192023034,58037.007950196436,56.0,7100.746764712206,0.07893373570010732,-67.42594600631007,0.07893373570010732,56.300432454295525,0.000633853462130178,0.15975845757539472,4.211694967891345e-05,0.1516485714285714,4.460712855998743e-06
2017-10-11,2017-10-11T12:00:00.000,-0.8433892938281354,0.0407779388667979,-5.000086591017806,0.0002711153550931,58038.049056134616,52.0,7101.546168480911,0.0815286805932351,-67.46122102637146,0.0815286805932351,56.29701636232654,0.0006561626261347452,0.15970909268505948,4.347369530935049e-05,0.1518028846153846,1.326619743675394e-06
2017-10-13,2017-10-13T12:00:00.000,-0.5105242989442111,0.1247427195148152,-5.000054404950847,0.0008932832979194,58040.04208388889,9.0,7101.7459426183095,0.24947035374811752,-67.43294674470629,0.24947035374811752,56.308961419075395,0.002007265654792378,0.15971094133933206,0.00014369251874566573,0.15161333333333332,1.6666666666683334e-06
2017-10-15,2017-10-15T12:00:00.000,0.0450058919624004,0.0514513025548301,-4.999144033978412,0.0003579171477154,58042.097100772735,44.0,7101.44117891125,0.10267512895245631,-66.94872123936373,0.10267512895245631,56.29553616980323,0.000824616818561272,0.15985880150301204,5.741831913981143e-05,0.15187159090909094,1.0755391891396273e-06
2017-10-17,2017-10-17T12:00:00.000,-1.2653228980974327,0.0457247084858829,-4.99887692889495,0.000315504544239,58044.028933153844,52.0,7101.03059671155,0.09132308672622745,-67.23611132133117,0.09132308672622745,56.302843615876846,0.0007344759191163492,0.15989329176177494,5.049661909472827e-05,0.15201923076923077,5.6736680674702395e-06
2017-10-18,2017-10-18T12:00:00.000,-1.7689336856069031,0.0572561445565575,-4.998748533049424,0.0003886339749972,58045.006379733335,30.0,7102.085461009282,0.11439589339885833,-67.3501442900225,0.11439589339885833,56.29222565320785,0.0009194266283949897,0.15992956029612618,6.253031120907179e-05,0.15166400000000008,3.1659103755079353e-06
2017-10-19,2017-10-19T12:00:00.000,-1.384923080749724,0.0568768386412647,-4.999616901117851,0.0003831022411276,58046.01648100001,29.0,7101.133077250897,0.11373954476695448,-66.94818538695041,0.11373954476695448,56.298099727904294,0.000910529040990507,0.15978286143853737,6.152588241838614e-05,0.15179758620689654,3.0856082750485255e-06
2017-10-20,2017-10-20T12:00:00.000,-1.7744547226186538,0.0417049707518174,-4.998579803804544,0.0002812817038097,58047.0106642963,54.0,7101.544691252864,0.08339957670302212,-67.31819284531544,0.08339957670302212,56.294227208070104,0.0006690025696055199,0.1599481239302349,4.524647462795882e-05,0.15190240740740743,1.811045873190504e-06
2017-10-22,2017-10-22T12:00:00.000,-1.2228834103948327,0.0552011610312562,-4.997410369418535,0.0003765253336978,58049.02089775,32.0,7101.661113867906,0.11177273913007477,-67.58027677061925,0.11177273913007477,56.29290878394318,0.0008980595696576411,0.16016161299123094,6.145852089364363e-05,0.1526809375,5.894902373401759e-06
2017-10-24,2017-10-24T12:00:00.000,-1.6286282859141126,0.0682982821813186,-4.993402076996198,0.000472558761616,58050.92995125,24.0,7101.055905924431,0.1361544121000997,-67.60654890962917,0.1361544121000997,56.30644019343371,0.0010923551071522362,0.1608066895555419,7.665676822770588e-05,0.15316833333333332,3.742948281201173e-06
2017-10-25,2017-10-25T12:00:00.000,-0.949731608014889,0.0459538210608774,-4.991678115520941,0.0003098857732039,58051.995367416675,48.0,7101.481190437618,0.09185300846495723,-67.15206162903797,0.09185300846495723,56.28450686007361,0.0007378998770242217,0.16107134967389275,5.077440774471431e-05,0.15355895833333333,1.4659124229231435e-06
2017-10-30,2017-10-30T12:00:00.000,0.4066379204264415,0.0462672942939641,-4.992030438077084,0.000309643342265,58057.06868115556,45.0,7102.801398649313,0.09251867771783592,-65.13161987254453,0.09251867771783592,56.27276206527037,0.0007428392169615453,0.16100851448244893,5.0698371049354716e-05,0.15329933333333332,2.5505000500005166e-06
2017-10-31,2017-10-31T12:00:00.000,-1.0236726326364418,0.0442232069572075,-4.992887480341849,0.0002976931557688,58058.027812759996,50.0,7101.158113641639,0.08841704331215353,-65.47790837261455,0.08841704331215353,56.28960888794488,0.0007111793408707416,0.16087283971497554,4.8627355149124946e-05,0.1531948,7.137140569605307e-07
2017-11-02,2017-11-02T12:00:00.000,-1.7190117922640034,0.0398730112541742,-4.998065110693151,0.0002713655231845,58060.0460623871,62.0,7100.689596963534,0.07966546550765943,-66.91910889960265,0.07966546550765943,56.29613398677892,0.0006406338484275684,0.16003684649508712,4.3811073385890116e-05,0.1524054838709678,2.2375741774568394e-06
2017-11-03,2017-11-03T12:00:00.000,-0.5323123796845747,0.0432930274620984,-4.998010624626816,0.0002966753052208,58061.04356164816,54.0,7100.996360832411,0.08649929180263873,-67.32938328481531,0.08649929180263873,56.30499792155001,0.0006952094312629637,0.16003961056911647,4.777478165398689e-05,0.1518588888888889,1.1660425604312215e-05
2017-11-08,2017-11-08T12:00:00.000,-0.7933691225197375,0.0792825483683687,-5.00157246383895,0.0005431073668745,58065.93952113333,15.0,7101.91848361337,0.15845236313083752,-66.73866564595119,0.15845236313083752,56.30840656820718,0.0012712822426407288,0.15947937665829723,8.701502821149314e-05,0.15129866666666664,2.7371634025139485e-06
2017-11-09,2017-11-09T12:00:00.000,-1.3846280947420964,0.0582716678706412,-5.002496316739651,0.0003945731988767,58067.06757103846,26.0,7102.92215191459,0.11651622010370472,-67.17302494889735,0.11651622010370472,56.2914572115136,0.0009350552170004835,0.15932359303688076,6.296806546788545e-05,0.15146153846153848,5.104818468627241e-06
2017-11-10,2017-11-10T12:00:00.000,-1.1110549751690844,0.0456816239767648,-5.000703179166245,0.0003080279190822,58068.044096428566,42.0,7102.635112669675,0.0913610676720171,-66.86230397619107,0.0913610676720171,56.295160433010764,0.0007320856300696907,0.15960847967854558,4.948266718913518e-05,0.1515042857142857,3.4274097915979587e-06
2017-11-11,2017-11-11T12:00:00.000,-2.578202315085718,0.0919124910683811,-5.000035232156097,0.000624071359243,58068.97299472727,11.0,7101.78183081008,0.18383324241630866,-66.87485183200586,0.18383324241630866,56.287527272727274,0.0014774055884310417,0.15972111746940074,0.00010002717799490887,0.15127,0.0
2018-01-18,2018-01-18T12:00:00.000,1.4915441049773197,0.0510416598630214,-4.993975594051722,0.0002994153879981,58137.12615483333,18.0,7102.550944010245,0.10206676713263109,-66.04042276920471,0.10206676713263109,56.211073725379336,0.0008168716169178962,0.16069383794733288,4.880752202905973e-05,0.15154999999999996,6.731715880179762e-18
2018-02-13,2018-02-13T12:00:00.000,-1.1182893783765124,0.0628557911957607,-5.005670077927656,0.0004340302894621,58163.0538771875,32.0,7103.2567514953225,0.12549630820141539,-66.6438462661915,0.12549630820141539,56.322346086962064,0.00101024362477159,0.15883306691618207,6.833511121724176e-05,0.1514921875,6.361653882518296e-06
2018-02-14,2018-02-14T12:00:00.000,0.0540495204445623,0.046290391767643,-5.007519363108031,0.0003225325811118,58164.083050016954,59.0,7101.406616340953,0.09243012596232218,-65.86850247754923,0.09243012596232218,56.33905445208261,0.0007433731921643883,0.15853282743826147,5.072387655091429e-05,0.15136999999999998,1.1339302355415178e-06
2018-02-15,2018-02-15T12:00:00.000,-0.9284604846731492,0.0452134660114944,-5.00784619625313,0.0003157364215629,58165.02966353226,62.0,7101.792412014646,0.09035162363810685,-66.45729141865807,0.09035162363810685,56.342474472857695,0.0007262351271390719,0.15848163184250952,4.9668021398525e-05,0.15141000000000004,7.107474605133389e-18
2018-02-19,2018-02-19T12:00:00.000,-1.5405466048173164,0.0999579077603792,-5.009740433839532,0.0006927788568459,58169.08050383333,12.0,7103.570123233352,0.19993060213777283,-67.7222489500462,0.19993060213777283,56.340875,0.0016165807537309523,0.1581750687753742,0.00010944700227384994,0.1504658333333333,1.4864709750237687e-06
2018-02-21,2018-02-21T12:00:00.000,-1.4959576873129228,0.0530699302637502,-5.005453866399086,0.0003325496895581,58171.05851763636,22.0,7101.290575445005,0.10613439979767113,-67.84384729538796,0.10613439979767113,56.30541363636364,0.0008528028654224418,0.15885181818181818,5.330017908890261e-05,0.15020999999999998,6.056763153128096e-18
2018-02-22,2018-02-22T12:00:00.000,-1.4618060547484653,0.0480748764944442,-5.006333699047553,0.0003063858211014,58171.95095048275,29.0,7101.20361122217,0.09597615244997805,-67.39849137105527,0.09597615244997805,56.31748294097523,0.0007712644453104545,0.15872056017065117,4.8369419886322554e-05,0.1502768965517241,1.3227311903557614e-06
2018-02-26,2018-02-26T12:00:00.000,-4.439401511391313,0.0538424023504429,-5.004405252248198,0.0003408781879645,58176.14686675001,24.0,7101.217415921397,0.10707849725960529,-67.28710817233757,0.10707849725960529,56.30772586297401,0.000859657809337996,0.15904589887539838,5.3734541010864516e-05,0.15069125,1.5123285625677837e-06
2018-03-01,2018-03-01T12:00:00.000,-1.005721513923307,0.067991181544631,-5.004889536690359,0.000430581999589,58178.949454142865,14.0,7101.306280570646,0.1359536218276295,-66.93171799742397,0.1359536218276295,56.304189927476806,0.0010915535361695633,0.1589435640969644,6.792240218760129e-05,0.15050999999999998,7.698011620166772e-18
2018-03-04,2018-03-04T12:00:00.000,-1.12012734456415,0.0531148281262194,-5.005912283305239,0.0003385632293025,58182.167091749994,24.0,7101.236606426847,0.10596128253055637,-68.26082410097386,0.10596128253055637,56.310964703185135,0.0008504005646330825,0.15878389023042241,5.350948563535814e-05,0.15111,0.0
2018-03-05,2018-03-05T12:00:00.000,-0.2832818896576358,0.0531174281637272,-5.003204600404959,0.0003366773358491,58183.1419312174,23.0,7100.6099580037135,0.10612640695007348,-67.68914492596062,0.10612640695007348,56.29942462020285,0.0008531888329709467,0.159203204403377,5.341017752867983e-05,0.1509208695652174,1.9794441147127407e-06
2018-03-06,2018-03-06T12:00:00.000,-1.5903192633312049,0.0325772308092922,-5.004438567580755,0.0002061205200007,58184.043615200004,60.0,7103.206148914584,0.06508799166900499,-68.45248929972259,0.06508799166900499,56.29892687117318,0.000523570571690007,0.1590163235126431,3.283081514453272e-05,0.15097333333333338,3.3670610050419864e-06
2018-03-08,2018-03-08T12:00:00.000,-0.907473625377106,0.0345976870011263,-5.00318451567942,0.0002188086797133,58186.0829862963,54.0,7100.983685165512,0.06908768264061835,-67.69985943947796,0.06908768264061835,56.29344791802593,0.0005544888464317836,0.1592031155908869,3.4848051928585613e-05,0.15104000000000004,3.8125215192832694e-18
2018-03-10,2018-03-10T12:00:00.000,-2.2738003888867424,0.0284143473804608,-5.002241759928803,0.0001794045487243,58188.041407227836,79.0,7102.804488058193,0.05677062882911802,-67.7139580675226,0.05677062882911802,56.29208174775037,0.0004567049824593444,0.15936397759717935,2.8673039492594885e-05,0.15108974683544307,4.786837829762795e-06
2018-03-11,2018-03-11T12:00:00.000,-0.9399525285374288,0.034460091350018,-5.003311104038148,0.0002175906189262,58189.003520660386,53.0,7103.407501862415,0.06888734394314261,-67.70483112732914,0.06888734394314261,56.28395155280592,0.0005541597439491275,0.15919847887597782,3.47044787450606e-05,0.15133509433962267,6.932518139959324e-07
2018-03-12,2018-03-12T12:00:00.000,-1.1169386882160786,0.0333462954011261,-5.002462533083788,0.0002104012652116,58190.01393977193,57.0,7103.816786518997,0.06664948118786382,-67.08275780834282,0.06664948118786382,56.28196155875821,0.0005360033914002192,0.15933168142242712,3.356837730414904e-05,0.1515089473684211,2.5488241247564575e-06
2018-03-13,2018-03-13T12:00:00.000,-0.26447752595386,0.0852280059427308,-5.003923771643012,0.0005485493175782,58190.8900536,10.0,7100.726637384019,0.17030520462298007,-66.55877789795053,0.17030520462298007,56.308235627436716,0.0013650566526175341,0.159113939438143,8.720476733741452e-05,0.151514,1.6329931618525528e-06
2018-03-14,2018-03-14T12:00:00.000,-1.4863439041714344,0.0441665725592505,-5.004028504599517,0.000282838730476,58191.992886399996,35.0,7101.1111590992805,0.08813549476318644,-66.82029659306428,0.08813549476318644,56.310969113795714,0.0007096793340839527,0.15908209314716176,4.477211905145576e-05,0.1511768571428571,5.017137497365028e-06
2018-03-16,2018-03-16T12:00:00.000,-2.228495323667876,0.0337587374036056,-5.0050748093380575,0.0002147180987197,58194.00327091526,59.0,7100.386679142647,0.06735738773002412,-68.05204466438057,0.06735738773002412,56.31471920531089,0.0005409015428691164,0.15892098572560648,3.396947738638557e-05,0.1506445762711864,6.541703602406645e-07
2018-03-17,2018-03-17T12:00:00.000,-2.3466818434999386,0.0503508576630413,-5.00528471037528,0.0003206738557824,58194.99126781481,27.0,7100.935094632971,0.0989393579922819,-68.20849870517598,0.0989393579922819,56.306700159302444,0.0007940276535753092,0.15887875389058412,4.994974220997981e-05,0.15072925925925926,8.572232485149782e-06
2018-03-18,2018-03-18T12:00:00.000,-3.025122217009562,0.0574080924006176,-5.004212874057371,0.0003680468928658,58195.9116332,20.0,7100.559286565023,0.11709183774347584,-67.7887639383725,0.11709183774347584,56.31359944697132,0.0009413244997528692,0.15905412832850843,5.9822660994532666e-05,0.150955,1.538967528128558e-06
2018-03-19,2018-03-19T12:00:00.000,-1.0486702610821277,0.034141856695772,-5.002882870996196,0.0002157192679449,58197.111067890895,55.0,7101.318224801245,0.06820319014746502,-67.82181667624471,0.06820319014746502,56.307601706687066,0.0005486094898524205,0.15926866317542354,3.441125205024759e-05,0.1510650909090909,7.281139915536723e-07
2018-03-20,2018-03-20T12:00:00.000,-2.2785467658919276,0.0362673693211843,-5.0037222667549806,0.000230075683075,58198.0533674902,51.0,7100.399372886711,0.07241865972987512,-67.53932930328423,0.07241865972987512,56.31366597025514,0.0005822239209476015,0.1591326396731303,3.6460871399021266e-05,0.1508529411764706,5.942826406501167e-06
2018-03-21,2018-03-21T12:00:00.000,-1.504721999912248,0.0509964998406989,-5.0038498742469555,0.0003223730508443,58198.95864248,25.0,7101.0117558912925,0.1018072489778356,-67.06077431624786,0.1018072489778356,56.30967806489812,0.000818867559107388,0.15911532493626607,5.141872571439775e-05,0.1510352,7.727008908152115e-06
2018-03-23,2018-03-23T12:00:00.000,-1.85821711469648,0.0285721772683864,-5.003377468483003,0.0001798923706557,58201.04082564103,78.0,7101.492926573938,0.057097215330977134,-67.40324800217189,0.057097215330977134,56.30502984213913,0.00045917769277178857,0.15918248717758585,2.873016160677806e-05,0.15103166666666673,3.5121058262651768e-06
2018-03-24,2018-03-24T12:00:00.000,-1.6802254262016134,0.0331621815799504,-5.0054835255462065,0.0002100245816568,58201.996979084746,59.0,7101.763030454788,0.06623950290879892,-67.86113382671954,0.06623950290879892,56.30313275177492,0.0005323526716377204,0.1588502487427428,3.319911637634481e-05,0.15092949152542373,1.0654701772594127e-06
2018-03-27,2018-03-27T12:00:00.000,-1.8110165169353336,0.1014709631792526,-5.005144581750323,0.0006355321728871,58205.065771166664,6.0,7101.400089550042,0.20289857893485394,-67.99362604871308,0.20289857893485394,56.296683333333334,0.0016329931618554521,0.1589,0.00010206207261596576,0.15059,0.0
2018-03-29,2018-03-29T12:00:00.000,-2.38382922347011,0.0820350371239001,-5.011339469633974,0.0005821103697113,58207.021710600005,20.0,7102.168761472473,0.16400258002414414,-68.35637710332756,0.16400258002414414,56.34662122414394,0.0013176121940757944,0.1579327113773494,9.093195354088959e-05,0.15077599999999997,4.06525716154167e-06
2018-03-31,2018-03-31T12:00:00.000,-1.0068384943777349,0.0365248473417023,-5.002423399649447,0.0002300799724049,58208.984046448975,49.0,7101.56784204729,0.07301363302309856,-67.90696567676855,0.07301363302309856,56.30046988318369,0.0005877906677891127,0.15933750610011901,3.668243326813522e-05,0.15094632653061224,3.8098274903256676e-06
2018-04-02,2018-04-02T12:00:00.000,-1.4030623532293445,0.0310133825446776,-5.00093409052855,0.0001937406045599,58211.040897179104,67.0,7101.59225649053,0.061608913740688005,-67.74575560146356,0.061608913740688005,56.30114986874727,0.0004948225759439136,0.15957655028661188,3.090056430068493e-05,0.15134567164179108,2.917715820326791e-06
2018-04-03,2018-04-03T12:00:00.000,-1.6603425711762825,0.026934318635009,-5.0021366802787055,0.000170072579962,58212.04583732223,90.0,7102.114956838633,0.05402972447911079,-67.51645348067439,0.05402972447911079,56.29961207461813,0.0004335322905631459,0.15937873074771788,2.7211949365396688e-05,0.15134722222222222,2.896585349352907e-06
2018-04-05,2018-04-05T12:00:00.000,-1.1371514924128183,0.0322838462743688,-5.002968494745693,0.0002049564027119,58214.09482220833,72.0,7103.062066769319,0.06231714819709005,-67.53156767298275,0.06231714819709005,56.297841405114355,0.0005019119818202121,0.15923601580930533,3.1627036458772633e-05,0.15123430555555556,1.3962052988922783e-06
2018-04-06,2018-04-06T12:00:00.000,-1.5662525225606942,0.0448247101185382,-5.0027356379150065,0.000286130953456,58215.05669726667,30.0,7101.749005413148,0.0962970641309287,-67.49182100420502,0.0962970641309287,56.30309431713816,0.0007748211898826528,0.15932955973324636,4.8625934578201045e-05,0.151198,2.8927177691492157e-06
2018-04-07,2018-04-07T12:00:00.000,-1.6430307697401876,0.0330532854884856,-5.002323232501403,0.0002099203410911,58216.03770980304,66.0,7101.053829677039,0.06521541798482805,-67.00314763402011,0.06521541798482805,56.30630330618674,0.0005242477501749841,0.1593426063189496,3.2990811526011546e-05,0.1510969696969697,1.7133739254400024e-06
2018-04-08,2018-04-08T12:00:00.000,-0.9393326459904628,0.037337294593762,-5.00263418352188,0.0002380982510021,58217.00962704001,50.0,7101.484518316143,0.07518861496175978,-67.51520835577354,0.07518861496175978,56.30514200677819,0.0006040836000960402,0.1593026191818977,3.805593706260497e-05,0.1512002,3.562732269549248e-06
2018-04-09,2018-04-09T12:00:00.000,-1.6363382878864563,0.0694305061500439,-5.004208558463786,0.0004517261475095,58218.01248735294,17.0,7100.612078523513,0.1347983236484913,-67.14654922365979,0.1347983236484913,56.311848584117136,0.0010851805574545671,0.15908594903637374,6.997811503698303e-05,0.15133941176470586,5.882352941182353e-07
2018-04-10,2018-04-10T12:00:00.000,-1.673448787026804,0.038737253346481,-5.002101520052096,0.0002463217486188,58218.97066588889,45.0,7102.885019491517,0.07880002254168239,-67.00095188102493,0.07880002254168239,56.298412013146354,0.0006348982825099943,0.15940896949601752,3.996687368167115e-05,0.1513324444444444,6.47883543872348e-07
2018-04-11,2018-04-11T12:00:00.000,-2.2490769263990487,0.0455079185605947,-5.002478728834342,0.000287217758209,58220.17053818422,38.0,7102.510802912179,0.08603381184653063,-67.62399202610351,0.08603381184653063,56.302539648885634,0.0006911587983276626,0.15929617040259308,4.343127059303751e-05,0.15111052631578947,3.9547110466445184e-06
2018-04-12,2018-04-12T12:00:00.000,-2.3292322094692026,0.0395774515521452,-5.00320646925881,0.0002531029758195,58221.051996268296,41.0,7102.14857176992,0.08268306002715026,-67.69371478800733,0.08268306002715026,56.30029196642714,0.0006636572177908369,0.15923438904438225,4.1650139955932785e-05,0.15109560975609757,2.4206625903997716e-06
2018-04-13,2018-04-13T12:00:00.000,-2.058339709842034,0.0322634246548545,-5.0034541546981615,0.0002058049910509,58222.01407979105,67.0,7102.484432642101,0.06448593588836295,-67.96275281143129,0.06448593588836295,56.295375971782946,0.0005181261416959453,0.1591776145069712,3.2718206710192157e-05,0.15126179104477613,1.456832079399238e-06
2018-04-14,2018-04-14T12:00:00.000,-0.7648128401560726,0.0338520644696937,-5.002814243331302,0.0002160114608768,58223.0334380164,61.0,7102.170618518058,0.06766488084868352,-66.97695585988771,0.06766488084868352,56.298086344474456,0.0005432135380817278,0.1592747381331569,3.4338250533235415e-05,0.15143180327868855,2.1104501464943968e-06
2018-04-15,2018-04-15T12:00:00.000,-2.2126096787935814,0.0357480951261594,-5.001372342845925,0.0002267102360212,58224.059544611104,54.0,7104.595770786439,0.07147939745995917,-67.27829196549585,0.07147939745995917,56.292240184827264,0.0005730129168273,0.1594981528510457,3.6143815803409475e-05,0.1515877777777778,1.0123854480219462e-06
2018-04-16,2018-04-16T12:00:00.000,-1.1394562725881543,0.0320068777520798,-5.002474736850111,0.0002044449241873,58225.025705029424,68.0,7102.304502699614,0.06399064192577068,-67.37585886514466,0.06399064192577068,56.292171435954444,0.0005134482231521212,0.15932679390594487,3.253034981208295e-05,0.15143485294117642,3.814697370095214e-06
2018-04-17,2018-04-17T12:00:00.000,-0.8905279740169932,0.0415817571340131,-5.003013943138681,0.0002664238117523,58226.10537834146,41.0,7102.525413779967,0.08310036614377259,-67.22367573170276,0.08310036614377259,56.30174400683622,0.0006669136044590552,0.15924009270328246,4.2331476169116546e-05,0.1509592682926829,4.152434547471019e-06
2018-04-18,2018-04-18T12:00:00.000,-0.9309406316982524,0.0332826745434479,-5.002642297494113,0.0002129858259968,58227.07337589705,68.0,7101.631649422754,0.06449057846510307,-67.33821829841452,0.06449057846510307,56.30740255867331,0.000517042664904238,0.15928635283910045,3.293442716001413e-05,0.15081455882352943,4.016175719128113e-06
2018-04-19,2018-04-19T12:00:00.000,-0.6056567947737427,0.054013655865748,-5.00293867326134,0.0003497077625403,58227.97733480953,21.0,7101.405060074776,0.11829573928682892,-67.55304398509044,0.11829573928682892,56.31731308501307,0.0009486554242942915,0.15932109284595863,6.0859974224996344e-05,0.15095809523809522,5.7577710476930295e-06
2018-04-24,2018-04-24T12:00:00.000,-0.2247340567654749,0.0463786454655598,-4.998785711635143,0.0002887001688913,58233.09209415625,32.0,7103.962704953965,0.09275336453469463,-67.11713549363566,0.09275336453469463,56.27416667119312,0.0007440672278657306,0.15991674161718478,4.638541480090679e-05,0.15192375000000002,1.6032980122645466e-06
2018-04-26,2018-04-26T12:00:00.000,-0.4591796235607968,0.0337106719287268,-5.002169703938347,0.0002123865865208,58235.06994775758,66.0,7103.5362210535,0.06612824059163036,-66.15930695050262,0.06612824059163036,56.282155846591806,0.0005302743442797159,0.1593809634432677,3.314802254853554e-05,0.15173803030303032,2.266814375103366e-06
2018-04-27,2018-04-27T12:00:00.000,-1.6526465289144696,0.0482148135069979,-5.002396503419778,0.000308088212078,58235.93005051853,27.0,7102.990750125161,0.10491801904207332,-65.72749761256424,0.10491801904207332,56.28823856691659,0.0008433236588812979,0.15937007950552895,5.3315636064329564e-05,0.15167222222222224,2.841157288648224e-06
2018-04-28,2018-04-28T12:00:00.000,-1.6991523412388894,0.0323422479127793,-5.001967308200776,0.0002032552937974,58237.0293385,66.0,7104.143296730284,0.06466679446204168,-67.32260476559652,0.06466679446204168,56.29270025791517,0.0005194988739087455,0.15941479634384811,3.2394925414156806e-05,0.15176757575757577,5.513537508137672e-06
2018-04-29,2018-04-29T12:00:00.000,-1.0589962460169284,0.0338263573973612,-5.001697419945547,0.0002121643017235,58238.0185157,60.0,7102.599578789165,0.06764454715107017,-67.04279726625728,0.06764454715107017,56.295478293464264,0.000544082709435184,0.1594537453682771,3.378962962662232e-05,0.15193600000000007,2.1680786359710095e-06
2018-04-30,2018-04-30T12:00:00.000,-2.347417527257344,0.0348605386734011,-5.002787599376915,0.0002191561079544,58239.089320483334,60.0,7103.5676340249065,0.06821471382273635,-68.12056099047723,0.06821471382273635,56.29028264017527,0.0005459651607588033,0.15925871400361957,3.414633267225429e-05,0.1511925,1.5876687596584805e-05
2018-05-01,2018-05-01T12:00:00.000,-2.0972371344675738,0.0354958601517766,-5.0049817795886264,0.0002254717753234,58240.003715148145,54.0,7102.49025892405,0.07260239698326125,-66.75347665757994,0.07260239698326125,56.3028689087717,0.0005825309882628598,0.1589289662068294,3.654298632188532e-05,0.1507707407407407,1.444327971078657e-06
2018-05-03,2018-05-03T12:00:00.000,-2.015561989878523,0.0330848708522859,-5.003380619441776,0.0002068488570187,58242.006330076925,65.0,7104.117073293968,0.06612074525883836,-67.84973933350327,0.06612074525883836,56.28992962956029,0.0005301032959344074,0.1591813855265895,3.283193217864148e-05,0.15082646153846155,2.002771747992811e-06
2018-05-04,2018-05-04T12:00:00.000,-2.046302412990894,0.0363570249745006,-5.003949542667097,0.0002305990538207,58242.99824447171,53.0,7103.245310978805,0.07267535476483038,-66.80099352130817,0.07267535476483038,56.29363462531501,0.000582568473841399,0.1590908766476484,3.6450516037324144e-05,0.15108943396226412,2.9683269287836366e-06
2018-05-06,2018-05-06T12:00:00.000,-1.6017770157142934,0.0677654746374117,-5.002744394698413,0.0004251825580566,58245.29435195237,21.0,7103.647077305061,0.11770701747550258,-67.46848333139258,0.11770701747550258,56.28758580048917,0.0009424172847238932,0.1592012784324258,5.8940417300636607e-05,0.1514566666666667,1.2598815766979849e-06
2018-05-07,2018-05-07T12:00:00.000,-2.356896203812728,0.0399616508540896,-5.003172086173786,0.000254478453017,58245.9590707,40.0,7104.336874601308,0.0846218183542674,-67.55543360089997,0.0846218183542674,56.28774253018391,0.000677241956128083,0.15925702639344827,4.268936556414779e-05,0.15148025,1.977031574394943e-06
2018-05-08,2018-05-08T12:00:00.000,-1.3009426900953382,0.0421116901739877,-5.002157572824216,0.0002654652834613,58247.06893741025,39.0,7104.365030730594,0.08422737406762369,-67.13166214059706,0.08422737406762369,56.2744427521962,0.0006749291755788877,0.15937768690072815,4.214715151117678e-05,0.15150769230769232,1.6206136048870004e-06
2018-05-09,2018-05-09T12:00:00.000,-1.155391123466076,0.0334140522485797,-5.001000403949031,0.000210341776904,58248.010518661285,62.0,7104.33440923564,0.06681058466563265,-67.26983690200012,0.06681058466563265,56.28196124915416,0.0005363375291648183,0.15956744237247678,3.346391970589304e-05,0.1517362903225806,5.558371901942451e-06
2018-05-13,2018-05-13T12:00:00.000,-0.7584439137173489,0.0332667379533025,-5.000540049776224,0.00020903228333,58252.10718518572,70.0,7104.608855507129,0.06318774095409957,-66.6042593234019,0.06318774095409957,56.278810057724,0.0005078720397587544,0.15960094565405256,3.171271046192204e-05,0.1517795714285714,5.044053195717916e-06
2018-05-14,2018-05-14T12:00:00.000,-0.7042410361367166,0.0375461607197557,-5.001108465231094,0.0002381940092513,58253.0690377826,46.0,7104.0532678392365,0.07836239247773805,-66.56768356439957,0.07836239247773805,56.27709054262648,0.0006282704633144124,0.1595771937164767,3.942121520886375e-05,0.15160456521739132,7.432183063916875e-06
2018-05-15,2018-05-15T12:00:00.000,-1.4184552690689456,0.0328890572347098,-5.00147617126601,0.0002087671972251,58254.06662135293,68.0,7103.62827717508,0.06489929544177415,-67.01128040013141,0.06489929544177415,56.28215479531404,0.0005189052045893303,0.1594793632140175,3.309444860553071e-05,0.15143029411764697,8.37304829912571e-07
2018-05-16,2018-05-16T12:00:00.000,-1.6841681948662894,0.0279210424614133,-5.002377262128875,0.000177775953693,58255.12459115464,97.0,7104.178079793798,0.05477958413382565,-67.19596787530239,0.05477958413382565,56.29431230365543,0.0004383172565843888,0.1593225894375371,2.7829834094700213e-05,0.1514419587628866,1.4257027511281574e-06
2018-05-17,2018-05-17T12:00:00.000,-1.1784247880933207,0.0290878809589322,-5.003121800810396,0.0001858082377358,58256.16714198877,89.0,7103.066990174762,0.05745498869352394,-66.83898089360936,0.05745498869352394,56.28772377265059,0.0004604202330865611,0.15922989803628898,2.906490527156388e-05,0.1513552808988764,3.5268193518468003e-06
2018-05-18,2018-05-18T12:00:00.000,-1.2126407358311198,0.0262341525367904,-5.002475696972922,0.0001676602604295,58257.13036690565,106.0,7102.84894611369,0.05253378916249133,-66.76540061501079,0.05253378916249133,56.29189016378345,0.0004206634654348556,0.15935154762530912,2.6733683864879506e-05,0.15129584905660381,7.685171370281808e-07
2018-05-19,2018-05-19T12:00:00.000,-1.2823559482603757,0.0264224703905375,-5.002778764121209,0.0001690691107814,58258.053692294736,95.0,7102.8894271228,0.05500639469728489,-67.21435877334231,0.05500639469728489,56.29125095415278,0.0004404848940255716,0.15929168154047302,2.7944112259341077e-05,0.15125905263157893,1.2792922543839662e-06
2018-05-20,2018-05-20T12:00:00.000,-2.141867323424481,0.0311354171278956,-5.002899675813905,0.0001985740379943,58259.02845725676,74.0,7103.630848127403,0.06224760351654345,-67.07105384175043,0.06224760351654345,56.29302470463263,0.0005014469980246842,0.15925916393908152,3.169489193985856e-05,0.1511254054054054,1.6005042382649545e-06
2018-05-21,2018-05-21T12:00:00.000,-1.741484887068541,0.0311093983981173,-5.003580854943103,0.000197599105946,58260.01954063014,73.0,7103.440863902281,0.06218386907575765,-67.39762707956766,0.06218386907575765,56.287258188916454,0.0004972533680785109,0.1591492149733872,3.1402134556533784e-05,0.15121095890410963,3.0104105488816895e-06
2018-05-27,2018-05-27T12:00:00.000,-1.0464530818131847,0.0521729892225176,-4.998030974924267,0.0003279961768775,58266.31359454285,35.0,7103.930083729193,0.09168686570833302,-67.0129760036035,0.09168686570833302,56.2832503811313,0.0007343317347852437,0.1600097847355634,4.6927300220659896e-05,0.1524151428571429,6.2895328355375494e-06
2018-05-28,2018-05-28T12:00:00.000,-0.3507064280000698,0.0826688578998629,-4.998863849228695,0.0005348212934519,58266.87718966667,3.0,7103.205020685744,0.3235020827694429,-66.64941560809412,0.3235020827694429,56.2975,0.002598076211353316,0.1598933333333333,0.00016743157806499147,0.15235,0.0
2018-05-29,2018-05-29T12:00:00.000,-0.460732207580026,0.0310276999719928,-4.997661252396025,0.0001946072951052,58268.02122978082,73.0,7104.257039667953,0.062013150984847526,-66.87149399792857,0.062013150984847526,56.26877420255402,0.000496784204923129,0.16010031454697735,3.1319207514185044e-05,0.15217178082191782,1.5525114155250827e-06
2018-05-31,2018-05-31T12:00:00.000,-0.7525718205088148,0.0453467259357135,-4.9974878122705215,0.0002833232739706,58270.06898570589,34.0,7105.51163549261,0.09068465323033507,-66.39017787245893,0.09068465323033507,56.26106110378543,0.0007242215352255081,0.16012705121572685,4.609253159915205e-05,0.15226823529411762,4.840975363104622e-06
2018-06-01,2018-06-01T12:00:00.000,-0.7715190690511291,0.0327168845083232,-4.99736478117473,0.0002055571174329,58271.00447589394,66.0,7103.501966648725,0.06538553041476058,-65.99689428886768,0.06538553041476058,56.268609349541244,0.0005228336978876063,0.16014601771324535,3.3249928025387995e-05,0.15247939393939394,1.7256975601010194e-06
2018-06-02,2018-06-02T12:00:00.000,-1.4327150750081037,0.0342075355625791,-4.997789064006328,0.0002149087437987,58272.014301450006,60.0,7103.7817483215595,0.06839785516124569,-66.11054018692006,0.06839785516124569,56.279210272765766,0.0005465339708655152,0.16007890199597827,3.4922421205740644e-05,0.15230249999999992,1.6403286152788317e-06
2018-06-04,2018-06-04T12:00:00.000,-1.6382255730768531,0.0340356676632318,-4.999756679211696,0.0002141021869549,58274.11886335821,67.0,7103.2050022581025,0.06493246795810306,-67.2084026526394,0.06493246795810306,56.28774824661138,0.0005199733138477923,0.15973558688237055,3.2895485770470076e-05,0.15200999999999998,5.630729154344872e-06
2018-06-05,2018-06-05T12:00:00.000,-1.6608120197411174,0.0373415587876989,-5.001059269838709,0.0002374351639861,58275.07349499999,49.0,7103.752721374107,0.07646760983397154,-67.14524757829071,0.07646760983397154,56.28383520273736,0.0006129978076574178,0.15955036743622464,3.8798370821483495e-05,0.15175530612244895,1.6096810752318078e-05
2018-06-06,2018-06-06T12:00:00.000,-1.0500766575362794,0.0325249137938005,-5.001995939561909,0.0002063006804594,58275.99869474603,63.0,7103.3607393107595,0.06674302004046144,-66.64997563910666,0.06674302004046144,56.27797363266788,0.000535214177067602,0.15941188240841667,3.347484988487748e-05,0.15147476190476197,2.1088789310883855e-06
2018-06-07,2018-06-07T12:00:00.000,-0.7615920931700992,0.0296978847321906,-5.000891432164279,0.0001877308989702,58277.0350397125,80.0,7104.302565019027,0.05935813001678614,-67.08876242901322,0.05935813001678614,56.27672540310669,0.0004751782366153621,0.1595787618993084,3.0004161031555453e-05,0.15126987500000003,6.018152261746904e-06
2018-06-08,2018-06-08T12:00:00.000,-1.21488903775705,0.0330564872405831,-5.002907554061748,0.000209061762541,58278.03124701563,64.0,7103.769257371921,0.0660923240979623,-66.75474617215873,0.0660923240979623,56.28099204820766,0.0005293011359257191,0.1592538923830673,3.310685336930155e-05,0.15129734374999998,5.657389935995015e-06
2018-06-10,2018-06-10T12:00:00.000,-0.6375968551835787,0.0329799958202923,-5.002047177161696,0.0002083214830161,58280.02636635938,64.0,7102.607335387922,0.06594957388079754,-66.65031733692804,0.06594957388079754,56.2839638098978,0.0005276469037906235,0.15939168608085408,3.318151277780985e-05,0.1513675,2.4800793638092087e-06
2018-06-11,2018-06-11T12:00:00.000,-1.560915582038565,0.0307876441473023,-5.002064908227549,0.0001949159513239,58281.095262443036,79.0,7102.254672487163,0.05984892426186363,-67.08175741810376,0.05984892426186363,56.28951704463376,0.00047896591131673256,0.15939436780722752,3.034367755591006e-05,0.1514274683544304,4.0982273636923896e-06
2018-06-12,2018-06-12T12:00:00.000,-1.680829481112586,0.0267881022048182,-5.000543836642956,0.0001700533533744,58282.05436289584,96.0,7103.13873196489,0.05468874328461969,-67.49995453759998,0.05468874328461969,56.28574697080646,0.00043769106863588965,0.15965123980349383,2.7812887978551225e-05,0.15167156250000002,6.300807740268241e-06
2018-06-13,2018-06-13T12:00:00.000,-0.649516634693253,0.042600968508246,-5.0004024048631965,0.0002714707822161,58283.222503066674,45.0,7105.224933796661,0.08173193268983318,-67.41647138498281,0.08173193268983318,56.28007586068367,0.0006547237397146325,0.15963301021666093,4.188700101302507e-05,0.15162977777777778,3.602592905857924e-06
2018-06-14,2018-06-14T12:00:00.000,-0.4993067522194281,0.0280160090614704,-4.99988141121552,0.0001791888270948,58284.04806854349,92.0,7103.924580814546,0.0569095507079107,-67.18551953466013,0.0569095507079107,56.28251844379489,0.0004567351666698088,0.1597627779123025,2.9053238213389638e-05,0.15165543478260865,3.5327051697657666e-06
2018-06-15,2018-06-15T12:00:00.000,-0.1799931081392783,0.0355602550433565,-4.998885553576571,0.000224270440141,58285.06172164286,56.0,7103.189192642569,0.07111793978554173,-67.06262129132514,0.07111793978554173,56.28498510392491,0.0005701639684994758,0.15990206047933084,3.6239512080118445e-05,0.1519117857142857,1.7674389509315356e-06
2018-06-17,2018-06-17T12:00:00.000,-0.3412978139149665,0.0344642534746533,-4.99899354332912,0.000216496862649,58287.05116016393,61.0,7103.911911173363,0.0679482984495705,-66.75411663004407,0.0679482984495705,56.27554462636521,0.0005425122300386694,0.1598805669870615,3.462867647732294e-05,0.15187393442622957,1.172610624542263e-05
2018-06-18,2018-06-18T12:00:00.000,-1.787166349226343,0.0727222188955323,-4.997752100656482,0.000462994852098,58287.924769916666,12.0,7103.128137308285,0.15557279962386203,-67.4329810185116,0.15557279962386203,56.269374734500126,0.0012426511240271555,0.1601249820169557,7.971055889679809e-05,0.15223999999999996,8.368620923398063e-18
2018-06-19,2018-06-19T12:00:00.000,-1.5814530249211107,0.043800410614875,-4.995961949528345,0.000274814623229,58289.058435756764,37.0,7104.521580467136,0.08759161438947455,-66.94000339729725,0.08759161438947455,56.271583651542194,0.0007055387303038671,0.1603733350602701,4.442986670745145e-05,0.1525054054054054,4.44510383875629e-06
2018-06-20,2018-06-20T12:00:00.000,-0.2616180958200176,0.0322196882916422,-4.993847625683383,0.0002011496126164,58290.08360698611,72.0,7104.9907083948565,0.06285098239586588,-66.24286994827716,0.06285098239586588,56.270886591429864,0.0005027947156197618,0.16071335913529944,3.206812887372423e-05,0.15286361111111113,3.892659696547338e-06
2018-06-21,2018-06-21T12:00:00.000,-0.4367164237762224,0.02773382135433,-4.992908947277201,0.0001741149322808,58291.07335874194,93.0,7105.647452253327,0.05565979966397587,-66.54600758951277,0.05565979966397587,56.2715492216843,0.00044464134444060203,0.160874104196498,2.8544709586028763e-05,0.153017311827957,3.742343859538412e-06
2018-06-22,2018-06-22T12:00:00.000,-1.1571130218359549,0.0375925997807945,-4.993653985122884,0.0002359867566305,58292.025949568626,51.0,7104.032504185648,0.07503764389110461,-65.94079314548163,0.07503764389110461,56.27417852868576,0.0006010823767997346,0.16072726205887425,3.833199258795169e-05,0.15274039215686272,1.749613018123487e-05
2018-06-23,2018-06-23T12:00:00.000,-0.6238032752557774,0.0274960298706148,-4.994645636669276,0.0001728005398871,58293.07863529475,95.0,7105.5651602157095,0.05493023894853269,-66.86637424106374,0.05493023894853269,56.26743993934619,0.00043962315052089603,0.16059299417215112,2.8120620408748784e-05,0.15221684210526312,7.441091019679157e-06
2018-06-24,2018-06-24T12:00:00.000,-1.0386466414994129,0.0278254744570338,-4.995727424193963,0.0001753539930874,58294.0525909889,90.0,7104.584235066496,0.05639156290801203,-66.53404134158286,0.05639156290801203,56.26787191526948,0.00045097098210637184,0.16041965525058308,2.8924159771036956e-05,0.15173655555555557,6.81329593705378e-06
2018-06-25,2018-06-25T12:00:00.000,-0.4391880076061337,0.0359515025270195,-4.996844111517438,0.0002263908504651,58294.98652281818,55.0,7103.224298548683,0.07184614557369552,-67.02398105104908,0.07184614557369552,56.27026390352439,0.0005734573978781921,0.16022782381538736,3.681964855160877e-05,0.15164927272727274,3.480146146690841e-06
2018-06-26,2018-06-26T12:00:00.000,-0.5411985425605089,0.0359725054008116,-4.995896966790339,0.000225068153731,58296.065199456134,57.0,7103.648751557929,0.07028406100445263,-66.71407387456146,0.07028406100445263,56.26693272446717,0.0005614873196757232,0.16037875022433148,3.598730467780956e-05,0.15207684210526315,3.6287446714779612e-06
2018-06-27,2018-06-27T12:00:00.000,-1.2007196418617718,0.0274138166343764,-4.996122421216737,0.0001724838230986,58297.0785286875,96.0,7104.173941742741,0.054721445095876675,-66.48430151426189,0.054721445095876675,56.269556315192794,0.0004382149886819369,0.16033340897649592,2.7852885272730434e-05,0.15191479166666666,7.644771127037907e-06
2018-06-28,2018-06-28T12:00:00.000,-1.3156604421108546,0.0273592976231209,-4.9982253981469045,0.0001731708379669,58298.056274489354,94.0,7103.565267705471,0.05539397922180971,-66.34893482969647,0.05539397922180971,56.27210663251964,0.00044296873289367236,0.16001792621951635,2.836505401036509e-05,0.15179127659574468,3.137342858850871e-06
2018-06-29,2018-06-29T12:00:00.000,-1.634514790178389,0.0891518461818312,-4.997467893826121,0.0005597781688221,58299.28903625,12.0,7102.669465771039,0.15678050472976304,-66.71339029125433,0.15678050472976304,56.28996142897808,0.001261357495674316,0.16007368328958885,7.986208584745024e-05,0.151725,4.266678503771379e-05
2018-06-30,2018-06-30T12:00:00.000,-1.5355869408501892,0.0332044947094878,-4.999888745312518,0.0002106713394138,58300.06242007463,67.0,7102.853750181343,0.06546229840838239,-66.69546054783979,0.06546229840838239,56.290062828324224,0.0005236418903313511,0.15971192413360225,3.355072271954329e-05,0.15136865671641792,1.1609303031954354e-05
2018-07-01,2018-07-01T12:00:00.000,-2.0734939435048765,0.0267122252702669,-5.000581519717957,0.0001702061555526,58301.05770932989,97.0,7102.0223373206445,0.054534749796025635,-66.98046428999677,0.054534749796025635,56.2939891503184,0.0004374145193013072,0.15964210818464725,2.7938497611748305e-05,0.15111721649484536,1.3330831061469216e-06
2018-07-02,2018-07-02T12:00:00.000,-2.6650484616353456,0.0324806003798524,-5.00095063489365,0.0002065714708795,58302.128487014284,70.0,7101.793412161561,0.06408433121473137,-67.64025220663285,0.06408433121473137,56.29503357595728,0.0005137633496077366,0.15956804290630583,3.2820225165059626e-05,0.15100957142857144,2.958902168172412e-06
2018-07-03,2018-07-03T12:00:00.000,-3.500952342656767,0.031607131850492,-5.001764360157662,0.0002009787433878,58303.01686997143,70.0,7102.621178712364,0.06394240698609752,-67.87650704544673,0.06394240698609752,56.28931547748365,0.0005122969331494587,0.15943939389321027,3.2513452530797664e-05,0.15092557142857152,5.979853784723595e-07
2018-07-04,2018-07-04T12:00:00.000,-3.592515361627756,0.041070058067618,-5.002918564890339,0.0002741307579333,58304.007686169505,59.0,7103.209705950721,0.08201961644883465,-68.06202939620354,0.08201961644883465,56.30842344672465,0.0006593261134311112,0.15926027932835649,4.357847578605687e-05,0.15104118644067793,1.7779207210011203e-06
2018-07-05,2018-07-05T12:00:00.000,-2.370846860961964,0.0623833645543965,-5.003177502504335,0.0004231698005129,58305.165706428576,28.0,7102.0913612667055,0.12415084383927572,-66.75874834812052,0.12415084383927572,56.30353021711419,0.000996522015882049,0.15920850720124013,6.681944116294436e-05,0.15096035714285713,1.742872321904084e-06
2018-07-06,2018-07-06T12:00:00.000,-1.9986958130342831,0.0365992610166213,-5.001034901612083,0.0002324558825297,58306.08975105556,54.0,7102.382016659704,0.07319117370136079,-67.49163396892429,0.07319117370136079,56.293359141771326,0.0005868677194338879,0.15955358678200862,3.700772596593682e-05,0.15069259259259257,2.606034833444059e-06
2018-07-07,2018-07-07T12:00:00.000,-0.8276675315066631,0.0403438681325448,-5.0003720991545935,0.0002553939194562,58307.030288883725,43.0,7103.136118639003,0.08067811371429714,-67.5532426785393,0.08067811371429714,56.28557990837781,0.0006460432462921472,0.15966139534883714,4.117461398980326e-05,0.15101534883720932,6.541026815884737e-06
2018-07-08,2018-07-08T12:00:00.000,-1.506933904547434,0.04050834784966,-4.9988152786577835,0.0002767038035496,58308.01167213235,68.0,7105.70904721769,0.08087355461015427,-67.68651362752477,0.08087355461015427,56.31102807781497,0.0006493665571649479,0.15991990290365973,4.435683613726032e-05,0.15158897058823537,3.17156280375918e-06
2018-07-11,2018-07-11T12:00:00.000,-1.5171965970127037,0.0465145042208227,-4.995718061452709,0.000317439561876,58311.02573946428,56.0,7103.349891775333,0.0928363329668258,-67.80657544276661,0.0928363329668258,56.29550939008783,0.0007447734806569895,0.16040732314068035,5.123583175422758e-05,0.1525480357142857,4.016359749832735e-06
2018-07-12,2018-07-12T12:00:00.000,-0.010042778955715,0.0408133874887318,-4.995883121691563,0.0002649237078358,58312.08945149122,57.0,7104.143006237416,0.07742316083811943,-67.8028181808021,0.07742316083811943,56.27457938144386,0.000621056180708885,0.1603703412849991,4.0757287100033115e-05,0.15219824561403505,3.442353836903331e-06
2018-07-13,2018-07-13T12:00:00.000,-1.465204704967064,0.0359847981268547,-4.995596200047542,0.0002302633709919,58313.02049890909,55.0,7103.404954358415,0.07511054422908987,-67.10467593153422,0.07511054422908987,56.266459563311074,0.0006011534995261549,0.1604539884451235,3.873333667940541e-05,0.15215763636363636,1.7593164490567735e-06
2018-07-14,2018-07-14T12:00:00.000,-1.0406082762431,0.0349458924023828,-4.996012277830955,0.0002219617304668,58314.01127371428,63.0,7105.26334347593,0.06984142804148745,-66.5473099201067,0.06984142804148745,56.25483353611777,0.0005594673166504734,0.16036234724183118,3.5889585779762866e-05,0.15209761904761906,2.516858526315613e-06
2018-07-15,2018-07-15T12:00:00.000,-2.3845566836090524,0.0350917066529664,-4.996115917833969,0.0002233300523951,58314.99750769355,62.0,7106.02342331302,0.07013237918143768,-66.94668520142338,0.07013237918143768,56.24986096981209,0.0005631514397162331,0.16034732173662855,3.6084102893035735e-05,0.15182564516129032,2.8962399057835878e-06
2018-07-16,2018-07-16T12:00:00.000,-2.6878708780260387,0.0381618584247755,-4.993913306712428,0.000241855578636,58316.03992855769,52.0,7104.731984604658,0.0762869256151969,-66.72060946759939,0.0762869256151969,56.2689399222825,0.0006126333765941933,0.16071047332325994,3.914245746426128e-05,0.15194538461538462,5.029787128365843e-06
2018-07-17,2018-07-17T12:00:00.000,-1.652897071564455,0.0361792951757249,-4.994865280641517,0.0002297871088709,58317.08469795312,64.0,7104.301922328331,0.06940513215826775,-66.71668491745666,0.06940513215826775,56.275614286125254,0.0005572931551734758,0.16054769871234315,3.5705181792721296e-05,0.152370625,3.2418625231566e-06
2018-07-18,2018-07-18T12:00:00.000,-1.5316658610768634,0.0366356597470064,-4.995275127094263,0.0002348917234007,58318.033917111105,54.0,7103.476022399834,0.07658851123163682,-66.81073203851251,0.07658851123163682,56.27764705139266,0.0006172723880597586,0.1604805288475377,3.99735648990215e-05,0.15232074074074078,5.493480360811737e-06
2018-07-19,2018-07-19T12:00:00.000,-1.426029007581493,0.0399818189256823,-4.997022259344672,0.0002638700249507,58319.001593333334,60.0,7103.593322157154,0.07988028718029266,-67.29575536372188,0.07988028718029266,56.284720391054414,0.0006410805933753813,0.1602025884650283,4.257362787565658e-05,0.15220516666666667,1.4358537818535556e-06
2018-07-21,2018-07-21T12:00:00.000,-1.090337695059032,0.0382952255766312,-4.999420548754604,0.0002500157890568,58320.98717963794,58.0,7102.932332028315,0.07696932624481323,-67.26721959789216,0.07696932624481323,56.280205161705354,0.0006164306810030078,0.15981730834223867,4.029058208289771e-05,0.1514324137931035,1.7789238783626765e-06
2018-07-22,2018-07-22T12:00:00.000,-2.919015732660788,0.0352450735246606,-4.999273497186651,0.0002261609224547,58322.0644726,65.0,7103.570407206126,0.06904998183633693,-67.57116315795078,0.06904998183633693,56.27657542204212,0.0005543871996774508,0.15983482048863584,3.56913285874631e-05,0.15135830769230768,1.5437409415676913e-06
2018-07-23,2018-07-23T12:00:00.000,-2.078732171300225,0.0333411865013628,-4.999535819923005,0.000214984316911,58323.00454439707,68.0,7103.581178903371,0.06790328271350309,-67.0417979885076,0.06790328271350309,56.28254348381474,0.0005443821510721443,0.15980169391379348,3.509449711548886e-05,0.15142544117647053,8.99561485439075e-07
2018-07-24,2018-07-24T12:00:00.000,-1.94115799091578,0.0393805525955828,-5.002131249811971,0.0002641671075485,58324.01886986154,65.0,7102.744698799861,0.07858391891628218,-66.87899534837777,0.07858391891628218,56.294373686064475,0.0006301721333326245,0.15937973093955796,4.206260783756904e-05,0.15122107692307693,4.4620357813008465e-06
2018-07-25,2018-07-25T12:00:00.000,-0.9452582994189428,0.0820665353126768,-5.000470586802626,0.0005437071684729,58325.351291299994,20.0,7101.049561922362,0.13977373518756572,-67.45048899399235,0.13977373518756572,56.30009293192714,0.0011219694357921391,0.1596093509856974,7.498675484207635e-05,0.15116099999999996,8.911849001839218e-06
2018-07-26,2018-07-26T12:00:00.000,-1.0114536201550206,0.0409932623996037,-4.99824115054313,0.0002704247971597,58325.97118972728,44.0,7103.27744997068,0.08540998472762226,-66.83137362994246,0.08540998472762226,56.285810905638236,0.0006858790376901682,0.16008168332205233,4.486527814187598e-05,0.15122000000000002,4.232685600141914e-18
2018-07-27,2018-07-27T12:00:00.000,-1.4000057820006535,0.0345417637158128,-4.997654457531999,0.0002236267832637,58327.121960724646,69.0,7102.557261975386,0.0661982125275113,-67.74710872905092,0.0661982125275113,56.28974442325559,0.0005323114796973132,0.1600510257598035,3.455900761906232e-05,0.1512308695652174,3.7830055352294797e-06
2018-07-28,2018-07-28T12:00:00.000,-1.7678127679880025,0.0456475548522068,-5.001479641254554,0.0002992438064883,58327.995631375,32.0,7103.818460898947,0.09899044235344631,-67.55188236819954,0.09899044235344631,56.28437699539071,0.000796794393748028,0.15948516728551465,5.160745102995956e-05,0.15109125,2.7950849718743544e-06
2018-07-29,2018-07-29T12:00:00.000,-1.8217780121938456,0.0418297691799812,-5.00177808719674,0.0002885291170167,58329.04191298485,66.0,7103.046970466754,0.08334393646221473,-67.59991437885326,0.08334393646221473,56.29588745634163,0.0006689318964022772,0.15943090722895947,4.584261846639864e-05,0.15073045454545458,3.1764857080895964e-06
2018-07-30,2018-07-30T12:00:00.000,-2.5150453646247892,0.0664203094456811,-4.999925521444091,0.0004330951328201,58330.138564,22.0,7104.281682260579,0.12593025544732547,-67.39676567784733,0.12593025544732547,56.28428523689563,0.0010081043143922918,0.1597356522501534,6.597091437203053e-05,0.15093272727272727,2.6759970575226694e-05
2018-07-31,2018-07-31T12:00:00.000,-2.070370543489933,0.0412656148405898,-4.999940197294663,0.000271270710248,58331.00450952083,48.0,7103.2532427048545,0.08366814369767367,-67.59028152584172,0.08366814369767367,56.2887870568167,0.0006699579036070547,0.15973645649159432,4.368118406888557e-05,0.15126625000000002,2.0974697691794848e-06
2018-08-01,2018-08-01T12:00:00.000,-1.3298642976144148,0.0479484114047533,-4.999380838878197,0.0003109291914685,58331.955163264705,34.0,7102.579794335249,0.09586032080788653,-67.80553561503562,0.09586032080788653,56.28726521997346,0.0007710545492231977,0.1598245764635831,4.999955811168312e-05,0.15128735294117646,1.14141166696251e-06
2018-08-02,2018-08-02T12:00:00.000,-1.5935181939417375,0.0336017521715991,-4.99965272974216,0.000215946750653,58333.10585839474,76.0,7102.875143233138,0.0644981187551926,-67.7304317422784,0.0644981187551926,56.28546611244211,0.0005187698769110128,0.15975633070908343,3.3392743658231696e-05,0.15114605263157896,2.2169913813218887e-06
2018-08-03,2018-08-03T12:00:00.000,-1.392514572307318,0.0622460670494682,-5.000763434108201,0.0004085618574374,58333.914163333335,15.0,7103.798985390308,0.14750772728620942,-66.9191813391302,0.14750772728620942,56.29073194183135,0.0011836253745297557,0.1596446005651001,7.703197794786234e-05,0.15108999999999997,7.417989609027187e-18
2018-08-05,2018-08-05T12:00:00.000,-1.0644649244502615,0.0485979008364933,-4.999984006498038,0.0003259895064141,58336.02047155813,43.0,7103.523486117084,0.0966668017314939,-67.27278352410934,0.0966668017314939,56.29287285151442,0.0007764508491139176,0.15973021489504258,5.1863811528259714e-05,0.15143116279069763,5.125331767622302e-06
2018-08-06,2018-08-06T12:00:00.000,-0.9890020604423826,0.0411088994815728,-4.999552010072731,0.000277157780149,58336.99971960656,61.0,7103.385830364167,0.08198974505845112,-68.1192910309763,0.08198974505845112,56.29723409099024,0.0006586281428809041,0.15979660753842295,4.430106490919763e-05,0.1514447540983606,6.231449223054964e-06
2018-08-07,2018-08-07T12:00:00.000,-1.8847284595532785,0.0413201343894795,-4.998955867147735,0.0002795640830719,58338.040715655734,61.0,7103.072708688868,0.08254504334202803,-67.75129462515876,0.08254504334202803,56.29326008191361,0.0006611250091588205,0.15988703912800126,4.496455632554644e-05,0.15170409836065576,1.3301269338405607e-06
2018-08-08,2018-08-08T12:00:00.000,-0.9568227929387332,0.0398104645094465,-4.997806525114962,0.0002626952896199,58339.02391978571,56.0,7103.592242613068,0.0793894895034087,-67.02121287461209,0.0793894895034087,56.28180959969499,0.0006391972824510244,0.16007898560409173,4.230909393179947e-05,0.15162999999999996,3.742561052529026e-18
2018-08-09,2018-08-09T12:00:00.000,-1.3467979856295578,0.041400170886662,-4.997063331283649,0.0002646512841922,58340.06328535556,45.0,7103.250816554993,0.0827925710740771,-67.77234620218508,0.0827925710740771,56.27030149906448,0.0006647365038857845,0.160194,4.3230647564995934e-05,0.1516711111111111,9.113328136283831e-07
2018-08-10,2018-08-10T12:00:00.000,-1.6234416907190088,0.0335536329553328,-4.997865778207251,0.0002158887381064,58341.027747188404,69.0,7102.401707142702,0.06709270328796232,-67.20850507841212,0.06709270328796232,56.269108211458274,0.0005375644824366304,0.16006581062295766,3.4880886460466824e-05,0.1510610144927536,1.1613528224957895e-05
2018-08-11,2018-08-11T12:00:00.000,-1.8328187420404,0.037812539968838,-4.998847985620847,0.0002443543546019,58341.97684736364,55.0,7103.643637971293,0.07558034865152455,-66.91108117539403,0.07558034865152455,56.2787705366105,0.0006056691957014542,0.1599070696717363,3.9249573455473825e-05,0.15094745454545455,8.194677511432366e-06
2018-08-12,2018-08-12T12:00:00.000,-1.7357983243402932,0.0747377843733134,-4.999941807460606,0.0004900108947592,58342.93814293334,15.0,7101.410900044362,0.14948799655028563,-66.52621534675335,0.14948799655028563,56.286418559106124,0.0011978436796686465,0.15972541743444368,7.829237032811444e-05,0.15147000000000002,7.417989609027187e-18
2018-08-15,2018-08-15T12:00:00.000,-1.638366184586036,0.0464433972383401,-4.999122689861957,0.0003043029870925,58346.073729843745,32.0,7101.838738224371,0.10021168768606216,-68.01067926826212,0.10021168768606216,56.288762480281314,0.0008049537754946237,0.15987756426391356,5.235352904268096e-05,0.15154218749999998,1.2319129949051032e-05
2018-08-17,2018-08-17T12:00:00.000,-1.2796381748946708,0.0341724405224813,-4.9998134862184775,0.0002198669232975,58348.01164472308,65.0,7102.6276376777805,0.06832762678922095,-67.55408022983127,0.06832762678922095,56.28430964409833,0.0005484933652865262,0.15975239106801334,3.5161523628630653e-05,0.15106061538461538,3.479866011159613e-06
2018-08-18,2018-08-18T12:00:00.000,-1.5575491345267416,0.0356283682006325,-5.000222995569304,0.0002303674065517,58349.01364466667,60.0,7102.287375774338,0.0712402372735562,-67.24180180807986,0.0712402372735562,56.28494254625528,0.0005707344085474803,0.15968884360257046,3.696281087680588e-05,0.15097216666666669,1.6989805295898762e-06
2018-08-19,2018-08-19T12:00:00.000,-1.7664080313398731,0.0337971889343529,-4.999583173279603,0.0002188285730244,58350.02634101492,67.0,7103.4681690766465,0.06758455660074214,-67.14598951211528,0.06758455660074214,56.28086830805083,0.0005414436102025007,0.1597900533932319,3.5155660148859064e-05,0.150965223880597,1.7324190734369955e-06
2018-08-21,2018-08-21T12:00:00.000,-1.128473705674272,0.0360831202114673,-5.0004822794015205,0.000236436821766,58351.99292579365,63.0,7102.306890983553,0.07256738820868919,-66.97988592195024,0.07256738820868919,56.287651403685224,0.000582679939937162,0.15964057150631372,3.8050568300433605e-05,0.15099238095238093,3.149413633070053e-06
2018-08-22,2018-08-22T12:00:00.000,-0.8375170583006333,0.0369116671100554,-4.999468585915913,0.0002392407277361,58353.022787827584,58.0,7102.740341397766,0.07381218651683732,-67.48894759725313,0.07381218651683732,56.27996753456443,0.0005928464525427761,0.1598057942666162,3.840372205352716e-05,0.15116999999999997,6.03979543168694e-06
2018-08-23,2018-08-23T12:00:00.000,-2.051472654028613,0.0457839127431691,-4.998160563463767,0.0002968518200968,58354.10508845455,44.0,7103.975328735345,0.08715610481717584,-67.69944698613725,0.08715610481717584,56.27616008054286,0.000700402075252774,0.1600095458484406,4.5842916496832107e-05,0.1514515909090909,5.593177490627444e-06
2018-08-24,2018-08-24T12:00:00.000,-1.5991118442982344,0.0498928075681425,-4.998921211214477,0.000329070360496,58354.92789166667,30.0,7103.42005744621,0.10618816210195581,-66.8747717091928,0.10618816210195581,56.27848297644955,0.0008548436935680131,0.15988724774814775,5.620203454123099e-05,0.1513326666666667,1.6562895336132863e-06
2018-08-25,2018-08-25T12:00:00.000,-1.7346440756145407,0.0361643442177607,-4.997381356218828,0.0002332746271723,58356.023482728815,59.0,7103.838353751117,0.07232321808115708,-67.03090635386722,0.07232321808115708,56.28059940021576,0.0005795193638142185,0.1601446495863609,3.783436015905839e-05,0.15118999999999996,3.644485626056531e-18
2018-08-28,2018-08-28T12:00:00.000,-2.684354486597851,0.0517379542093659,-5.00054319667848,0.0003358094588473,58359.08715127587,29.0,7104.508632499057,0.10348222499430161,-68.26095882247499,0.10348222499430161,56.28258620689656,0.0008356290217967333,0.1596344827586207,5.3851648071345046e-05,0.15094689655172414,1.4974073057716205e-06
2018-08-29,2018-08-29T12:00:00.000,-3.4165392415041365,0.0392311485276968,-5.001709604208745,0.0002560100929067,58360.03923235294,51.0,7102.853660332965,0.07842756680074918,-67.59992720898832,0.07842756680074918,56.29795261806394,0.0006296807247827214,0.1594465724467151,4.0864056638923695e-05,0.151388431372549,1.124895654949912e-05
2018-08-30,2018-08-30T12:00:00.000,-3.5786230945522135,0.0329176452654547,-5.001934079173079,0.0002149241153693,58361.02466890278,72.0,7102.667726488813,0.06582247300247503,-67.89645083895851,0.06582247300247503,56.29623162819603,0.0005284018563077486,0.1594103727226874,3.4386822938057406e-05,0.15135722222222223,8.62680935688598e-06
2018-08-31,2018-08-31T12:00:00.000,-2.353055387188524,0.0347341510451956,-5.0024969472149605,0.0002318221472491,58362.01318466667,72.0,7101.207061658123,0.06938302012171763,-67.86016254685836,0.06938302012171763,56.30227684094339,0.0005571993373784137,0.1593217461111563,3.693721654373741e-05,0.15109458333333334,3.261775945113043e-06
2018-09-01,2018-09-01T12:00:00.000,-2.579135185404721,0.0360959695497879,-5.000973258547384,0.0002366135760962,58363.02908877419,62.0,7102.274730249062,0.07215507584814733,-66.85190050257539,0.07215507584814733,56.299894139503316,0.0005784639753628981,0.1595637255068032,3.792597537543342e-05,0.15106467741935495,3.5678639542387816e-06
2018-09-02,2018-09-02T12:00:00.000,-2.63033371244685,0.055146351255029,-5.000603772390769,0.0003593274719868,58364.09914288462,26.0,7102.214269735311,0.1102727622684069,-67.70497422512521,0.1102727622684069,56.29362165337041,0.0008854566738065796,0.1596263478945297,5.753017106221616e-05,0.15097923076923078,1.3499945211385997e-06
2018-09-03,2018-09-03T12:00:00.000,-1.5685187597262054,0.0329359625435146,-4.999228350356235,0.0002134886791786,58365.035762478874,71.0,7101.978189914477,0.06585589409201198,-67.56259843427004,0.06585589409201198,56.29470337961802,0.0005285712161899576,0.15984503730779348,3.440627722694945e-05,0.15098661971830982,1.0217683407339164e-06
2018-09-04,2018-09-04T12:00:00.000,-0.9550764067465332,0.0368120395050406,-4.999972259641956,0.0002390398659728,58366.011116210524,57.0,7101.814132032265,0.07361570250326348,-67.59572244854314,0.07361570250326348,56.28979246425803,0.0005914640114497032,0.1597269350217129,3.834814908615279e-05,0.1510780701754386,2.6542465678250223e-06
2018-09-06,2018-09-06T12:00:00.000,-0.3861094339175971,0.0371695462021442,-5.0001293044693105,0.0002422740158145,58367.99704726786,56.0,7103.2550519245115,0.07430694657099625,-67.26916851387709,0.07430694657099625,56.28321041495165,0.0005960822734825968,0.1597006941420018,3.8909649989691685e-05,0.15112482142857142,6.737697508632685e-07
2018-09-07,2018-09-07T12:00:00.000,-1.93928938113577,0.0361629723573781,-5.000501067430407,0.0002348958352954,58369.029791166664,60.0,7103.025287370804,0.07178361891790011,-66.78632541883536,0.07178361891790011,56.27932164770555,0.000576207957129898,0.15964058537960188,3.7435847889345516e-05,0.15128366666666668,2.3163221708662186e-06
2018-09-08,2018-09-08T12:00:00.000,-1.8976245721019784,0.0300250984320022,-4.999634549306135,0.0001960955335872,58370.04643463217,87.0,7102.626233181673,0.060003786729700095,-67.23005494644566,0.060003786729700095,56.28727817230413,0.0004818453183187279,0.15977895643019085,3.146616393726214e-05,0.1511797701149425,4.524952387120015e-06
2018-09-09,2018-09-09T12:00:00.000,-1.9576652182670116,0.0298483732481677,-4.999812681627853,0.0001950457374118,58371.040492505745,87.0,7101.756729055035,0.059964421737072844,-67.42263119240539,0.059964421737072844,56.29504383604945,0.00048142266386534503,0.15975777453504988,3.1409465461879364e-05,0.15135298850574713,7.278980629803528e-06
2018-09-10,2018-09-10T12:00:00.000,-1.838724220507877,0.0402360644974391,-4.999159344172258,0.0002622947001575,58371.96376087499,48.0,7101.762824344169,0.08042041948626044,-67.2860025369225,0.08042041948626044,56.3002163249608,0.0006464458300330443,0.15985926127447658,4.207200242514167e-05,0.15144270833333334,3.7866364419807687e-06
2018-09-11,2018-09-11T12:00:00.000,-2.0864692069608473,0.0342671994555612,-4.9989393851206,0.0002234846103233,58373.04106835293,68.0,7101.240490476101,0.06764448250244864,-67.37893703092436,0.06764448250244864,56.29940773809554,0.0005433129788004771,0.1598796619762174,3.5483040653612975e-05,0.15136941176470592,4.083642356579771e-06
2018-09-12,2018-09-12T12:00:00.000,-2.190796173842039,0.0529873032920258,-5.000421943740876,0.0003471910685718,58373.95515730768,26.0,7100.989457952224,0.10934735912269665,-66.9149703855883,0.10934735912269665,56.30037998397279,0.0008816430673521592,0.15967261155594023,5.723560346727503e-05,0.15147576923076922,9.880948137444596e-07
2018-09-16,2018-09-16T12:00:00.000,-0.8886762694555544,0.0498295268845087,-4.9998797672001905,0.0003253513899328,58378.056602749995,32.0,7104.201201201989,0.09963204844336525,-66.06176486392555,0.09963204844336525,56.278102275065216,0.0007992635447332875,0.15974320222102814,5.207154174239912e-05,0.15118375,1.781966112417716e-06
2018-09-17,2018-09-17T12:00:00.000,-3.031352838521217,0.0368652650080499,-4.999002728923396,0.0002421503523125,58379.01625408475,59.0,7102.814522082786,0.07371249860989076,-67.78339428461567,0.07371249860989076,56.28567743393922,0.0005914539369374809,0.15988015358036403,3.895095844448593e-05,0.1510472881355932,4.2759197470148745e-06
2018-09-18,2018-09-18T12:00:00.000,-3.224689701026098,0.0349513432988672,-4.9999846660484915,0.0002297058512245,58380.03041768657,67.0,7101.657746650692,0.06942875861605666,-66.85998886648379,0.06942875861605666,56.299585272918605,0.0005577658817412855,0.15971834948242547,3.667846370872179e-05,0.1509383582089552,2.2666741319223525e-06
2018-09-19,2018-09-19T12:00:00.000,-3.207895559835233,0.0328848670035967,-5.001963334218201,0.0002178496124494,58381.036076519995,75.0,7101.412593829083,0.0661005188684922,-67.56153684498152,0.0661005188684922,56.294760963122854,0.0005313038360070686,0.15940592014820965,3.491699825086503e-05,0.15081373333333334,4.927486186700102e-06
2018-09-20,2018-09-20T12:00:00.000,-2.6899849271038376,0.0373709215933901,-5.000618840154573,0.0002474548769823,58382.03104737288,59.0,7100.92271603173,0.07470381569991692,-66.7545823683649,0.07470381569991692,56.30289603033426,0.0006005880836424828,0.15962692233922895,3.961602609130554e-05,0.15070050847457628,2.0287778912298834e-06
2018-09-21,2018-09-21T12:00:00.000,-2.475324285205298,0.0334993803441559,-5.001100705192807,0.000222535596872,58383.03062351389,72.0,7101.892449442922,0.06697417428622968,-67.29467298489575,0.06697417428622968,56.30049608331973,0.0005366378238592795,0.15954649304390348,3.5729267715900775e-05,0.15074277777777778,7.717179538163092e-07
2018-09-22,2018-09-22T12:00:00.000,-1.4141136994458767,0.0345747996555581,-5.0015042807882635,0.0002302931265282,58384.03240301429,70.0,7101.690867817808,0.06830881805518679,-67.4682462728682,0.06830881805518679,56.302130934307044,0.000547818762866545,0.15947357391040848,3.641623333526238e-05,0.1506314285714286,2.1369829769363637e-06
2018-09-23,2018-09-23T12:00:00.000,-1.945000795321823,0.0345421741029227,-5.001756886447531,0.000233353648243,58385.01888960273,73.0,7101.9062793974745,0.06981629448481232,-67.47763012790251,0.06981629448481232,56.29567137189871,0.0005607736119706917,0.1594452035089508,3.767329988854821e-05,0.15056575342465756,5.825274348030062e-07
2018-09-25,2018-09-25T12:00:00.000,-3.255675830467247,0.0766888727847897,-5.003787301454483,0.0005308162452933,58387.0221178125,16.0,7099.931223381682,0.15722515545412621,-68.43758015881967,0.15722515545412621,56.31244621750514,0.0012634406854763972,0.1592004842423212,8.655161966079776e-05,0.150459375,1.9673771668559844e-05
2018-09-26,2018-09-26T12:00:00.000,-2.4484816031101824,0.0650041175126228,-5.002361075448435,0.0004464073191977,58387.95071057143,21.0,7101.463425951903,0.1342698552486101,-67.76550137273581,0.1342698552486101,56.305341145301725,0.0010787299335961438,0.15937190404565296,7.3377232997692e-05,0.15064047619047619,2.884786901116466e-06
2018-09-27,2018-09-27T12:00:00.000,-1.5171536225594264,0.0397821230699569,-5.002097236664144,0.0002669955638715,58389.03222503702,54.0,7101.271576859694,0.07954757041178197,-67.33526407943239,0.07954757041178197,56.29772136477289,0.0006407014247420736,0.15938633933609492,4.261833707031089e-05,0.15087037037037038,5.975508849227412e-06
2018-09-29,2018-09-29T12:00:00.000,-0.7860585645370564,0.0351404202068183,-5.001114247754278,0.0002362373149162,58391.01557142646,68.0,7101.313412402233,0.07067214316557627,-67.47110703294474,0.07067214316557627,56.29620930945436,0.0005674758169825145,0.1595581996120526,3.8053627631756717e-05,0.15119764705882355,1.6907231136430156e-06
2018-10-01,2018-10-01T12:00:00.000,-1.1679276804707726,0.0545385579388349,-5.001482722226629,0.0003679350747062,58392.931036689646,29.0,7101.330714412986,0.10898349647203918,-67.49747374352327,0.10898349647203918,56.29422869082076,0.0008760791503058261,0.15948581565168446,5.871112234201419e-05,0.1508906896551724,1.4831595288019365e-06
2018-10-02,2018-10-02T12:00:00.000,-2.2740262867164964,0.039996480807467,-4.999787582118332,0.0002678928030961,58393.98780590566,53.0,7101.595532689076,0.07997419638841544,-66.91309184564119,0.07997419638841544,56.29389171124807,0.0006438644261580601,0.15975244004889474,4.2899961708624077e-05,0.15106716981132076,5.601532540209355e-06
2018-10-03,2018-10-03T12:00:00.000,-2.032005439036217,0.0396272704890098,-5.0006424583936235,0.0002651252398057,58395.01035577359,53.0,7101.744842393831,0.07925069112364877,-67.13271014245302,0.07925069112364877,56.290811272910474,0.0006348760488435522,0.15961704065972673,4.265611367869443e-05,0.1512830188679245,1.8776994242287413e-06
2018-10-06,2018-10-06T12:00:00.000,-3.5067850297959864,0.0440105992846781,-5.001200739326726,0.0002958904738285,58397.97056876744,43.0,7101.7348757247455,0.08873387962529806,-67.55614945935382,0.08873387962529806,56.295080143718465,0.0007115577996321677,0.15952267023144717,4.782911357830812e-05,0.1509118604651163,1.1164636244630276e-06
2018-10-07,2018-10-07T12:00:00.000,-2.9113175433623004,0.1473080781038065,-4.999764908769481,0.0009927992135984,58399.1030056,5.0,7099.898993753391,0.2645168238005443,-67.53614354110627,0.2645168238005443,56.30167083222074,0.0021283966021698516,0.15960103533278555,0.00014217930512877824,0.150996,1.4000000000002898e-05
2018-10-08,2018-10-08T12:00:00.000,-1.7643045157248427,0.0329193386934295,-5.000042667593194,0.0002196746664443,58400.029590540544,74.0,7101.725641526366,0.06611165811890328,-66.90993941548534,0.06611165811890328,56.29623547520474,0.0005308300415788581,0.15973829180391713,3.533466357495456e-05,0.15088459459459455,3.7170827975510298e-06
2018-10-10,2018-10-10T12:00:00.000,-1.7231226697773023,0.0421304051560359,-4.999127596858634,0.0002784985566188,58401.99379785714,42.0,7101.734715365925,0.08498276018009591,-67.22084381827602,0.08498276018009591,56.291954257501004,0.0006838696359684135,0.15985344618025452,4.526741451107152e-05,0.15098357142857144,2.6358871583708537e-06
2018-10-11,2018-10-11T12:00:00.000,-1.8240741848145907,0.0347273617777885,-4.997775701620457,0.0002287751625847,58403.029274095235,63.0,7103.250879343279,0.0694284824521497,-66.331031982056,0.0694284824521497,56.28507946605176,0.0005580460265804497,0.16008001652282697,3.6920923528852146e-05,0.15125174603174607,2.17677169208662e-06
2018-10-12,2018-10-12T12:00:00.000,-2.091417015926103,0.0334987300548324,-4.997873183992887,0.0002209759875119,58404.023761705874,68.0,7102.361379154815,0.06695539324462733,-67.2638951961692,0.06695539324462733,56.2880104258048,0.0005388918812261066,0.16006836145713216,3.5659720298769576e-05,0.15145426470588233,1.8776932833431656e-06
2018-10-13,2018-10-13T12:00:00.000,-1.538602837908003,0.0345002681709487,-4.996311736095543,0.0002275493104331,58405.04339115624,64.0,7102.3973044062,0.06896708309837346,-66.97006296620508,0.06896708309837346,56.283950843146734,0.0005547079323923827,0.16031460690602795,3.678960946244123e-05,0.1514096875,2.3034733736976984e-06
2018-10-15,2018-10-15T12:00:00.000,-1.8332669814156113,0.035365830775285,-4.996988351733283,0.0002337485730816,58407.03925909678,62.0,7102.279720286007,0.07022890725026987,-67.56901937266848,0.07022890725026987,56.289159058183465,0.0005640658401463777,0.1601977816689329,3.7432291527833974e-05,0.15097274193548388,4.489657630518844e-06
2018-10-16,2018-10-16T12:00:00.000,-1.8353687052141647,0.0630646269439931,-4.99732450983119,0.0004182317087867,58407.97266394737,19.0,7102.422093062561,0.12860835234408943,-67.19856910574693,0.12860835234408943,56.285893758721336,0.0010331704099763273,0.1601944824880757,6.853607998223512e-05,0.1512115789473684,1.3897350454171497e-05
2018-10-17,2018-10-17T12:00:00.000,-1.688169697273316,0.0632893021758087,-4.997781125800778,0.0004169069102992,58408.98584284211,19.0,7101.689441966945,0.1265789785504478,-66.51684159686128,0.1265789785504478,56.2925250478764,0.0010141318927508571,0.1600752319328724,6.687758398104702e-05,0.15159315789473687,1.095613683930639e-06
2018-10-18,2018-10-18T12:00:00.000,-1.8640456299479091,0.0610748088916766,-4.997434862561875,0.0004054013327057,58410.10189266666,21.0,7102.94081696837,0.1220973446116106,-66.96956332510362,0.1220973446116106,56.28434625644151,0.0009784287279640596,0.16013427476196057,6.519628247432554e-05,0.15118142857142855,5.618240458572771e-06
2018-10-20,2018-10-20T12:00:00.000,-1.4459001460908,0.0686568514988136,-4.999741349480139,0.0004626728341302,58411.90685235294,17.0,7101.269685436834,0.14072804981282147,-68.15154061398427,0.14072804981282147,56.30597424272777,0.0011304571996053547,0.1597662398947829,7.623165870068836e-05,0.15108823529411766,3.455100036609297e-06
2018-10-26,2018-10-26T12:00:00.000,-1.584296219849019,0.0635591596802073,-4.998659899748548,0.000423395862208,58417.913221523806,21.0,7102.426168513272,0.12687342619526254,-67.07808788550132,0.12687342619526254,56.29224414813202,0.0010179458632750438,0.1599373913444654,6.801316628852418e-05,0.15052999999999997,6.206335383118183e-18
2018-10-28,2018-10-28T12:00:00.000,-0.8802758764053478,0.0575225089662731,-4.998721048847869,0.0003768864852527,58420.085969260865,23.0,7103.390007336088,0.1150387609236744,-67.13112923618641,0.1150387609236744,56.28194157381465,0.0009227686179101339,0.15992594116497263,6.081685936573679e-05,0.1508230434782609,1.323963179796693e-06
2018-10-29,2018-10-29T12:00:00.000,-0.1746007114246488,0.0529948238499493,-4.9983287566894585,0.0003462147628602,58421.076044814814,27.0,7104.981290382613,0.10597769705074749,-67.0855910735953,0.10597769705074749,56.27789560591787,0.0008509461030164135,0.15999058077353562,5.601490376764913e-05,0.15067925925925924,3.287112273927234e-06
2018-10-30,2018-10-30T12:00:00.000,-1.6964640674350695,0.0561972793897315,-4.999840711640636,0.0003728269492784,58422.07770176923,26.0,7102.675383258657,0.11222374565785471,-67.38241548758181,0.11222374565785471,56.28479948468711,0.0009018249780377827,0.15974329571371537,5.963418765520095e-05,0.15072384615384615,6.681246384802467e-06
2018-10-31,2018-10-31T12:00:00.000,-2.4326119826914243,0.0353934244105778,-4.999481618482048,0.0002331881885108,58423.026015206364,63.0,7103.213750939072,0.0706552118718149,-67.03930405571694,0.0706552118718149,56.277692027369454,0.0005680190490345088,0.15980651818956126,3.7455632437870004e-05,0.15084873015873024,7.997715845209074e-07
2018-11-01,2018-11-01T12:00:00.000,-2.2225055174849895,0.0366132005694951,-4.999771814334743,0.0002408922682554,58424.01975707017,57.0,7103.794798070206,0.07321652076855144,-66.46303411106666,0.07321652076855144,56.27771040013844,0.0005882030966384586,0.1597603815837654,3.8788208006844044e-05,0.15073649122807017,1.426811561653271e-06
2018-11-02,2018-11-02T12:00:00.000,-2.1230949423634353,0.0351935117500127,-4.999425009628261,0.000231565332597,58425.02606495161,62.0,7102.162068552892,0.07033718130588805,-67.01943694194547,0.07033718130588805,56.27838931383937,0.0005651052585740075,0.1598141959592937,3.729487466886501e-05,0.1509491935483871,5.0134582866948025e-06
2018-11-03,2018-11-03T12:00:00.000,-2.1427693560011285,0.0336446541710244,-5.0004271509438,0.0002218297722058,58426.03544305882,68.0,7102.672377796959,0.06724713858814131,-67.21518108463879,0.06724713858814131,56.28078632142227,0.0005404525016969965,0.159652903969273,3.562778183893145e-05,0.15117279411764714,7.509311818200565e-07
2018-11-04,2018-11-04T12:00:00.000,-2.0787100759459505,0.0344613390269757,-4.999288713677089,0.0002267134569531,58427.03424056923,65.0,7102.433730301974,0.06888344310762588,-67.01677703231051,0.06888344310762588,56.28318110245598,0.0005534746293851594,0.15983554321118265,3.649709605198029e-05,0.15081415384615388,5.988339260645594e-06
2018-11-05,2018-11-05T12:00:00.000,-1.1400977528904663,0.0671146809071702,-5.001081830900564,0.0004457188799586,58427.931321388896,18.0,7102.27125520062,0.1340184583197555,-66.36473580835397,0.1340184583197555,56.29721627127567,0.001077677606441332,0.1595507479805118,7.109934238610703e-05,0.15057333333333334,1.1433239009480291e-06
2018-11-06,2018-11-06T12:00:00.000,-2.054754241762315,0.0447977419830196,-4.999334568604984,0.0002961016862722,58429.02307887501,40.0,7101.963630679548,0.0895254602474723,-67.02474602308085,0.0895254602474723,56.28533593499046,0.0007196991752548422,0.1598345169922426,4.7580432964925206e-05,0.1504835,4.757585037034076e-06
2018-11-07,2018-11-07T12:00:00.000,-0.253065216200927,0.0499995648636323,-4.998777549154219,0.0003273520169655,58430.005039757576,33.0,7101.09720236065,0.09984083838358122,-67.02170206413656,0.09984083838358122,56.292216729281314,0.0008018857656071712,0.15992404748531464,5.272745547681798e-05,0.1504563636363636,4.326148950082704e-06
2018-11-08,2018-11-08T12:00:00.000,-0.5096754873032852,0.0325994100567398,-4.999876101809721,0.000215265560018,58431.03280772972,74.0,7102.13914087473,0.0651170736418525,-66.95727054438488,0.0651170736418525,56.29232259264484,0.0005227512586591832,0.15974511842183364,3.4529946674805415e-05,0.1508051351351351,4.618922027664012e-06
2018-11-09,2018-11-09T12:00:00.000,-1.2784440211791606,0.0448559819287367,-4.999937043242198,0.0002953518204431,58431.98790136841,38.0,7102.6808699196345,0.08968298588050744,-66.48933797004564,0.08968298588050744,56.28772682578834,0.0007199382946117483,0.15973040981521894,4.745136486164303e-05,0.15099026315789477,2.6315789473637483e-07
2018-11-10,2018-11-10T12:00:00.000,-1.1705561834082912,0.0333246623623615,-5.000309912151567,0.000220755757522,58433.02888705715,70.0,7101.98889109883,0.06659968047782702,-66.75211876210994,0.06659968047782702,56.28205295925944,0.0005347522595201904,0.1596717856847177,3.537909384688677e-05,0.15083842857142854,2.207044192987935e-06
2018-11-11,2018-11-11T12:00:00.000,-2.0466390973289657,0.0373980764506273,-4.998765228079207,0.0002470429815222,58434.01942585454,55.0,7103.754120740992,0.07477614675240014,-66.69034595389955,0.07477614675240014,56.28200071104576,0.0005999677571337107,0.15992346147513667,3.97169808309732e-05,0.15085981818181818,2.16322039970548e-06
2018-11-12,2018-11-12T12:00:00.000,-3.9687498325363553,0.0534012359706223,-4.999036604981554,0.0003526072435635,58435.08692725926,27.0,7103.237015714823,0.10677256203927026,-67.38476409261942,0.10677256203927026,56.277845373872175,0.0008571731934087588,0.1598778358522241,5.663503561953918e-05,0.15098,0.0
2018-11-14,2018-11-14T12:00:00.000,-2.755993354772183,0.0351942584422785,-5.001076928071661,0.0002339135893378,58437.02300395313,64.0,7103.819407124611,0.07030076675518679,-66.51255680562166,0.07030076675518679,56.275347175117474,0.0005632737217859085,0.15955246794677522,3.726560958466708e-05,0.15090078125,2.59066440101603e-06
2018-11-15,2018-11-15T12:00:00.000,-1.3967321731008,0.0634857012496504,-4.9978292786300385,0.0004202275540376,58438.127616499994,20.0,7102.049363699633,0.1269083706972555,-66.57805157621021,0.1269083706972555,56.277269922130145,0.0010192563614969867,0.16006977685373913,6.782969451901915e-05,0.1511145,1.1413288653801647e-06
2018-11-16,2018-11-16T12:00:00.000,-2.291425817851112,0.0674799833516452,-4.998382702968732,0.0004460558237291,58439.02306464706,17.0,7103.005377545298,0.13494206076355209,-66.77894356070169,0.13494206076355209,56.281677638288365,0.001081224890599769,0.15997775458871516,7.173199610916716e-05,0.15111411764705882,1.2303823919631064e-06
2018-11-19,2018-11-19T12:00:00.000,-1.839142315769632,0.0407699122349021,-4.998963692175968,0.0002698862765735,58442.05640551062,47.0,7103.401501539618,0.08145600338626291,-67.31683778571151,0.08145600338626291,56.28146571041432,0.0006540765898335657,0.15988687729688972,4.334327850210767e-05,0.15055382978723403,7.582742416926426e-06
2018-11-23,2018-11-23T12:00:00.000,-1.7057314860740962,0.0535325346434495,-4.998828771918373,0.0003545807085594,58446.04535503703,27.0,7103.854421499776,0.10706587273345758,-67.66392547501067,0.10706587273345758,56.27889795349005,0.0008572654366555909,0.15990703695754818,5.699926463967653e-05,0.15101296296296296,8.955118886309862e-07
2018-11-25,2018-11-25T12:00:00.000,-1.2580273207996278,0.0373624635703831,-4.9978649459166355,0.0002470934442613,58448.03149605263,57.0,7103.218074507662,0.07464578441611634,-66.64963699828229,0.07464578441611634,56.27570951588517,0.0005984781602298656,0.16006634383485735,3.9723987215801205e-05,0.15096894736842104,4.7604535448608595e-06
2018-11-26,2018-11-26T12:00:00.000,-1.0590950979273448,0.036152076789427,-4.998845187368887,0.0002392084149041,58449.040906099995,60.0,7103.616133127517,0.07225725541370621,-67.36782325551923,0.07225725541370621,56.27674859328254,0.00057871578141891,0.15991014066858608,3.837571485232364e-05,0.15076316666666661,6.056078175056306e-07
2018-11-28,2018-11-28T12:00:00.000,-0.7836754888804383,0.0489264313093359,-4.998846957109972,0.0003243032460768,58451.01876390625,32.0,7104.719458119459,0.09782984115398517,-66.81125230129784,0.09782984115398517,56.27360348615241,0.0007832146124069568,0.15990534462952324,5.2126657263560616e-05,0.15093374999999998,2.3653240929134926e-06
2018-11-29,2018-11-29T12:00:00.000,-1.259001155785331,0.0403798942177728,-4.99778283417936,0.0002675052525812,58452.04529469388,49.0,7103.480970106318,0.08070040150717023,-67.03150052716731,0.08070040150717023,56.27099985891601,0.0006487130155714004,0.16007764167970834,4.33256529376162e-05,0.15095428571428574,3.5475391489887026e-06
2018-11-30,2018-11-30T12:00:00.000,-2.432026543777758,0.0464059768604241,-4.99959634627973,0.0003081529060338,58453.020087916666,36.0,7102.682590198246,0.0928160165633605,-67.10476499546066,0.0928160165633605,56.27281048988438,0.0007438210666649684,0.1597852160223326,4.956721844148316e-05,0.15096444444444446,1.844960723307101e-06
2018-12-01,2018-12-01T12:00:00.000,-2.680178338541902,0.0393515458332168,-4.998619733474804,0.0002610647170388,58454.069310529405,51.0,7102.014807894077,0.07863239131706365,-67.6984615396016,0.07863239131706365,56.28243434602089,0.0006301610989318711,0.15994290113591356,4.198881110934558e-05,0.15071470588235295,1.8009352946204918e-06
2018-12-02,2018-12-02T12:00:00.000,-2.0212311374243663,0.0356866577470223,-4.9993611515436305,0.0002371457855714,58455.043616258066,62.0,7103.126898040638,0.07132888440313041,-67.7407509301256,0.07132888440313041,56.28033686383079,0.0005717731310151809,0.15982280641220653,3.804422314790524e-05,0.1506959677419355,1.2898267159321777e-06
2018-12-03,2018-12-03T12:00:00.000,-0.5132941098375775,0.0376348071054169,-4.998409758105197,0.0002455125147319,58456.02935005357,56.0,7103.921109135533,0.07521795048985028,-67.2525861183696,0.07521795048985028,56.272149113887,0.0006033181999354653,0.15997751106340533,3.955594992747321e-05,0.15050071428571427,4.463831145688008e-06
2018-12-05,2018-12-05T12:00:00.000,-0.912374148787778,0.0504453337816284,-4.99650541903302,0.0003342680056263,58458.10314675,32.0,7104.078528444856,0.10079597221565348,-67.79573988702725,0.10079597221565348,56.274496562455084,0.0008093147507734187,0.16028157288591924,5.414747852123179e-05,0.15109,0.0
2018-12-08,2018-12-08T12:00:00.000,-1.436977650077596,0.0595064856312682,-4.997538868013938,0.0003964242816218,58460.966898624996,24.0,7103.277390881775,0.1189135260153843,-66.54899051486831,0.1189135260153843,56.26296673506113,0.0009536837808956318,0.16011745229858568,6.409039041220303e-05,0.15106208333333335,1.994482122557738e-06
2018-12-09,2018-12-09T12:00:00.000,-1.828045899023908,0.0865592694986828,-4.998846545702087,0.0005848325965323,58462.03226066666,12.0,7102.693033863043,0.17313025200593393,-67.39614014353972,0.17313025200593393,56.28235833333333,0.0013856406460551016,0.15990816717667905,9.476284492811192e-05,0.15116833333333332,5.341849261759138e-06
2018-12-11,2018-12-11T12:00:00.000,-1.940210480374939,0.035398256596261,-5.000167743743007,0.0002368476872371,58464.04280667165,67.0,7104.259436352181,0.0707021265789541,-67.37421696059525,0.0707021265789541,56.28045212022018,0.0005664484224817772,0.15969224176324076,3.790619380593666e-05,0.15126582089552237,1.3306608290741227e-06
2018-12-12,2018-12-12T12:00:00.000,-1.047303977158487,0.0501241707015811,-4.997498149763189,0.0003327533243731,58465.09750134376,32.0,7102.593017780735,0.10018866213690678,-66.93704372895463,0.10018866213690678,56.27821160475303,0.0008051200450862046,0.16012586234858475,5.367065459255684e-05,0.1512284375,1.2786534468338339e-06
2018-12-13,2018-12-13T12:00:00.000,-2.662937381087126,0.0441556757478377,-4.997011776259385,0.0002924532849707,58466.06998368294,41.0,7103.057717812947,0.08825107197044255,-67.31451620556942,0.08825107197044255,56.27705296710181,0.0007101054375190205,0.1602008946968928,4.7290060643791925e-05,0.15120512195121952,8.640482723871252e-07
2018-12-14,2018-12-14T12:00:00.000,-1.6821465679163403,0.0442706599238047,-4.997793278939939,0.000293467673291,58467.01639350001,40.0,7103.37973385515,0.08852111697697082,-67.15268806978978,0.08852111697697082,56.27349530787549,0.0007117390465426345,0.16007794297832229,4.758543088802754e-05,0.15113175,1.5143543940467831e-06
2018-12-15,2018-12-15T12:00:00.000,-3.2749275195257948,0.0379904277416566,-4.997879379051523,0.0002522991640224,58468.04448785454,55.0,7103.442856241894,0.07594622514974848,-66.79037984320644,0.07594622514974848,56.2737738536828,0.0006099679374048368,0.16006318328840977,4.0806747046826765e-05,0.1511878181818182,2.443860018625412e-06
2018-12-16,2018-12-16T12:00:00.000,-1.709191043920423,0.0350375731859446,-4.997167759372735,0.0002327280091424,58469.04072204546,66.0,7103.347929848308,0.0700065936932841,-67.43676146175873,0.0700065936932841,56.276435703745655,0.0005626650381689547,0.16017874433346618,3.760572512752994e-05,0.1511577272727273,2.729408643018034e-06
2018-12-17,2018-12-17T12:00:00.000,-3.418316032167962,0.0354593803320799,-4.998674256684628,0.0002365144441838,58470.03748918462,65.0,7103.129532715377,0.07085341305859488,-67.40730751313292,0.07085341305859488,56.28059837223714,0.0005686376920639775,0.15993572324098618,3.808944902614418e-05,0.1507943076923077,3.8665803737906276e-06
2018-12-18,2018-12-18T12:00:00.000,-2.644891650350647,0.0349550246256042,-4.997272362013204,0.0002328887980781,58471.04477713236,68.0,7102.772840847833,0.06983117586114858,-66.82752672149726,0.06983117586114858,56.278205707567594,0.0005603702367666228,0.16015857916290666,3.75350708966951e-05,0.15084514705882351,4.134973892239207e-06
2018-12-23,2018-12-23T12:00:00.000,-1.152068335781874,0.0658647430521845,-4.999403111512887,0.0004420128247412,58475.96858626315,19.0,7102.789552033564,0.13149102717288333,-67.36906161454301,0.13149102717288333,56.27963552021266,0.0010562482459718307,0.1598077513696335,7.084957661773775e-05,0.1503957894736842,2.2052289631527296e-06
2018-12-24,2018-12-24T12:00:00.000,-0.4670046384652333,0.119410473396609,-4.998769315672762,0.0008046546749651,58477.09093616667,6.0,7103.288886996042,0.23814291900910817,-67.22742660835843,0.23814291900910817,56.29016758839488,0.0019071585481911682,0.15992344254190513,0.0001289256752073948,0.15093833333333334,2.914523021772941e-05
2018-12-25,2018-12-25T12:00:00.000,-1.204663788386518,0.0372520475742508,-4.998816578137723,0.0002509626594179,58478.03948779032,62.0,7101.975886167375,0.07443143264685173,-66.74491655537972,0.07443143264685173,56.28491712229477,0.0005968149521828976,0.1599131303244212,4.029194887265925e-05,0.1509435483870968,8.098079285347032e-06
2018-12-26,2018-12-26T12:00:00.000,-0.8897535709997605,0.0385572552680853,-4.998898838256469,0.0002585361744407,58479.028630824556,57.0,7102.411828015192,0.07705859105845043,-67.36565123265319,0.07705859105845043,56.28899902358496,0.0006191200680973728,0.1598981535612098,4.160939447090989e-05,0.1506684210526316,2.5378028318402646e-06
2018-12-27,2018-12-27T12:00:00.000,-0.7276135638307828,0.035518344598143,-4.998170367709222,0.0002362715891153,58480.0382706,65.0,7102.887142119882,0.07097741983477608,-66.57523164085165,0.07097741983477608,56.28215506347561,0.0005695688073123819,0.16001588954351462,3.799238563148312e-05,0.15083738461538462,7.363149891959921e-07
2018-12-28,2018-12-28T12:00:00.000,-2.4200860242737585,0.0438951420234501,-4.997573267908091,0.000291990868212,58481.02205682927,41.0,7102.6125994404065,0.08776812660562935,-67.40462873731911,0.08776812660562935,56.28349661033614,0.0007060992191902846,0.16011353389439115,4.710808588267334e-05,0.15091658536585364,7.497768853148668e-07
2018-12-31,2018-12-31T12:00:00.000,-1.8933776653352203,0.0356821161785294,-4.997809906818368,0.0002387969010709,58484.04018801563,64.0,7102.034601798474,0.07129995988243316,-66.70642145627859,0.07129995988243316,56.28663787088877,0.0005730444210172578,0.1600770199444168,3.843488861595059e-05,0.15123124999999998,9.316949906258442e-07
2019-01-01,2019-01-01T12:00:00.000,-2.100368791966366,0.0511729639098031,-4.997144883795856,0.0003422266547288,58485.121007625,32.0,7102.91908674786,0.10222327517553698,-66.45391235388793,0.10222327517553698,56.281690745564205,0.0008189391325102426,0.16018363711913525,5.517983340247277e-05,0.1512,0.0
2019-01-02,2019-01-02T12:00:00.000,-2.369561387178398,0.0439775994476009,-4.996085357168803,0.0002916913938241,58486.0143940238,42.0,7103.594844541023,0.08784414695252338,-66.33274151428901,0.08784414695252338,56.27905455488189,0.0007069503940413473,0.16035681499855928,4.71272196118819e-05,0.15122119047619048,5.057601944210169e-07
2019-01-04,2019-01-04T12:00:00.000,-2.752422909435189,0.0543314235731111,-4.997183593474423,0.0003636139501655,58488.11537275,28.0,7102.377945273618,0.1086011173184917,-66.16060794492903,0.1086011173184917,56.28765034120914,0.0008708940025293727,0.16017293120213713,5.8895683608141575e-05,0.15113285714285715,1.2447926302666247e-06
2019-01-10,2019-01-10T12:00:00.000,-3.090615281755934,0.0388539862469139,-4.998572832015593,0.0002608234444163,58494.04517060378,53.0,7102.321847506337,0.07766872209779967,-67.02216656593286,0.07766872209779967,56.291485594291466,0.0006246661192819507,0.15995117577948892,4.190740654785967e-05,0.15073679245283023,6.472889149782312e-07
2019-01-11,2019-01-11T12:00:00.000,-2.0969841344455,0.0403397308744105,-4.999772847273053,0.00027060258397,58495.049036653065,49.0,7101.755947577606,0.08064798765411808,-67.24162576996164,0.08064798765411808,56.290726145935544,0.0006488096152263995,0.15976146970101926,4.339184486983533e-05,0.15074755102040815,8.002238337418913e-07
2019-01-12,2019-01-12T12:00:00.000,-1.7583081410998034,0.0515980975148717,-4.999073103097098,0.0003480109633554,58496.1208655484,31.0,7103.415700365244,0.10304100543574678,-66.59175975566028,0.10304100543574678,56.27984674061268,0.0008276339876960703,0.15987122563722553,5.5823261210610844e-05,0.1506612903225806,1.3711258605841744e-06
2019-01-13,2019-01-13T12:00:00.000,-1.5885596530015174,0.0397914049860067,-5.000052882081143,0.0002691874827607,58497.019796057684,52.0,7101.870966291749,0.07953955168242155,-66.79645127136814,0.07953955168242155,56.295435601144426,0.0006385326699780656,0.1597116831938411,4.3156136638855915e-05,0.15062173076923074,5.297452250654891e-07
2019-01-15,2019-01-15T12:00:00.000,-1.5450013857298812,0.0468023045477989,-5.001322854182781,0.0003164302393688,58498.983223405405,37.0,7102.955791129638,0.09348600512093834,-67.22126742715061,0.09348600512093834,56.294030395218144,0.0007516104304862866,0.15951099801422183,5.04914646913716e-05,0.15075837837837838,2.8080085361270402e-06
2019-01-16,2019-01-16T12:00:00.000,-2.18086142713754,0.1289916731826594,-5.001494384465976,0.0008745008919723,58500.132572250004,4.0,7104.084198857893,0.2884708424172026,-67.14603622020422,0.2884708424172026,56.28484202218918,0.0023122002852227854,0.15957023555665753,0.00015620594593437112,0.15103,0.0
2019-01-18,2019-01-18T12:00:00.000,-1.3674102803916968,0.0366521035073641,-4.999208156595519,0.0002421432962073,58502.059917189654,58.0,7102.38554703994,0.07327840699844233,-66.88777701257308,0.07327840699844233,56.282877741159446,0.0005876809421397693,0.15985050934189887,3.8895787189061595e-05,0.1509806896551724,1.6102753268567032e-06
2019-01-19,2019-01-19T12:00:00.000,-0.7538853045155007,0.084125410691073,-4.999791472412529,0.000570002055594,58502.933002166676,12.0,7102.004643594396,0.16812244751197802,-67.3954933379938,0.16812244751197802,56.30117619681559,0.0013509185743618046,0.15974679172537165,9.158417997497948e-05,0.15106,0.0
2019-01-20,2019-01-20T12:00:00.000,-1.0211912986397311,0.0415867946006549,-5.00006284493159,0.0002799868208736,58504.0084334,45.0,7101.840102590682,0.08310384157890215,-66.90293552245333,0.08310384157890215,56.30062558930182,0.0006663846979212284,0.1597158278455672,4.511833998111817e-05,0.15110577777777776,8.697433087516114e-07
2019-01-21,2019-01-21T12:00:00.000,-1.0700555782546812,0.0345789665493906,-4.999230071713706,0.0002326164711558,58505.04618716666,66.0,7101.767194782524,0.06909282070296255,-66.97979359407148,0.06909282070296255,56.29457273673415,0.00055453819692701,0.1598464824396022,3.7434376509375334e-05,0.15132378787878792,2.89493691542604e-06
2019-01-22,2019-01-22T12:00:00.000,-0.1723804653874499,0.0351724228037003,-4.996564686765545,0.0002337193017168,58506.056026796876,64.0,7103.6462222802575,0.07027220121841941,-67.21163798540266,0.07027220121841941,56.28882401409849,0.000563536907800231,0.16027667626135425,3.772136775009932e-05,0.1516046875,2.781464567253463e-06
2019-01-23,2019-01-23T12:00:00.000,-1.167981055169954,0.0356272547827067,-4.997608298434892,0.0002381427021075,58507.04118770491,61.0,7102.042952743543,0.07121069036059367,-67.21690940577614,0.07121069036059367,56.29350181314428,0.0005722928437756509,0.16010751064325898,3.834785150948699e-05,0.15157377049180332,2.453545827393126e-06
2019-01-24,2019-01-24T12:00:00.000,-0.3591446094423521,0.0341843042408266,-4.996212009523532,0.0002281481039001,58508.048981880595,67.0,7102.674955083775,0.06830082404077335,-66.83918051194682,0.06830082404077335,56.290252281632526,0.0005482901279863938,0.1603353692943337,3.6903321070728126e-05,0.15158731343283582,2.39271933460916e-06
2019-01-25,2019-01-25T12:00:00.000,-0.5475270949237679,0.0345622099401018,-4.99548061305246,0.0002303622897158,58509.04308158462,65.0,7103.765467286354,0.06906073374359513,-66.28932231733438,0.06906073374359513,56.27536242624077,0.0005549602255794483,0.1604516219946481,3.719990918433969e-05,0.1517706153846154,1.2572276252830775e-06
2019-01-26,2019-01-26T12:00:00.000,-1.0748047110132204,0.0377863816562731,-4.994214376290268,0.000251296413239,58510.03992418519,54.0,7103.823460569082,0.07552887721370258,-65.90613695715,0.07552887721370258,56.2765134559504,0.000605576955558455,0.160655039763064,4.08596064974338e-05,0.1517757407407407,9.749429502514493e-07
2019-01-27,2019-01-27T12:00:00.000,-2.0222060492219303,0.0408750244259855,-4.994549543517593,0.0002711512868907,58511.02567645652,46.0,7102.207354819328,0.08171482867238997,-65.85672319794287,0.08171482867238997,56.28437500052478,0.0006562096514685112,0.1606018132911304,4.397624725149515e-05,0.15167217391304344,1.0728553926574059e-06
2019-01-28,2019-01-28T12:00:00.000,-1.9510178929467927,0.0435630876317728,-4.994267280967746,0.0002891404910117,58512.06121042499,40.0,7103.074119115677,0.08710369292193665,-66.0094638967178,0.08710369292193665,56.28158429665216,0.000700333418353239,0.16064630381102862,4.685850454452588e-05,0.15146275,2.506082344607147e-06
2019-01-29,2019-01-29T12:00:00.000,-2.34467524244455,0.0462928027167445,-4.997157558051266,0.0003069705083567,58513.07527208333,36.0,7102.443753519371,0.09254344032242516,-66.79456934244972,0.09254344032242516,56.28641578792699,0.0007428285377586165,0.16018650417414684,4.968290220234187e-05,0.15120777777777775,2.1862162395815708e-06
2019-01-31,2019-01-31T12:00:00.000,-2.3360927681278247,0.0441906612405937,-4.999278554215285,0.0002968380304585,58515.05539665001,40.0,7101.747872599503,0.08821439463330573,-67.01799396005352,0.08821439463330573,56.29624628254188,0.0007110775811631065,0.15983886101208392,4.7444464675400244e-05,0.15089,1.0741723110602235e-06
2019-02-01,2019-02-01T12:00:00.000,-1.7320654112606206,0.0453673230023757,-4.9990407217824755,0.0003056209118212,58516.03967407692,39.0,7101.717675676447,0.0906392801148681,-67.84228068209116,0.0906392801148681,56.30169947674324,0.0007282386207221119,0.15987721379392172,4.9050779336659835e-05,0.15086641025641026,1.7420410681974041e-06
2019-02-02,2019-02-02T12:00:00.000,-1.5330103173570324,0.0338854689766344,-4.998263396613334,0.0002272122784351,58517.04993513236,68.0,7101.767221380707,0.0677241982208029,-67.15808422647291,0.0677241982208029,56.295689597668385,0.0005433983381248703,0.16000301873741224,3.664641110323213e-05,0.15069882352941175,2.0902530162274647e-06
2019-02-03,2019-02-03T12:00:00.000,-0.8714991985984432,0.0357714636127651,-4.999231873452871,0.0002406275759991,58518.04600913115,61.0,7103.093171575693,0.07150975544182568,-66.71154366274529,0.07150975544182568,56.29388046512579,0.0005727853028843816,0.1598447675119728,3.8877224344355824e-05,0.1506218032786885,4.963361236216585e-07
2019-02-04,2019-02-04T12:00:00.000,-0.931446160422038,0.0663293140946392,-4.999358637306431,0.0004444411745251,58519.04245611764,17.0,7103.717491503077,0.13263220603180395,-66.61759159489287,0.13263220603180395,56.28439602145731,0.0010698367808198565,0.15982384504742542,7.087093204316921e-05,0.15062,0.0
2019-02-05,2019-02-05T12:00:00.000,-1.8402655896710265,0.0498278618265645,-5.0001826218548855,0.0003391693444188,58520.09910238235,34.0,7102.8665406636555,0.09963987185558894,-67.988613858915,0.09963987185558894,56.28681725450324,0.0008013950957916768,0.15969331223564492,5.47215094746526e-05,0.15070764705882353,1.5830442664776904e-06
2019-02-06,2019-02-06T12:00:00.000,-1.686437441386457,0.0418302850665385,-4.998661966486616,0.0002811164212857,58521.01063084092,44.0,7102.567879643801,0.08361778349239121,-66.7268239500872,0.08361778349239121,56.29461043511389,0.0006705608828132498,0.1599352948315781,4.548340880085198e-05,0.15072386363636361,8.733733954241188e-07
2019-02-07,2019-02-07T12:00:00.000,-1.7464875763386862,0.0347540736280175,-4.998298186678275,0.0002321775706818,58522.044235153844,65.0,7102.6227856553105,0.06945282803653163,-66.55410036015488,0.06945282803653163,56.29158653554828,0.0005575493015375346,0.16000190125060834,3.732493052889914e-05,0.15074092307692308,1.3287334361633266e-06
2019-02-08,2019-02-08T12:00:00.000,-2.1968032492450527,0.035511209544508,-4.998769134724317,0.0002396393647317,58523.055449888896,63.0,7102.167274164783,0.07095358607650634,-67.3178777376257,0.07095358607650634,56.29104075429647,0.0005698389934802082,0.15992369271719004,3.855785551065307e-05,0.15075587301587307,9.502450874980462e-07
2019-02-09,2019-02-09T12:00:00.000,-2.616245837090754,0.0340142326541839,-4.99909248759449,0.0002291309704581,58524.05749637314,67.0,7102.73913044919,0.0679927392176306,-67.24055350509067,0.0679927392176306,56.28983192254626,0.0005460248449805873,0.15986668829691247,3.679513868069948e-05,0.15062522388059701,1.5679716211585965e-06
2019-02-10,2019-02-10T12:00:00.000,-2.440888039312857,0.0330423284916443,-5.000218376038968,0.0002231451982354,58525.04911621127,71.0,7102.089366652078,0.06601933183964981,-67.13867522632272,0.06601933183964981,56.29387866622035,0.0005306764387291042,0.1596904231316416,3.570839931903751e-05,0.15049521126760562,1.0588166761552873e-06
2019-02-11,2019-02-11T12:00:00.000,-2.388845533607756,0.0446499086474414,-5.000621692209412,0.000303749767264,58526.032340073165,41.0,7102.768334597486,0.0891514481289911,-67.06615654876447,0.0891514481289911,56.296041266345554,0.0007179037448946973,0.15962217039679955,4.848538438316428e-05,0.1504285365853659,5.588506945073686e-07
2019-02-12,2019-02-12T12:00:00.000,-3.1243880377222264,0.053135158483202,-4.999498443496521,0.0003623427079219,58527.050363387105,31.0,7102.42767868423,0.10604807637208975,-66.8262183096123,0.10604807637208975,56.29303869176054,0.0008503221416215137,0.1598172631420051,5.7708506516050264e-05,0.15052612903225807,3.3975772315059e-06
2019-02-13,2019-02-13T12:00:00.000,-1.974331532265173,0.0379349370493027,-4.999111530344883,0.0002551171112912,58528.052941446425,56.0,7103.184775353546,0.07582965673373149,-66.87926499634659,0.07582965673373149,56.29179564738737,0.0006096898453364692,0.15986757530995344,4.0987847492243815e-05,0.15079714285714285,2.9134070485942013e-06
2019-02-14,2019-02-14T12:00:00.000,-1.7389025444814965,0.0379374542103339,-4.998266990274692,0.0002569959121512,58529.062601736834,57.0,7103.396869292097,0.07581566668424687,-67.53185520518214,0.07581566668424687,56.29365457132166,0.0006086727145711097,0.1600005637688404,4.12600090766813e-05,0.15101368421052633,1.2917605418391856e-06
2019-02-17,2019-02-17T12:00:00.000,-0.7460202314811094,0.0368638632160013,-4.995923383899392,0.0002465194747844,58532.01577875439,57.0,7102.059124299692,0.07364608699733922,-66.74787576723956,0.07364608699733922,56.28317721831325,0.0005915585979398499,0.16038465244017744,3.9906609438423555e-05,0.1511642105263158,6.597717584511952e-07
2019-02-18,2019-02-18T12:00:00.000,-0.2904133989463858,0.0556840230855163,-4.99623930081954,0.0003696250927738,58533.02575825,24.0,7103.182187932775,0.11137352325651272,-66.55097530146234,0.11137352325651272,56.27775833333333,0.0008981462390204987,0.16032405914104667,5.960442234128168e-05,0.15123,1.3459547551467597e-06
2019-02-19,2019-02-19T12:00:00.000,-0.382361522686703,0.0615510015760841,-4.995691604833112,0.0004079568319377,58534.11095945,20.0,7102.722698951134,0.1230412621415734,-67.14958236151493,0.1230412621415734,56.28047061752491,0.0009904210184182615,0.16041973162522424,6.626253420048318e-05,0.1512945,1.1413288653769966e-06
2019-02-20,2019-02-20T12:00:00.000,-0.0180136108476765,0.043663350098432,-4.995630258779228,0.0002872014161023,58534.988046125,40.0,7103.882791237273,0.08725288452750413,-65.98732982128607,0.08725288452750413,56.274886394339454,0.0007006735635831274,0.16042685735184095,4.653839126194799e-05,0.15139675000000002,1.8392968277343307e-06
2019-02-21,2019-02-21T12:00:00.000,-1.0406987746133871,0.0698575209232472,-4.99538573359469,0.000467984259083,58536.113553812495,16.0,7102.137522708158,0.13968629409871308,-67.55990920120733,0.13968629409871308,56.286585406939544,0.0011232835133985664,0.16047152743679916,7.575510659642866e-05,0.15140875,2.3935677693896154e-06
2019-02-22,2019-02-22T12:00:00.000,-0.5777327468080126,0.0322763570963492,-4.996248662524375,0.0002165138724066,58537.04781704001,75.0,7102.115720447533,0.06449938987600413,-66.84018362078032,0.06449938987600413,56.288520997295926,0.0005172488836108279,0.16032531530361496,3.518105372003559e-05,0.15133333333333332,5.479966243517388e-07
2019-02-23,2019-02-23T12:00:00.000,-0.5496621360564407,0.0342342653729293,-4.9969954327474975,0.0002312245835565,58538.05174307246,69.0,7102.53563675978,0.0683625816187286,-66.18329877953651,0.0683625816187286,56.294010022435145,0.0005493758717908055,0.1602079936366953,3.730093554293876e-05,0.15119739130434787,2.689154228596438e-06
2019-02-24,2019-02-24T12:00:00.000,-0.7020215367916943,0.0425824218247053,-4.996434311900181,0.0002860013176669,58538.992070348846,43.0,7101.400170217289,0.08508862839973216,-66.16181097689378,0.08508862839973216,56.2908375398157,0.0006825169428998001,0.16030962089945566,4.637280283662038e-05,0.1510658139534884,7.612251984984092e-07
2019-02-25,2019-02-25T12:00:00.000,-1.2930052840550137,0.0414690701114992,-4.998049890305412,0.0002784733652526,58540.05759002222,45.0,7101.714003380815,0.08277670219566688,-67.20691194475214,0.08277670219566688,56.29452813944576,0.0006659832592247949,0.16004345910917117,4.4653204199160274e-05,0.1508951111111111,3.107862661939526e-06
2019-02-26,2019-02-26T12:00:00.000,-1.7386314461368773,0.0452405824825355,-4.9975933048809,0.0003010424776094,58541.000102307684,39.0,7103.086424876574,0.09036320330027894,-67.31859451115142,0.09036320330027894,56.29411810232919,0.0007284454428148678,0.16011739854128026,4.863224748060901e-05,0.15064999999999992,2.724408588895762e-06
2019-02-27,2019-02-27T12:00:00.000,-1.415560992659482,0.0449740896363796,-4.9999509908664885,0.0003038866420041,58542.00404489744,39.0,7102.62322082761,0.08992506046247449,-67.00885371726089,0.08992506046247449,56.29626094373953,0.0007233739502474761,0.15973029929673446,4.855486687003846e-05,0.15057512820512817,8.901769276122536e-07
2019-02-28,2019-02-28T12:00:00.000,-1.582542275227089,0.0549355993416642,-4.998535990334636,0.0003736245743874,58543.02007614815,27.0,7101.3504689277215,0.10974159830283158,-66.23170299484468,0.10974159830283158,56.29946201998045,0.00088454956908613,0.15996812473575966,5.9985840213938087e-05,0.15047962962962963,3.903445825289113e-06
2019-03-01,2019-03-01T12:00:00.000,-1.420474127870848,0.0360769137255478,-4.999599170186934,0.0002436605883561,58544.00805238982,59.0,7101.113047831844,0.07207428482370096,-67.07034310770293,0.07207428482370096,56.299792254916426,0.0005800890669230397,0.15978179356562153,3.898708960129819e-05,0.15042610169491522,1.548305556595358e-06
2019-03-02,2019-03-02T12:00:00.000,-1.6423625352472644,0.036043001332537,-4.999791796239442,0.0002438221954235,58545.031452101684,59.0,7101.893049933107,0.0720327025963913,-67.28684338720213,0.0720327025963913,56.29811781450668,0.0005798082611751388,0.1597536748533169,3.89817008000206e-05,0.1505357627118644,6.488487232962221e-07
2019-03-03,2019-03-03T12:00:00.000,-1.2685293786638818,0.0338968938327144,-4.998889065932694,0.0002283947619009,58546.03595571213,66.0,7102.0423756280525,0.06775243012308158,-67.27631115719547,0.06775243012308158,56.295228419351716,0.0005452577532926753,0.15990104885152462,3.660417963560494e-05,0.15072621212121212,3.036415746148292e-06
2019-03-04,2019-03-04T12:00:00.000,-1.0523794190953717,0.0356298768489677,-4.9971603134983855,0.0002393070598766,58547.04053166667,60.0,7102.144439211148,0.07119551149751709,-66.5180503227287,0.07119551149751709,56.29704309242867,0.0005744485654834219,0.16018023851079802,3.847785858279565e-05,0.15094049999999998,1.511257193559418e-06
2019-03-05,2019-03-05T12:00:00.000,-1.326309992273936,0.0404666039208934,-4.997618913777877,0.0002720587788715,58547.98861806382,47.0,7102.682223876755,0.08077372928341651,-67.04680316413922,0.08077372928341651,56.29273905859308,0.0006478349296876504,0.160113546907906,4.365427619518997e-05,0.151043829787234,8.895108515250599e-07
2019-03-06,2019-03-06T12:00:00.000,-1.5992841937767912,0.0423519771425576,-4.995790886374992,0.0002854584829177,58549.10115815555,45.0,7101.7811498827605,0.08452055630270083,-67.53458252980325,0.08452055630270083,56.29492070584125,0.0006789018083833103,0.16040868244895667,4.626940841676631e-05,0.15114377777777782,1.3214962780958708e-06
2019-03-07,2019-03-07T12:00:00.000,-1.426996017599358,0.0370466714561494,-4.9962823333617505,0.0002477930746796,58550.04941392727,55.0,7103.167316133876,0.07407758826940788,-67.6475373396624,0.07407758826940788,56.28448867458154,0.0005956652256341426,0.160320925041449,4.0161536310049245e-05,0.15127890909090905,1.592759866216523e-06
2019-03-08,2019-03-08T12:00:00.000,-1.98178643054356,0.0300916926463911,-4.99672912267731,0.0002027080876483,58551.05072329412,85.0,7102.280940876925,0.06011057957797055,-66.7959924951219,0.06011057957797055,56.29068164563894,0.00048273003286642227,0.16024851809625795,3.264584623054158e-05,0.1512169411764706,2.6464051480475793e-06
2019-03-09,2019-03-09T12:00:00.000,-1.8031421574171025,0.0434555756960932,-4.995233821507819,0.0002909351532918,58551.98664285,40.0,7102.453932898772,0.08682886012931267,-66.6129893598276,0.08682886012931267,56.29017581668995,0.0006962529781760528,0.16048597320549696,4.700767657784122e-05,0.1511,0.0
2019-03-10,2019-03-10T12:00:00.000,-1.1907874500291875,0.0399776351110388,-4.996728757600858,0.0002684878853692,58552.99207691489,47.0,7102.245029726944,0.07991542077492009,-66.9205634318884,0.07991542077492009,56.289565099068184,0.0006417938319773496,0.16025373888693836,4.315672503749823e-05,0.15099212765957445,1.745515470140579e-06
2019-03-11,2019-03-11T12:00:00.000,-2.51849919845232,0.0310095782557364,-4.9976535660852415,0.0002103013673697,58554.05669509524,84.0,7102.985873736302,0.06191391281408724,-67.00030209365538,0.06191391281408724,56.29902900638114,0.0004971567292391661,0.160106824711544,3.3805013953289213e-05,0.15073523809523814,2.780331039759927e-06
2019-03-13,2019-03-13T12:00:00.000,-1.392035436304779,0.0371310753251645,-4.999308939339363,0.0002409199596474,58556.01299564151,53.0,7103.4293063102095,0.07416976099422555,-66.73171971356976,0.07416976099422555,56.289780244908826,0.0005965181412637734,0.1598371611598128,3.869118500226681e-05,0.15111754716981135,2.7983208262867515e-06
2019-03-14,2019-03-14T12:00:00.000,-0.343485740677716,0.0353523753723642,-4.998776674681408,0.000229112158079,58557.04715036207,58.0,7104.11698947963,0.0706930805401889,-67.14719413834311,0.0706930805401889,56.28829125470405,0.0005685817597913266,0.15992033896198074,3.696067329687563e-05,0.15116,1.0141169320370962e-06
2019-03-15,2019-03-15T12:00:00.000,-1.317784463537287,0.0585792167092678,-4.999091796299603,0.0003842364459976,58557.9513392174,23.0,7104.27533112296,0.1168091004750474,-67.15965720099327,0.1168091004750474,56.289772114393855,0.0009399998687353518,0.15986825126881363,6.138536056758096e-05,0.15111000000000002,5.917508604114397e-18
2019-03-16,2019-03-16T12:00:00.000,-1.0847736830549497,0.0312173479691615,-5.000207261617311,0.0002045006738773,58559.05146414103,78.0,7103.254248664223,0.06204719396276241,-67.11545971292523,0.06204719396276241,56.29638762320772,0.0004977822199752358,0.15969004233512785,3.262479830193872e-05,0.15108423076923075,8.062202147098974e-07
2019-03-17,2019-03-17T12:00:00.000,-0.5754014455635627,0.0525463378128139,-5.000062441511221,0.0003442942584876,58560.00473807408,27.0,7103.790087413112,0.10663391089877952,-66.91991214388639,0.10663391089877952,56.29265928779128,0.0008546029687205431,0.15970991251519093,5.6018073819662945e-05,0.15116148148148148,2.486642589633358e-06
2019-03-18,2019-03-18T12:00:00.000,-0.1720595943011231,0.0604280652570449,-4.999426891866937,0.0003928107045885,58561.06457310001,20.0,7104.5327274206875,0.12080683913445149,-66.65980008594683,0.12080683913445149,56.28130652829892,0.0009691610679982687,0.15981098677023908,6.325629919838241e-05,0.151288,9.176629354831648e-07
2019-03-19,2019-03-19T12:00:00.000,-0.0315528123308798,0.0786033280781411,-4.997782149227098,0.0005134741896343,58562.041357333335,12.0,7102.952511525097,0.1571673942598506,-67.02487028229694,0.1571673942598506,56.283999381931096,0.0012601651330120072,0.16008202826782214,8.24758733154727e-05,0.15167333333333335,2.0461839328048736e-05
2019-03-20,2019-03-20T12:00:00.000,-0.5321868630937088,0.0496378669299535,-4.994619518409007,0.0003213762820074,58563.0288006,30.0,7103.489498890011,0.09917937253186102,-65.86640927409657,0.09917937253186102,56.27887343700843,0.0007968194551899379,0.16059206063558717,5.222429527751985e-05,0.1518903333333333,2.8960271373166327e-06
2019-03-22,2019-03-22T12:00:00.000,-0.9078122662566224,0.0570483353684769,-4.994497879578829,0.0003715653383651,58565.13115269565,23.0,7102.669782370526,0.11404297997933874,-65.93499050968637,0.11404297997933874,56.291676307901724,0.0009142933690372779,0.1606119793938499,6.0128971521356965e-05,0.15199391304347823,3.7055204215841154e-06
2019-03-23,2019-03-23T12:00:00.000,-0.9963935069717011,0.0317239416565087,-4.996793543271524,0.0002056847959068,58566.035713394376,71.0,7103.1367506876895,0.0634174158646575,-66.1341406734833,0.0634174158646575,56.288429949909116,0.0005085144866291139,0.16023841326414656,3.314030045749649e-05,0.15147450704225357,5.74714952491612e-06
2019-03-24,2019-03-24T12:00:00.000,-0.8771478960976242,0.0895153697127397,-4.997248975045099,0.0005836062668212,58566.96248233333,9.0,7102.866736029592,0.17898657051934896,-67.33076789136815,0.17898657051934896,56.29185634192766,0.0014369251874566573,0.16016102635782747,9.36867642607913e-05,0.15105777777777776,2.2222222222244447e-06
2019-03-27,2019-03-27T12:00:00.000,-1.9891551970746213,0.0817048075248609,-5.001812453730487,0.0005525978205022,58569.898516727284,11.0,7101.729933866481,0.18068826709549685,-66.64095283343053,0.18068826709549685,56.303445151722414,0.0014534172388477775,0.15954401192618448,9.742147279470707e-05,0.15069,0.0
2019-03-29,2019-03-29T12:00:00.000,-1.06241872140486,0.0895185446156962,-5.001848070316766,0.000595219861878,58571.91897100001,9.0,7102.163384886507,0.1866646421453999,-67.4389732773589,0.1866646421453999,56.29197458989183,0.0014992591983230537,0.15942816846334032,9.877926783651387e-05,0.1507688888888889,1.1111111111091385e-06
2019-03-30,2019-03-30T12:00:00.000,-2.2487241008469336,0.1577976853164826,-4.9993757962732275,0.0010382739996471,58573.144929333335,3.0,7101.75044025061,0.31561567999173334,-66.40866268404099,0.31561567999173334,56.3039,0.0025403411844343534,0.15982,0.00016743157806499147,0.15084,0.0
2019-04-04,2019-04-04T12:00:00.000,-0.7814180421091199,0.0695665488604124,-4.99742495469208,0.0004520014574126,58578.18028570589,17.0,7101.982305860328,0.13207916605018788,-66.51347104441757,0.13207916605018788,56.29035079455987,0.001054138553260358,0.16013280718336484,6.886605173295072e-05,0.15115529411764705,3.2218973970878888e-06
2019-04-05,2019-04-05T12:00:00.000,-1.2794886392560243,0.0518075443772052,-4.998466873224355,0.0003412067606664,58578.96941803571,28.0,7103.83190023421,0.10509347371055207,-66.79049547361447,0.10509347371055207,56.278690864367185,0.0008455264719303788,0.1599822853667793,5.5801920139940326e-05,0.1512060714285714,4.313731174284639e-06
2019-04-06,2019-04-06T12:00:00.000,-2.526367098492318,0.0296862990171288,-4.997197400953587,0.0001943810072539,58580.03196150589,85.0,7103.6397679042,0.059599321064479106,-66.82689083955866,0.059599321064479106,56.28633475856929,0.0004772819611127155,0.16016874670334202,3.1345778256370616e-05,0.15131000000000006,6.056763153128097e-18
2019-04-07,2019-04-07T12:00:00.000,-2.9235039153260503,0.0355408301227959,-4.996977711988579,0.000231322565,58581.084586633326,60.0,7104.114563711035,0.07005748815628433,-66.92528571424789,0.07005748815628433,56.28729316294864,0.000561081775451793,0.16019771728235627,3.6673069443774955e-05,0.1516981666666667,1.1621360779416275e-05
2019-04-08,2019-04-08T12:00:00.000,-1.858501649010481,0.0393395163514764,-4.994384712789167,0.0002559045433602,58581.99249771739,46.0,7104.441618969316,0.07999938194239489,-66.8438543187162,0.07999938194239489,56.287500068742304,0.0006417762735908204,0.16066876799465224,4.214527615347016e-05,0.15216673913043474,3.7821644472319467e-06
2019-04-09,2019-04-09T12:00:00.000,-1.5392485273870842,0.0649356895158029,-4.9932732458664795,0.0004251669643503,58583.193241749985,20.0,7103.214791432423,0.12650588709538038,-67.47819707319094,0.12650588709538038,56.300129981755966,0.0010174401265879065,0.16092673620721074,6.764002940262032e-05,0.15244950000000002,5.688168699844627e-06
2019-04-10,2019-04-10T12:00:00.000,-0.8732025863090648,0.0476034542172382,-4.993417924656014,0.0003111403112797,58583.94252987879,33.0,7104.007784891175,0.09632021792963137,-67.2511566015088,0.09632021792963137,56.291140983932884,0.0007725648871841615,0.16072259111320875,5.118407451068044e-05,0.15256090909090908,1.258579373170664e-06
2019-04-11,2019-04-11T12:00:00.000,0.3420611093648645,0.0432480613787592,-4.991648314440927,0.000277947778472,58585.02895461539,39.0,7104.184010703586,0.08649380439670552,-67.95610373906497,0.08649380439670552,56.28641454296967,0.0006925526142148317,0.1610764336515067,4.535109911599454e-05,0.15263000000000004,9.005097841339324e-18
2019-04-12,2019-04-12T12:00:00.000,0.8512824475370458,0.0549356677273925,-4.991896975563297,0.0003535716235947,58586.104263625,24.0,7103.706928995583,0.10984506191073008,-67.17486004860416,0.10984506191073008,56.282482185144154,0.0008818716111250729,0.161033309714056,5.756260016133335e-05,0.15233166666666667,3.1660945326019166e-06
2019-04-13,2019-04-13T12:00:00.000,0.630797567128571,0.0349676493115911,-4.991447991041799,0.0002254936100345,58587.00384525,60.0,7105.123867057206,0.06988915067593925,-66.17187660473279,0.06988915067593925,56.27036245427322,0.0005606330407446469,0.1611091658760425,3.6835555959232904e-05,0.15210933333333337,9.164740424214625e-07
2019-04-14,2019-04-14T12:00:00.000,0.5194341555900993,0.0328018662711415,-4.991945648326521,0.0002115744274452,58588.01697710293,68.0,7105.816476653981,0.06557260408047093,-65.89072986018293,0.06557260408047093,56.263873977507394,0.0005258977658103428,0.1610274363645217,3.449756824792773e-05,0.151909705882353,2.9996384639872067e-06
2019-04-15,2019-04-15T12:00:00.000,-1.5384994777118075,0.0344589526974901,-4.993931744405067,0.0002243529390355,58589.06310151471,68.0,7105.353316463103,0.06719359011351993,-65.8073929992499,0.06719359011351993,56.27223409079137,0.0005399425276741463,0.16068378142359763,3.571717209438071e-05,0.15188102941176473,4.375583271704333e-06
2019-04-16,2019-04-16T12:00:00.000,-1.8589854551939675,0.0342972917481709,-4.99411040704272,0.0002214642959463,58589.9936280164,61.0,7104.2077525092855,0.07019755854017437,-65.41151337898013,0.07019755854017437,56.27992592508631,0.0005626272834034156,0.16071118576462146,3.680153673319231e-05,0.1520195081967213,8.878730496865788e-07
2019-04-17,2019-04-17T12:00:00.000,-2.673320125418358,0.0454341954471678,-4.9934525991334135,0.0002926204712203,58591.03806502857,35.0,7104.266844100152,0.09085253985177412,-65.88612345028547,0.09085253985177412,56.27881240462821,0.0007282365339025227,0.1607813174857611,4.742055584167064e-05,0.15186114285714283,2.585396238389785e-06
2019-04-19,2019-04-19T12:00:00.000,-1.2006037671083514,0.0338287235149113,-4.998581729667617,0.0002209855390476,58593.01275195312,64.0,7102.757673365585,0.06762744510452998,-66.44495329585683,0.06762744510452998,56.29301484756353,0.0005425918338266843,0.1599473762858202,3.544208700046944e-05,0.15123140625,2.50858829881991e-06
2019-04-20,2019-04-20T12:00:00.000,-2.4944704927770047,0.0368164066596288,-4.999370634667987,0.0002428599593263,58593.99912808929,56.0,7102.368911831816,0.07358947228693456,-67.10013249595148,0.07358947228693456,56.3010304725721,0.0005912955504213622,0.15982394045125917,3.908880098851642e-05,0.1509805357142857,2.299345514688501e-06
2019-04-21,2019-04-21T12:00:00.000,-1.5210814096850158,0.0360170470290584,-4.999630772806244,0.0002397225736618,58595.005353725806,62.0,7101.4642234089315,0.07188224619712687,-66.84752036132552,0.07188224619712687,56.30417444892265,0.0005753409779074902,0.15978611491887185,3.820513740713995e-05,0.15085999999999997,3.5537373025666945e-18
2019-04-22,2019-04-22T12:00:00.000,-1.987785963650543,0.035045768636057,-5.000373265293241,0.000232605443552,58596.00444149231,65.0,7102.542444068846,0.06998605537109617,-67.25470362206316,0.06998605537109617,56.29932690315741,0.0005604731503380576,0.15965996035827593,3.712945469067768e-05,0.15083953846153844,2.6227272494229796e-07
2019-04-23,2019-04-23T12:00:00.000,-1.4573695358171177,0.0330340164038418,-4.999779146002598,0.0002165275629423,58597.09167479998,75.0,7103.27210842097,0.0634253577518383,-67.45014409692182,0.0634253577518383,56.294260491823756,0.0005087531946221769,0.15974556320619032,3.342829618559373e-05,0.15084453333333336,1.3595618442745216e-06
2019-04-24,2019-04-24T12:00:00.000,-2.238897372006684,0.0517785151443925,-4.999598327688007,0.0003429621623693,58597.926662173915,23.0,7103.589009677144,0.11587232360398267,-67.08533225183298,0.11587232360398267,56.296626450847135,0.0009314094454106398,0.15983999299009502,6.150468171782833e-05,0.15087999999999996,5.917508604114397e-18
2019-04-25,2019-04-25T12:00:00.000,-2.1633423807051,0.0395902345688837,-4.999919062204186,0.0002577693367495,58599.04066617777,45.0,7102.535240802625,0.07918665627802492,-67.24264159955025,0.07918665627802492,56.2909651180956,0.0006359194351406357,0.15973375897748027,4.170498947717814e-05,0.15076399999999998,2.1177460860184502e-06
2019-04-26,2019-04-26T12:00:00.000,-1.2356086285749406,0.0353636090621239,-5.000279490764783,0.000231355683591,58599.99813973685,57.0,7102.805657441236,0.07070148264294558,-66.97406853761073,0.07070148264294558,56.288712181353894,0.0005655015215374759,0.1596773056899902,3.737025739904654e-05,0.15070456140350877,1.2533207879097789e-06
2019-04-27,2019-04-27T12:00:00.000,-1.6629210700846428,0.0705533602076561,-4.998333218762839,0.0004587660684082,58601.11516242856,14.0,7101.745583992903,0.1410722993479299,-67.26611767778438,0.1410722993479299,56.296927131449166,0.0011299423652065801,0.15999071428571424,7.48331477354788e-05,0.15076,0.0
2019-04-28,2019-04-28T12:00:00.000,-0.6559496452937422,0.033776399578933,-5.0000767389415195,0.0002216403162851,58602.003801079365,63.0,7102.112374735363,0.06750279144073454,-67.379581828234,0.06750279144073454,56.29322610678198,0.0005411766725557266,0.15971100385178819,3.565087268916586e-05,0.1506892063492063,1.2037998232337154e-06
2019-04-29,2019-04-29T12:00:00.000,-2.1140042120526195,0.0341940307670901,-4.999785818126817,0.0002236324098113,58603.038321625,64.0,7102.28729999125,0.06700472471025058,-67.44547281820668,0.06700472471025058,56.29791131500634,0.0005364824241584409,0.15975069467540795,3.540104234153278e-05,0.15059656250000003,1.0498192871700949e-06
2019-04-30,2019-04-30T12:00:00.000,-1.8040234766992824,0.0330509873101406,-5.000964302111214,0.0002170078937941,58603.9935198,65.0,7103.054798220972,0.06731086908010742,-67.48411502812154,0.06731086908010742,56.29509095718683,0.0005399029638707795,0.15956245061546556,3.533665048528196e-05,0.15064892307692307,1.6426274233896752e-06
2019-05-01,2019-05-01T12:00:00.000,-1.5835113210183518,0.0358353792336438,-5.000877049499164,0.0002341966757037,58605.03688935714,56.0,7104.5023611270335,0.07166827954300602,-67.3027206524636,0.07166827954300602,56.2938782406164,0.0005757679144793043,0.1595805924347363,3.7484686981815214e-05,0.15074999999999997,3.742561052529026e-18
2019-05-02,2019-05-02T12:00:00.000,-1.1204501770579818,0.0559524494467043,-4.999494411062094,0.0003660582465527,58606.116211600005,25.0,7103.846761531794,0.10620420667437327,-67.17500381878405,0.10620420667437327,56.28589950825757,0.0008503408767112453,0.15977376388309064,5.611183963553562e-05,0.1509376,1.0444775408468649e-05
2019-05-03,2019-05-03T12:00:00.000,-1.1060875810793522,0.0568504415913596,-5.000313856177027,0.0003810871080095,58606.92363595,20.0,7103.796320462287,0.12051765515944303,-66.81584843646363,0.12051765515944303,56.2880382306238,0.0009690881519036742,0.15970253614218485,6.444968600967332e-05,0.15106999999999998,6.367565748859375e-18
2019-05-05,2019-05-05T12:00:00.000,-0.6099698851455525,0.0416648645725367,-4.997968140332508,0.0002783844624101,58609.103958368396,38.0,7103.347648817962,0.0874693936006776,-66.91875660707446,0.0874693936006776,56.293591340107035,0.0007027801242930625,0.16012798745188334,4.6670213738230584e-05,0.15180026315789472,2.3023541795923656e-05
2019-05-06,2019-05-06T12:00:00.000,-0.3934118233313685,0.0386721507957901,-4.995259592847384,0.0002580680978878,58609.988029916676,48.0,7104.157924193866,0.07871178046577783,-67.12564883124504,0.07871178046577783,56.28979757660292,0.0006342831182770103,0.16049702291620255,4.2341171796909116e-05,0.1523739583333333,4.890100574511601e-06
2019-05-07,2019-05-07T12:00:00.000,0.2105505770633225,0.063809022715896,-4.992448432465581,0.0004165237426288,58611.104524875,16.0,7103.710885504958,0.12761925406487618,-67.51151831261431,0.12761925406487618,56.28258125,0.001025,0.1609482920970454,6.764846751655546e-05,0.152528125,1.0077822185383265e-06
2019-05-08,2019-05-08T12:00:00.000,0.9040509028344356,0.0315211388825086,-4.992305447546823,0.000202139061813,58612.02144008823,68.0,7104.946572096327,0.06301851411419329,-67.3136829529908,0.06301851411419329,56.2755908447363,0.0005046534544388495,0.16096988555657568,3.297609206941386e-05,0.15249573529411764,6.042059370259048e-07
2019-05-09,2019-05-09T12:00:00.000,0.7031675805766633,0.0332152177737807,-4.991541671649177,0.0002127789798027,58613.01223772132,61.0,7105.213169240732,0.06641317224043623,-67.32064687988066,0.06641317224043623,56.26736460505522,0.0005314944116158023,0.16109332759985856,3.478865937813096e-05,0.15257655737704917,1.0935790216492427e-06
2019-05-10,2019-05-10T12:00:00.000,1.26384338265741,0.0324840001850486,-4.990714568826974,0.0002079383772093,58614.02852518461,65.0,7106.628148768571,0.06451692652853579,-66.48397958455195,0.06451692652853579,56.25461154965984,0.0005159022070403462,0.16121591199315835,3.378981859291365e-05,0.1526916923076923,1.0868362423802355e-06
2019-05-11,2019-05-11T12:00:00.000,1.4556715525451027,0.0302826817602291,-4.990815343321275,0.0001940916809491,58615.0392323816,76.0,7105.864011618239,0.060199070135526854,-65.95779578074871,0.060199070135526854,56.25243322547078,0.00048124256758286216,0.1612262397527598,3.1581727879024043e-05,0.1526707894736842,1.7548245065925835e-06
2019-05-12,2019-05-12T12:00:00.000,0.8813407472446759,0.0524818009933333,-4.991381373183952,0.0003364233279288,58616.09600526087,23.0,7105.401273408083,0.1084498362895711,-65.71260264917355,0.1084498362895711,56.254263969255106,0.0008701743159032621,0.16111548833044165,5.655825176413144e-05,0.15264043478260866,9.897220573566353e-07
2019-05-13,2019-05-13T12:00:00.000,-0.53043152430057,0.0333892004495409,-4.99091226226673,0.000213772992979,58617.0296740328,61.0,7105.434961447554,0.06676521556793848,-65.16778163339895,0.06676521556793848,56.256783177764426,0.0005346598551513273,0.1611960443710042,3.486997665425408e-05,0.15258540983606564,1.578090609638689e-06
2019-05-15,2019-05-15T12:00:00.000,-0.6444396908115619,0.0610686408998387,-4.995139195484205,0.0004013163756995,58618.89336445455,11.0,7102.2927388117,0.16399368031419034,-65.96307075525395,0.16399368031419034,56.29026835163884,0.0013152617212943386,0.16066957655565878,8.709454445293872e-05,0.15207000000000004,2.3354968324836633e-06
2019-05-17,2019-05-17T12:00:00.000,-2.282652498672753,0.0409741023876645,-4.997589039415827,0.0002652102878584,58621.058888499996,40.0,7102.463645330889,0.08193306102283095,-67.29580875491398,0.08193306102283095,56.285504493860806,0.0006556349679485998,0.16010975,4.269074841227312e-05,0.15113325,4.135330886212326e-06
2019-05-18,2019-05-18T12:00:00.000,-2.4727205372100003,0.0327681173870254,-4.99876079087383,0.0002139344272882,58622.002888953844,65.0,7102.357348618585,0.06547793447672338,-67.6803970043716,0.06547793447672338,56.29291006323362,0.0005255889388615943,0.15992144635009986,3.427759119702667e-05,0.15091476923076924,1.1829658845563976e-06
2019-05-19,2019-05-19T12:00:00.000,-2.170113305823525,0.0306125594732378,-4.999483704700228,0.0001992500175112,58623.12300520482,83.0,7101.922119395542,0.057589536627682354,-67.22394165624522,0.057589536627682354,56.29456576909824,0.00046217726652087235,0.15980026304162992,3.0345240929427608e-05,0.15077060240963855,2.5561539347819467e-06
2019-05-20,2019-05-20T12:00:00.000,-0.6065653370598595,0.0405956066264918,-5.0002053024270445,0.0002662552749342,58623.96757934375,32.0,7102.066760061905,0.09180745427889844,-66.42831531958717,0.09180745427889844,56.2919518420403,0.0007356806519538631,0.1596699290376442,4.823418792978588e-05,0.1507284375,6.521328221633888e-07
2019-05-22,2019-05-22T12:00:00.000,-0.8503087169282904,0.031636552134022,-4.999466045664485,0.0002055819840798,58626.01988920896,67.0,7102.303927364555,0.06324118801896732,-66.86543242573867,0.06324118801896732,56.295880567106465,0.0005057706015809319,0.15981127271698345,3.320540027526384e-05,0.15097626865671646,3.0880038158184705e-06
2019-05-23,2019-05-23T12:00:00.000,-0.7450132422115406,0.0319683828605649,-4.99866465997939,0.0002074003464294,58627.104634054056,74.0,7103.118703602384,0.060996105365175884,-67.08567282374597,0.060996105365175884,56.288952830422105,0.0004889156123065378,0.15990622053574477,3.188439154183397e-05,0.1509497297297297,5.952337448623998e-06
2019-05-24,2019-05-24T12:00:00.000,-1.324148220085725,0.0346067225686997,-4.9999417257535805,0.0002273292362535,58627.97238075,52.0,7103.190585405483,0.07330653086618073,-67.22151601676448,0.07330653086618073,56.28979153407893,0.0005882639101865766,0.15976097922050542,3.827852771693327e-05,0.15082,0.0
2019-05-26,2019-05-26T12:00:00.000,-1.075931591604799,0.0371543098499509,-5.005286214718204,0.0002508995309787,58630.066425790326,62.0,7100.913866924396,0.07361117011234691,-67.12653097244453,0.07361117011234691,56.334561984042416,0.0005905419137120976,0.15892117514570858,3.932616475522766e-05,0.15084677419354844,3.887458264501896e-06
2019-05-27,2019-05-27T12:00:00.000,-0.6974676635626966,0.046456292268983,-5.004606931579969,0.0003112186717173,58631.061401666666,33.0,7102.976649094682,0.09957101080415366,-67.76293334096984,0.09957101080415366,56.32394127041157,0.0007977493420090629,0.15898176160861882,5.261614086926159e-05,0.1509487878787879,7.226812131953785e-07
2019-05-29,2019-05-29T12:00:00.000,-1.6658141367362789,0.0350930481564102,-5.004170959784415,0.0002324476693617,58633.0579491077,65.0,7102.302858174579,0.06918957368437344,-67.25197485844865,0.06918957368437344,56.31911572983454,0.0005545267828304157,0.15905416684398158,3.635358040056172e-05,0.1511096923076923,3.1391543352992017e-06
2019-05-30,2019-05-30T12:00:00.000,-2.5824019568013403,0.0343030412247338,-5.004093868520637,0.000226546510091,58634.008876532265,62.0,7104.00368103881,0.068997592570652,-67.13007335954984,0.068997592570652,56.305223735844564,0.0005525178461207265,0.15907740361593198,3.611375057106436e-05,0.1512462903225807,2.2085104245825836e-06
2019-05-31,2019-05-31T12:00:00.000,-1.9028792477349183,0.0309642219647874,-5.0031932491374125,0.0002057748910696,58635.100449102276,88.0,7103.361897850403,0.060096113039880765,-67.19588514119788,0.060096113039880765,56.313901774421105,0.00048107604351067964,0.159188883853315,3.1753685883031955e-05,0.15140420454545456,5.110384429826531e-06
2019-06-01,2019-06-01T12:00:00.000,-2.4440020459213674,0.0355731774688261,-5.003539939002672,0.0002375728928677,58636.16043416176,68.0,7102.48234470143,0.0694677525767849,-67.42588465720155,0.0694677525767849,56.322252750284676,0.0005574201355875014,0.15918666865535103,3.700984487821578e-05,0.15163382352941177,1.038552170552351e-05
2019-06-02,2019-06-02T12:00:00.000,-1.459652533634457,0.0269261270333342,-5.001633835404654,0.0001784525814344,58637.12580531428,105.0,7102.076601243844,0.054000554008217225,-67.7631936393516,0.054000554008217225,56.31676871362776,0.0004324502954311532,0.15946278414317866,2.852712743533614e-05,0.1519237142857143,6.956506879491742e-06
2019-06-03,2019-06-03T12:00:00.000,-0.5630765797216745,0.0351293258724956,-5.000932723668122,0.0002351371473,58638.096265322034,59.0,7102.619859185294,0.07375362733388266,-68.06518584153427,0.07375362733388266,56.31235409290519,0.0005912080810421247,0.15966409653248742,3.920728280052101e-05,0.15216694915254234,2.7907151442342954e-06
2019-06-04,2019-06-04T12:00:00.000,0.0748600078064617,0.0363812059536876,-5.0004850159155065,0.000244220321513,58639.120305710145,69.0,7104.0265434780595,0.07150533495022948,-66.94732209258758,0.07150533495022948,56.30530364979576,0.0005749194212578594,0.15964796800096645,3.857865552813978e-05,0.1524308695652174,3.5082361408401846e-06
2019-06-05,2019-06-05T12:00:00.000,-0.3551052113007684,0.0421999627240574,-5.000288468818115,0.0002885399634138,58640.09132259322,59.0,7103.199527638981,0.08190100599912709,-66.51690627541875,0.08190100599912709,56.314394071885275,0.0006568552078443468,0.1596382642100946,4.492041495071019e-05,0.15246271186440674,5.121724101486229e-06
2019-06-06,2019-06-06T12:00:00.000,-0.2995026853679305,0.0372738770859113,-5.000156314365148,0.0002533478251457,58640.99836049181,61.0,7103.489383681445,0.07731689641760058,-66.53397789233132,0.07731689641760058,56.30574866542628,0.0006198991796949157,0.1597419922583763,4.196182115279841e-05,0.1523501639344263,9.493110322719183e-07
2019-06-07,2019-06-07T12:00:00.000,-0.0803782303832798,0.0426773723170886,-5.000102159422779,0.0002842472810914,58642.02666130434,46.0,7103.066136803409,0.08535647104732579,-66.13289568925185,0.08535647104732579,56.30271885531319,0.0006838896278010131,0.1597045652173912,4.57070064080181e-05,0.1522363043478261,1.2181674544448131e-06
2019-06-08,2019-06-08T12:00:00.000,-0.6419451631200431,0.0366814995301225,-5.000109623844459,0.0002452750850959,58642.99888151562,64.0,7104.240171894237,0.07328996720071253,-65.55327047395855,0.07328996720071253,56.30185957874432,0.0005868077358976688,0.15970613460918434,3.930677510732112e-05,0.15201046875,3.0653407419221864e-06
2019-06-10,2019-06-10T12:00:00.000,-0.8378445990015,0.0505869616543998,-5.0010603486029535,0.0003362927304368,58645.073170937496,32.0,7103.844336378378,0.10116770164757581,-66.00003899133517,0.10116770164757581,56.3024,0.0008131727983645298,0.15955055703005772,5.356694958384446e-05,0.15185,6.350006350007064e-07
2019-06-11,2019-06-11T12:00:00.000,-0.9806550498579132,0.0375657239747123,-5.001944367917006,0.0002507933710832,58646.0704943387,62.0,7101.852298659315,0.07360761576252765,-66.62476122460026,0.07360761576252765,56.31762213450343,0.0005897604419347185,0.1593987870254854,3.94797634073785e-05,0.15160854838709678,9.246740458450743e-06
2019-06-12,2019-06-12T12:00:00.000,-1.3296502377431532,0.0410771138780661,-5.003484757050752,0.000276715651731,58647.03236977084,48.0,7102.717996272763,0.08407850364226299,-66.86308640833175,0.08407850364226299,56.318932583284486,0.00067383428837375,0.15917239758651938,4.516544538331364e-05,0.15124770833333331,3.792484908983325e-06
2019-06-13,2019-06-13T12:00:00.000,-1.495700066373336,0.0363465729855768,-5.005799932149485,0.0002456364245121,58648.03861940625,64.0,7102.656569179462,0.07268221285900998,-66.91126830020278,0.07268221285900998,56.32791433597784,0.0005826688852326,0.1587963128088646,3.8862237314099254e-05,0.1508815625,3.236838045950486e-06
2019-06-14,2019-06-14T12:00:00.000,-2.2082552581267776,0.0414382964646139,-5.005433246808406,0.0002801992983334,58649.03429368628,51.0,7101.7793257002295,0.08144255443603664,-66.31542879673842,0.08144255443603664,56.328414145219085,0.0006525630243248452,0.15884430748172532,4.373687994706463e-05,0.15072352941176473,1.1823383083677285e-06
2019-06-15,2019-06-15T12:00:00.000,-1.6452596523950664,0.0423518490168869,-5.0070512321689415,0.0002882957622976,58650.02431806123,49.0,7100.938829574524,0.08379385221468498,-67.10362209858569,0.08379385221468498,56.33497366351689,0.0006710710415434715,0.15860913665335677,4.509787791462299e-05,0.15067244897959184,1.1115737849239315e-06
2019-06-16,2019-06-16T12:00:00.000,-0.7255596663917943,0.0381564523171491,-5.006109282933961,0.0002590289733747,58651.02290767796,59.0,7100.956377434187,0.07621956750119517,-67.29206559847454,0.07621956750119517,56.336848067683015,0.000610028066753325,0.15871907187122467,4.108794318003277e-05,0.1506784745762712,1.5444620118418772e-06
2019-06-17,2019-06-17T12:00:00.000,-0.9145270733781752,0.038776498232027,-5.006504938872166,0.000263034600449,58652.01279303704,54.0,7100.996475922998,0.07924111727363933,-67.30975023659053,0.07924111727363933,56.33052387774742,0.0006348748009360892,0.15872987695526147,4.2623054409631316e-05,0.15069833333333335,1.0491086363288657e-06
2019-06-18,2019-06-18T12:00:00.000,-1.415673445643262,0.039781178271338,-5.005127681838349,0.0002687246963371,58653.0056824151,53.0,7100.877657634512,0.07954268619611439,-67.09561224390764,0.07954268619611439,56.33576570136096,0.0006376471311007688,0.15890597762264258,4.277384802673028e-05,0.15068528301886794,6.922635714189057e-07
2019-06-19,2019-06-19T12:00:00.000,-1.2732275050784514,0.0376844858522697,-5.004858726085326,0.0002533935968926,58654.02261986206,58.0,7102.716413748285,0.07536363118315963,-67.41341999677347,0.07536363118315963,56.32726103170252,0.000604888370934328,0.15894441145774293,4.02541255780736e-05,0.15069931034482761,3.356305264777754e-07
2019-06-20,2019-06-20T12:00:00.000,-1.0895374337239327,0.03634281802249,-5.00546645296179,0.0002447360303946,58655.06309281818,66.0,7101.812864512215,0.07126796451456374,-67.02713765174728,0.07126796451456374,56.328611083617496,0.0005706357145349797,0.15883668049145688,3.824888186911243e-05,0.15063378787878787,1.0959801844963747e-06
2019-06-21,2019-06-21T12:00:00.000,-1.3840623189746433,0.0295777912082076,-5.005035972520046,0.000200633983315,58656.0832969901,101.0,7101.765346287931,0.059040239178334473,-67.35351741348896,0.059040239178334473,56.32927837452844,0.0004738170856595915,0.15892179319326516,3.1718956836292534e-05,0.1506987128712871,2.519874923568387e-06
2019-06-22,2019-06-22T12:00:00.000,-0.703039710919938,0.0309700468072656,-5.005238252109303,0.0002102466250411,58657.05234376404,89.0,7101.3819456879555,0.06271544245185233,-67.11500938132866,0.06271544245185233,56.33191422837225,0.0005031626602850141,0.15889511115879282,3.3705891624848135e-05,0.15077999999999997,2.9587543020571992e-18
2019-06-23,2019-06-23T12:00:00.000,-0.9381572293139692,0.0365553165414288,-5.005735227902866,0.0002469396225697,58658.01671722221,63.0,7101.454401735076,0.07306460448949975,-66.98454924391953,0.07306460448949975,56.328868364113696,0.0005856257660990916,0.1588096432490877,3.924603094621312e-05,0.15081126984126977,6.971547578400589e-07
2019-06-24,2019-06-24T12:00:00.000,-0.1946185408096919,0.0335144824939116,-5.004920072204764,0.0002271153104012,58659.02758962338,77.0,7102.168073542916,0.06697373704226782,-67.28634753783301,0.06697373704226782,56.32584136457958,0.0005383796556293637,0.15893901762076937,3.5939780374811195e-05,0.15090337662337658,1.2067591257182665e-06
2019-06-25,2019-06-25T12:00:00.000,-1.816898453551849,0.0375537164704918,-5.003416699415811,0.0002524530250071,58660.081354031754,63.0,7101.061395827153,0.07295984502401454,-67.24835753670332,0.07295984502401454,56.3272576919629,0.0005851337163141955,0.1591446377300985,3.90566141699372e-05,0.15092650793650783,1.6498185311733803e-06
2019-06-26,2019-06-26T12:00:00.000,-2.9517383241317066,0.0295155597559835,-5.003766167069272,0.0001989120019072,58661.06166219566,92.0,7101.669686194951,0.060016097839707454,-67.65971706362882,0.060016097839707454,56.324379830099375,0.0004818221915715326,0.15914522455118468,3.2097407896018795e-05,0.15101923913043475,2.642199056484492e-06
2019-06-27,2019-06-27T12:00:00.000,-1.0299607709929095,0.0358378644940673,-5.0037405238912385,0.0002405886342729,58662.01395525397,63.0,7101.760105595431,0.07160336722026901,-67.46186838231354,0.07160336722026901,56.33005750326102,0.0005748821707106082,0.15911753625691172,3.813757701472785e-05,0.15122269841269834,2.026531005524491e-06
2019-06-28,2019-06-28T12:00:00.000,-1.670012127410023,0.0442477396907457,-5.003847717175079,0.0002992047047004,58663.08235365218,46.0,7101.614876789036,0.08603474183538279,-66.85141750448297,0.08603474183538279,56.33509948987693,0.0006923237350031056,0.1590979101043425,4.612559072173087e-05,0.15135782608695655,3.288290504553803e-06
2019-06-29,2019-06-29T12:00:00.000,-1.1610581552502472,0.0417692363415169,-5.003680419862107,0.0002842241592889,58663.96539233334,48.0,7101.535110160015,0.0856249567436802,-67.56534200423945,0.0856249567436802,56.32977936997772,0.0006867015534988663,0.15914796425265418,4.641833855015967e-05,0.15145875,1.4162494170685939e-06
2019-06-30,2019-06-30T12:00:00.000,-0.7979921895155946,0.0381339263674019,-5.001912859854456,0.0002571516349788,58664.99724243103,58.0,7101.65451242232,0.07618415744869649,-66.97831073271243,0.07618415744869649,56.32461202392062,0.0006115899153239251,0.1594197706546002,4.092892561654311e-05,0.15163965517241376,1.7559081366157128e-06
2019-07-04,2019-07-04T12:00:00.000,-0.1276075972327451,0.0339410477537944,-5.000228211155643,0.0002247984127959,58669.02771269697,66.0,7103.225261673237,0.06785010351921993,-66.5957762147773,0.06785010351921993,56.3005845327201,0.0005439021775078672,0.15968401803701382,3.594045179358787e-05,0.15153378787878788,2.057055078288255e-06
2019-07-05,2019-07-05T12:00:00.000,0.9907592151226332,0.0375640865414187,-5.00200436635529,0.0002527597913623,58670.039371,58.0,7102.0726005172155,0.07510551217248268,-66.61817390436782,0.07510551217248268,56.31427494644479,0.0006025249069002299,0.1594025726458675,4.046491003898933e-05,0.15138655172413792,7.601590298300694e-07
2019-07-06,2019-07-06T12:00:00.000,-0.8488532296346094,0.0347079247414845,-5.002781698448658,0.0002334935788829,58671.02181141791,67.0,7102.3189031553065,0.06936299410939566,-66.43080616136886,0.06936299410939566,56.31567935486965,0.0005563678714621206,0.15927622145855463,3.714216589659867e-05,0.1512874626865672,1.152019907826053e-06
2019-07-07,2019-07-07T12:00:00.000,-0.2778360512760898,0.0342124850836557,-5.003336096332439,0.0002309664865329,58672.10958537662,77.0,7102.054139206588,0.06571117130097198,-66.63253665536011,0.06571117130097198,56.32103890594527,0.0005277587746936374,0.15916197912602714,3.539743063429816e-05,0.15126415584415584,8.339729697290394e-07
2019-07-08,2019-07-08T12:00:00.000,-0.6434974653999176,0.0536684117650185,-5.003947182230338,0.0003680923102656,58673.167850862075,29.0,7102.712877371161,0.10829334594509454,-66.95059429353987,0.10829334594509454,56.32191077988079,0.0008691072572047632,0.15912416669275778,5.869865047748977e-05,0.15122862068965517,1.774701902347139e-05
2019-07-09,2019-07-09T12:00:00.000,-1.4845229758411669,0.0290295489511175,-5.003222545781122,0.0001955395523786,58674.085698833325,90.0,7102.0969833623085,0.0593972228242957,-67.39985191661908,0.0593972228242957,56.31994627610454,0.0004761148456460642,0.15924374831439553,3.176119322891949e-05,0.15090844444444443,6.805503961688657e-06
2019-07-10,2019-07-10T12:00:00.000,-0.9753325119320768,0.0346393312721244,-5.005384664339822,0.0002361395480081,58675.129892341756,79.0,7100.969719341033,0.06692849383326148,-67.31576084606874,0.06692849383326148,56.33282217862714,0.0005382397831831868,0.1588458133860198,3.610314535353796e-05,0.15080012658227854,2.9299606851554262e-06
2019-07-11,2019-07-11T12:00:00.000,-1.3758816695329343,0.0299957019246011,-5.003798953471366,0.0002053804297491,58676.05643504256,94.0,7101.722973858576,0.061417717336805254,-67.2445311511967,0.061417717336805254,56.33407927824052,0.000492815359938491,0.15915083943801536,3.341944298147766e-05,0.1508052127659574,1.911617981780085e-06
2019-07-12,2019-07-12T12:00:00.000,-1.9366844139888524,0.0367576393319209,-5.005035429650054,0.0002496777289137,58677.077077757574,66.0,7102.330431607875,0.07186323724394103,-67.62984559029019,0.07186323724394103,56.32195812035383,0.0005759253692090274,0.15893065927843103,3.871529132025777e-05,0.15073833333333336,1.026077995493374e-06
2019-07-13,2019-07-13T12:00:00.000,-1.5266420235980214,0.0327800311262399,-5.0045446467338275,0.0002198815272721,58678.00954464706,68.0,7102.422836447783,0.06669164811521004,-67.50785317213975,0.06669164811521004,56.318179200046,0.0005358725627369598,0.15898625547253076,3.5463617043691996e-05,0.1507807352941177,8.966863315076199e-07
2019-07-14,2019-07-14T12:00:00.000,-1.8438946793821311,0.0381428198537414,-5.004371553279731,0.0002544440462146,58679.03914362745,51.0,7102.3434106593395,0.07627677561091355,-67.19250266159355,0.07627677561091355,56.3240497100041,0.0006116255024041986,0.159021480762047,4.052156537715585e-05,0.1508527450980392,6.311167427216669e-07
2019-07-15,2019-07-15T12:00:00.000,-1.4134094306221552,0.0367839806485242,-5.003696664002036,0.0002447913066219,58680.03741411111,54.0,7102.462354256639,0.0735634037990254,-67.38482804567639,0.0735634037990254,56.32305419492553,0.0005893394700955197,0.15913066734168632,3.904315250144392e-05,0.15086351851851848,6.559626746754849e-07
2019-07-16,2019-07-16T12:00:00.000,-0.9635424133664848,0.031440483555819,-5.0045132881904895,0.0002093930950878,58681.03975320548,73.0,7102.500309229694,0.06284201896198292,-66.88935024257664,0.06284201896198292,56.32231807218617,0.000504155768759313,0.1590012751683917,3.314931183137311e-05,0.15079602739726022,1.18237510285127e-06
2019-07-17,2019-07-17T12:00:00.000,-0.825398138034876,0.0317363172221681,-5.004614076158663,0.0002127269212291,58682.042587346674,75.0,7102.22222959969,0.06341582902058913,-66.87084825147743,0.06341582902058913,56.325458848314746,0.000508479626371172,0.15898560401033313,3.360884344875289e-05,0.15063626666666666,2.006954874397443e-06
2019-07-18,2019-07-18T12:00:00.000,-1.0153634707339028,0.0321524743487645,-5.005270563174903,0.0002136889221219,58683.02677075,68.0,7102.260253823074,0.06427807954869476,-67.34552818965159,0.06427807954869476,56.32003289978965,0.0005158772858218734,0.1588810299674306,3.394777207081148e-05,0.15047661764705889,1.2146727722758089e-06
2019-07-19,2019-07-19T12:00:00.000,0.2961772916778645,0.0356822311290473,-5.006006916088157,0.0002371988496967,58684.051267109084,55.0,7101.605668928009,0.07135755888742036,-67.0479536911952,0.07135755888742036,56.321091868475484,0.0005735645977337367,0.1587630789702774,3.770350823223591e-05,0.15055781818181815,2.166331117620622e-06
2019-07-21,2019-07-21T12:00:00.000,-1.8939309002710851,0.0358704106567499,-5.0013299409970395,0.0002291186439303,58686.13240148149,54.0,7102.488025031224,0.07159057357695278,-66.21417403547976,0.07159057357695278,56.30709185936067,0.0005745821693914749,0.15950719391909987,3.6449247261539656e-05,0.15077259259259254,1.981486379690877e-06
2019-07-22,2019-07-22T12:00:00.000,-0.9203534849925676,0.0306211291184687,-5.000689127433539,0.0001949900483769,58687.06704285916,71.0,7102.394839030719,0.061223293972147215,-66.06543858910878,0.061223293972147215,56.30882311786571,0.0004921107024613622,0.15961183713880145,3.114126282357603e-05,0.15099169014084515,2.440321213584229e-06
2019-07-23,2019-07-23T12:00:00.000,-0.4887709825904878,0.0357269862963914,-5.001328880697365,0.0002287618214949,58688.11003904839,62.0,7101.881405680077,0.06687649744521534,-66.52791121509757,0.06687649744521534,56.307361570452464,0.000537514521650186,0.15954328665049858,3.417998717040626e-05,0.15129129032258065,7.219032482433313e-06
2019-07-24,2019-07-24T12:00:00.000,-1.032204768084872,0.037927766387359,-4.999452603039146,0.0002432180758548,58688.95157460976,41.0,7103.103143892243,0.08235101387555835,-66.59014112423107,0.08235101387555835,56.298804464445844,0.0006625385252933999,0.15981931570247243,4.245438167765692e-05,0.15141439024390244,7.84668680105439e-07
2019-07-26,2019-07-26T12:00:00.000,-1.3959547890228954,0.0327706945377478,-4.996907165111084,0.000210751150594,58690.99006245001,60.0,7103.133342452511,0.06774290270801443,-66.31740530618352,0.06774290270801443,56.279119571335045,0.0005460059468874107,0.16023730090145408,3.5279931453802623e-05,0.1511355,6.476816543832068e-07
2019-07-27,2019-07-27T12:00:00.000,-1.0442997397640656,0.0314234231665172,-5.0000047099790494,0.0002042085524756,58692.01386489042,73.0,7102.722177092423,0.06265296669317609,-65.91533913544453,0.06265296669317609,56.298345566518904,0.0005037881997689647,0.15972956469663888,3.260883788196919e-05,0.15123287671232877,1.8860161121518057e-06
2019-07-28,2019-07-28T12:00:00.000,-1.3952026441253027,0.0297493100501681,-4.998492461401465,0.0001906762768175,58693.041276853335,75.0,7102.190267741787,0.05947372929538669,-66.04162455797055,0.05947372929538669,56.30018369610073,0.00047684885926439747,0.15996567247665458,3.070990446297446e-05,0.15130786666666665,4.7622136322013146e-07
2019-07-29,2019-07-29T12:00:00.000,-0.5255223013781305,0.0335742232268411,-4.999471303174824,0.0002158389660944,58694.03277466101,59.0,7102.070387352745,0.06713478514779697,-66.05071257218471,0.06713478514779697,56.293660699918355,0.0005400560941597053,0.15980615777141785,3.473563397335494e-05,0.15120440677966102,1.679650725581122e-06
2019-07-30,2019-07-30T12:00:00.000,-0.8657682085855429,0.0342576735909719,-4.999943505709516,0.0002197818434549,58695.04237473214,56.0,7102.101904532558,0.06850798253896612,-66.19154359900604,0.06850798253896612,56.290418223220726,0.0005490400417260997,0.1597296492510969,3.525102161910174e-05,0.15113,0.0
2019-07-31,2019-07-31T12:00:00.000,-1.8919943693334391,0.0278829902477062,-4.999022828576425,0.0001793831557009,58696.046486367806,87.0,7102.51299143617,0.05571628350010532,-66.20263674522755,0.05571628350010532,56.29183994746806,0.00044810221199869966,0.1598788466273778,2.884875985171891e-05,0.15103712643678155,1.8272642318584368e-06
2019-08-01,2019-08-01T12:00:00.000,-1.2660214777545271,0.02840656046757,-4.999633951117859,0.0001830719559108,58697.04542613096,84.0,7102.250564699892,0.056747522459174735,-66.01923427317054,0.056747522459174735,56.294086222016446,0.00045608013926846247,0.15977882611974464,2.944200972049137e-05,0.1509869047619047,6.101124882456575e-07
2019-08-02,2019-08-02T12:00:00.000,-0.9115378315238816,0.0386324666225782,-5.0002578162654885,0.0002486358477459,58698.03839493182,44.0,7101.668347485104,0.07724641665092832,-66.10783977678147,0.07724641665092832,56.29527510655992,0.0006207592378661753,0.15968178515777168,3.999756517716154e-05,0.15101727272727272,6.791703342148201e-07
2019-08-03,2019-08-03T12:00:00.000,-1.709252885746194,0.0312591442496183,-5.000076914913748,0.0002008760574511,58699.029296117646,68.0,7101.769982610328,0.06250474938979983,-65.61416233744615,0.06250474938979983,56.29570396913988,0.0005025688866192622,0.15970821383245454,3.223668357438372e-05,0.15088235294117647,2.480102088183705e-06
2019-08-04,2019-08-04T12:00:00.000,-1.0260279927258065,0.0315310500754488,-5.0012160797633305,0.0002031539466412,58700.02894970149,67.0,7102.357705112037,0.06302810291474698,-66.08086604451694,0.06302810291474698,56.29670456166536,0.0005063750704897799,0.15952966604135516,3.244861549516581e-05,0.15088746268656714,2.3999027907164025e-06
2019-08-06,2019-08-06T12:00:00.000,-0.3229796511671672,0.0388263683577905,-4.999804878589482,0.0002510732419687,58701.95983652273,44.0,7102.408669165862,0.07907000488218172,-65.49138810052504,0.07907000488218172,56.29278711719023,0.0006346935217592823,0.15975868942918914,4.121965605107296e-05,0.15106386363636365,7.425392901044274e-07
2019-08-07,2019-08-07T12:00:00.000,-2.815569484551968,0.0462919304292535,-5.001815178421324,0.0002986850499591,58703.129430270266,37.0,7102.582866542533,0.08685747601294623,-66.51891535000696,0.08685747601294623,56.30119439244443,0.0006958649703995603,0.1594330845169225,4.5195051910186494e-05,0.15099540540540546,4.1299207540375665e-06
2019-08-08,2019-08-08T12:00:00.000,-2.0719393705793148,0.0397694482261112,-5.001291506492518,0.0002606493393984,58704.04199952382,42.0,7102.16767505163,0.08333276123548526,-66.76917390256854,0.08333276123548526,56.31041108180806,0.0006704218935826783,0.15952401487285087,4.3798164233514974e-05,0.1509192857142857,1.5762780203838873e-06
2019-08-09,2019-08-09T12:00:00.000,-2.0263363049362098,0.0333860220093614,-5.002452342680982,0.000219505999824,58705.00518879104,67.0,7102.34076094513,0.06654578308252043,-66.25665944591579,0.06654578308252043,56.30198959211257,0.0005346150466713993,0.15933507866584534,3.486255641964281e-05,0.15084477611940303,6.148401797551668e-07
2019-08-10,2019-08-10T12:00:00.000,-1.994088347969951,0.0337906353879775,-5.000675738076704,0.0002193089300303,58706.01612152459,61.0,7102.687331183394,0.06755195154609936,-66.96427457190858,0.06755195154609936,56.29669735994352,0.0005421862142215084,0.1596124306352641,3.504872623434747e-05,0.15081999999999995,7.166458808248764e-18
2019-08-12,2019-08-12T12:00:00.000,-2.1844581692150635,0.0340252687640214,-5.0020422808102,0.0002211917364175,58708.01905301666,60.0,7101.8165293112725,0.06801722066827004,-66.98189948892973,0.06801722066827004,56.30535299181172,0.0005476006773700838,0.15939376944531597,3.532873331632381e-05,0.15063416666666665,6.418399868651483e-07
2019-08-13,2019-08-13T12:00:00.000,-1.257515446601855,0.0369599458822031,-5.002081134466741,0.0002408454184918,58708.982981549016,51.0,7102.891793298316,0.07387017828679618,-67.00562684651223,0.07387017828679618,56.30227749802691,0.0005930576950931948,0.15938454765825763,3.824657147031457e-05,0.15071607843137255,1.921568627451226e-06
2019-08-14,2019-08-14T12:00:00.000,-0.7917372011400852,0.0382630718020297,-5.001511873651103,0.0002486891218305,58710.03008657447,47.0,7102.885869516817,0.07652936657527702,-66.81531475314269,0.07652936657527702,56.30524682277724,0.0006135337735256132,0.15948240970114558,3.953133695679084e-05,0.15082361702127664,7.084485475860054e-07
2019-08-15,2019-08-15T12:00:00.000,-0.2748264497727207,0.0347945288658904,-5.000938767556461,0.0002255420718891,58711.03195054385,57.0,7102.6187702785655,0.0692305708275964,-66.7355464168588,0.0692305708275964,56.30302491042161,0.0005565849493237366,0.15956693995428084,3.6008247505187025e-05,0.1508556140350877,6.630955666816775e-07
2019-08-16,2019-08-16T12:00:00.000,-0.6060983187519721,0.0387244492981803,-5.001467907307653,0.0002589344649177,58711.98202983929,56.0,7102.994626286255,0.07742402964751127,-66.87379028041858,0.07742402964751127,56.3068802225275,0.000622124075333406,0.15948634781435383,4.1112797798081194e-05,0.1508319642857143,1.0635533085247239e-06
2019-08-17,2019-08-17T12:00:00.000,-0.9776963868253136,0.0605717300731833,-5.001852618677432,0.0004001050850156,58713.193931814814,27.0,7102.212897395057,0.11263012758827251,-66.72832608454367,0.11263012758827251,56.31011836782017,0.0009076629478648442,0.1593561660920972,5.984861116829853e-05,0.1507511111111111,4.988115029542246e-06
2019-08-18,2019-08-18T12:00:00.000,-1.3605826438280155,0.0729667998967054,-5.0038532146709995,0.0004981052196595,58713.899392857136,14.0,7100.481297663422,0.1648625829805073,-66.38530376737563,0.1648625829805073,56.32393447666257,0.0013281682644718414,0.1591824277512453,8.895639961465691e-05,0.1508142857142857,1.3725270326164054e-06
2019-08-19,2019-08-19T12:00:00.000,-0.3520800729155633,0.0371822458321758,-4.9997889530478075,0.0002431018700063,58715.03015075438,57.0,7102.841871798601,0.07367265136218036,-66.98381407912181,0.07367265136218036,56.30350794037026,0.0005921559223965039,0.15974719382740998,3.869293523852076e-05,0.1509436842105263,1.0208226493444522e-06
2019-08-20,2019-08-20T12:00:00.000,-1.002438344882164,0.0442916537604335,-5.0009941169825645,0.0002885720523027,58715.93845097142,35.0,7103.145444297272,0.08958207293278218,-66.29807303869893,0.08958207293278218,56.30196355618427,0.0007200592022516849,0.1595644284473467,4.659558047795431e-05,0.1508997142857143,2.8571428571457146e-07
2019-08-21,2019-08-21T12:00:00.000,-0.6262402009043265,0.0339004406440039,-5.000627874402433,0.0002190267867583,58717.10529193749,64.0,7102.642236162686,0.06558659016546178,-66.88730183391554,0.06558659016546178,56.301434776283045,0.0005265410152553783,0.15960864943385875,3.410208451114105e-05,0.15092890625,2.3895978639494442e-06
2019-08-22,2019-08-22T12:00:00.000,-1.634601791931718,0.0314117244684682,-5.001338530415893,0.0002061292764003,58718.024806791655,72.0,7102.265294362476,0.06470344432191957,-66.54836904204608,0.06470344432191957,56.3093660727268,0.0005205253266865005,0.15951272838062966,3.404660741608353e-05,0.15099597222222222,5.820650942559201e-07
2019-08-23,2019-08-23T12:00:00.000,-1.0794407751921482,0.0424948896666368,-5.001365661591348,0.0002788253327515,58719.09425145238,42.0,7101.363995265308,0.08497404921412277,-66.81608362771995,0.08497404921412277,56.307617608011064,0.0006821313603218757,0.15950151396751985,4.485310793872613e-05,0.15088904761904764,1.8606982257436249e-06
2019-08-25,2019-08-25T12:00:00.000,0.2235483282883048,0.0457374804806766,-5.001180564256627,0.0003056371391714,58721.063102804874,41.0,7103.172477038022,0.0914602883775478,-66.56493614959543,0.0914602883775478,56.30257385079563,0.0007354240859632959,0.15953343755297764,4.881844835668157e-05,0.15081780487804877,6.544589202444955e-07
2019-08-26,2019-08-26T12:00:00.000,-0.95351843305803,0.0436868349330654,-5.001812982835464,0.0002934455847443,58722.02145740816,49.0,7102.819939130173,0.0854795295770661,-66.78694076787995,0.0854795295770661,56.310673241562434,0.0006856646708674862,0.15942109386955255,4.58976538197128e-05,0.15079428571428571,8.247860988412669e-07
2019-08-27,2019-08-27T12:00:00.000,0.0142022040360043,0.0395442109276455,-5.001153104213573,0.0002617764847824,58722.97027085714,49.0,7103.21875257938,0.08016040034087579,-66.1442753073969,0.08016040034087579,56.29927697589352,0.0006455916783060361,0.15955456818966593,4.2481787960421035e-05,0.15077020408163264,2.0408163265326527e-07
2019-08-28,2019-08-28T12:00:00.000,-1.3464904348496598,0.0384062417281482,-5.000977366925969,0.0002535000585751,58724.06793542593,54.0,7102.698519428473,0.07562486998518293,-66.22228583295626,0.07562486998518293,56.30466914665625,0.0006056585594110785,0.15955155770292134,3.9950697135314295e-05,0.15076851851851847,1.2789596413953784e-06
2019-08-29,2019-08-29T12:00:00.000,-0.9830036589582148,0.0546336191343553,-5.001202716265699,0.0003626228457654,58725.095653285716,28.0,7101.922539050602,0.10761121506010288,-66.3538158737621,0.10761121506010288,56.31426939172012,0.0008656871263980619,0.15956617457331554,5.715897946754443e-05,0.15082285714285715,2.3489918391983294e-06
2019-08-30,2019-08-30T12:00:00.000,-1.5498291157059825,0.0440379323418302,-5.000566212714431,0.0002901117303597,58726.030898162164,37.0,7102.778063157367,0.0903002056485556,-66.55446287648064,0.0903002056485556,56.30443302391843,0.000723963799833298,0.15964091555818322,4.7154246772501924e-05,0.15076378378378383,2.3362707170974752e-06
2019-08-31,2019-08-31T12:00:00.000,-2.4465133200262756,0.0525224238338676,-5.001567948580792,0.0003473156016734,58726.972514714296,28.0,7101.0720465885715,0.10498307942367881,-66.81771858299045,0.10498307942367881,56.31706326343553,0.0008439012723079327,0.1594725193878392,5.549726651064332e-05,0.15064750000000002,8.333333333341666e-07
2019-09-01,2019-09-01T12:00:00.000,-0.7731476813002924,0.0334579504202113,-5.001137523291742,0.0002181186905981,58728.01526984126,63.0,7102.712378022178,0.06689594981372814,-66.45309269072479,0.06689594981372814,56.30963552546045,0.0005363736494178632,0.15953918277671042,3.4914657140579946e-05,0.15062,0.0
2019-09-02,2019-09-02T12:00:00.000,-0.8555852539689058,0.0637389766134201,-5.001447077042922,0.0004147414870787,58729.09534041177,17.0,7101.687990795362,0.12748781737168566,-66.75542902373915,0.12748781737168566,56.311870588235294,0.0010186496251525983,0.15948941176470588,6.548461875980991e-05,0.15078058823529414,1.5974677192957471e-06
2019-09-03,2019-09-03T12:00:00.000,-1.4951988550653257,0.034525753428306,-5.000871657383728,0.0002251284921822,58730.007630559325,59.0,7102.371067538114,0.06904164861549154,-66.82759607365824,0.06904164861549154,56.309963000231136,0.0005539168818063909,0.15958143148626688,3.605843506136302e-05,0.15087,0.0
2019-09-04,2019-09-04T12:00:00.000,-1.736794254124339,0.0381362966001943,-5.001388969220447,0.0002493561898809,58731.033683307694,52.0,7102.570347374762,0.0744062366884596,-66.95017079302679,0.0744062366884596,56.30833223690423,0.0005986533711016808,0.1594977955843544,3.913729989520876e-05,0.15081615384615385,6.812422196469086e-07
2019-09-05,2019-09-05T12:00:00.000,-2.544264130717382,0.0826088348990263,-4.999892475662113,0.0005423277418549,58731.986286625004,8.0,7102.936120259235,0.18817089706391732,-66.70145519171258,0.18817089706391732,56.2975375,0.0015202795795510773,0.15984625000000002,9.899494936611664e-05,0.15083625,1.8298126367803297e-06
2019-09-06,2019-09-06T12:00:00.000,-2.159466233098412,0.0345421831200505,-5.001565410427475,0.00022674511991,58733.03497690164,61.0,7101.7504490758665,0.06858253969366378,-66.64440975110703,0.06858253969366378,56.30951521239019,0.0005521488519058517,0.1594657401122616,3.6025219836978646e-05,0.1508370491803278,1.176831494247608e-06
2019-09-07,2019-09-07T12:00:00.000,-2.2795163550614364,0.0816671858420097,-5.000793012871861,0.0005376499682231,58733.9711657,10.0,7101.160164414158,0.17015352951885196,-66.92195581143842,0.17015352951885196,56.31359,0.0013597793938724032,0.15964624590362908,8.945791623188274e-05,0.150822,1.333333333330966e-06
2019-09-08,2019-09-08T12:00:00.000,-1.389005814415236,0.0336696303937919,-5.00101846709756,0.0002210580854352,58735.008637718754,64.0,7101.992243244504,0.06730656585187084,-66.74558073448982,0.06730656585187084,56.306960593638706,0.0005408785112463439,0.159557614720244,3.5390146381812025e-05,0.15078859375,1.5408972903233574e-06
2019-09-09,2019-09-09T12:00:00.000,-2.0203319378741784,0.0347947711630937,-5.0014862606187185,0.0002293585806893,58736.08307204546,66.0,7102.451135536983,0.06749080936158874,-66.93997676369246,0.06749080936158874,56.31343972774014,0.0005408429943003451,0.15949095445080266,3.552692865159794e-05,0.15077833333333335,1.174383403824301e-06
2019-09-10,2019-09-10T12:00:00.000,-1.2657195190666748,0.0482152922634966,-5.000969916603373,0.0003204275024987,58737.06032833333,30.0,7102.091907003589,0.10236914678886186,-67.65649783834438,0.10236914678886186,56.31572484940044,0.0008198886109364216,0.15955547553464972,5.424399707297572e-05,0.15076733333333334,2.0304199969426276e-06
2019-09-11,2019-09-11T12:00:00.000,-0.0971239732823961,0.0341630352815511,-5.001271655680012,0.0002226772491244,58738.01731603334,60.0,7102.699866926626,0.06832466637469678,-67.3447222929346,0.06832466637469678,56.30429711581999,0.0005472295435292356,0.15951764656877834,3.539472392572827e-05,0.15065266666666663,1.085775170686646e-06
2019-09-12,2019-09-12T12:00:00.000,-0.5033556621279456,0.0401466237930192,-5.0021047133360845,0.000262523174491,58739.04235754546,44.0,7102.677450052215,0.08024750155041094,-67.02942455928628,0.08024750155041094,56.306272835733246,0.0006426904873937807,0.1593861042512764,4.193524661459095e-05,0.15070295454545454,2.4884414715116303e-06
2019-09-13,2019-09-13T12:00:00.000,-0.8946072898369732,0.0331447606037726,-5.001261367557616,0.0002164279660904,58740.031671624994,64.0,7102.398478288846,0.0662766023764595,-66.73557442447775,0.0662766023764595,56.30863660812975,0.0005305287153409244,0.15951702571350435,3.465244408655697e-05,0.15071546875,1.297312689097363e-06
2019-09-14,2019-09-14T12:00:00.000,-0.6979607023943373,0.0337508982310583,-5.001855324333988,0.0002220712844367,58741.00775006349,63.0,7102.664652976761,0.0674828238820551,-67.2632391211375,0.0674828238820551,56.30995316570326,0.0005430388072256556,0.1594236760053364,3.544871502591815e-05,0.1507561904761904,2.041913244817549e-06
2019-09-17,2019-09-17T12:00:00.000,-1.5031113541987111,0.0923683192926276,-5.002183554294235,0.000612967916501,58743.919484555554,9.0,7101.158681889252,0.18461694703149445,-67.20558883253791,0.18461694703149445,56.31436155666557,0.0014844279635576536,0.15937294206739872,9.774047035709752e-05,0.1508,0.0
2019-09-18,2019-09-18T12:00:00.000,-1.4065962604537483,0.0436388256830644,-5.0016994435595885,0.0002864402803731,58745.029843162156,37.0,7103.050580791776,0.08726766696356981,-67.10458037834469,0.08726766696356981,56.30236561665368,0.0007055387303038671,0.159448918918919,4.603171644550005e-05,0.15082135135135136,5.697797585878856e-07
2019-09-19,2019-09-19T12:00:00.000,-1.6798679410362125,0.0384070394130589,-5.002246035628849,0.0002532782697993,58745.99745138775,49.0,7102.823183719484,0.07680497321919551,-66.89036269135137,0.07680497321919551,56.30937392711262,0.0006162670291285413,0.15936245452056838,4.0507444958684505e-05,0.15083999999999997,4.006172263299092e-18
2019-09-20,2019-09-20T12:00:00.000,-2.0002205230716545,0.0330065574447216,-5.001026799831735,0.0002170512847759,58747.013182227274,66.0,7102.56151173777,0.06599919913975702,-67.29322502636859,0.06599919913975702,56.307081849511,0.000531262706072304,0.15955617672659722,3.476867122184873e-05,0.1509272727272727,1.734679249896604e-06
2019-09-21,2019-09-21T12:00:00.000,-2.524892038322991,0.0363093736869043,-5.000796216852211,0.0002382250736579,58748.00686448148,54.0,7103.137415413387,0.07260934649712907,-67.00279275848662,0.07260934649712907,56.29610315918894,0.0005863770909305347,0.1595924607353105,3.827166900819279e-05,0.15082222222222222,3.4127506490775914e-06
2019-09-22,2019-09-22T12:00:00.000,-0.288019040742074,0.0401691657835338,-5.001713837050891,0.000263846224668,58748.979814977785,45.0,7101.880313285968,0.08031178289032949,-66.87339208785517,0.08031178289032949,56.30682840947262,0.0006457969579867709,0.15944786335136305,4.212232484718135e-05,0.15061000000000005,8.368620923398063e-18
2019-09-23,2019-09-23T12:00:00.000,-1.5732407878029964,0.0524293321957454,-5.002630211898509,0.000345537382586,58750.056295925926,27.0,7102.112836067999,0.10485372024387028,-67.61018650648602,0.10485372024387028,56.30638128891296,0.0008423399174938963,0.1593005364946537,5.5365066265010985e-05,0.15061370370370372,9.470524295505004e-07
2019-09-25,2019-09-25T12:00:00.000,-1.9622743776309224,0.0587525698334592,-5.003119104607705,0.0003882843622662,58751.918266199995,20.0,7100.734354449359,0.12251248365224492,-67.13977180655854,0.12251248365224492,56.3134812639558,0.0009809643565353607,0.1591983325172574,6.411651561694529e-05,0.15063950000000004,1.5346866644039907e-06
2019-09-26,2019-09-26T12:00:00.000,-2.0875387050693637,0.0807111213221066,-5.002449046734323,0.0005308740140451,58753.02944972727,11.0,7103.592477814443,0.16141801448345766,-66.68496894902744,0.16141801448345766,56.30209090909091,0.0012964987816843835,0.15932999999999994,8.44231764817738e-05,0.15065454545454543,1.5745916432416384e-06
2019-09-27,2019-09-27T12:00:00.000,-2.194560567609725,0.0771256461644512,-5.002568723119026,0.0005097217558687,58754.0464055,12.0,7102.884591376289,0.15427179657503717,-67.27377101509401,0.15427179657503717,56.30446666666668,0.0012413030787576955,0.1593083755537884,8.057613738390884e-05,0.15041666666666664,1.4213381090388245e-06
2019-09-28,2019-09-28T12:00:00.000,-1.0022581249223304,0.0368139444121858,-5.003196510180148,0.0002465133049626,58755.01959601786,56.0,7103.05430730394,0.0736233082685094,-66.97493440490032,0.0736233082685094,56.31050517570071,0.0005895965334737326,0.15920973774668393,3.9120982991939e-05,0.15039374999999996,1.7757840777825133e-06
2019-09-30,2019-09-30T12:00:00.000,-1.1394407857739768,0.0434053853469186,-5.004005722124832,0.0002973891517265,58757.02458473914,46.0,7102.456850239412,0.08707543163510917,-66.72614408510039,0.08707543163510917,56.3146426046907,0.000698752027105745,0.15908443764191763,4.7158992399867244e-05,0.15068695652173908,1.5186303649190883e-06
2019-10-15,2019-10-15T12:00:00.000,-2.1481036322402565,0.0451452388130741,-5.001412037299316,0.000291553565834,58772.094412270264,37.0,7101.551201664926,0.09014025658473965,-67.65440026627657,0.09014025658473965,56.3144672639945,0.0007251490776658227,0.15949856379203306,4.649455235073729e-05,0.15084567567567567,1.919574392131968e-06
2019-10-17,2019-10-17T12:00:00.000,-1.6971749639614584,0.050589756773039,-5.00086606102488,0.0003254876624649,58774.0559165862,29.0,7100.551746790505,0.1009659183770202,-67.4405146923063,0.1009659183770202,56.313784995051535,0.0008113713791400537,0.15958207797716847,5.182744555270107e-05,0.15072310344827589,1.8638014199396202e-06
2019-10-19,2019-10-19T12:00:00.000,-1.3338290877971073,0.0318098457034804,-4.999817761046059,0.0002039102998178,58776.03083361973,71.0,7101.000690795603,0.06358145845518863,-67.63685526675886,0.06358145845518863,56.31138331626298,0.0005112548513046802,0.15975633760091315,3.262187510025047e-05,0.15077718309859162,2.4908936651668366e-06
2019-10-20,2019-10-20T12:00:00.000,-1.678552737238017,0.1071339154231568,-5.000840187338317,0.0006846202245673,58776.997537999996,6.0,7101.953936776421,0.21432957487726653,-66.66605865517771,0.21432957487726653,56.30218333333334,0.0017146428199482245,0.15958833333333336,0.00011022703842524301,0.15066333333333332,2.1081851067810283e-06
2019-10-21,2019-10-21T12:00:00.000,-1.9866598564535705,0.0897571266276806,-5.002280034033036,0.0005807350856071,58777.89257589999,10.0,7099.9968224645,0.1793625875585709,-67.54024141179829,0.1793625875585709,56.328207350305334,0.0014411265689431047,0.15935712342740566,9.262135133371449e-05,0.15069,0.0
2019-10-28,2019-10-28T12:00:00.000,-1.691186159651518,0.0393314901335685,-5.00256280554646,0.0002589536132323,58785.03034796,50.0,7100.523954821255,0.07862361632642453,-67.43242421326202,0.07862361632642453,56.31151699647546,0.0006309568503295239,0.1593114476204554,4.13912249225744e-05,0.1508814,4.956957592261378e-07
2019-10-29,2019-10-29T12:00:00.000,-1.0018416681430156,0.0893695828525503,-5.003856415909104,0.000612401413881,58786.16262038461,13.0,7100.027382359703,0.1781712606951333,-67.91434479362431,0.1781712606951333,56.32930843231474,0.0014324555369081226,0.15913968306128717,9.718306260605847e-05,0.1507476923076923,1.2162606385241402e-06
2019-10-30,2019-10-30T12:00:00.000,-0.2439419539510972,0.0656745810585645,-5.002137078176689,0.0004366355564534,58786.96976989475,19.0,7101.41475557508,0.13130991083886778,-67.39075695081357,0.13130991083886778,56.31880992625197,0.0010535957225171599,0.15938151932924427,6.976329989681009e-05,0.15072210526315788,1.446703728288345e-06
2019-10-31,2019-10-31T12:00:00.000,-1.0174373850618184,0.0541731973218962,-5.000835526064586,0.0003561017796601,58788.1256293077,26.0,7103.08853365691,0.10821848839079205,-67.44377556224032,0.10821848839079205,56.303617847394165,0.0008698018136714844,0.15958806548554033,5.7189868838136925e-05,0.15081,0.0
2019-11-03,2019-11-03T12:00:00.000,-1.427657164033829,0.0362174994543095,-4.999704016587679,0.0002379339914237,58791.0211290339,59.0,7102.079446257656,0.07235496654760001,-67.4481521558107,0.07235496654760001,56.3070284377055,0.0005800151170061359,0.1597723668995694,3.8165249967536746e-05,0.15099237288135597,1.4371497347431829e-06
2019-11-04,2019-11-04T12:00:00.000,-0.6138861055712428,0.032643911041354,-5.000367188750678,0.0002141224142958,58792.023847140845,71.0,7101.46147125886,0.06520569696622347,-67.32546853596078,0.06520569696622347,56.30844970611175,0.0005236258093916741,0.159662379135116,3.426796144292706e-05,0.15090859154929576,4.1577421166469095e-07
2019-11-06,2019-11-06T12:00:00.000,-0.3761507790574542,0.0422300082821356,-5.001299018762777,0.0002750698089094,58794.0673849756,41.0,7102.630108752442,0.08442218887978921,-67.29950610485002,0.08442218887978921,56.307768905516895,0.0006773896284692786,0.15951439896799172,4.408734716778165e-05,0.15093560975609754,3.2581750931372996e-06
2019-11-07,2019-11-07T12:00:00.000,-1.0393374677597,0.0618877948672994,-5.00108470929881,0.0004061730687212,58795.12152664999,20.0,7101.383294138042,0.12369156311547615,-67.40522286054824,0.12369156311547615,56.309930138055456,0.0009955340429746542,0.1595469639141492,6.514365710286168e-05,0.15082900000000002,9.999999999996124e-07
2019-11-08,2019-11-08T12:00:00.000,-1.7441515168938082,0.0568346974989847,-5.001040810472645,0.0003738810198475,58796.046911000005,24.0,7101.4314305330545,0.11357427024934755,-67.1737565532187,0.11357427024934755,56.31852398894553,0.0009128788363563156,0.15955333741315128,5.991104092797669e-05,0.1507725,3.4183011290259257e-06
2019-11-09,2019-11-09T12:00:00.000,-1.4586472060187416,0.0818370180914172,-5.0033947156426235,0.0005401583226855,58796.90566425,12.0,7101.858849170177,0.16362859898077298,-67.24239248012712,0.16362859898077298,56.31948593705192,0.0013153401858710778,0.15918281474192542,8.58294699032878e-05,0.15076,0.0
2019-11-11,2019-11-11T12:00:00.000,-0.7120530470759021,0.11142867996039,-5.002971349493695,0.0007679960044399,58799.121105,8.0,7100.357532077087,0.2223902476766548,-67.78799142592192,0.2223902476766548,56.33040828734182,0.0017870542180119225,0.15925427641008225,0.00012171527045044735,0.15064125,1.2500000000012501e-06
2019-11-12,2019-11-12T12:00:00.000,-1.1551161264010954,0.0589240585566747,-5.001941352819039,0.0003872561557465,58799.98675657142,21.0,7101.401779413056,0.11787014514876824,-67.42861794930955,0.11787014514876824,56.31392190412119,0.0009444194201002227,0.15941351348230268,6.170134386407222e-05,0.15082428571428572,2.3473823893074676e-06
2019-11-16,2019-11-16T12:00:00.000,-0.4370047002815631,0.0389027626540087,-5.000767936925807,0.0002549888108689,58804.04968825,48.0,7102.501851360489,0.07779029066915144,-67.60062921337766,0.07779029066915144,56.30971742112666,0.0006247203129469355,0.15959793060063915,4.0732084281524484e-05,0.15090083333333335,2.541034394093066e-06
2019-11-17,2019-11-17T12:00:00.000,-2.1014769966267233,0.0439597163401014,-5.001900123552787,0.0002884045257007,58804.97543092105,38.0,7102.43753162612,0.08783960233295497,-66.87621816999724,0.08783960233295497,56.3026918946516,0.0007065550989987106,0.1594163406178318,4.6152444567990095e-05,0.15083684210526319,1.1380689865712444e-06
2019-11-18,2019-11-18T12:00:00.000,-0.9838271603431856,0.0392296382839076,-5.001137648586858,0.0002565676104142,58806.061271425526,47.0,7102.563161065288,0.07843817087559833,-67.13749842116984,0.07843817087559833,56.303910306598326,0.0006310938306143271,0.15953788592731527,4.113694532749879e-05,0.15085957446808515,9.102889523303512e-07
2019-11-19,2019-11-19T12:00:00.000,-1.6222727777084711,0.0592705361889331,-5.001307750881385,0.0003878006678508,58807.06208185714,21.0,7102.685796056585,0.11841629346286894,-67.74201400288645,0.11841629346286894,56.305059469682554,0.0009521746882607494,0.15951709902613398,6.217447356001296e-05,0.15078571428571433,1.4754222271268308e-06
2019-11-22,2019-11-22T12:00:00.000,-1.3656849215469715,0.0378123501561184,-5.002364401399551,0.0002479448335863,58810.03466684615,52.0,7101.739415643475,0.07554802932114346,-67.34436635262878,0.07554802932114346,56.308561560912295,0.0006062794847541236,0.15934112067167608,3.9590055205738966e-05,0.15087865384615387,1.064611265128925e-06
2019-11-23,2019-11-23T12:00:00.000,-1.3352267254677093,0.0336030188363088,-5.001847655160436,0.00021970387504,58811.035048830774,65.0,7102.76781383553,0.06715467736307704,-67.21677918648915,0.06715467736307704,56.29986729868622,0.000539066215138027,0.15942645738499978,3.520287231452212e-05,0.1508610769230769,1.0543653970666917e-06
2019-11-24,2019-11-24T12:00:00.000,-0.9092253406447496,0.0588897269853241,-5.000817676215234,0.0003848210921227,58811.992813523815,21.0,7102.671566337149,0.11763900081644353,-67.18445601617252,0.11763900081644353,56.29980185676183,0.0009468343238685136,0.15959600192912418,6.18764743309706e-05,0.15078428571428576,1.1065666703460828e-06
2019-11-26,2019-11-26T12:00:00.000,-1.9545803706251776,0.0342796871846569,-5.001700682087684,0.0002241756179496,58814.04612643549,62.0,7102.355682773994,0.06850978583920653,-67.61285466147956,0.06850978583920653,56.303353800409305,0.0005494338358549829,0.15945077873931118,3.594933430931401e-05,0.1508435483870968,6.126109130656398e-07
2019-11-27,2019-11-27T12:00:00.000,-3.3188412361146,0.2801919771939999,-5.002831906511467,0.0018454646633908,58814.926046,1.0,7100.419,0.5599999999999999,-67.858,0.5599999999999999,56.31589999999999,0.0045,0.15927,0.00029,0.15077,0.0
2020-06-02,2020-06-02T12:00:00.000,-0.6104083388065552,0.0455543019080029,-5.002754182007783,0.0003003774221482,59002.92971403448,29.0,7101.025025458771,0.10265306650559998,-65.6168784228216,0.10265306650559998,56.31638761661475,0.00082561667400531,0.1592931858996138,5.380524743230664e-05,0.15145724137931035,1.3946194745708586e-06
2020-06-03,2020-06-03T12:00:00.000,0.4270543729843785,0.060454096321504,-4.999133951530658,0.0003929636726374,59004.06501655,20.0,7103.1426212716415,0.12091179589589514,-66.21275211017839,0.12091179589589514,56.285050228549046,0.0009669562088232844,0.15986121992098645,6.282316189732068e-05,0.15179100000000006,3.316624790355832e-06
2020-06-08,2020-06-08T12:00:00.000,0.4313147300547474,0.044690605767052,-4.999500167889253,0.0002925081034219,59008.93646090625,32.0,7103.490640239339,0.09630190525454117,-65.4014858451383,0.09630190525454117,56.29318616731172,0.000773898154533475,0.15989818398950562,5.0552890105547035e-05,0.15196375,8.695104295487717e-07
2020-06-11,2020-06-11T12:00:00.000,-0.3713389003491215,0.0801811838831348,-5.000247996381603,0.0005297753293922,59012.11748258334,12.0,7104.165141388854,0.1603438992096993,-66.23369260721847,0.1603438992096993,56.294583093885734,0.001279578217343525,0.159685795153351,8.464573030708632e-05,0.15165999999999996,8.368620923398063e-18
2020-06-13,2020-06-13T12:00:00.000,-0.9618664146353928,0.0360345899400286,-5.002902816893134,0.00023721513806,59014.062729830504,59.0,7103.299943657576,0.07077940276619447,-66.0985062763108,0.07077940276619447,56.301645694985616,0.0005678967488250581,0.15925847019623512,3.715893423574942e-05,0.1513606779661017,1.689940097286137e-06
2020-06-14,2020-06-14T12:00:00.000,-1.1585900425461628,0.04958533632317,-5.004300925228078,0.0003413171814086,59014.94467008332,36.0,7100.514912283164,0.10255917131489509,-66.18198782322857,0.10255917131489509,56.32634000487465,0.0008236711763735794,0.15901030473264371,5.602289378004219e-05,0.15133444444444447,8.399210511324561e-07
2020-06-18,2020-06-18T12:00:00.000,-1.8823938782791456,0.0335295508536411,-5.002621936875615,0.0002200214825556,59019.027394015626,64.0,7102.221639257249,0.06703782546489151,-66.18578988173918,0.06703782546489151,56.30280075507543,0.0005389747677270462,0.1593025727402201,3.516586822375428e-05,0.15125187499999998,2.8336396893197996e-06
2020-06-19,2020-06-19T12:00:00.000,-0.83595444742837,0.0342024208178503,-5.002927727474841,0.0002245782124857,59020.0128887541,61.0,7102.369557314104,0.0683811183657474,-65.98674100857282,0.0683811183657474,56.302122057170024,0.0005486410630875052,0.15925420099236043,3.603093015531203e-05,0.15120213114754102,1.6382510015784565e-06
2020-06-20,2020-06-20T12:00:00.000,-0.5771577469757574,0.0315038515099524,-5.002127898530802,0.0002064303802658,59021.03619736112,72.0,7101.978163403148,0.06298772894683963,-66.43193645763247,0.06298772894683963,56.30421574793151,0.0005055761293758569,0.15937883701224598,3.3117941906565136e-05,0.15125263888888893,7.658869160746245e-07
2020-06-21,2020-06-21T12:00:00.000,-0.6943655191346075,0.0303950333529572,-5.002383580339213,0.0001990887286999,59022.071985179486,78.0,7102.51573361312,0.06074610503373303,-66.55468118167693,0.06074610503373303,56.303592772617186,0.00048712475528815864,0.15934116688774483,3.180407757368933e-05,0.15117987179487183,8.260975855782728e-07
2020-06-22,2020-06-22T12:00:00.000,-0.9068304077090564,0.0376657265581764,-5.002362314255646,0.0002458364268382,59023.004758979994,50.0,7102.635529575698,0.0752990002831462,-66.4907586180491,0.0752990002831462,56.296195193588844,0.0006024309382911497,0.1593381912159255,3.91397128243918e-05,0.1513066,3.124753051467246e-06
2020-06-23,2020-06-23T12:00:00.000,-1.0521962089037755,0.0347797494840467,-5.0021193227467995,0.000226423937097,59024.04148677586,58.0,7102.784634016877,0.06955173956279276,-66.28554588906015,0.06955173956279276,56.30296703866574,0.000556583554949345,0.15938274510694342,3.602369684639158e-05,0.1512489655172414,3.4669789214306986e-06
2020-06-24,2020-06-24T12:00:00.000,-1.0974226924943935,0.0390604506506215,-5.0021588275057765,0.0002549642287297,59025.04472845653,46.0,7101.549902023876,0.0781069173502406,-66.11557299159301,0.0781069173502406,56.30481203246972,0.0006249022719436928,0.1593710410846841,4.068422791945995e-05,0.1511189130434783,9.941014863558858e-07
2020-06-25,2020-06-25T12:00:00.000,-0.8935251990847543,0.0400390132986421,-5.002119798769618,0.0002616546150082,59025.993311568185,44.0,7102.1785925525,0.0800583704700332,-66.45484687795658,0.0800583704700332,56.30674645595391,0.0006408289072706663,0.1593844181074415,4.163360906101632e-05,0.1512143181818182,8.223700648382866e-07
2020-06-26,2020-06-26T12:00:00.000,-1.3313743867358772,0.0295811064711987,-5.002459424128274,0.0001936186112507,59027.0704099294,85.0,7103.020709509673,0.05820069857805667,-66.78899213903645,0.05820069857805667,56.305374914444734,0.00046601226284286674,0.15933219137402432,3.0436551483198038e-05,0.15136776470588234,1.7820806662632443e-06
2020-06-27,2020-06-27T12:00:00.000,-1.4807266401995267,0.0297233002403147,-5.00261061005509,0.0001942716999687,59028.03958388608,79.0,7102.71743477139,0.060361365446216765,-66.58166353872329,0.060361365446216765,56.302828485539585,0.00048340903562246816,0.1592982190149688,3.137686288278319e-05,0.15134202531645574,2.2456980174771034e-06
2020-06-29,2020-06-29T12:00:00.000,-2.06838802032846,0.0358775897549412,-5.00250755416078,0.0002343888751013,59030.04074625454,55.0,7102.811838576913,0.0717413111868778,-66.51428400944258,0.0717413111868778,56.30260911529886,0.0005752600104569925,0.15931963522009576,3.744566602343682e-05,0.15130836363636366,1.462520226080246e-06
2020-06-30,2020-06-30T12:00:00.000,-1.172869530384823,0.0329684637654632,-5.002562029103286,0.0002157585876136,59031.04627690908,66.0,7103.492917820198,0.06590248800289635,-66.95392644441368,0.06590248800289635,56.303918652332506,0.0005298349708666042,0.15931048623772245,3.4518503093113966e-05,0.15135984848484846,2.185909786880908e-06
2020-07-01,2020-07-01T12:00:00.000,-0.9103102112379022,0.0393369220037912,-5.003070215046145,0.0002686183251218,59031.993550442625,61.0,7102.008183033191,0.07844234496951974,-66.83512233013296,0.07844234496951974,56.32196623290532,0.0006304646602740672,0.15924354416519115,4.256185268615054e-05,0.15146000000000004,3.583229404124382e-18
2020-07-02,2020-07-02T12:00:00.000,-0.8315748449952037,0.0422925766753471,-5.001520174688972,0.000293078461319,59033.06283325423,59.0,7101.717734168984,0.0844274841802551,-66.59307966946034,0.0844274841802551,56.325683124212716,0.0006783081200882029,0.1594817553359792,4.6846936205477615e-05,0.1516794915254237,3.7014831785955245e-06
2020-07-03,2020-07-03T12:00:00.000,0.258404207716957,0.0368088694585382,-5.000900804018211,0.0002539974303691,59034.06152787341,79.0,7102.325112013312,0.07250359778752564,-66.44458500264425,0.07250359778752564,56.322440591651265,0.0005821390029530819,0.15955625599022408,3.995765632093483e-05,0.15185253164556958,2.74685713080554e-06
2020-07-04,2020-07-04T12:00:00.000,0.0812299209980394,0.0329284671004659,-5.000334026962534,0.0002239133874499,59035.087002670334,91.0,7102.621532007151,0.06518874892649035,-66.47899804152038,0.06518874892649035,56.31386969912426,0.0005237231135499319,0.15967764342892093,3.5456759950562935e-05,0.1516187912087912,5.506872529023995e-06
2020-07-05,2020-07-05T12:00:00.000,-0.3081156898479754,0.0387753581684892,-5.0010420028999745,0.0002666153925988,59035.9993217077,65.0,7102.319957130112,0.0784648217854167,-66.66618633058387,0.0784648217854167,56.31968053346579,0.0006291169451580283,0.15958093349555738,4.2953917656783095e-05,0.1514549230769231,6.24926031126468e-07
2020-07-06,2020-07-06T12:00:00.000,-0.0676385954748855,0.042231126444405,-5.001281934970608,0.0002931432282091,59037.03083413334,60.0,7101.534738175232,0.08430040039266552,-66.15705894940166,0.08430040039266552,56.32549443415988,0.0006761294409941057,0.15951917067388094,4.669982290524737e-05,0.15141733333333338,9.467955669394425e-07
2020-07-07,2020-07-07T12:00:00.000,-0.6314857090066778,0.1161903096963887,-5.001528371959645,0.0008203025365846,59038.10424142857,7.0,7102.5350149525375,0.26354117559176427,-66.36695652284733,0.26354117559176427,56.33004285714285,0.0021166010488516723,0.15955668338958315,0.0001489909506785905,0.1512357142857143,2.020305089106442e-06
2020-07-08,2020-07-08T12:00:00.000,0.4209302821692355,0.055788509265831,-5.0042877809321515,0.0003914157837813,59039.09969016216,37.0,7101.571421874484,0.11041927335468102,-66.23518395507251,0.11041927335468102,56.327375982541014,0.0008864146981712604,0.15903617123901143,6.167357858779484e-05,0.15127324324324323,2.54255239489571e-06
2020-07-09,2020-07-09T12:00:00.000,-0.9370971524201848,0.0825122405652447,-5.003579196428814,0.0005920695432892,59039.90702372222,18.0,7103.060583178951,0.16783920538839497,-67.1118516732803,0.16783920538839497,56.324022239277554,0.0013469847194831344,0.15920706387737077,9.552529566956583e-05,0.15134999999999998,6.731715880179762e-18
2020-07-10,2020-07-10T12:00:00.000,-0.8297048238601802,0.0375740788074526,-5.001960523531714,0.0002500520909393,59040.97970789473,57.0,7103.063447069735,0.0750425980417108,-66.67261781112164,0.0750425980417108,56.30125724906887,0.0006024792086128367,0.15940357970143532,3.979829432865508e-05,0.1512057894736842,2.320597651460844e-06
2020-07-11,2020-07-11T12:00:00.000,-0.4870014912642248,0.0370650185339679,-5.002791422494597,0.0002446940482788,59042.04297431035,58.0,7102.762140990444,0.07175533561299789,-66.49165132791998,0.07175533561299789,56.310043820994224,0.0005749454515149154,0.15924817053245507,3.7681439864151024e-05,0.1510141379310345,1.4558325599964777e-06
2020-07-12,2020-07-12T12:00:00.000,-0.1891076903904422,0.0362769265334158,-5.003028692066098,0.0002388022368298,59042.97571098076,52.0,7101.221371323414,0.07481571407760318,-67.05383446461715,0.07481571407760318,56.31261952232078,0.0006025150725887038,0.1592730572529669,3.940882771038211e-05,0.15099,0.0
2020-07-13,2020-07-13T12:00:00.000,-0.8643130863565371,0.0352114948373164,-5.003097911128679,0.0002342163373025,59044.01069649231,65.0,7102.017061735661,0.06968347123839332,-67.22094125909503,0.06968347123839332,56.315340801188874,0.0005594772495521192,0.15921650104486773,3.7013784983917027e-05,0.15111538461538465,2.171459575121772e-06
2020-07-14,2020-07-14T12:00:00.000,-0.8517370864238325,0.0350869906832866,-5.002201609632291,0.0002293657691705,59045.00811810345,58.0,7101.962267077078,0.07062805679221376,-67.2718241607725,0.07062805679221376,56.30604956822234,0.0005683430103393522,0.15938112743272143,3.7019526853762114e-05,0.1511491379310345,1.6551535086640475e-06
2020-07-15,2020-07-15T12:00:00.000,-0.4609278732730421,0.0335357815432389,-5.002214035728031,0.000219622861087,59046.01582753126,64.0,7102.500669252344,0.06704140422399674,-67.10047133115849,0.06704140422399674,56.30865213399556,0.0005394685585055571,0.15936472889364486,3.52226764831634e-05,0.151136875,1.1108010480078215e-06
2020-07-17,2020-07-17T12:00:00.000,-1.476750053774628,0.0463515371588651,-5.003207773324116,0.0003158640084487,59048.062967261896,42.0,7101.854145034326,0.09359471736876412,-66.58473916976043,0.09359471736876412,56.319627523991606,0.0007514114221394114,0.15922500800439612,5.089246017735509e-05,0.15131714285714284,1.4573182012876658e-06
2020-07-20,2020-07-20T12:00:00.000,0.161631159642505,0.0528396841230036,-5.001734875535351,0.0003482425986417,59051.28072538889,36.0,7101.8047917510585,0.09306211348301885,-66.83454569758656,0.09306211348301885,56.31429019206289,0.0007460425203706855,0.15942101047809723,4.918187612525888e-05,0.15124527777777777,3.5070475782409928e-06
2020-07-21,2020-07-21T12:00:00.000,-1.474322319875345,0.0644324556064871,-5.002130511957115,0.0004262319208556,59052.19661775,16.0,7102.972876203461,0.14293193398449824,-66.83085440256542,0.14293193398449824,56.3068070192756,0.0011475758909336475,0.1593616788581036,7.525184252007251e-05,0.15121625000000002,2.3935677693899173e-06
2020-07-22,2020-07-22T12:00:00.000,-1.4377838878991316,0.0319336290718576,-5.002239244562031,0.000211549790315,59053.09903817724,79.0,7102.343540929361,0.06321442323948896,-66.56615416545415,0.06321442323948896,56.31529365833739,0.0005080150186977796,0.1593525664092142,3.3536606662444996e-05,0.1512353164556962,1.9885704167652724e-06
2020-07-23,2020-07-23T12:00:00.000,-1.5969672110409407,0.0584917090677139,-5.002831374710184,0.0003958703718906,59053.909925842105,19.0,7103.157760682705,0.13509175273686136,-66.08489149547887,0.13509175273686136,56.31186371843397,0.001085485335943927,0.15935021880944872,7.231942188920639e-05,0.15117315789473684,1.5394674363861224e-06
2020-07-24,2020-07-24T12:00:00.000,-1.103890181621891,0.0316995916740597,-5.001495182473437,0.0002087652970937,59055.021844513525,74.0,7101.330088172551,0.06334553107687187,-66.89486118659087,0.06334553107687187,56.31653420957994,0.0005082717342789077,0.15948180643850138,3.32505153209775e-05,0.1511974324324324,3.3441434592660955e-06
2020-07-25,2020-07-25T12:00:00.000,-0.3281844695211905,0.0329138744936816,-5.001552137556223,0.0002161294496735,59056.03782695589,68.0,7102.101416420742,0.06539509304164354,-67.01144113317044,0.06539509304164354,56.312448455526024,0.0005251950912141262,0.15946893110742857,3.4258827730293374e-05,0.15125882352941178,2.2324273470218066e-06
2020-07-26,2020-07-26T12:00:00.000,-0.5124565409949144,0.0347826164219803,-5.001652866221584,0.0002292785706326,59056.99242511666,60.0,7103.004151826183,0.07000833678971272,-67.23954139751457,0.07000833678971272,56.30896569752222,0.0005612494354881166,0.15945981589903954,3.6734059853543926e-05,0.15114999999999998,3.613468163044638e-18
2020-07-27,2020-07-27T12:00:00.000,-0.0748431398044541,0.0333505186997311,-5.00181548377121,0.0002190087812595,59058.0288884,65.0,7103.6314663639,0.06668541289922035,-67.09476171549029,0.06668541289922035,56.30838089291762,0.0005355633137352655,0.1594307287749393,3.494906540007064e-05,0.15141553846153843,4.951839058286526e-06
2020-07-28,2020-07-28T12:00:00.000,-0.8029664206895111,0.0448500300377357,-5.000527054268273,0.0003010051448879,59059.07026895239,42.0,7101.125368311165,0.08969488850547302,-67.08565977025329,0.08969488850547302,56.316397594971924,0.0007210874237538213,0.15963891374929418,4.8116803740308064e-05,0.15179523809523812,1.6778288898901706e-06
2020-07-29,2020-07-29T12:00:00.000,-1.0436248449718453,0.0348049977942347,-4.99915732634451,0.000226394766458,59060.01369663332,60.0,7103.2559659597855,0.06958228070682594,-66.81810130049202,0.06958228070682594,56.3035503751617,0.0005584421278382112,0.1598550435150261,3.633096730090557e-05,0.15199783333333333,1.9899701423910322e-06
2020-07-30,2020-07-30T12:00:00.000,-1.0455799414526523,0.0330843577719899,-4.99811595694635,0.0002163187397241,59061.031697104474,67.0,7102.908755681565,0.06615147410368936,-66.65380711049444,0.06615147410368936,56.30560462111676,0.0005304655589306201,0.16002798456632336,3.4698887469593465e-05,0.15210626865671645,5.953164441910817e-07
2020-08-01,2020-08-01T12:00:00.000,-0.4933559583298231,0.0482342711122647,-4.998601091564435,0.0003290430499355,59063.02719569049,42.0,7103.588139686849,0.09633613680511222,-67.65502454763467,0.09633613680511222,56.308218803202436,0.000773366829991996,0.15995250331058264,5.275033538893601e-05,0.15230642857142856,7.483181740395821e-07
2020-08-02,2020-08-02T12:00:00.000,-0.1553984787654204,0.0432844893391963,-4.998162624419838,0.0002913324858871,59064.01822802083,48.0,7103.243689299524,0.08646424800142266,-67.24395149877823,0.08646424800142266,56.300675587554984,0.0006952040180713533,0.16002099694281652,4.6751679288077746e-05,0.15239770833333333,1.19986639819703e-06
2020-08-03,2020-08-03T12:00:00.000,-0.0515681556309104,0.0323006927008047,-4.996623969350465,0.0002113568836513,59065.032099648655,74.0,7103.125931911638,0.06456988921661148,-66.6870189871651,0.06456988921661148,56.292489458871366,0.0005184616103576246,0.16026784383836895,3.4162999743950815e-05,0.15255581081081085,1.815303295709762e-06
2020-08-04,2020-08-04T12:00:00.000,-1.20771950608619,0.031834282980055,-4.994952953251499,0.0002064467970207,59066.036058013684,73.0,7104.159205286078,0.06365850864172648,-66.79003315685713,0.06365850864172648,56.28577511910505,0.0005098269750646997,0.16053724790733614,3.334461476211522e-05,0.152633698630137,5.689468399264646e-07
2020-08-06,2020-08-06T12:00:00.000,-0.8920722576466934,0.0300131812388131,-4.996010749606192,0.0001970227582769,59068.072507296696,91.0,7103.265822692011,0.05875003238331988,-66.70740501571777,0.05875003238331988,56.29863550586092,0.0004718252427783009,0.16037416494239876,3.125389846586808e-05,0.15260659340659344,7.53012350492442e-07
2020-08-07,2020-08-07T12:00:00.000,-0.8314879327081203,0.0310968964819613,-4.995886831676701,0.0002035503069508,59069.01771756001,75.0,7102.7387272098385,0.0635192312001758,-66.80194620184383,0.0635192312001758,56.29337618436838,0.00051045573742644,0.16037501533010307,3.382068845672447e-05,0.15257999999999997,3.226520127292389e-18
2020-08-08,2020-08-08T12:00:00.000,-2.112374729807308,0.0757962015735081,-4.995763224577065,0.000495609673748,59070.10933830769,13.0,7102.479870290031,0.15161892100374968,-67.0021512083399,0.15161892100374968,56.29668461538461,0.001220340431695504,0.1604053846153846,8.043152845265822e-05,0.15250999999999998,8.012344526598183e-18
2020-08-10,2020-08-10T12:00:00.000,-1.101055612750299,0.0321176788069491,-4.997557694084451,0.0002104005560616,59072.06120253947,76.0,7102.521033922058,0.06309406513326096,-66.81745637784651,0.06309406513326096,56.302853749997,0.0005077901551222142,0.1601037781726529,3.3455842652664575e-05,0.15191894736842107,3.8823891512444745e-06
2020-08-11,2020-08-11T12:00:00.000,-1.230171181326516,0.0562570499066099,-4.998158832510233,0.0003702541502382,59072.9165603182,22.0,7103.089795592004,0.11917544701844707,-66.18487200127363,0.11917544701844707,56.298400172362626,0.0009568964869265203,0.16006287009331618,6.313163503477989e-05,0.15176499999999996,1.091089451178025e-06
2020-08-12,2020-08-12T12:00:00.000,-1.0268238297275667,0.0409860235576656,-4.998560679347619,0.0002687502079432,59074.13253197916,48.0,7101.353777208146,0.07904837140520625,-67.07190105853059,0.07904837140520625,56.31211890254195,0.0006352653591299476,0.15993706709670996,4.185257736794217e-05,0.151854375,4.415340862161707e-06
2020-08-13,2020-08-13T12:00:00.000,-1.1282219767713424,0.030172854503583,-4.998521448072157,0.0001991751807137,59075.03961779519,83.0,7103.505819646248,0.061224385903298206,-67.09257325790333,0.061224385903298206,56.30537772020553,0.0004912736723773841,0.15997142729658942,3.247640575173947e-05,0.15191409638554215,2.3693367890224263e-06
2020-08-14,2020-08-14T12:00:00.000,-1.1307670646378924,0.0386038995744053,-4.99848940760773,0.000253935988954,59075.97210080392,51.0,7104.027145452395,0.07776209680041454,-66.87876371551086,0.07776209680041454,56.29871864603013,0.0006247598684116284,0.1599730950010611,4.1256214104354444e-05,0.15173196078431372,2.114740198072378e-06
2020-08-17,2020-08-17T12:00:00.000,-0.399722491908266,0.0387281245638062,-5.000067301219351,0.0002548972307575,59079.04924008001,50.0,7102.227299349133,0.07744464275347636,-66.79916864208535,0.07744464275347636,56.309270653710435,0.000622527632333261,0.15971170378941274,4.1039105546582634e-05,0.151501,4.2857142857185717e-07
2020-08-18,2020-08-18T12:00:00.000,-0.5707602593989887,0.0331136475680145,-4.999891258261541,0.0002184692945999,59080.02248014493,69.0,7103.050626186455,0.066202147750394,-66.53082498701725,0.066202147750394,56.30218904127579,0.0005321420032586016,0.15974027890607295,3.508705366588981e-05,0.1515257971014492,5.985844733694633e-07
2020-08-19,2020-08-19T12:00:00.000,-1.2829318716067348,0.0337865086992866,-5.000574516666031,0.0002231340666806,59081.02469849999,66.0,7102.964314922391,0.06755911321002359,-66.93415074837924,0.06755911321002359,56.304313948090574,0.0005430381737415796,0.1596305104534347,3.5839207844170294e-05,0.1515139393939394,6.060606060595299e-07
2020-08-20,2020-08-20T12:00:00.000,-1.1059865857162476,0.0422987617467146,-4.999515349389423,0.0002777730305919,59082.15608630435,46.0,7101.203635008064,0.08131780799700662,-67.25640008464346,0.08131780799700662,56.31289017808485,0.0006543394176266846,0.15976166924487,4.307646246461751e-05,0.15144739130434778,5.423466479831277e-06
2020-08-21,2020-08-21T12:00:00.000,-1.294500438364515,0.0323285248433616,-5.001006586442971,0.0002138093857198,59083.016548281696,71.0,7103.401378616481,0.06620663893048899,-67.01332358724926,0.06620663893048899,56.30630681644999,0.0005321122487069434,0.1595741551197795,3.507919496685167e-05,0.15128521126760555,2.8359516795525422e-06
2020-08-24,2020-08-24T12:00:00.000,-0.0288374866425502,0.0360199574667861,-5.000743943273645,0.0002359522042565,59086.01004877779,54.0,7102.742638162575,0.07463874587583245,-67.33575410484164,0.07463874587583245,56.30209827166613,0.0006006022775128608,0.15962057429525317,3.920904555383678e-05,0.15116,0.0
2020-08-25,2020-08-25T12:00:00.000,-0.2569891577938643,0.0591332526016629,-5.001037968267664,0.0003977389574806,59086.96349708,25.0,7102.3930430365335,0.12024257719033507,-67.37300048717587,0.12024257719033507,56.312168736279794,0.0009640140391261647,0.15956207043069387,6.500087249565344e-05,0.1512388,1.6653327995727048e-06
2020-08-26,2020-08-26T12:00:00.000,-1.1323856674606063,0.0838150848351126,-5.004121119688394,0.0005905105689998,59087.9451045625,16.0,7102.482554485101,0.16760762572993493,-67.01712899511709,0.16760762572993493,56.32415738237864,0.0013481363010166918,0.15905971609338865,9.37118103692139e-05,0.15131,0.0
2020-08-27,2020-08-27T12:00:00.000,-2.1703535202040016,0.0455489112089837,-5.004088835039094,0.0003320216218759,59089.026588500004,64.0,7101.097003409001,0.09077419110432886,-67.6528764812666,0.09077419110432886,56.3372345792744,0.0007300374090042933,0.15907952490076233,5.252994472738593e-05,0.1514328125,2.7500789130092964e-06
2020-08-28,2020-08-28T12:00:00.000,-3.656259793665017,0.0605360036533258,-5.00294935349112,0.0004494707143021,59090.073694474995,40.0,7101.659835306525,0.12042785399119871,-67.94021370313628,0.12042785399119871,56.339162503730414,0.0009681188592298883,0.159271490279411,7.090982956659715e-05,0.15149525000000003,1.2903736290557321e-06
2020-08-29,2020-08-29T12:00:00.000,-1.5869354126287063,0.0352505407415299,-5.000488867730003,0.0002345512469445,59091.04024387692,65.0,7101.941414306964,0.06942952430685283,-67.62228570174905,0.06942952430685283,56.309226029294706,0.0005587692128602777,0.1596401036676547,3.7079070932036024e-05,0.15149615384615386,1.1328212673090922e-06
2020-08-30,2020-08-30T12:00:00.000,-0.6269412189749299,0.0337392399530362,-4.999300019972953,0.000222861011091,59091.99682101515,66.0,7102.606097165582,0.06834768079516935,-67.42423009517101,0.06834768079516935,56.305731610466104,0.0005497605382681518,0.15984784463610383,3.628493091219183e-05,0.15147060606060608,1.5095467431122557e-06
2020-09-01,2020-09-01T12:00:00.000,-1.0471428409822412,0.0335628293296457,-5.000125128455385,0.0002211251721985,59094.02660863768,69.0,7102.789296103656,0.06666367080677384,-67.22639418856275,0.06666367080677384,56.300703381167644,0.000536104869000089,0.15968745583926733,3.5260591652805454e-05,0.1513389855072464,1.1335563606892992e-06
2020-09-02,2020-09-02T12:00:00.000,-0.4419549220216589,0.0320781025084713,-5.000512755973517,0.0002116162670415,59095.00939565753,73.0,7102.432364489431,0.06490389637628037,-66.98888810430643,0.06490389637628037,56.299266925446574,0.0005218687732248301,0.15965712087860628,3.438970665047999e-05,0.15132068493150685,7.38400074373863e-07
2020-09-04,2020-09-04T12:00:00.000,-1.630239973890071,0.0370013888550947,-5.001331721609054,0.0002467319082317,59097.03610844068,59.0,7103.030590140355,0.07395103428229526,-67.4268381023479,0.07395103428229526,56.29942461775832,0.000594805494163104,0.159511858847958,3.932338259636792e-05,0.15137,0.0
2020-09-08,2020-09-08T12:00:00.000,-1.9110346303957833,0.0388293208328969,-5.001657594740866,0.000262523496229,59100.99142430509,59.0,7101.961074583532,0.07750563266367173,-67.38141179966306,0.07750563266367173,56.31414851206873,0.0006228692936464226,0.1594546250149846,4.1859920343479426e-05,0.15122627118644075,1.2302989873093918e-06
2020-09-09,2020-09-09T12:00:00.000,-1.6079659576176302,0.0355025877130571,-5.001689758741072,0.0002351813307118,59102.05235502857,70.0,7101.186074767949,0.0691738979423743,-67.780987725435,0.0691738979423743,56.31412636477218,0.0005555616589126292,0.159460269437336,3.6641914449676745e-05,0.1512041428571429,1.159939620454357e-06
2020-09-10,2020-09-10T12:00:00.000,-1.4970632348996464,0.032504597423431,-5.001800630443837,0.0002166782779554,59103.03834485898,78.0,7101.985224500854,0.06625341821772877,-67.66486948137836,0.06625341821772877,56.31223126804642,0.0005321186068632445,0.1594289829704328,3.527760101582064e-05,0.15114205128205122,2.252456197068557e-06
2020-09-14,2020-09-14T12:00:00.000,-1.8084217838035832,0.0490989063933397,-5.003027194256892,0.0003304640722396,59107.00147635136,37.0,7101.84334673588,0.09817416380229786,-67.5179811429315,0.09817416380229786,56.31002642339344,0.0007871215675116371,0.15923625803180622,5.268017444711516e-05,0.15079459459459457,8.305895907456323e-07
2020-09-18,2020-09-18T12:00:00.000,-2.2573481065550607,0.0426384006431682,-5.0017864785371335,0.0002809416987699,59111.07825586047,43.0,7101.807758461105,0.08523795371399227,-68.3996480522186,0.08523795371399227,56.31104236946483,0.0006849123267820787,0.15943681193179238,4.493988030384823e-05,0.15101162790697673,2.5328458591022125e-06
2020-09-20,2020-09-20T12:00:00.000,-2.0849191767294535,0.0423729354956717,-5.004958300366732,0.000298142582217,59113.038351015624,64.0,7102.30940436017,0.08442584623131767,-68.13645991409683,0.08442584623131767,56.32693190530354,0.0006781085260240734,0.15892841411546701,4.7011010518971315e-05,0.15065015625,1.2498449804667797e-06
2020-09-25,2020-09-25T12:00:00.000,-1.7408707571056443,0.0389403375561863,-5.000377381096539,0.0002624889094799,59118.044701983614,61.0,7100.946621535517,0.07783606603392544,-68.59027461278433,0.07783606603392544,56.31775880096402,0.0006251406142160614,0.15965967935872727,4.200771539470771e-05,0.1517177049180328,2.7697965306006514e-06
2020-09-26,2020-09-26T12:00:00.000,-1.4322312790412195,0.037418616732918,-4.998719529373137,0.0002513399263879,59119.02448069697,66.0,7101.401030666057,0.07480407657382104,-67.40534645225887,0.07480407657382104,56.30798118954541,0.0006004616410038404,0.15992936626537974,4.0420371704230285e-05,0.15185590909090907,6.098367211352234e-07
2020-09-27,2020-09-27T12:00:00.000,-0.9513729662968524,0.0340594164436704,-4.998391951598669,0.0002238594528522,59120.01364720589,68.0,7100.992404244705,0.06808843842026288,-67.5118343709976,0.06808843842026288,56.309250742046515,0.0005466378152820164,0.15997974967207743,3.604826870451313e-05,0.15197808823529413,2.179976650698685e-06
2020-09-28,2020-09-28T12:00:00.000,-0.6227865648217831,0.0514901669947022,-4.995421158974801,0.0003360819932117,59120.938876466666,30.0,7101.036660662012,0.10289652532789008,-67.47040487640929,0.10289652532789008,56.29598997854476,0.0008258231672114226,0.16046088485826807,5.4225535609913264e-05,0.15203633333333333,8.948554539848911e-07
2020-09-29,2020-09-29T12:00:00.000,-0.3193469988059227,0.0357678921973156,-4.996245954529233,0.0002327936429414,59122.009461245914,61.0,7103.686773124826,0.07150697370962351,-66.96863030850967,0.07150697370962351,56.28372382829334,0.0005736554278675929,0.16032739115414393,3.765660992247273e-05,0.1516796721311475,5.2581823466834675e-06
2020-10-01,2020-10-01T12:00:00.000,-0.9651066131974902,0.0318083549154769,-4.998301533925297,0.0002088837766529,59124.034873481025,79.0,7101.90771287312,0.06354976965870557,-67.12217192472492,0.06354976965870557,56.29804685187015,0.0005100853863718172,0.1599974772323465,3.358159501757226e-05,0.15151189873417717,4.792327717967524e-07
2020-10-02,2020-10-02T12:00:00.000,-1.464534631059087,0.0374314382498074,-5.000198884295836,0.000256499941201,59125.00702614493,69.0,7102.2701452408255,0.07478844432516282,-67.14472985957832,0.07478844432516282,56.31493566151509,0.0006009743267417224,0.15969510808830914,4.0996456994504e-05,0.15160101449275362,1.3717545211024415e-06
2020-10-03,2020-10-03T12:00:00.000,-1.8437999821142683,0.0329252200771751,-4.999782121401523,0.0002165150460604,59126.02135767123,73.0,7102.585045492659,0.06581032428544614,-67.25563712336317,0.06581032428544614,56.30392596855259,0.000528284881064112,0.15975815596975856,3.46515784332887e-05,0.15155520547945203,2.275787359703649e-06
2020-10-04,2020-10-04T12:00:00.000,-1.203315014036754,0.0323184518532545,-5.000226959840923,0.0002129927589552,59127.02426703948,76.0,7102.136046199242,0.06459591646884819,-67.56800131946495,0.06459591646884819,56.303960869060475,0.0005187467527593606,0.15968943681234804,3.417008801808989e-05,0.15137118421052634,1.509817059478281e-06
2020-10-05,2020-10-05T12:00:00.000,-1.443807786753455,0.0376503544715767,-5.000531548017305,0.0002477471800753,59127.98947669091,55.0,7102.061773880392,0.07526339428328764,-67.56663586872385,0.07526339428328764,56.29938979767291,0.0006040687695172803,0.15963447361724428,3.9739092686447676e-05,0.15121654545454546,1.4264972479924705e-06
2020-10-08,2020-10-08T12:00:00.000,-2.883518099982341,0.0313224482694312,-5.0012713993783695,0.0002091475928549,59131.031222469894,83.0,7101.6737464619555,0.06257025945002145,-68.01000094568703,0.06257025945002145,56.30078741047537,0.0005029417284435572,0.15951524187934848,3.3438459585779393e-05,0.1510320481927711,8.529741944123041e-07
2020-10-09,2020-10-09T12:00:00.000,-1.7612970634689848,0.0361389703853215,-5.000225911447107,0.0002401001811029,59132.02862696667,60.0,7103.218487865739,0.0722331395530011,-67.80322177332302,0.0722331395530011,56.29613589111089,0.0005803895379485114,0.15968780120839957,3.8524733333687855e-05,0.1513288333333333,4.658335986375138e-06
2020-10-10,2020-10-10T12:00:00.000,-1.5558899657041303,0.0344325504551548,-4.9991055621265135,0.000227934632103,59133.02155941791,67.0,7102.750169197983,0.068412576041952,-67.31134837845846,0.068412576041952,56.30039418051726,0.0005490698891741779,0.1598597822587498,3.638150136150148e-05,0.15153955223880597,3.3171264673570896e-07
2020-10-11,2020-10-11T12:00:00.000,-0.4584661549372904,0.0370962086133535,-4.999386051176155,0.0002465689195022,59134.023975086195,58.0,7101.604731254118,0.07462086529445235,-67.4166515067625,0.07462086529445235,56.30301913533907,0.0005994673339267617,0.1598253910634489,3.9772130852576677e-05,0.151561724137931,1.0759970132701608e-06
2020-10-12,2020-10-12T12:00:00.000,-1.023106636088963,0.0374839349444714,-5.000343791959595,0.000258278489722,59135.03140056338,71.0,7102.174771847739,0.07472026868918161,-67.51377928975535,0.07472026868918161,56.31508997749526,0.0005998317917071038,0.15967820183988435,4.125881819011578e-05,0.15156267605633808,8.013506324782217e-07
2020-10-14,2020-10-14T12:00:00.000,-1.2462907135510235,0.0761109176497212,-5.001245094955908,0.0005234915273131,59137.142909684204,19.0,7103.7330598200515,0.14474742085490105,-67.78519339945424,0.14474742085490105,56.313445401809965,0.0011669311163750528,0.15952539259058165,7.989023692785926e-05,0.15166947368421052,7.233518641435702e-06
2020-10-15,2020-10-15T12:00:00.000,-1.573697315310948,0.0513944782783454,-4.999889338072682,0.0003416879994906,59137.943152870954,31.0,7102.362582593631,0.10485990921417433,-67.22627314014,0.10485990921417433,56.30254349302137,0.0008439254878936934,0.1597593380692919,5.582489001818376e-05,0.15155548387096768,1.9586428084416142e-06
2020-10-16,2020-10-16T12:00:00.000,-1.0656376306793935,0.0364239372742046,-4.999081704969213,0.000240457766794,59139.025810622945,61.0,7102.381663555578,0.07230738763949746,-68.01947334218892,0.07230738763949746,56.307113331758124,0.0005809052646733722,0.15985285726256707,3.8446830633557674e-05,0.15148524590163936,3.809726962500001e-06
2020-10-17,2020-10-17T12:00:00.000,-0.6006080954745935,0.0519525283998787,-5.000746686233182,0.0003444513509133,59139.96344006666,30.0,7100.573945913859,0.10377339821564403,-67.49448839639149,0.10377339821564403,56.313602168102626,0.0008361050315085207,0.15964881156783725,5.504168008053203e-05,0.15171700000000002,6.0105271633695984e-06
2020-10-18,2020-10-18T12:00:00.000,0.4025668615835682,0.0774927593969982,-4.998688847724969,0.0005134617744237,59140.908614538464,13.0,7100.377847398035,0.16006384313108654,-67.22642291029476,0.16006384313108654,56.310998509633514,0.0012879710051858458,0.15991023397132406,8.505571026558912e-05,0.15188,0.0
2020-10-23,2020-10-23T12:00:00.000,-2.383821549053068,0.0446835155336275,-4.997655497200354,0.000296334593122,59145.985022097564,41.0,7102.573946888823,0.089283216331442,-67.48294369746122,0.089283216331442,56.3073113830155,0.0007163787159649656,0.16009998453695024,4.772012112039515e-05,0.1521831707317073,7.357611282425159e-07
2020-10-24,2020-10-24T12:00:00.000,-1.5845700607651854,0.0439052088589938,-4.997168569181862,0.0002896233369588,59146.97342758537,41.0,7102.430028531545,0.08776887868855604,-66.48582958195963,0.08776887868855604,56.3036032613233,0.0007071759381077101,0.1601785579608044,4.707126358527336e-05,0.15210975609756097,1.2340595746993503e-06
2020-10-25,2020-10-25T12:00:00.000,-1.6582751584398,0.0887813329435903,-4.99741668981934,0.0005896491000954,59147.90302036364,11.0,7099.907243807206,0.17730550494672445,-67.04368017922518,0.17730550494672445,56.31002192128424,0.001423786764825297,0.16012853025505377,9.551032691513447e-05,0.15206000000000003,8.777083671441753e-18
2020-10-27,2020-10-27T12:00:00.000,-0.9851133412986516,0.0325824434757877,-4.995449177253262,0.0002148172757912,59150.03004272726,77.0,7103.733784881228,0.06509205906312647,-66.29816156190208,0.06509205906312647,56.29145224850575,0.0005224561226472727,0.1604615045316114,3.4828392067678974e-05,0.15244857142857138,4.466455385271704e-06
2020-10-28,2020-10-28T12:00:00.000,-1.9109446955077751,0.0626745874227385,-4.995858034765898,0.0004259281596401,59151.11230966666,24.0,7104.032904894739,0.12533742152431812,-66.69982754248088,0.12533742152431812,56.302246039163386,0.0010059290049828596,0.16039419294184667,6.886720394288526e-05,0.15251875,1.5123285625673265e-06
2020-10-29,2020-10-29T12:00:00.000,-1.5956564612143382,0.0627343693237363,-4.99686508324033,0.0004171933523393,59152.075089095226,21.0,7103.246273266694,0.12544233972852414,-67.00954137610431,0.12544233972852414,56.30484160485795,0.001006834592556591,0.16022686255305255,6.774685732485145e-05,0.1523033333333333,1.8687063686046096e-06
2020-10-30,2020-10-30T12:00:00.000,-2.565996358600175,0.0451421593740396,-4.997093607033131,0.000299444014555,59153.07607015,40.0,7102.897310875188,0.0902114021074053,-67.13717999498195,0.0902114021074053,56.29970840787633,0.0007252682889974081,0.16019159812266995,4.841125000624536e-05,0.152106,1.6717870064307945e-06
2020-10-31,2020-10-31T12:00:00.000,-2.36293865542558,0.0362847825306378,-4.999143320450471,0.0002443919146016,59154.035857432835,67.0,7101.624491588926,0.07249721416290063,-67.666812504745,0.07249721416290063,56.312585576959506,0.0005822788075547157,0.1598609810263397,3.927016927200509e-05,0.15191731343283582,1.9090833549359854e-06
2020-11-01,2020-11-01T12:00:00.000,-2.3844346799683853,0.0349073862162478,-4.999880571703325,0.0002333869667132,59155.040768985506,69.0,7103.170343371688,0.06975546071512331,-67.72182962340442,0.06975546071512331,56.310325334381716,0.0005600702727878839,0.15974471515077515,3.740204450009482e-05,0.15170130434782605,2.063702499986543e-06
2020-11-02,2020-11-02T12:00:00.000,-2.6284800103502923,0.0803195397505237,-5.001454937921384,0.0005360229767136,59155.929431538454,13.0,7103.117753898307,0.16049176566828974,-67.70648435069431,0.16049176566828974,56.303593731107306,0.001284638762094,0.15949712203222774,8.563484506429919e-05,0.15167538461538463,1.4390989949144937e-06
2020-11-03,2020-11-03T12:00:00.000,-1.3632809520016864,0.0333944290921659,-4.999105885336622,0.0002213946602289,59157.03280224656,73.0,7103.207650795529,0.06672487150662837,-68.06350024303836,0.06672487150662837,56.295801362814835,0.0005360487376313229,0.15986977554810805,3.5622118575607184e-05,0.15213726027397262,6.670262369282056e-06
2020-11-05,2020-11-05T12:00:00.000,0.0811028858029785,0.0781304560782364,-4.994942609187323,0.0005156182451831,59159.0555016923,13.0,7106.550042076978,0.15627240537261988,-68.15491378878255,0.15627240537261988,56.29821909034542,0.0012501449746326622,0.1605376923076923,8.320502943378435e-05,0.15297230769230769,1.2162606385275163e-06
2020-11-06,2020-11-06T12:00:00.000,-1.400086530674029,0.0523495436359068,-4.991606535346836,0.0003443703784616,59160.09373490323,31.0,7104.783733993118,0.10460535137504974,-68.17270555787573,0.10460535137504974,56.30483560064276,0.0008399859801970699,0.1610791802561009,5.626210721884351e-05,0.15331548387096772,5.2227523267055e-06
2020-11-08,2020-11-08T12:00:00.000,1.0818744362365935,0.0352471314863546,-4.989860060015976,0.0002299766035968,59162.023031661534,65.0,7105.3865435493835,0.07045382209869522,-66.89290269280416,0.07045382209869522,56.28211070006664,0.0005657395939440173,0.16137229232229036,3.77625045817795e-05,0.15358953846153847,2.1531592311193207e-06
2020-11-09,2020-11-09T12:00:00.000,0.8291877047346072,0.0384713311894611,-4.990722634854452,0.00025046680376,59163.01411905556,54.0,7105.80485615806,0.07692406060848088,-66.64733533511613,0.07692406060848088,56.275767530460605,0.000617510991431984,0.16122904085070627,4.100790830347441e-05,0.15349,0.0
2020-11-10,2020-11-10T12:00:00.000,-0.3006346446281796,0.0611701379623091,-4.9913725681256205,0.0003984221304157,59163.92635763637,22.0,7105.599582002328,0.12219680814384284,-65.9281319280089,0.12219680814384284,56.2681600291255,0.0009808069356719872,0.16112597922120492,6.533744374001044e-05,0.15343590909090912,1.0729033533655177e-06
2020-11-13,2020-11-13T12:00:00.000,-1.071617012040836,0.0640910770566568,-4.994140392490499,0.0004234748770932,59167.07574690001,20.0,7103.344696359774,0.12812863665174315,-67.42753379717698,0.12812863665174315,56.29925107410841,0.0010305491549394673,0.16066894684607916,6.940320400128379e-05,0.1531525,1.7584383023452796e-06
2020-11-14,2020-11-14T12:00:00.000,-1.2343445940273,0.0840458216901295,-4.994930884531926,0.0005560405811068,59168.124717750004,12.0,7100.469157042019,0.1680482992820843,-67.90434711884882,0.1680482992820843,56.312484037116334,0.0013443684883270828,0.1605348313393154,9.04212658470406e-05,0.15269833333333332,3.2176909972122317e-06
2020-11-16,2020-11-16T12:00:00.000,0.4774824066430389,0.0686168480329676,-4.998036313022765,0.0004574245746373,59170.04871349999,18.0,7102.497497399467,0.13721054997328153,-67.85505058546097,0.13721054997328153,56.29834514313741,0.001098453018824497,0.16003261826182621,7.357236770234415e-05,0.152375,2.3221018200635127e-06
2020-11-17,2020-11-17T12:00:00.000,0.3631947963450778,0.0725583100712643,-4.995762187293446,0.0004815332576451,59171.08248881249,16.0,7102.947079285075,0.1451047859362381,-67.94670440932651,0.1451047859362381,56.29685470809249,0.001162298400693357,0.160405,7.75e-05,0.1529175,3.095695936834746e-06
2020-11-18,2020-11-18T12:00:00.000,0.844865657144957,0.1103076135920413,-4.996552408119519,0.000735629356984,59172.07710328571,7.0,7102.695462748381,0.22050406783103832,-68.13072540577379,0.22050406783103832,56.301893437370005,0.0017701993332893233,0.160271969610906,0.0001182125707005282,0.15316,0.0
2020-11-19,2020-11-19T12:00:00.000,-0.0842593594125099,0.0361738285689325,-4.994638890035112,0.0002402933308706,59173.03617012121,66.0,7102.61582857927,0.07228050620859011,-67.54463542678349,0.07228050620859011,56.30155501673597,0.0005797465931714631,0.16058848526164607,3.901324250605721e-05,0.15292696969696967,3.3655992928433526e-06
2020-11-20,2020-11-20T12:00:00.000,-0.4753773348924904,0.055734862594968,-4.994083179604332,0.0003688981545801,59174.01833725926,27.0,7103.692578900018,0.11144397437103207,-67.72947842767641,0.11144397437103207,56.29510063971342,0.000892961598412939,0.16067987797258063,6.014109676277493e-05,0.15281666666666668,9.24500327042973e-07
2020-11-23,2020-11-23T12:00:00.000,0.0147700633870729,0.0470602665621236,-4.992884937690739,0.0003110972148462,59177.066201315785,38.0,7103.606698144496,0.09399852307930713,-67.46706700968525,0.09399852307930713,56.29391635487833,0.0007543285573527868,0.16087593977496423,5.0592699224618296e-05,0.15358578947368418,7.624095020776567e-06
2020-11-24,2020-11-24T12:00:00.000,-0.1494961931005534,0.0606584266637789,-4.990609092718956,0.0004066479788906,59178.12247384615,26.0,7104.651442505915,0.12108774054780737,-67.85694407249694,0.12108774054780737,56.294870983935915,0.0009724034765150422,0.1612526035503617,6.652014934562625e-05,0.15454115384615383,6.957606199237941e-06
2020-11-25,2020-11-25T12:00:00.000,-0.4695096541072714,0.0453103958151067,-4.9879807476642055,0.0002963414333712,59178.99712046341,41.0,7106.305483519437,0.09056418956996748,-67.24146674814502,0.09056418956996748,56.28596453293938,0.0007271620061151848,0.1616836844643135,4.8920492652498805e-05,0.1550790243902439,3.4181166909957483e-06
2020-11-28,2020-11-28T12:00:00.000,1.3996561441637163,0.0348328501739027,-4.980949810410195,0.0002208108877458,59182.03271698507,67.0,7107.127013481971,0.06959873438776076,-66.56020101167366,0.06959873438776076,56.265749242675064,0.0005582920645338815,0.16285334251777459,3.707686642181518e-05,0.1561482089552239,9.49311758464464e-07
2020-11-29,2020-11-29T12:00:00.000,1.4341358879800274,0.0394869314868709,-4.981194442532343,0.0002499427337034,59183.01066903923,51.0,7108.6448303635425,0.07891733333799895,-65.7796593252547,0.07891733333799895,56.26122619006859,0.0006327641617446191,0.16281095631344425,4.1752448284375484e-05,0.1560980392156863,1.5597789648117634e-06
2020-12-08,2020-12-08T12:00:00.000,0.63050417562074,0.0359715491074705,-4.993030314023379,0.0002330014409288,59192.03359245161,62.0,7103.813713098212,0.07189539430965944,-65.54739503838033,0.07189539430965944,56.277819386934276,0.0005784001582484846,0.16085523315813846,3.7904731743270017e-05,0.15339548387096769,1.4301545765739606e-06
2020-12-11,2020-12-11T12:00:00.000,-1.331936588681591,0.0341241835785914,-4.995572014233495,0.0002217944621338,59195.03748001449,69.0,7102.422594086453,0.06818803565397533,-65.98639353866521,0.06818803565397533,56.292349531632524,0.0005468941365687819,0.16044192537024876,3.5924296566111224e-05,0.15279086956521745,2.2402495982264143e-06
2020-12-12,2020-12-12T12:00:00.000,-1.217891606712315,0.0556545442965404,-4.995461507277216,0.0003604479568653,59195.994576000005,25.0,7102.719788339376,0.11129673241353612,-66.76934545526315,0.11129673241353612,56.29588606735638,0.000892643866782841,0.16045585758210415,5.807619432607346e-05,0.1527144,1.0132456102362453e-06
2020-12-13,2020-12-13T12:00:00.000,-0.8525331009244121,0.0354907513236053,-4.995202482510791,0.0002305604950872,59197.03842965625,64.0,7102.997384921827,0.07092085249051436,-66.71188241033884,0.07092085249051436,56.29710432826011,0.0005702040809574621,0.1604994981901603,3.7346798867559545e-05,0.15268546875000003,1.1979166666663474e-06
2020-12-14,2020-12-14T12:00:00.000,0.4168355531665667,0.1711805645896884,-4.997621407829041,0.0011149526879281,59197.91380733333,3.0,7104.5306120880905,0.34235313176375576,-67.22697396145873,0.34235313176375576,56.28092863731032,0.002751628767610133,0.16010666666666667,0.000178978583448784,0.15271,0.0
2020-12-15,2020-12-15T12:00:00.000,0.5496070708753217,0.0365565981229757,-4.99370850703296,0.0002367078218797,59199.04191508333,60.0,7105.246898613877,0.07305877245659978,-67.01733083371788,0.07305877245659978,56.285392636190934,0.0005862763170422299,0.16074291049239547,3.850220762110027e-05,0.15284700000000004,5.966005392140895e-07
2020-12-17,2020-12-17T12:00:00.000,0.4371309631543509,0.0546294848620015,-4.993428028862885,0.000354792356782,59201.11588153571,28.0,7102.893466118126,0.1091689094785065,-66.3084928471273,0.1091689094785065,56.28562833525728,0.0008748261407049479,0.1607834073457567,5.786282034566372e-05,0.15294000000000002,5.341563017732122e-18
2020-12-18,2020-12-18T12:00:00.000,-0.3070608078879203,0.0424795596119066,-4.993086175782684,0.0002756291263893,59202.03026431112,45.0,7104.369439874875,0.08491708144890073,-66.0976971374266,0.08491708144890073,56.27725000955166,0.0006817845887404853,0.16083951267853525,4.496613642647935e-05,0.15285488888888893,1.870078651784328e-06
2020-12-19,2020-12-19T12:00:00.000,-0.7854888590941457,0.0517670206045614,-4.994489749542711,0.0003366649386347,59202.985747833336,30.0,7103.506868235878,0.1034658059340524,-66.6832892238314,0.1034658059340524,56.27799413292476,0.0008309402226825784,0.1606129211108401,5.473570979760654e-05,0.15275000000000002,5.1540810002429455e-18
2020-12-20,2020-12-20T12:00:00.000,-0.9434723221133462,0.0451699651293399,-4.993779625280479,0.0002933553983432,59204.02466087181,39.0,7102.96763754716,0.09031846670405438,-66.59883808886589,0.09031846670405438,56.28562821084619,0.0007245827883131173,0.1607288611207576,4.7939995966649935e-05,0.15295025641025642,3.57089712447314e-06
2020-12-21,2020-12-21T12:00:00.000,-0.6964685469380226,0.0414889874587168,-4.99363857086235,0.0002687185718851,59205.079836468096,47.0,7103.844811624319,0.0828807313728741,-66.03974796131361,0.0828807313728741,56.2844926565195,0.0006647845343468757,0.16075329383005374,4.374007670851469e-05,0.1532778723404255,1.969615875922e-06
2020-12-22,2020-12-22T12:00:00.000,-0.5840343192504739,0.036672618921764,-4.993140340856459,0.0002367858754808,59206.038538233326,60.0,7104.53477668856,0.07329420453574774,-66.93219641538184,0.07329420453574774,56.28387634060104,0.0005888475515505435,0.1608285546660797,3.861178280447553e-05,0.15364450000000004,4.696584887396664e-06
2020-12-23,2020-12-23T12:00:00.000,-0.8859008841839715,0.1080056677210359,-4.990788264096927,0.000698679980394,59207.06078200001,7.0,7104.411572513565,0.21597547737514092,-67.18161080957482,0.21597547737514092,56.28857142857143,0.0017386365758424453,0.1612157142857143,0.00011338934190276816,0.15413285714285713,2.857142857142741e-06
2020-12-29,2020-12-29T12:00:00.000,-0.4402103493974111,0.0699713179315656,-4.987187692951645,0.0004516388913867,59212.974198222226,18.0,7104.84985303194,0.13967678874522074,-65.81156735408803,0.13967678874522074,56.27049365573555,0.0011206806717669806,0.16181261994041096,7.449466919626922e-05,0.15432833333333335,9.038769075761294e-07
2020-12-31,2020-12-31T12:00:00.000,0.0007327239364188,0.052420472600637,-4.9898420493275975,0.0003352229146378,59215.061675413795,29.0,7104.742958495788,0.1048234369745534,-64.90562089392533,0.1048234369745534,56.27170672227268,0.0008412618673403139,0.16137405140317873,5.5046755781522125e-05,0.15353068965517241,4.409210983636541e-06
2021-01-15,2021-01-15T12:00:00.000,-1.4233151969409794,0.034168944471427,-4.998730975706738,0.0002216045739032,59230.05059810294,68.0,7103.4878166208355,0.0682710832828246,-66.57620420066523,0.0682710832828246,56.28956113239803,0.0005488116875399532,0.159927326163502,3.569026534222959e-05,0.1513501470588235,1.8680419276599582e-06
2021-01-16,2021-01-16T12:00:00.000,-0.978523112046,0.0987884739548329,-4.999267504364347,0.0006416858080579,59231.073280625,8.0,7103.194273347429,0.19754446274758952,-66.99532873555071,0.19754446274758952,56.28913750000001,0.001590990257669732,0.15983750000000002,0.0001025304832720494,0.15148625000000002,1.8298126367803297e-06
2021-01-17,2021-01-17T12:00:00.000,-1.368487040713036,0.0529159758186942,-4.998116871300069,0.0003429657198806,59231.98227071429,28.0,7102.640708480253,0.10579541052007042,-67.03552520668816,0.10579541052007042,56.29074385152426,0.0008486727529432138,0.16002343486505022,5.5259540490905884e-05,0.15175642857142854,2.9192974853560425e-06
2021-01-20,2021-01-20T12:00:00.000,1.2378601293551,0.0545964423803211,-4.996493063390724,0.0003558403472069,59234.963356925924,27.0,7103.083565281188,0.10902904648399218,-67.4073149347113,0.10902904648399218,56.29053097986753,0.000875689585253363,0.16029129023352237,5.743555824987881e-05,0.1524911111111111,2.4068594598855054e-06
2021-01-21,2021-01-21T12:00:00.000,0.3250558271152128,0.0345687868588294,-4.993769240455786,0.0002242735183271,59236.04086283583,67.0,7103.372870072676,0.06906618221720784,-67.09674903440101,0.06906618221720784,56.28204939911022,0.0005565055576506065,0.1607322997211636,3.636033053327469e-05,0.15271179104477614,4.7198174032280064e-07
2021-01-22,2021-01-22T12:00:00.000,0.1174031804722508,0.0414826589097178,-4.9947397414352155,0.0002701303390019,59237.006431574475,47.0,7104.081629026456,0.08289377335754217,-66.43175986878003,0.08289377335754217,56.27902433305765,0.0006661670598782664,0.16057583663387967,4.390484386261067e-05,0.15296787234042547,4.4694064386918775e-06
2021-01-24,2021-01-24T12:00:00.000,-0.2819415866300108,0.0380730438891074,-4.9924143006682,0.0002465408248601,59239.075559200006,55.0,7104.501469675334,0.07605696637755663,-66.72753155669815,0.07605696637755663,56.26845741380663,0.0006095673352066801,0.1609500988851872,4.0048993701866994e-05,0.153118,1.931486404465717e-06
2021-01-25,2021-01-25T12:00:00.000,-0.5219158303576727,0.0382365076414734,-4.991978701839633,0.0002461894142837,59240.065618075474,53.0,7103.521199931429,0.07642927037248731,-66.24517873923544,0.07642927037248731,56.276555691028804,0.0006118490741599197,0.16102129629902298,4.025282972227665e-05,0.15296962264150937,3.563260604526346e-06
2021-01-27,2021-01-27T12:00:00.000,-1.130523412202555,0.0365657966690395,-4.993714817400791,0.0002366105605112,59242.07306605173,58.0,7103.800404936052,0.07305601112503479,-66.78870230289846,0.07305601112503479,56.27766395157066,0.0005863207165960665,0.16074006257826387,3.8613571103695386e-05,0.15257275862068964,1.09425999072408e-06
2021-01-28,2021-01-28T12:00:00.000,-0.8377760736781642,0.0335912693912454,-4.995469201584356,0.0002183557913646,59243.0461784058,69.0,7103.63155741273,0.06713083925794708,-67.14544148807015,0.06713083925794708,56.278504452871175,0.0005387028779111028,0.16045740581739637,3.5393147015684055e-05,0.15242652173913046,1.8675914956801688e-06
2021-01-29,2021-01-29T12:00:00.000,-1.0827765169908314,0.0408926994676977,-4.994875084988339,0.0002652458146822,59244.014047456534,46.0,7103.37686373468,0.08176344108309366,-66.68572603796162,0.08176344108309366,56.28398344205392,0.0006549509989904886,0.16054919364676604,4.2973050795117675e-05,0.1522063043478261,2.023024369414372e-06
2021-01-30,2021-01-30T12:00:00.000,-0.1979971250832978,0.0334071158897222,-4.995912237741343,0.0002174382844685,59245.0490562,70.0,7102.892338851415,0.06675932132560994,-67.28964097878114,0.06675932132560994,56.28528310613551,0.0005353729363241091,0.16038677414148728,3.5197026985572667e-05,0.15184928571428571,4.096766530704089e-06
2021-01-31,2021-01-31T12:00:00.000,-0.4614194668721115,0.0340506795390436,-4.997009032380362,0.0002218591980567,59246.0473371194,67.0,7102.997693908493,0.06805954833243703,-67.44416953320282,0.06805954833243703,56.287439027823744,0.0005454594494927603,0.16020665347565957,3.586372212678846e-05,0.15147388059701491,3.266784054513543e-06
2021-02-01,2021-02-01T12:00:00.000,-0.3514999060163704,0.0354868721297899,-4.998775945721551,0.000231959121481,59247.038658721314,61.0,7102.341638442693,0.07093570147664473,-67.00096927584575,0.07093570147664473,56.298081400765014,0.0005694048698084936,0.15991851333695517,3.745020266730706e-05,0.15142754098360658,1.8503542373145328e-06
2021-02-02,2021-02-02T12:00:00.000,-0.4131485571104313,0.1008657121061712,-4.998641630214294,0.000664432172523,59248.15631275,8.0,7102.912520338609,0.20172530776271624,-67.684265437851,0.20172530776271624,56.29648300855946,0.0016128129288968474,0.1599376619085382,0.00010691774243734522,0.15127625,1.8298126367803297e-06
2021-02-03,2021-02-03T12:00:00.000,-0.3555975828049942,0.0343205812055697,-4.999593983470527,0.0002253721743562,59249.05335072727,66.0,7101.372535571732,0.06858608852011647,-67.17501217613466,0.06858608852011647,56.30796558114326,0.0005503842351468621,0.1597881229840893,3.621145079949625e-05,0.15118909090909088,7.999788087886011e-07
2021-02-08,2021-02-08T12:00:00.000,-0.6523644572128254,0.0422706401872086,-4.999604304444748,0.0002778920687957,59254.02380772093,43.0,7102.337852969563,0.08452574041037256,-67.83884986792422,0.08452574041037256,56.30210801349967,0.0006772071705609009,0.1597865600062588,4.442825119211858e-05,0.15103255813953487,9.466981294876583e-07
2021-02-09,2021-02-09T12:00:00.000,-0.6943118333792848,0.0356926219388863,-5.001053018094419,0.0002358283517989,59255.03511614754,61.0,7103.201571493833,0.07134878804215228,-67.79583488389086,0.07134878804215228,56.302539948170846,0.0005729459562452968,0.1595485118928508,3.763383754893017e-05,0.15110327868852458,2.1002382310279285e-06
2021-02-10,2021-02-10T12:00:00.000,-0.7500745780402902,0.0342184695220938,-4.999554404376643,0.0002260483295252,59256.04760022728,66.0,7102.245991061435,0.06837736759284926,-67.73659624583317,0.06837736759284926,56.30563964500118,0.0005490895360246714,0.15979772343198967,3.6209689038171516e-05,0.1510842424242424,2.3952225766382335e-06
2021-02-11,2021-02-11T12:00:00.000,0.0086929940810835,0.032853027976669,-5.000299665603082,0.0002174596821846,59257.04500363889,72.0,7102.318187312594,0.06565213033778594,-67.39782811360067,0.06565213033778594,56.30242894752033,0.0005271405405872492,0.15967793168077601,3.478328114010226e-05,0.1511488888888889,3.2171996904181605e-06
2021-02-12,2021-02-12T12:00:00.000,-0.7035512631156315,0.0369030278024086,-4.99901788461077,0.0002418933148487,59258.047782875,56.0,7103.001471068624,0.07377638169140888,-67.18885179829965,0.07377638169140888,56.29728834044959,0.0005918912940324068,0.15988062457337882,3.898171856978711e-05,0.15126285714285712,6.091449038720912e-07
2021-02-13,2021-02-13T12:00:00.000,-1.0848983057679624,0.0339339814687585,-4.998791956787675,0.00022259624261,59259.03956946268,67.0,7103.645032192019,0.06783518937505663,-67.16884260541481,0.06783518937505663,56.29802769905368,0.0005443929638830664,0.15991486000397181,3.584917587910204e-05,0.15131014925373135,1.3364821025281059e-06
2021-02-14,2021-02-14T12:00:00.000,-1.6505644583469397,0.0331072585885742,-4.9984820560908565,0.000216972509141,59260.046162885716,70.0,7103.249085282269,0.06617034227627637,-67.34017093378199,0.06617034227627637,56.29514750884454,0.0005319652083568788,0.1599681164246739,3.500280539699603e-05,0.15148471428571428,2.0012566297692524e-06
2021-02-15,2021-02-15T12:00:00.000,-1.7585369967288749,0.0575019745676276,-4.998915898689194,0.0003773689486644,59261.05652395834,24.0,7103.135576877904,0.11492861982168552,-67.50877042464309,0.11492861982168552,56.30127434821174,0.0009250061856200124,0.1598966884303914,6.0329770670539244e-05,0.15149708333333334,2.1263671362364127e-06
2021-02-16,2021-02-16T12:00:00.000,-1.258110697025432,0.0387451727065786,-4.998524674845025,0.0002541666642977,59262.00938632075,53.0,7102.547212478855,0.07746617870322439,-67.3958197559537,0.07746617870322439,56.29965513609952,0.0006223657636210511,0.15996051875651818,4.098403729428169e-05,0.1514654716981132,6.902828418329756e-07
2021-02-17,2021-02-17T12:00:00.000,-1.395551828218728,0.0432722454009265,-4.99821778824633,0.0002838926719502,59263.00687367441,43.0,7103.379800283516,0.0865174862147912,-67.11472475392331,0.0865174862147912,56.29307267362651,0.0006941649173084905,0.16000837238697135,4.5851210402579594e-05,0.1516974418604651,3.3788643969607776e-06
2021-02-19,2021-02-19T12:00:00.000,-1.5239019494025854,0.0375285892800942,-4.997549451455716,0.0002442998416005,59265.03723381818,55.0,7103.854255484535,0.07502793056597577,-67.44971099533768,0.07502793056597577,56.289317352972255,0.0006015821991884739,0.16011652898262152,3.957357725940413e-05,0.15177836363636366,1.1240749691521185e-06
2021-02-21,2021-02-21T12:00:00.000,-0.4414816533857376,0.0555882596766918,-4.997340869324149,0.0003632649766259,59267.03655156,25.0,7102.05839627885,0.11111975166975599,-67.656363202184,0.11111975166975599,56.298212853136626,0.0008898871594247753,0.16014985390004877,5.8681755228021955e-05,0.151992,4.898979485566194e-06
2021-02-22,2021-02-22T12:00:00.000,-1.0779071637780642,0.0425320341493412,-4.994419226637563,0.0002751199802603,59268.06874073809,42.0,7103.312195690757,0.08501032764843798,-67.03926068517337,0.08501032764843798,56.28958277983402,0.0006849378233002051,0.16062555204836557,4.498719995021127e-05,0.1522464285714286,2.1234115760783e-06
2021-02-23,2021-02-23T12:00:00.000,-1.189914126880809,0.0478928372709712,-4.992708310490801,0.0003067345720698,59269.0512325625,32.0,7104.310809380882,0.09577919782525679,-66.96571901038169,0.09577919782525679,56.274336649032314,0.0007704883512258848,0.1609005417985478,4.9549976275958536e-05,0.1523971875,1.2077016795443495e-06
2021-02-24,2021-02-24T12:00:00.000,0.2027895708590964,0.0381134172611729,-4.993449992061046,0.0002452845827467,59270.02084117647,51.0,7104.500008319322,0.07621897108124416,-66.49830529964045,0.07621897108124416,56.278357166606895,0.0006129466429733953,0.16078163740577509,3.984847150832745e-05,0.1524858823529412,6.960093862457779e-07
2021-02-25,2021-02-25T12:00:00.000,-1.3515725042635087,0.0328247675159005,-4.993762573134526,0.0002117462446912,59271.04371387325,71.0,7103.511065883153,0.06561406171335345,-66.67290710090036,0.06561406171335345,56.28567164292287,0.0005278167403101948,0.16073219479480583,3.46344500694315e-05,0.15244478873239445,1.2664873224836207e-06
2021-02-26,2021-02-26T12:00:00.000,-2.1480734270105057,0.0663263286233612,-4.994446077347181,0.0004292563733057,59271.93072944445,18.0,7103.976153638516,0.132535873334654,-66.47749229029338,0.132535873334654,56.288122842080575,0.0010638790949608547,0.16061789196370227,6.974021471841343e-05,0.15224388888888887,1.8326895284723477e-06
2021-03-01,2021-03-01T12:00:00.000,-2.3978640009302423,0.0569520639380021,-4.99964559726301,0.0003748579232414,59275.02054992307,26.0,7101.926479156355,0.11373496627353598,-66.54862305242682,0.11373496627353598,56.30612018614139,0.0009139910703411635,0.15978052813288124,6.0261709100965654e-05,0.15154384615384614,5.3515468095164066e-06
2021-03-02,2021-03-02T12:00:00.000,-1.630007637088344,0.0342247961066962,-4.9981455853425105,0.0002227194190462,59276.019556303036,66.0,7103.882355863572,0.06837374302017163,-67.66272339819128,0.06837374302017163,56.296248788060446,0.0005489698024604808,0.16002184433897554,3.60592564247418e-05,0.15161439393939394,6.156009014567139e-07
2021-03-03,2021-03-03T12:00:00.000,-0.9975767535723608,0.0323941817602696,-4.997165058472508,0.0002102430452777,59277.04304857534,73.0,7102.953784457109,0.06474958318893223,-67.15940466265724,0.06474958318893223,56.298068584062456,0.000520661293655491,0.16017934157256286,3.409053105656254e-05,0.15165506849315066,1.220126869030593e-06
2021-03-04,2021-03-04T12:00:00.000,-0.8415349726634239,0.0340459220457289,-4.997205354044122,0.0002225710470162,59278.0533109403,67.0,7102.247224317823,0.06799451270013862,-67.56226015297098,0.06799451270013862,56.29707391589468,0.0005461002649032865,0.16017116721593178,3.5956971169746475e-05,0.15164955223880602,1.2836662326611893e-06
2021-03-05,2021-03-05T12:00:00.000,-0.845846827634945,0.0367099341417206,-4.997585415968094,0.0002395001991712,59279.054303152545,59.0,7101.588241466375,0.07328385652950367,-66.99526201860347,0.07328385652950367,56.30182617274537,0.0005890409753512711,0.1601137828805692,3.868574664253553e-05,0.15165542372881355,1.5351337169221076e-06
2021-03-06,2021-03-06T12:00:00.000,-1.660764943889095,0.0609534792056535,-4.997360736951011,0.000399733363296,59280.0504362381,21.0,7103.619423736784,0.12184134655189101,-67.49001161412579,0.12184134655189101,56.29767703218778,0.0009783659253294922,0.16014506422191174,6.437871433708646e-05,0.1517395238095238,1.459972353976315e-06
2021-03-07,2021-03-07T12:00:00.000,-1.7016918647273709,0.045729035767958,-4.998323531662909,0.0002993015643722,59280.96784684211,38.0,7103.2396879788,0.09127167995309102,-67.46747176656595,0.09127167995309102,56.30030231359218,0.0007322483011649907,0.15999940760932704,4.814380057436985e-05,0.15172342105263156,9.448758104762531e-07
2021-03-08,2021-03-08T12:00:00.000,-0.5269666208126307,0.0692435755355536,-4.998703285365377,0.0004535050820137,59282.144881,17.0,7101.177858356012,0.1383976447076614,-66.524450085332,0.1383976447076614,56.315496838297214,0.001113551157717502,0.15993493395462996,7.310086737850115e-05,0.1516205882352941,1.347816380869243e-06
2021-03-09,2021-03-09T12:00:00.000,-1.4090020342267209,0.0364522856423327,-4.998401321800904,0.0002392065132084,59283.021268396544,58.0,7102.78302676259,0.0728718103273352,-67.70325396119523,0.0728718103273352,56.304442357368394,0.0005844977141130811,0.15997824177111092,3.837956806753427e-05,0.15170448275862072,2.060377416737335e-06
2021-03-10,2021-03-10T12:00:00.000,-0.6402067745166076,0.0359056771844175,-4.99728603750956,0.0002338279533333,59284.038700068966,58.0,7102.542517055054,0.07180177261098435,-67.80418835680975,0.07180177261098435,56.30207648989359,0.000578845924372121,0.16015712808969118,3.7960092135940285e-05,0.1519181034482759,1.7814140361076493e-06
2021-03-11,2021-03-11T12:00:00.000,-1.4297255843046912,0.0365320526263316,-4.99615815188627,0.0002390841097494,59285.08475594736,57.0,7101.541904120268,0.07300906842212834,-67.07119984922211,0.07300906842212834,56.30340589191002,0.0005878990831047451,0.16034133807206008,3.876116067556352e-05,0.15210929824561403,1.5803391248550327e-06
2021-03-12,2021-03-12T12:00:00.000,-1.125685431499546,0.0608701199272554,-4.995851397900414,0.0003987728783123,59286.0784667619,21.0,7102.148435402196,0.12165160083317346,-67.99127285253515,0.12165160083317346,56.30354029741497,0.0009763092239032552,0.16039538651087795,6.436881587510297e-05,0.15218,0.0
2021-03-15,2021-03-15T12:00:00.000,0.2748645208872178,0.0411768497884614,-4.997016035395997,0.0002677137587589,59289.038332454555,44.0,7102.5814230247215,0.08234792335885599,-66.92473971483275,0.08234792335885599,56.28853181818184,0.0006633249580710801,0.16020266818338902,4.3575377230137225e-05,0.15194386363636367,8.733733954241188e-07
2021-03-16,2021-03-16T12:00:00.000,-0.0731782556171555,0.0434950181443121,-4.996878128981872,0.0002821034044608,59289.99025310001,40.0,7103.716012626161,0.08697128610577377,-67.79326931099735,0.08697128610577377,56.28219778318452,0.0006987540592127431,0.1602252633782765,4.596616546774803e-05,0.152063,1.2506408613607215e-06
2021-03-17,2021-03-17T12:00:00.000,-0.7698549754502954,0.0357588735280229,-4.99626924388276,0.0002324741366204,59291.036709135595,59.0,7102.636379179015,0.0715066071037109,-67.16661149501878,0.0715066071037109,56.29429005354808,0.0005749767864994912,0.1603226598441283,3.783896440975764e-05,0.15213999999999994,7.288971252113062e-18
2021-03-18,2021-03-18T12:00:00.000,-1.4625291655143795,0.0355682967129926,-4.996353263896055,0.0002315050820876,59292.04300075,60.0,7102.770133593156,0.07111691802696134,-67.7996058625852,0.07111691802696134,56.29779847209313,0.0005715803816560309,0.16030917965178115,3.758283440901527e-05,0.15227583333333333,2.427382243784262e-06
2021-03-19,2021-03-19T12:00:00.000,-0.8332273242026699,0.035846072747399,-4.9955887997873605,0.0002332335455518,59293.033543633326,60.0,7102.338679552633,0.07164066362597198,-67.53492716474949,0.07164066362597198,56.29663797603345,0.0005754995364685521,0.16043250828926522,3.782757034241016e-05,0.15249133333333328,2.132167760683834e-06
2021-03-20,2021-03-20T12:00:00.000,-1.3929498782545948,0.0443100387904513,-4.9945427769940824,0.0002878452175262,59293.98874365001,40.0,7103.20421416283,0.08848302300983063,-67.45619096314924,0.08848302300983063,56.28738668522567,0.000709457105759092,0.160605905127824,4.670507026273103e-05,0.15241374999999996,4.8528012000469735e-06
2021-03-21,2021-03-21T12:00:00.000,-1.5401762991144603,0.0328520542711205,-4.995969425946862,0.0002139059197303,59295.01998595774,71.0,7101.590268379658,0.0656683923793114,-67.38260940576467,0.0656683923793114,56.29783999371833,0.0005274528127387464,0.1603729551740166,3.466910051208277e-05,0.1522916901408451,9.617622049920454e-07
2021-03-22,2021-03-22T12:00:00.000,-0.5462698112128084,0.0360660437503774,-4.995157048390596,0.0002348661787794,59296.017013699995,60.0,7102.804224473081,0.07208355177060956,-67.46156903518126,0.07208355177060956,56.29498773522324,0.0005786506865044815,0.1605061810582993,3.800893898221186e-05,0.15251566666666666,3.857391954810158e-06
2021-03-23,2021-03-23T12:00:00.000,-0.5347507484732243,0.0365859602365077,-4.994430146009459,0.0002372931082433,59296.99235614035,57.0,7104.461217668209,0.07312034734532954,-67.54731438940938,0.07312034734532954,56.282848089292976,0.0005878705823097814,0.16062229341275888,3.8740640584524504e-05,0.15268000000000004,3.708994804513593e-18
2021-03-24,2021-03-24T12:00:00.000,-1.4029076134383176,0.033948038200084,-4.995322122679708,0.0002222052938068,59298.02631805796,69.0,7103.309350497789,0.0678455139734321,-67.14126882786066,0.0678455139734321,56.29333027228401,0.0005447141469216175,0.16047600427423425,3.590129979730474e-05,0.15271159420289857,7.620358049469947e-07
2021-03-25,2021-03-25T12:00:00.000,-1.341956300832167,0.0382073515803484,-4.995781193887186,0.000258697104917,59299.04611826471,68.0,7103.409375411089,0.07611709886223371,-66.64948318975415,0.07611709886223371,56.3052729483283,0.0006114787060248844,0.16041259370686195,4.162760161688784e-05,0.15270161764705883,8.792379901196462e-07
2021-03-26,2021-03-26T12:00:00.000,-2.186702549942268,0.0415099450833167,-4.995418549218059,0.0002717006873381,59299.96306757446,47.0,7103.944279013203,0.08292197006568328,-67.60628210299294,0.08292197006568328,56.29258829134975,0.0006660347078846879,0.16046367417897678,4.4177848134176755e-05,0.15258659574468084,1.4985838441341315e-06
2021-03-29,2021-03-29T12:00:00.000,-1.058000563687357,0.0532400385969803,-4.995328604337621,0.0003493828252919,59303.11057317857,28.0,7101.2688011745895,0.10641072296121407,-66.7891161766263,0.10641072296121407,56.304057112712,0.0008552962534968001,0.16047439927797566,5.657079014329152e-05,0.1520875,1.5957118462617565e-06
2021-03-30,2021-03-30T12:00:00.000,-1.7291421363056585,0.0437777048890445,-4.996839602112634,0.0002873071831511,59304.04319214633,41.0,7103.438197542418,0.0875306777765848,-67.4336056215185,0.0875306777765848,56.30051033337591,0.0007053762880900325,0.16023312337039747,4.6530972631561164e-05,0.15182146341463412,2.6030229989183524e-06
2021-03-31,2021-03-31T12:00:00.000,-3.085169927833244,0.0915582080983386,-4.996060867170675,0.0005949138825607,59305.016191,9.0,7103.336673745527,0.18310929282630622,-67.85693883770189,0.18310929282630622,56.30367777777778,0.0014666666666666665,0.16035888888888888,9.666666666666667e-05,0.15154444444444443,2.4216105241872628e-06
2021-04-01,2021-04-01T12:00:00.000,-1.843023711373486,0.0366590630957889,-4.9979429360670675,0.0002401773366204,59306.00507427587,58.0,7103.19305887007,0.07271742394300978,-67.68946104178298,0.07271742394300978,56.298098014756164,0.0005843721936679624,0.16005164231931054,3.85243878639039e-05,0.15138844827586204,2.5059122364115e-06
2021-04-02,2021-04-02T12:00:00.000,-0.8938268846295195,0.0494472355268507,-4.998890442006001,0.0003251833819951,59307.02993496774,31.0,7101.6721705325,0.10015672808055581,-67.0147147805226,0.10015672808055581,56.302401376932096,0.0008046840558437788,0.15990692978561277,5.2852180337498855e-05,0.15120064516129025,5.6021402183464866e-06
2021-04-03,2021-04-03T12:00:00.000,-1.5454439995583569,0.0450087678975581,-4.99900737937975,0.0002958192465898,59308.05011910812,37.0,7101.397135984428,0.09001346845831457,-67.60423868138086,0.09001346845831457,56.31424864864864,0.000723355544143572,0.1598802702702703,4.767570631855362e-05,0.15124702702702708,2.536959971230003e-06
2021-04-04,2021-04-04T12:00:00.000,-1.716072145048816,0.0345827764560378,-4.999069366007938,0.0002271681612415,59309.02061101587,63.0,7102.254683369696,0.06914658721870559,-67.53502913065657,0.06914658721870559,56.30792920978604,0.0005570496753697375,0.1598701547426581,3.6670362365845595e-05,0.15134841269841265,9.6551786195187e-07
2021-04-05,2021-04-05T12:00:00.000,-1.9554115986732712,0.0744483288129104,-4.999156333267017,0.0004884681394047,59310.031161142855,14.0,7101.715671710247,0.1488716484665771,-68.10070772338625,0.1488716484665771,56.31553857854997,0.0011987457707605096,0.15985652782271112,7.824196598387801e-05,0.15141714285714283,1.9410463442498198e-06
2021-04-06,2021-04-06T12:00:00.000,-1.8188395007818363,0.0835794992242554,-4.99846391519585,0.0005507746290692,59310.964902909094,11.0,7102.9561916693565,0.16713952318916875,-68.66865473434011,0.16713952318916875,56.29781238673473,0.0013428435956255966,0.15996606167218544,8.84994948913636e-05,0.15136181818181818,1.8181818181819964e-06
2021-04-07,2021-04-07T12:00:00.000,-2.588447747098592,0.0404210169222243,-5.000018599651524,0.0002668834164106,59311.991060437496,48.0,7102.809285248321,0.08078039818197735,-68.3970201534936,0.08078039818197735,56.299721187503,0.0006478914450488825,0.15972269455770624,4.269529918434714e-05,0.15130270833333334,2.773027113737334e-06
2021-04-09,2021-04-09T12:00:00.000,-2.987640295887997,0.0362395220809188,-4.999275783325727,0.0002397304743958,59314.02159443334,60.0,7101.9485742830975,0.07245638050475953,-68.1568260994464,0.07245638050475953,56.303018520854636,0.0005834064220912121,0.1598411089815324,3.851492109401624e-05,0.15159599999999998,7.591252771718064e-07
2021-04-11,2021-04-11T12:00:00.000,-1.0554959098708143,0.1059812463550559,-4.995831680276628,0.0006950568450008,59315.93464085715,7.0,7103.131686330273,0.21192786096144647,-67.60131721353066,0.21192786096144647,56.29427142857143,0.0017008401285415224,0.1603957142857143,0.00011338934190276816,0.15183857142857143,1.4285714285728571e-06
2021-04-12,2021-04-12T12:00:00.000,-2.2149660383118084,0.0418721720018086,-4.9961249656729585,0.0002754066566356,59316.97528832608,46.0,7102.225579889343,0.08367763235688014,-67.87275302421975,0.08367763235688014,56.301468901699955,0.0006723710568921493,0.16034863824123669,4.471747395438378e-05,0.15198239130434785,9.919863744135974e-07
2021-04-14,2021-04-14T12:00:00.000,-0.5524306451560695,0.0431510186893577,-4.99469433725868,0.0002780771446701,59318.95071222222,36.0,7104.9042985026035,0.09199586016656486,-66.05438843471632,0.09199586016656486,56.27878766883614,0.0007367838000314174,0.16058698627833806,4.804924791023264e-05,0.152275,2.1639176700006675e-06
2021-04-15,2021-04-15T12:00:00.000,1.1768009086270046,0.0395152348977705,-4.9907280164152255,0.0002532017165118,59320.173574685185,54.0,7103.874655379058,0.07452438350770127,-65.91922637055195,0.07452438350770127,56.270397696525336,0.0005967173725434646,0.16117800701187202,3.90072372594565e-05,0.15248296296296296,3.0899583721172165e-06
2021-04-16,2021-04-16T12:00:00.000,0.257238829215102,0.0809651969565061,-4.993186307623818,0.0005220010887318,59320.88166149999,6.0,7104.27595985783,0.23342593942396578,-66.49772603102524,0.23342593942396578,56.28714127113798,0.0018709487726009282,0.16087666666666667,0.0001224744871391589,0.15254,0.0
2021-04-17,2021-04-17T12:00:00.000,-0.7287713163360813,0.0343782612767592,-4.993377472252235,0.0002212246886715,59322.01596698388,62.0,7103.714642366382,0.06873025346865934,-66.0888226517637,0.06873025346865934,56.287127820098306,0.0005508462734328606,0.1607949494436853,3.5875160383467654e-05,0.15253741935483864,1.3396188766150202e-06
2021-04-18,2021-04-18T12:00:00.000,-0.8443423476688093,0.0443690507453185,-4.992504845383232,0.0002853840080557,59323.04435810812,37.0,7101.88828912935,0.08873880320564251,-66.4537210675648,0.08873880320564251,56.29328030016109,0.000711248039757948,0.16093565800202214,4.637275218347822e-05,0.15264405405405404,2.4030592195223808e-06
2021-04-19,2021-04-19T12:00:00.000,-0.6686570030665563,0.0701052215883484,-4.992694485034239,0.0004503525507742,59324.13454183334,18.0,7105.567473326874,0.12959073627497983,-66.63523291596503,0.12959073627497983,56.28051732872483,0.001036612659224089,0.1609736601661281,6.769415905995814e-05,0.1529388888888889,1.7875548145320676e-06
2021-04-20,2021-04-20T12:00:00.000,-1.5193185433639234,0.034310466894918,-4.990387173251093,0.000219952891195,59325.03256657377,61.0,7103.295854953297,0.0699757863070079,-65.92258982542006,0.0699757863070079,56.28971246864096,0.0005598136753001715,0.1612765468469022,3.663234933445903e-05,0.15288213114754096,4.1496247384375745e-06
2021-04-21,2021-04-21T12:00:00.000,-0.6548081047286125,0.0333133982136922,-4.991377541825767,0.0002138369435307,59326.04914881159,69.0,7104.291601819092,0.0657505691742934,-66.26148139270552,0.0657505691742934,56.28036725363055,0.0005257531708297603,0.16110427716721967,3.444727598371701e-05,0.15273608695652172,7.784773020568005e-07
2021-04-22,2021-04-22T12:00:00.000,-0.0206137832354246,0.0342062180311169,-4.993174448260589,0.000219555014789,59327.04798410606,66.0,7103.592400717058,0.06755043123451764,-66.2202022334047,0.06755043123451764,56.282406775182906,0.0005408364524512317,0.1608448546711576,3.5256072688829066e-05,0.1527016666666667,1.3584464823384827e-06
2021-04-23,2021-04-23T12:00:00.000,-0.2388852173888813,0.033531852236707,-4.992072613236967,0.0002165274929346,59328.05828668182,66.0,7103.4575501830805,0.0682314071163839,-65.9071918778387,0.0682314071163839,56.29115073790383,0.0005485386405648861,0.16099870249158174,3.6137651531811876e-05,0.15276227272727272,2.8052187009505644e-06
2021-04-24,2021-04-24T12:00:00.000,0.7917228146717424,0.0433962256651636,-4.9914638103533004,0.0002799899719921,59329.014099700005,40.0,7103.749589158086,0.08767437260848698,-65.7582004953952,0.08767437260848698,56.29347561786485,0.0007021178575780587,0.16110771652871753,4.618766573274226e-05,0.15281350000000002,1.5421430310472294e-06
2021-04-25,2021-04-25T12:00:00.000,0.9310007117700382,0.0424301204916473,-4.991903600830635,0.0002728537065117,59330.09949502083,48.0,7104.3266891356225,0.0800372332631956,-66.43418007662643,0.0800372332631956,56.28560419287679,0.0006431047981211793,0.16105599887350094,4.225316568549596e-05,0.15289708333333332,6.035932103605683e-06
2021-04-26,2021-04-26T12:00:00.000,0.8409292524286778,0.0543310252907537,-4.990695237656906,0.0003487273547665,59330.916867476204,21.0,7106.264703818261,0.1214142053306448,-65.91135722179611,0.1214142053306448,56.27186837438994,0.0009742711398000698,0.16122717386585625,6.408850647036417e-05,0.15299,0.0
2021-04-27,2021-04-27T12:00:00.000,-0.0933650706275058,0.0323369893082378,-4.990534130435746,0.0002072296904051,59332.108291049386,81.0,7104.373956718151,0.06143003465197925,-65.34271582078422,0.06143003465197925,56.286862792393556,0.0004932059786308285,0.16122500276685467,3.236479895321341e-05,0.15272987654320988,8.36751107432917e-06
2021-04-28,2021-04-28T12:00:00.000,-0.5838528706697665,0.0412590748709726,-4.9930823555311035,0.0002669002927777,59332.98435627026,37.0,7104.590533738718,0.09062587189410208,-65.57134366019176,0.09062587189410208,56.2867508717029,0.0007270457548484695,0.16081194604656843,4.806043069539381e-05,0.1525289189189189,5.17528166355295e-07
2021-04-29,2021-04-29T12:00:00.000,-1.2513084290816625,0.0987699024810083,-4.994970778733483,0.0006416451495069,59333.916497375,8.0,7103.329472893125,0.19753898769881098,-65.98818119962093,0.19753898769881098,56.29450371701868,0.0015864386440765366,0.1605311659965537,0.00010425331452712123,0.15234,1.889822365048026e-06
2021-04-30,2021-04-30T12:00:00.000,-0.9248152402654908,0.0409236444215719,-4.99566380265841,0.0002657853455435,59335.05991375001,44.0,7102.222076931033,0.08184371458379709,-66.39830659775188,0.08184371458379709,56.31365558338526,0.0006549732676261126,0.16042198002020433,4.3014170685769214e-05,0.1518481818181818,3.239436031240064e-06
2021-05-01,2021-05-01T12:00:00.000,-0.8635315561887256,0.0438623859606693,-4.99741952099332,0.0002872680111382,59336.013538324994,40.0,7103.136852242222,0.08768236529937813,-66.82834156967397,0.08768236529937813,56.30736775318983,0.0007037180398753297,0.1601365584980539,4.641982049812005e-05,0.15148,5.201084699490813e-06
2021-05-02,2021-05-02T12:00:00.000,-1.5068112874346749,0.1438857131778284,-4.998720349999812,0.0009565466626918,59337.43166557142,7.0,7101.657550110033,0.2213346549847643,-66.42084799014766,0.2213346549847643,56.31689228010226,0.0017747387732285878,0.1600235449204757,0.00011874492922861873,0.15117,3.779644730096052e-06
2021-05-03,2021-05-03T12:00:00.000,-1.85886794669745,0.1175469320716953,-4.997925583174917,0.0007709563337212,59337.92989166667,3.0,7104.534808454361,0.31792615254674994,-66.12464954798072,0.31792615254674994,56.29126666666667,0.0025403411844343534,0.1599533333333333,0.00016743157806499147,0.15120666666666668,3.3333333333366672e-06
2021-05-04,2021-05-04T12:00:00.000,-2.6702451555433018,0.0344291087821649,-4.998237400075555,0.0002256008175603,59339.120656465755,73.0,7103.012046501722,0.06457650332996753,-67.33310815974467,0.06457650332996753,56.304563157219924,0.000518158699628713,0.16001076734449934,3.432785350285713e-05,0.15148835616438355,5.370637582754083e-06
2021-05-05,2021-05-05T12:00:00.000,-2.6088316128586735,0.0280516560213424,-4.996960574370804,0.0001836376248445,59340.05674066292,89.0,7102.47326612254,0.0583786703928625,-66.65181452797695,0.0583786703928625,56.302510669152774,0.00046759325862159564,0.16022095862870162,3.081922250324554e-05,0.1516343820224719,2.2197636745109947e-06
2021-05-06,2021-05-06T12:00:00.000,-1.0295558262125766,0.0355276929565057,-4.996672462500071,0.0002323735966545,59340.98939045763,59.0,7101.864984840718,0.07151831920571808,-66.57215349987058,0.07151831920571808,56.29979888254213,0.0005755974176118816,0.1602637298588937,3.801995041414869e-05,0.15175355932203385,8.291416369622547e-07
2021-05-07,2021-05-07T12:00:00.000,-2.281197042022398,0.0346434040860961,-4.995191184788091,0.0002262210947639,59342.02248124194,62.0,7101.980437145495,0.06927261637159589,-67.20527822070683,0.06927261637159589,56.29773383682334,0.0005564274108677086,0.1604980589950327,3.6908169063671625e-05,0.15202467741935485,3.93440224059178e-06
2021-05-08,2021-05-08T12:00:00.000,-0.9409177359740803,0.0349117031125704,-4.995332507725017,0.0002280820675346,59343.14005463888,72.0,7103.116133318982,0.06506708393625737,-67.4014643386091,0.06506708393625737,56.29442074488111,0.0005207198152016034,0.1604549093359281,3.470357877593684e-05,0.15237972222222224,7.814787310792119e-06
2021-05-09,2021-05-09T12:00:00.000,-0.8321044210855854,0.0533780531752057,-4.995075680019332,0.0003490395603864,59343.909019277766,18.0,7103.584852345324,0.13218676128898063,-67.01333539702583,0.13218676128898063,56.29513413612933,0.0010575283806607133,0.16064197782839845,6.98727923891849e-05,0.15253944444444445,1.2711536169132763e-06
2021-05-10,2021-05-10T12:00:00.000,0.0047601750542674,0.0331756273367876,-4.99226099120606,0.0002141411123664,59345.09862315715,70.0,7103.523610532115,0.06543678316586077,-66.93858127214959,0.06543678316586077,56.29064012575796,0.0005237159317636965,0.1609792801028552,3.4381310098577935e-05,0.152717,1.9448929779429917e-06
2021-05-11,2021-05-11T12:00:00.000,-1.1975548091955852,0.0304075942762349,-4.992159745764265,0.000196120102377,59346.078371146345,82.0,7102.556628459989,0.06074850469284417,-66.8432821239955,0.06074850469284417,56.29113275379898,0.0004865948312296223,0.16099407360286422,3.1906339324819554e-05,0.15279719512195125,6.07946728296686e-07
2021-05-12,2021-05-12T12:00:00.000,-0.9973464693913706,0.031381444640232,-4.991177155260027,0.0002027673714031,59347.142227551725,87.0,7103.002452849556,0.05981681405158955,-66.68762171680065,0.05981681405158955,56.29174780983495,0.00047982549685170005,0.16114013975061206,3.1722839320734054e-05,0.15277758620689655,8.490055386995686e-07
2021-05-13,2021-05-13T12:00:00.000,-0.9974190237558032,0.0323718610977583,-4.991716921673733,0.0002103069181191,59348.10031548485,66.0,7102.892847875303,0.06908599555242095,-66.79166658063592,0.06908599555242095,56.291377743319345,0.0005550216811623669,0.16106775722527214,3.6803476578591064e-05,0.15281196969696967,1.575152295440894e-06
2021-05-14,2021-05-14T12:00:00.000,-1.1241242915924636,0.033740326859244,-4.992334999102989,0.0002195097736841,59349.07236735212,71.0,7104.984733467901,0.06591553100318341,-66.41308435215886,0.06591553100318341,56.28295985111172,0.0005288849764792629,0.1609598593029053,3.4969010905146425e-05,0.15288070422535208,5.044647206746333e-07
2021-05-15,2021-05-15T12:00:00.000,-1.1319160112365494,0.0342402390683578,-4.991624349757135,0.0002247584665616,59349.99838185075,67.0,7105.024128510353,0.0701219244079001,-66.087360923183,0.0701219244079001,56.28113180160037,0.0005625744103693068,0.16109170652443094,3.7584884301905795e-05,0.15285507462686562,9.115851752912071e-07
2021-05-16,2021-05-16T12:00:00.000,-1.5331391403342376,0.0435404132452878,-4.992021845978944,0.0002915758527922,59351.093014374994,48.0,7103.320556447938,0.08694737600187459,-66.51978053268725,0.08694737600187459,56.29359485870262,0.0006967441083262099,0.1610119504268755,4.750392301456997e-05,0.15297625,2.3562388890187295e-06
2021-05-18,2021-05-18T12:00:00.000,-1.03872078593625,0.1419776568133337,-4.991758019940799,0.0009898885226727,59353.00353975,4.0,7104.445852854965,0.32008490605718837,-67.13623256435837,0.32008490605718837,56.29761431668236,0.002574635942347338,0.16125661840539468,0.00017744718920949373,0.153175,2.886751345951016e-06
2021-05-19,2021-05-19T12:00:00.000,-1.6293852589514315,0.0361119065860064,-4.9905421656929265,0.0002347012597372,59354.08619048484,66.0,7104.868252236273,0.06935771136576653,-67.47175049634822,0.06935771136576653,56.285042995324005,0.00055802172477451,0.1612316699983565,3.719644018725757e-05,0.1531554545454545,3.542494730116474e-06
2021-05-20,2021-05-20T12:00:00.000,-1.1831000168194374,0.0346189143333357,-4.991620836390684,0.0002272810732655,59355.03236895455,66.0,7104.139990882935,0.07110615992970018,-67.304916275922,0.07110615992970018,56.29064230087989,0.0005701323237939796,0.1610954300131831,3.8138344603821396e-05,0.1530528787878788,1.2912679934891559e-06
2021-05-21,2021-05-21T12:00:00.000,-0.774275093090545,0.0369912757727842,-4.991779415371037,0.0002433245751959,59355.988568349996,60.0,7104.521450096185,0.07472838576102447,-67.24049730857078,0.07472838576102447,56.28883449724571,0.0005996244049006057,0.16106281557979304,4.0077754277232297e-05,0.15300533333333335,6.494964005972558e-07
2021-05-22,2021-05-22T12:00:00.000,-0.8851643171902892,0.0410195386603828,-4.99143469401639,0.0002769811333658,59357.00503137288,59.0,7104.73928203765,0.08181575928849326,-66.98830160737002,0.08181575928849326,56.29346757313455,0.0006560743117655095,0.1611202882850759,4.5116405852219636e-05,0.15316694915254236,3.2004368244386615e-06
2021-05-23,2021-05-23T12:00:00.000,0.1529689540525359,0.0367536245374315,-4.989628618506892,0.0002382984705108,59358.16057802899,69.0,7103.784349978826,0.06767426574462668,-66.72729720936242,0.06767426574462668,56.27989302849112,0.0005414816440431474,0.16142708900591152,3.596419088310902e-05,0.1532452173913043,4.86216097664825e-06
2021-05-24,2021-05-24T12:00:00.000,0.1633760878117391,0.0489147968113399,-4.988901181993935,0.0003165954779821,59359.0149735,22.0,7104.395198606022,0.11780877710097802,-66.89990377826382,0.11780877710097802,56.27301392446974,0.0009407291533093823,0.16151748216154505,6.200442377900696e-05,0.15314454545454548,1.7065284280900827e-06
2021-05-25,2021-05-25T12:00:00.000,-0.2071364681290517,0.0331256354543833,-4.989512681889303,0.0002145152353589,59360.07452025001,76.0,7105.192050827714,0.06435422419061632,-65.97906847018483,0.06435422419061632,56.27865073672643,0.0005153666899545023,0.1614205933611337,3.43029839638234e-05,0.15334013157894735,6.309261977727642e-06
2021-05-26,2021-05-26T12:00:00.000,-0.3081754211117005,0.0577784289023936,-4.988665047144096,0.0003765671358803,59360.9112617619,21.0,7104.95150979232,0.12758450802824456,-64.85935578856125,0.12758450802824456,56.28930171242614,0.001025425008981053,0.16161957365997248,6.835205218940788e-05,0.15349285714285715,1.010152544553221e-06
2021-05-28,2021-05-28T12:00:00.000,-1.0330805344085598,0.0332820242658778,-4.992430118031291,0.0002152192744726,59363.05749119178,73.0,7103.071653963656,0.0653308757609862,-66.12420930731716,0.0653308757609862,56.29139567504063,0.0005238327109927029,0.16093130847670362,3.449948912297633e-05,0.15238438356164383,7.389434385606996e-06
2021-05-29,2021-05-29T12:00:00.000,-1.1899634269408383,0.0796600790959783,-4.9942500145297535,0.0005199668141055,59363.9321308,10.0,7102.712942940429,0.17898916000088147,-66.16560104867666,0.17898916000088147,56.30264256320279,0.0014352265039237887,0.1607090562662351,9.483666423779426e-05,0.152114,1.632993161857085e-06
2021-05-30,2021-05-30T12:00:00.000,-3.0178149754426133,0.0416801056247466,-4.994735606992266,0.0002709815678894,59365.222509685176,54.0,7103.373595806678,0.07621340154867476,-67.4748181868182,0.07621340154867476,56.296444103813975,0.0006109317826490054,0.16058071262260043,4.025301153865184e-05,0.15203092592592587,3.3674202460941046e-06
2021-05-31,2021-05-31T12:00:00.000,-2.7926335569600917,0.0274390180900881,-4.99384422900805,0.0001784145872682,59366.05869653125,96.0,7103.127970938475,0.05722701455895703,-67.28323881570945,0.05722701455895703,56.29466934296766,0.00045909131492072184,0.16072602858747564,3.0296573006796274e-05,0.15211395833333333,1.658835769782349e-06
2021-06-01,2021-06-01T12:00:00.000,-1.808202870755384,0.038887694849517,-4.993048277376548,0.0002519670105666,59367.03402794,50.0,7103.814923361228,0.07776977056067956,-67.26626809144769,0.07776977056067956,56.29236338748614,0.0006228016586105264,0.16084651218751392,4.106607083347424e-05,0.15235619999999997,2.7088667711188733e-06
2021-06-02,2021-06-02T12:00:00.000,-0.8697516611732387,0.033968498365271,-4.992450745554339,0.000219881231259,59368.01464141792,67.0,7104.154565461055,0.06790621585306263,-66.2868291709867,0.06790621585306263,56.285118383628564,0.0005438915105724903,0.16094340896861517,3.580990847045386e-05,0.15277746268656714,4.823165509823159e-06
2021-06-04,2021-06-04T12:00:00.000,-1.149776873584188,0.0335250484171279,-4.989040813384624,0.0002149538969696,59370.008372544115,68.0,7104.18246814042,0.06700151138960131,-66.3051132409337,0.06700151138960131,56.28990639001004,0.0005370176619933556,0.16150587385750093,3.545116737053323e-05,0.15283926470588236,7.352941176477943e-07
2021-06-05,2021-06-05T12:00:00.000,-0.6955404456715665,0.0338443731720731,-4.989856874731913,0.0002181195132379,59371.001393268656,67.0,7102.975312393314,0.06763187746375586,-66.27153989755246,0.06763187746375586,56.29235382437796,0.0005425377085130629,0.16137223451052143,3.580479778797304e-05,0.15303089552238808,4.105854791365583e-06
2021-06-06,2021-06-06T12:00:00.000,-0.7474166962968443,0.0351762790712065,-4.989595777458058,0.0002261162846388,59372.02358531147,61.0,7104.089951728837,0.0703338163944863,-66.57692516024115,0.0703338163944863,56.288001721188614,0.0005642395366408046,0.16141240804741583,3.724879155024165e-05,0.15325999999999995,7.166458808248764e-18
2021-06-08,2021-06-08T12:00:00.000,-1.1184274719132168,0.1429275544467921,-4.994251305571671,0.0010002503052823,59374.05951716667,6.0,7104.438022041128,0.2857438548974057,-66.54668602305163,0.2857438548974057,56.31016034776327,0.0022928455025200225,0.16065364985332817,0.00016254666040528857,0.15281166666666668,1.6666666666683334e-06
2021-06-09,2021-06-09T12:00:00.000,-2.110256375212243,0.0508345267746111,-4.994416976669548,0.0003524329843652,59375.044895636354,44.0,7105.133412561105,0.10153873512789974,-66.95147847590655,0.10153873512789974,56.297245855432635,0.0008138911587566736,0.16063364516621487,5.702060815242214e-05,0.15287159090909092,2.453439183790216e-06
2021-06-10,2021-06-10T12:00:00.000,-2.250543838045977,0.0554946327096062,-4.99297563054223,0.0003790603430106,59376.03405848571,35.0,7104.003010764446,0.11089626166316496,-66.83091236620626,0.11089626166316496,56.30423440895572,0.0008899685853625693,0.16085999294521133,6.189390275689636e-05,0.15314485714285717,2.8512544363394044e-06
2021-06-11,2021-06-11T12:00:00.000,-1.3772331380130909,0.042116255035774,-4.991453572249867,0.0002810289388082,59377.07774322413,58.0,7104.51830115204,0.08137428469921917,-66.86253973762933,0.08137428469921917,56.28784645250969,0.000651441792878179,0.1610951581160825,4.431766352302621e-05,0.15307155172413792,6.644556761108882e-06
2021-06-12,2021-06-12T12:00:00.000,-2.8999554724427457,0.0533225493328827,-4.992532482992038,0.0003547725451916,59377.92522286207,29.0,7102.052475067115,0.11240691629355393,-66.63470360266308,0.11240691629355393,56.30095006280755,0.0009013953685055996,0.16096141523435015,6.089558033293013e-05,0.1529258620689655,9.307607698379351e-07
2021-06-13,2021-06-13T12:00:00.000,-1.1640981270405075,0.0444839733620833,-4.991849669793937,0.0003026504215022,59379.03811213208,53.0,7103.65769873853,0.0888296271692247,-67.22437718395146,0.0888296271692247,56.29491325584792,0.000711380549420228,0.16104591248365455,4.935167540273848e-05,0.15327792452830188,5.723164111146066e-06
2021-06-14,2021-06-14T12:00:00.000,-1.6360738697611286,0.0410129479946843,-4.990872703079596,0.0002722332708516,59380.07820345,60.0,7103.8219786204445,0.07901266923319919,-67.42297908964562,0.07901266923319919,56.292765464395416,0.0006343451839793654,0.16120308837196545,4.29701137488202e-05,0.15351166666666666,1.2614821044350958e-06
2021-06-15,2021-06-15T12:00:00.000,-0.9918891923508106,0.0315268575447106,-4.989444083218603,0.000202692813863,59381.027803239995,75.0,7103.279012431155,0.06447036919532323,-67.3497799884885,0.06447036919532323,56.283741577752444,0.0005156073244966693,0.16144487750934167,3.40281341930712e-05,0.1534857333333333,5.749526681122514e-07
2021-06-16,2021-06-16T12:00:00.000,0.1695505843298444,0.0368609758024731,-4.988299660761085,0.0002363240835381,59382.0172775965,57.0,7104.467152709629,0.07371740949435662,-66.54287938243995,0.07371740949435662,56.27983293170217,0.000591964672505979,0.16162323157790337,3.874711456658343e-05,0.15367140350877195,2.987427671246754e-06
2021-06-17,2021-06-17T12:00:00.000,-0.0699898672600673,0.0305273234110304,-4.986936825688842,0.0001953058520622,59383.102403159086,88.0,7103.918415752959,0.05976484158260718,-66.35668138738446,0.05976484158260718,56.27031540760238,0.0004780634843800595,0.1618363519300327,3.1601620340309575e-05,0.15392045454545453,2.6504326794751907e-06
2021-06-18,2021-06-18T12:00:00.000,-0.2483243638790838,0.0935642755683885,-4.987756757615656,0.0006039948325352,59384.13077125,8.0,7101.6418370469955,0.20882099418724195,-65.95460103718366,0.20882099418724195,56.283596065465375,0.001674698671089395,0.16171192443324936,0.00011132723453232193,0.1537225,6.166586228561875e-05
2021-06-19,2021-06-19T12:00:00.000,-0.4756152235076927,0.0350761308939847,-4.988669831046752,0.0002257957212059,59384.99717273016,63.0,7104.432257642834,0.07105206512591944,-66.07659092356363,0.07105206512591944,56.274885649998616,0.0005699598260331908,0.1615779786938939,3.765494299886042e-05,0.1534060317460318,2.6825533165138386e-06
2021-06-20,2021-06-20T12:00:00.000,-0.5017060565110497,0.0358883494253995,-4.989336855513155,0.000230066259106,59386.019764016666,60.0,7103.806373064144,0.07177559882617489,-65.96956368266726,0.07177559882617489,56.28060468802344,0.0005741271949666132,0.1614558184476392,3.766586717190545e-05,0.15305166666666672,3.928504169454158e-06
2021-06-21,2021-06-21T12:00:00.000,-1.287013309932323,0.0357089278104353,-4.9909321088064775,0.0002288663145139,59387.02108316668,60.0,7102.932710103082,0.07140080879979599,-66.46901217308267,0.07140080879979599,56.28400088902314,0.000570748021315692,0.16119215441559404,3.7520918947683966e-05,0.153064,3.5827584613106576e-06
2021-06-22,2021-06-22T12:00:00.000,-1.1024143001073603,0.0385137380199259,-4.991119247697889,0.0002457090360487,59388.0567342182,55.0,7103.802732960084,0.07511706694081705,-66.60213727185064,0.07511706694081705,56.28943216334857,0.0006000746028713435,0.1611683239614725,3.9379478424963244e-05,0.15331254545454545,3.945915348038918e-06
2021-06-23,2021-06-23T12:00:00.000,-1.410197325125083,0.0439253303533193,-4.9904322736197715,0.0002808343843185,59388.94927247367,38.0,7103.134232213662,0.09081130095790008,-66.51919698968348,0.09081130095790008,56.295128079510185,0.0007260219692339639,0.16127373832731728,4.768710294482902e-05,0.1534486842105263,1.6513735233860676e-06
2021-06-25,2021-06-25T12:00:00.000,-0.9733473212118376,0.0573059836755447,-4.986208923719631,0.0003619477647593,59390.91776438095,21.0,7104.320502369163,0.12171863582712078,-66.98454022787601,0.12171863582712078,56.28347764109363,0.0009771679887739149,0.16200107296797966,6.374025255780923e-05,0.1543257142857143,3.129843185743227e-06
2021-06-27,2021-06-27T12:00:00.000,0.2512364619624558,0.0372002431936301,-4.982403566914087,0.00023220211917,59393.008919055574,54.0,7104.9150674474,0.07438556073754395,-66.484712422911,0.07438556073754395,56.28021900125486,0.0005981916622793674,0.1626037019858736,3.876320951960121e-05,0.154795,4.460792783481904e-06
2021-06-28,2021-06-28T12:00:00.000,0.960264919595604,0.0356441528364922,-4.979843260526382,0.0002214125614828,59394.0233739661,59.0,7107.238048434143,0.07128595564139745,-66.03724514255138,0.07128595564139745,56.26676023338796,0.0005723148432262728,0.16303289835425414,3.7206390667209075e-05,0.15532152542372876,4.5602246971233035e-06
2021-06-29,2021-06-29T12:00:00.000,0.8450931011014322,0.0361116219854479,-4.977360446778622,0.0002240689575424,59395.075318129035,62.0,7107.373250567083,0.07014959895221508,-65.18509027677989,0.07014959895221508,56.25767156138503,0.0005622124387811752,0.16343239367575138,3.6955309231252286e-05,0.15572483870967735,4.8713862277808e-06
2021-06-30,2021-06-30T12:00:00.000,0.7066455241696684,0.041931842938317,-4.976727935890226,0.0002608630027222,59395.98072034147,41.0,7108.945236531707,0.08738628264571748,-64.88470474829828,0.08738628264571748,56.2474816000047,0.0006992335237636056,0.16360985743873346,4.5976379300902774e-05,0.15584731707317073,7.005564203082719e-07
2021-07-01,2021-07-01T12:00:00.000,1.8967010568200984,0.0346712938988967,-4.976155944163672,0.0002148670420177,59397.0235462857,63.0,7108.898371858158,0.06933487851886043,-63.749765510522415,0.06933487851886043,56.251541711137214,0.0005559013153749679,0.16365807665060914,3.66128412129296e-05,0.15581412698412705,6.252463164351681e-07
2021-07-02,2021-07-02T12:00:00.000,1.2530695722538696,0.0480304399122816,-4.9774151436993925,0.0003017509176702,59398.08356605405,37.0,7108.731098944705,0.09500434674186155,-62.72330089620966,0.09500434674186155,56.256166964251676,0.0007615678873377587,0.16341566136245972,5.047323843503892e-05,0.15576621621621625,4.639420969219524e-06
2021-07-03,2021-07-03T12:00:00.000,0.0261303998426355,0.035003759841818,-4.97919035971085,0.0002214220423358,59399.005542521736,69.0,7107.827709868555,0.07012981490033564,-63.763432992581045,0.07012981490033564,56.262531565964856,0.0005621985256067174,0.16317659806029075,3.725595645898817e-05,0.15553768115942032,3.993520580872277e-06
2021-07-04,2021-07-04T12:00:00.000,-0.206640075390121,0.037700317103301,-4.980380064688472,0.0002347346920442,59400.011364245285,53.0,7106.4913542427485,0.07537248589162676,-64.56956335151025,0.07537248589162676,56.26449049732656,0.0006058956905991491,0.16294333056890878,3.955885939021293e-05,0.1548903773584906,7.737353388370367e-06
2021-07-05,2021-07-05T12:00:00.000,0.1135125190806298,0.0344365888742925,-4.983108421050232,0.0002154958301056,59401.02615779688,64.0,7105.546241396732,0.0688622282969979,-65.31891675920726,0.0688622282969979,56.27462811682196,0.000552267973300808,0.1624885613760167,3.610272329015191e-05,0.15398609375,8.28143717967557e-06
2021-07-06,2021-07-06T12:00:00.000,-1.1368407833531646,0.0458880936154545,-4.988259042135823,0.0003001105923607,59402.14907495745,47.0,7106.093876117964,0.09049103807502423,-65.1357739712819,0.09049103807502423,56.282641679893736,0.0007251741596548161,0.16163851116552816,4.873599474318135e-05,0.15301893617021275,8.795308450814974e-06
2021-07-07,2021-07-07T12:00:00.000,-0.0519842526959457,0.0336287598096796,-4.99046354310822,0.0002203166594712,59403.0502399759,83.0,7104.168140767963,0.06729852185903713,-65.57693784697186,0.06729852185903713,56.28777780684024,0.0005392966809135949,0.16128197097683164,3.605520464360688e-05,0.1527968674698795,1.6789627694780231e-06
2021-07-08,2021-07-08T12:00:00.000,-1.283885189333013,0.031293681307898,-4.989925958283797,0.0002011501689038,59404.10122097804,91.0,7104.875387444075,0.06048597582989474,-66.15286765440985,0.06048597582989474,56.28522800616899,0.00048479728323279857,0.1613467774007736,3.191029826408027e-05,0.1527214285714286,3.7392791107272076e-06
2021-07-09,2021-07-09T12:00:00.000,-0.7408720677018272,0.0302533081592825,-4.990244935946927,0.000192629522553,59405.02770558231,79.0,7103.844846331459,0.06242236279334459,-66.08215254295382,0.06242236279334459,56.28767650264382,0.0005004874864575282,0.1613202109968539,3.277981030152774e-05,0.15262000000000006,6.285400167808074e-18
2021-07-10,2021-07-10T12:00:00.000,-1.5621604569396217,0.0346466911075504,-4.990116589851112,0.0002209675481727,59406.022630538464,65.0,7104.712017602391,0.06926536280263573,-66.67686567735424,0.06926536280263573,56.288994286217225,0.000556056533660006,0.16132528616404904,3.622320909352886e-05,0.1526876923076923,1.216260638526035e-06
2021-07-11,2021-07-11T12:00:00.000,-1.2043321963988134,0.0467354733597815,-4.991841444337188,0.000309404118061,59407.03900063043,46.0,7104.3580296243135,0.09269218444366871,-66.09222431130473,0.09269218444366871,56.296987737038485,0.0007425683784525127,0.16103469699569542,5.0287161708147335e-05,0.15273086956521742,8.695652173909673e-07
2021-07-12,2021-07-12T12:00:00.000,-0.5391850288583814,0.0406668621888024,-4.992583736875482,0.0002752656409275,59408.06399522388,67.0,7103.975245556297,0.08146792851652175,-66.45520381885186,0.08146792851652175,56.299991629309055,0.0006535436511296687,0.16094100095446515,4.495587594389015e-05,0.1528001492537313,2.0118659453964523e-06
2021-07-13,2021-07-13T12:00:00.000,-0.8189594797385659,0.0418638923441883,-4.991380349341716,0.0002778741772674,59409.01617644828,58.0,7104.791458724552,0.08359305501690716,-66.57245410893358,0.08359305501690716,56.29507823614933,0.0006697152378417773,0.1611240779485069,4.547386881296198e-05,0.1527205172413793,2.8196700603850333e-06
2021-07-14,2021-07-14T12:00:00.000,-0.6140541162383991,0.0379932601881342,-4.991177780138049,0.0002495666277739,59410.03798739705,68.0,7104.428702622934,0.07493922868291834,-66.44147991897687,0.07493922868291834,56.289875901962525,0.000601972137892574,0.16113859968739241,4.032594151533674e-05,0.15269823529411766,4.137354070382901e-06
2021-07-15,2021-07-15T12:00:00.000,-0.4375506312549881,0.0364746477901997,-4.9905507494231305,0.0002368558675814,59411.000008015144,66.0,7104.869226102862,0.07369548610305585,-66.45624699110041,0.07369548610305585,56.28821123785342,0.0005898876828535941,0.16127638218848983,3.909011343669069e-05,0.15289484848484847,1.822450311944655e-06
2021-07-16,2021-07-16T12:00:00.000,-0.3038318059140809,0.0395824557424891,-4.989726050781404,0.0002600275184191,59412.01580046775,62.0,7104.325022034459,0.07913690972974545,-65.81307428059455,0.07913690972974545,56.29019556632199,0.000636266636221999,0.1613943994276028,4.266282971219735e-05,0.15311903225806456,2.249739128414339e-06
2021-07-17,2021-07-17T12:00:00.000,0.1200372343758573,0.0392438802716394,-4.989875419509801,0.0002623299097106,59413.02203598508,67.0,7104.380887741047,0.07818746173555521,-65.24347681345552,0.07818746173555521,56.290670047230506,0.0006265978430596675,0.16137856981840512,4.283837909201542e-05,0.15335492537313436,2.0439885973694036e-06
2021-07-18,2021-07-18T12:00:00.000,0.987642044856116,0.0385574765539474,-4.988236008006847,0.0002562743839487,59414.01715884058,69.0,7104.849131686955,0.07682215725062584,-65.17351495571216,0.07682215725062584,56.28741194360699,0.0006157873015643433,0.1616449756655887,4.197314332104201e-05,0.153548115942029,1.6552296714001432e-06
2021-07-19,2021-07-19T12:00:00.000,0.150099906193401,0.0455153175578545,-4.988524848606787,0.0003003986148814,59415.03894517021,47.0,7104.28016540504,0.09100219251115646,-65.37150236034564,0.09100219251115646,56.28788078226053,0.0007299874720465111,0.16158495291519087,4.944029428462584e-05,0.15377021276595743,2.0513609052444824e-06
2021-07-20,2021-07-20T12:00:00.000,-0.1072426610345322,0.0371376749756956,-4.987319197550498,0.0002402269802549,59416.02206059375,64.0,7105.005730173856,0.07424041543223808,-66.00841439011023,0.07424041543223808,56.28907917395893,0.0005960411963783742,0.16178807279610943,3.971516409359278e-05,0.15418781250000002,5.230162587763794e-06
2021-07-21,2021-07-21T12:00:00.000,-0.655580656726865,0.035549365175387,-4.98401781914283,0.0002263843724967,59417.08548073528,68.0,7103.736536205217,0.06882228450905793,-66.25310163138064,0.06882228450905793,56.29290804682407,0.0005512870151009767,0.16233158527344507,3.673649560961364e-05,0.15479823529411765,1.3596049199668297e-05
2021-07-22,2021-07-22T12:00:00.000,-1.5663398325927778,0.0353046111215065,-4.982488428384556,0.0002272250996721,59418.09869441892,74.0,7105.396032162648,0.06983454615554276,-66.40659570468436,0.06983454615554276,56.29236626783215,0.0005595692315849254,0.16262590521349066,3.7582150502188864e-05,0.1552364864864865,7.892353402034506e-06
2021-07-23,2021-07-23T12:00:00.000,-0.0580474373213811,0.0512360511625139,-4.9818614842117075,0.00032660766512,59418.92650233334,27.0,7106.793133164198,0.11305772506469149,-66.44158928393747,0.11305772506469149,56.27853707721924,0.0009044119292505395,0.16269286880569822,6.032505017744185e-05,0.1554425925925926,1.1438666609623664e-06
2021-07-24,2021-07-24T12:00:00.000,0.6827458842800062,0.0452001812221689,-4.982056454386412,0.0003013285175824,59420.03529668519,54.0,7104.666872712121,0.09034910955023945,-66.10694787762847,0.09034910955023945,56.290345910022545,0.0007231427326364862,0.1626629933512967,5.0287862931920454e-05,0.15568981481481484,2.3863509614682593e-06
2021-07-25,2021-07-25T12:00:00.000,1.0229339083318834,0.0449122962080361,-4.981008915135673,0.0003022967007479,59421.03049999999,60.0,7105.369450503374,0.0895696445105368,-66.49458834620847,0.0895696445105368,56.285040809335996,0.0007186296408184365,0.162848903255483,5.0529137772375394e-05,0.15585233333333334,6.875267500362668e-07
2021-07-26,2021-07-26T12:00:00.000,1.077935180021789,0.0532321479940317,-4.979539170407299,0.0003418566706249,59421.96031909091,33.0,7106.45448669503,0.10609833327826777,-66.09471606955715,0.10609833327826777,56.26005478310513,0.0008514306951133907,0.1630815178608265,5.7007687114642234e-05,0.15588,0.0
2021-07-27,2021-07-27T12:00:00.000,1.1072258241370592,0.0390991741085406,-4.9800915036563325,0.0002527657740134,59423.0664830164,61.0,7105.551729771603,0.07815473298800954,-65.5499603499697,0.07815473298800954,56.265554805107726,0.0006256066954152975,0.16299594813141766,4.251546848163466e-05,0.15576688524590157,1.8188596620698068e-06
2021-07-28,2021-07-28T12:00:00.000,1.051182728822153,0.0347929286635262,-4.980445132480765,0.0002209305175998,59424.07749383783,74.0,7105.428393025756,0.06784711071525064,-64.61926992313556,0.06784711071525064,56.266735863539665,0.0005430379944289727,0.1629156489188772,3.634415353972637e-05,0.15533337837837838,1.4315528584231423e-05
2021-07-29,2021-07-29T12:00:00.000,0.8064110131513857,0.041523782573693,-4.982520385766877,0.0002648656046001,59425.006426456515,46.0,7105.032788046525,0.08613171451099333,-64.77497108175014,0.08613171451099333,56.26975030893713,0.0006922444299842494,0.16259454922173971,4.592902363071211e-05,0.1547763043478261,6.712586027316295e-06
2021-07-30,2021-07-30T12:00:00.000,-0.5205924324199419,0.0675695140185148,-4.986767250374127,0.000442751201581,59425.99533695239,21.0,7104.722992508256,0.1351269636604548,-65.36119223968036,0.1351269636604548,56.27877374502149,0.0010878901001782552,0.16187624940913575,7.355044993980536e-05,0.15417761904761904,3.2296809443456437e-06
2021-07-31,2021-07-31T12:00:00.000,-0.1240026283627648,0.0416217911558681,-4.988112129390975,0.0002757650440089,59427.02719068421,57.0,7103.88165390175,0.08318893114675349,-65.36699202687434,0.08318893114675349,56.284542557220256,0.0006667290590554973,0.16165842941829234,4.53952026908165e-05,0.15373298245614034,2.3208344833896814e-06
2021-08-01,2021-08-01T12:00:00.000,-1.071644039144397,0.0333468529185091,-4.988928271477366,0.0002155914263367,59428.14576119047,84.0,7103.383901436913,0.06433967618825759,-65.96752027665752,0.06433967618825759,56.29146643160141,0.0005154106129434669,0.1615251661771124,3.431717435340755e-05,0.15326107142857143,1.2809583261213374e-05
2021-08-02,2021-08-02T12:00:00.000,-2.1232810619441307,0.029428734405781,-4.989606355110479,0.0001908586584458,59429.0982336915,94.0,7104.268380714841,0.05913784948411508,-66.37714029189263,0.05913784948411508,56.287773010432154,0.0004741894257558017,0.16139524951342665,3.1539297841787086e-05,0.1527520212765958,9.71285259549643e-06
2021-08-03,2021-08-03T12:00:00.000,-0.748760030710366,0.0299937847227858,-4.991276631790726,0.0001952356493924,59430.05199674725,91.0,7104.169831592954,0.06129962492854107,-66.14037131496573,0.06129962492854107,56.296991945412096,0.0004916275043257296,0.16113727097560068,3.274537592140242e-05,0.152380989010989,3.0142313852509756e-06
2021-08-04,2021-08-04T12:00:00.000,-0.6424853439176826,0.0372020582628325,-4.992834262894822,0.0002411741199201,59431.00824249153,59.0,7104.600640371457,0.07438787971994743,-66.58495960427557,0.07438787971994743,56.29351519253429,0.0005980580021360898,0.16088339843121835,3.9311257332949305e-05,0.15230576271186436,7.722310059215804e-07
2021-08-05,2021-08-05T12:00:00.000,-1.4014038336201224,0.0346737811372792,-4.992880483522656,0.0002243400355129,59432.02854107464,67.0,7104.384121705375,0.06934343383356054,-67.09352005733805,0.06934343383356054,56.28724696945888,0.0005543967319156935,0.16087462849140277,3.6685605590093025e-05,0.1522073134328358,2.686567164178733e-06
2021-08-06,2021-08-06T12:00:00.000,-1.2753958578279925,0.035088257521261,-4.993211202929201,0.0002268418262781,59433.03345141538,65.0,7104.734022174609,0.07017070482648351,-66.69336967661272,0.07017070482648351,56.28875814122785,0.0005613220055785691,0.16081938461538461,3.721042037676253e-05,0.15212846153846152,9.101661204763477e-07
2021-08-07,2021-08-07T12:00:00.000,-2.4200004152855543,0.0345323444923595,-4.992490575120264,0.0002239321204456,59434.00830355714,70.0,7105.51092602485,0.06905270053491122,-66.65340172033059,0.06905270053491122,56.283033312740656,0.0005532687759161983,0.16093440263963385,3.655504299541412e-05,0.15256657142857144,7.694707154264297e-06
2021-08-08,2021-08-08T12:00:00.000,-2.5018500019396215,0.0501008418597368,-4.990864931032573,0.0003235167089586,59434.96579733334,33.0,7105.976122363527,0.10017040191187232,-67.19211662638058,0.10017040191187232,56.27872425200439,0.0008048109483149179,0.16119984075912103,5.282704772123923e-05,0.15289454545454548,8.802234877752932e-07
2021-08-09,2021-08-09T12:00:00.000,-1.1541047164215334,0.0350024898204803,-4.990575911976816,0.000227516009055,59436.112912142846,77.0,7104.925221826248,0.06670981020801219,-66.86634637219537,0.06670981020801219,56.2871707900022,0.0005350436062980255,0.16124755121783596,3.5665273496008716e-05,0.1528088311688312,3.6853453360825834e-07
2021-08-10,2021-08-10T12:00:00.000,-0.4174640863744362,0.0321498748064286,-4.989902163124964,0.0002076841212112,59437.05730218422,76.0,7104.199089726306,0.06708365024546373,-66.37100256316056,0.06708365024546373,56.288558902631436,0.0005384440403835308,0.16138013279330493,3.54640542494726e-05,0.15282315789473686,8.210076460904596e-07
2021-08-11,2021-08-11T12:00:00.000,-0.6519376181997389,0.037084547847794,-4.989802612923375,0.0002391595964983,59438.17061540299,67.0,7103.6935982779405,0.07100062070673532,-66.675680017519,0.07100062070673532,56.29503033102096,0.0005704776651593692,0.16137150745676393,3.747831550824247e-05,0.15282597014925373,6.037610708615328e-07
2021-08-12,2021-08-12T12:00:00.000,-0.5161567339510307,0.0299042381200964,-4.98879331385242,0.0001920890911821,59439.04833404545,88.0,7103.284535566926,0.06157232031091419,-66.82619977947792,0.06157232031091419,56.288718760923025,0.0004947992832780902,0.1615627186441866,3.246913526204697e-05,0.15283693181818184,5.907231843244902e-07
2021-08-13,2021-08-13T12:00:00.000,0.1036477656940213,0.0362224398912945,-4.989430349878201,0.0002332543029707,59439.995627375,64.0,7104.742418022271,0.07242874964157242,-66.09587365878983,0.07242874964157242,56.283939721425014,0.0005787605559276343,0.1614405771677241,3.8540838912277563e-05,0.15294937500000003,1.664805508446007e-06
2021-08-15,2021-08-15T12:00:00.000,0.513500601580693,0.0483061500631469,-4.990985406296736,0.0003294501037935,59442.05075984313,51.0,7103.827685532403,0.09651972175341703,-66.51943154840964,0.09651972175341703,56.29877521722975,0.0007753892836945743,0.1611811575307381,5.389017637772401e-05,0.15298588235294117,1.160678320544461e-06
2021-08-16,2021-08-16T12:00:00.000,-0.1275963634562145,0.0426055406678539,-4.991187272447104,0.0002857279674946,59443.00365178333,60.0,7104.464686557204,0.0851030760058115,-66.32676306652904,0.0851030760058115,56.30031925087664,0.0006829319396347657,0.16114961448953471,4.6757051686240763e-05,0.15212316666666667,1.7504626776048164e-05
2021-08-17,2021-08-17T12:00:00.000,-0.1867105663052916,0.0389212082901873,-4.990437457975147,0.0002587387500365,59444.018530485286,68.0,7103.806001031778,0.07774232043125708,-66.25553846522727,0.07774232043125708,56.30530195368586,0.0006242551150769933,0.16127394053287128,4.240131762752834e-05,0.15213661764705882,1.5993043777183207e-05
2021-08-18,2021-08-18T12:00:00.000,-0.7153467123337334,0.0394375630866445,-4.992431891450529,0.0002647354946554,59445.01825911594,69.0,7104.509418578927,0.07878782724381746,-66.92626872142152,0.07878782724381746,56.301534411893414,0.0006320815650275576,0.16094835056421283,4.31767588679008e-05,0.1528604347826087,2.284485486709894e-06
2021-08-19,2021-08-19T12:00:00.000,-0.1742924984045028,0.0393750780362678,-4.991353594693781,0.0002639845387567,59446.02745976812,69.0,7103.846587105656,0.0786462038500432,-66.72033123588245,0.0786462038500432,56.301591848078985,0.0006320084373718097,0.16112515183508275,4.311638834603422e-05,0.15271405797101453,5.954802978710765e-07
2021-08-20,2021-08-20T12:00:00.000,0.1728946986630909,0.0429686584114179,-4.992811718767618,0.0002839468051213,59447.03998596077,51.0,7104.854870048658,0.08592950472427126,-66.82319465423079,0.08592950472427126,56.296051700987974,0.0006901682278087463,0.16088338352575982,4.630708115431045e-05,0.15261450980392155,1.2622334854450347e-06
2021-08-21,2021-08-21T12:00:00.000,-0.3543321980452756,0.0371822989402309,-4.991600772870895,0.0002440428472356,59448.014280940304,67.0,7105.086073773232,0.07432019269287694,-66.87728492334668,0.07432019269287694,56.28991133876762,0.000596334880486449,0.16108731723669312,3.995582860135733e-05,0.15282208955223878,4.828760669048783e-06
2021-08-22,2021-08-22T12:00:00.000,-0.4808193423876383,0.0383237925055764,-4.989862561776135,0.0002482566991603,59449.03691737096,62.0,7105.544034541032,0.07484540507328405,-67.20204384351432,0.07484540507328405,56.27818219470219,0.0005998758727531351,0.16136869760168507,3.962646119226915e-05,0.1534391935483871,1.6768713765471562e-05
2021-08-23,2021-08-23T12:00:00.000,0.1750149106568324,0.0326256357131982,-4.9876772732380585,0.0002091759558145,59450.02050084211,76.0,7104.583260737709,0.06640378937213268,-66.42848408389557,0.06640378937213268,56.284225134648935,0.0005325183642579866,0.16174224106671237,3.513890133817892e-05,0.15409315789473682,6.508322678022005e-06
2021-08-24,2021-08-24T12:00:00.000,-0.7595942523164974,0.0383656234230098,-4.984919661357623,0.0002453043636221,59450.99824743103,58.0,7104.497502189533,0.07672650082273036,-66.13820970634106,0.07672650082273036,56.280471111594494,0.0006170390298154381,0.16218538620223202,4.0791625523931754e-05,0.15441,0.0
2021-08-25,2021-08-25T12:00:00.000,-0.0210689119458717,0.0347413409248621,-4.983334921787271,0.000221896023579,59452.035067873236,71.0,7105.183403518861,0.06946024632021103,-66.66037064988123,0.06946024632021103,56.28229957771575,0.0005586141094427239,0.16245050497818392,3.7030230615688394e-05,0.15458084507042244,3.54758669847923e-06
2021-08-26,2021-08-26T12:00:00.000,-0.1236083721074769,0.0409314723519039,-4.981908964205089,0.0002607339656627,59453.12579688461,52.0,7105.629869118823,0.08112307647590068,-66.53636037715842,0.08112307647590068,56.27737733514696,0.0006502287677190877,0.1627003964250403,4.338559736779785e-05,0.15495384615384616,4.9595182202420195e-06
2021-08-27,2021-08-27T12:00:00.000,1.1869229784273438,0.0464488038658724,-4.980925289863337,0.0002964906881225,59453.953011225,40.0,7106.2338564367,0.09389179350539804,-65.48549947724689,0.09389179350539804,56.26873261453239,0.0007511217084411978,0.16283728554444224,5.0536528278329276e-05,0.15515825,1.23451952659195e-06
2021-08-28,2021-08-28T12:00:00.000,0.5152184685490554,0.0449794384082415,-4.98191635324244,0.0002920470849565,59455.11900591837,49.0,7105.772726936687,0.08989766674933941,-65.68128999381956,0.08989766674933941,56.28008227539675,0.0007214635897183846,0.16268668631139196,4.8903162457358054e-05,0.1549118367346939,5.022682135302811e-06
2021-08-29,2021-08-29T12:00:00.000,-0.0067402665741822,0.0354937489627858,-4.983448955141999,0.000230106999956,59456.03361017331,75.0,7106.2480125304855,0.07096838684656051,-65.33435137968327,0.07096838684656051,56.2796041499829,0.0005699799397238069,0.16242987088083635,3.837039645771758e-05,0.1545712,2.581709748446381e-06
2021-08-30,2021-08-30T12:00:00.000,-0.0995575641825983,0.0387471504863508,-4.9840019424598045,0.0002488044487847,59457.005426775875,58.0,7105.060150152217,0.07747420131882686,-65.50525121527042,0.07747420131882686,56.28330258340357,0.0006213237380742968,0.16233864016917718,4.130072150690427e-05,0.15418724137931036,4.991178566981429e-06
2021-08-31,2021-08-31T12:00:00.000,-1.4110652736174354,0.0709453898400888,-4.984738238897303,0.0004569320753091,59458.09802858825,17.0,7104.121282669671,0.14189236539709504,-66.67897813270767,0.14189236539709504,56.28769999999999,0.001139917437670765,0.16221278599634587,7.615687977153233e-05,0.15398294117647057,1.139112748882512e-06
2021-09-01,2021-09-01T12:00:00.000,-1.3352028055906784,0.0364788769733641,-4.985793749726857,0.0002359358267132,59459.09998898612,72.0,7103.2710217642525,0.06967062208314094,-66.31896224447618,0.06967062208314094,56.29526625869746,0.0005598075567419365,0.16204491779919894,3.722471035939217e-05,0.15380375,1.1223015803453653e-05
2021-09-02,2021-09-02T12:00:00.000,-1.332864970123815,0.0476395783085392,-4.986643129931646,0.0003071281763591,59459.9482889375,32.0,7104.076399940207,0.10411389056183801,-66.78799461336524,0.10411389056183801,56.295780453205026,0.0008362225239340728,0.1618549265666812,5.533529746855224e-05,0.15349406250000003,4.373199514306707e-06
2021-09-03,2021-09-03T12:00:00.000,-0.5943639634121002,0.0376169805960344,-4.98788283940758,0.0002436987261653,59460.99274619356,62.0,7103.99900139041,0.07521120452456621,-67.19218606202685,0.07521120452456621,56.28913527569694,0.0006010637653247078,0.1616956465848843,4.040195947983807e-05,0.15349693548387092,3.74058811607479e-06
2021-09-05,2021-09-05T12:00:00.000,0.531543651356986,0.0349275700223815,-4.983798965090458,0.0002240973463435,59463.067086698626,73.0,7106.716646156448,0.06895138952630761,-66.88499250766894,0.06895138952630761,56.26801341745074,0.0005534394166924263,0.16239176700631955,3.6730181673687625e-05,0.1543569863013699,1.70656411688756e-05
2021-09-06,2021-09-06T12:00:00.000,1.0198399205802045,0.0333363755732435,-4.980221042965259,0.0002119418326649,59464.013899794525,73.0,7109.355724218841,0.06869102663742822,-66.33833791534808,0.06869102663742822,56.26720460732169,0.0005518102994181426,0.1629981366324519,3.657678859892507e-05,0.1548686301369863,2.626662469090591e-06
2021-09-07,2021-09-07T12:00:00.000,2.3412876501156727,0.0492001370746618,-4.980393943421875,0.000322996272175,59464.96064781819,44.0,7107.64385049344,0.09827468585306799,-65.56911143204691,0.09827468585306799,56.28553880996011,0.0007873639115189797,0.162937419312822,5.4033699190141415e-05,0.15504568181818182,7.553702921739471e-07
2021-09-08,2021-09-08T12:00:00.000,2.9920837982354014,0.0397424901478761,-4.979650068631453,0.0002636375436728,59466.02689368493,73.0,7108.61600780244,0.07937861940403106,-65.66094396943024,0.07937861940403106,56.28045319337592,0.0006364436654651523,0.1630714783874651,4.432135861218093e-05,0.15494191780821917,2.9172865241301918e-06
2021-09-09,2021-09-09T12:00:00.000,2.4583206176167343,0.0542894546778084,-4.979730279702156,0.0003544049202897,59467.04111625715,35.0,7108.98503601946,0.10856560263076595,-65.14788800315316,0.10856560263076595,56.26483871184397,0.0008686738906649059,0.16305212025670265,5.9581960880679295e-05,0.1549077142857143,2.053311090549593e-06
2021-09-10,2021-09-10T12:00:00.000,1.7345843463858814,0.0403430491123914,-4.981496052698139,0.0002654451379009,59468.017136107694,65.0,7108.291169783673,0.08066987701850506,-64.88802769023711,0.08066987701850506,56.269414736414426,0.0006469652808361519,0.16276050731850897,4.450748993900914e-05,0.15485015384615383,2.580365095033289e-06
2021-09-11,2021-09-11T12:00:00.000,0.4462462444580802,0.0579337993588775,-4.98327409006286,0.0003825378359046,59469.08709980644,31.0,7105.500505645518,0.11584866552552407,-65.484953599529,0.11584866552552407,56.283651222555534,0.0009273886636705179,0.16245652177254094,6.376988600158963e-05,0.15463967741935483,1.085968272943245e-06
2021-09-12,2021-09-12T12:00:00.000,0.5165826991707089,0.038885097405631,-4.985005666044858,0.0002546467832251,59470.03310827273,66.0,7104.306008429831,0.07660934883045996,-65.69903571859601,0.07660934883045996,56.28816439864815,0.0006148379978684405,0.1621481025847904,4.162530431692686e-05,0.15409772727272725,1.7051677185855012e-05
2021-09-13,2021-09-13T12:00:00.000,-0.2117122969416955,0.062258634065845,-4.988106762678772,0.0004052223469147,59471.08838823076,26.0,7103.6076781445545,0.1193852087692035,-65.91066626717426,0.1193852087692035,56.29925865897488,0.0009601872090015097,0.1615677270884203,6.399137107074602e-05,0.15330000000000002,4.34688217178529e-05
2021-09-14,2021-09-14T12:00:00.000,-1.0516811886507509,0.0371359948474839,-4.990204850789091,0.0002436095321562,59472.00855120635,63.0,7104.115111332628,0.07639480227110433,-66.37567652526414,0.07639480227110433,56.29760142187269,0.0006130591184928643,0.16133564146711524,4.111550375355897e-05,0.15268888888888882,7.474521019477595e-06
2021-09-15,2021-09-15T12:00:00.000,-0.7122877858996818,0.0537185354478078,-4.99319080454061,0.0003562217640971,59473.077280031255,32.0,7104.175433507394,0.10743263500784697,-66.89618202773632,0.10743263500784697,56.30785850386157,0.0008639019439076913,0.16082547388899024,5.822093424210354e-05,0.15195437499999997,4.281842288909529e-06
2021-09-17,2021-09-17T12:00:00.000,-1.2103478385155602,0.0991593536961237,-4.995587579763539,0.0006581899349775,59475.2931965,8.0,7101.467317692238,0.21417688633281012,-67.28479348384175,0.21417688633281012,56.31400938968189,0.0017209448194914529,0.16052176632107037,0.00011426347636015363,0.151905,6.581901592353566e-05
2021-09-18,2021-09-18T12:00:00.000,-0.7891248088462177,0.0595062301560269,-4.994013225045525,0.0003863740592857,59475.91752885716,21.0,7101.371882098385,0.12632854799297316,-67.45959340465294,0.12632854799297316,56.305809046677794,0.0010138258071803862,0.16071865160083876,6.66666532846912e-05,0.1521447619047619,2.3522074352822535e-06
2021-09-19,2021-09-19T12:00:00.000,-0.8811793100579697,0.0400833315428593,-4.991286770016187,0.0002600370689647,59476.98407652831,53.0,7104.315517795328,0.08011458933906548,-67.1939541902881,0.08011458933906548,56.2947657379106,0.0006431931035796856,0.16113397740360835,4.249801812930649e-05,0.15260679245283018,5.694021926290075e-06
2021-09-20,2021-09-20T12:00:00.000,-0.3197135504081541,0.0385219071267768,-4.988566864012452,0.0002473925490319,59478.064260727275,55.0,7103.760405908356,0.07701192718406906,-67.56197002363886,0.07701192718406906,56.28655218615865,0.0006172900196634765,0.16158262573178514,4.0878824692597995e-05,0.15368272727272725,1.2647658639217858e-05
2021-09-21,2021-09-21T12:00:00.000,-0.0698740257911381,0.0387239921845531,-4.98407820303448,0.0002478927822073,59479.04649098245,57.0,7106.182229591265,0.07741960245673098,-66.8145956978153,0.07741960245673098,56.283052711627164,0.0006204731606952835,0.16232510878898965,4.141074407248903e-05,0.1544740350877193,2.91762049340472e-06
2021-09-23,2021-09-23T12:00:00.000,0.5510295950299937,0.0350555314267118,-4.978807401270679,0.0002215582785774,59481.02727789552,67.0,7105.5185502686045,0.07010504554789541,-66.07241157139346,0.07010504554789541,56.271541845085586,0.0005624832792063194,0.1632129329069733,3.730395656524554e-05,0.15548656716417908,1.2500970347856272e-06
2021-09-24,2021-09-24T12:00:00.000,0.2257273209327874,0.0528641279193761,-4.979020476075211,0.0003385659187056,59481.95776480645,31.0,7104.811869262956,0.10700285114333291,-65.98093420861302,0.10700285114333291,56.27936670565041,0.000859251404646992,0.16318983820808178,5.777465150003039e-05,0.15549903225806455,1.34042512191425e-06
2021-09-25,2021-09-25T12:00:00.000,0.2626738603019465,0.0422840711760255,-4.97959651727574,0.0002674845079702,59483.04232897826,46.0,7106.690620515124,0.0838135572186411,-65.42506371107503,0.0838135572186411,56.268870149906796,0.0006720729457204777,0.16307894969342748,4.449394926517735e-05,0.15543347826086953,7.099970268924142e-07
2021-09-26,2021-09-26T12:00:00.000,0.6425732240914136,0.0336757597902466,-4.9799127103602725,0.0002157348950701,59484.0238744935,77.0,7104.922535359516,0.06768798510644924,-65.53732214221213,0.06768798510644924,56.27368934123786,0.0005428854912160135,0.16301912304736244,3.651377198282073e-05,0.15543584415584422,5.653061689158885e-07
2021-09-28,2021-09-28T12:00:00.000,-0.7572356177755544,0.0639291044905329,-4.9832008484053665,0.0004275572978401,59486.07952355555,27.0,7105.266193262281,0.12778644533941128,-66.41716820664308,0.12778644533941128,56.28295033736462,0.0010237671281859363,0.16247534458793822,7.12753462929863e-05,0.15487962962962964,5.71102501219238e-06
2021-09-29,2021-09-29T12:00:00.000,-0.80942031875189,0.0387882254694767,-4.977634570910431,0.0002445139632131,59486.995355333325,54.0,7106.2867199998,0.07755186575121303,-66.27886253414712,0.07755186575121303,56.27688370204023,0.0006222377785102291,0.16340521244186015,4.1286210799128665e-05,0.15506944444444443,1.0865471332266509e-05
2021-09-30,2021-09-30T12:00:00.000,-0.2378622536785212,0.0474968987298816,-4.979843427996639,0.0003028436040774,59487.96671973683,38.0,7106.018748777314,0.09491304836632228,-65.97043076929391,0.09491304836632228,56.28922836137663,0.0007619696593540552,0.16303764627912795,5.079665579612107e-05,0.15521684210526315,8.748950460590413e-06
2021-10-02,2021-10-02T12:00:00.000,0.5552027945776719,0.0397051943362789,-4.985491552145133,0.0002618969529433,59489.99620233333,63.0,7105.358373230035,0.07985555492808949,-67.28744359066435,0.07985555492808949,56.293225555069,0.0006413488600194066,0.1621003186157509,4.366923648130235e-05,0.15412158730158734,3.7401952327692316e-06
2021-10-14,2021-10-14T12:00:00.000,2.141907802454269,0.0810946938040669,-4.989676337906781,0.000515807058839,59502.17058723076,13.0,7089.923970105082,0.16202257243659937,-66.59999749349979,0.16202257243659937,56.39154083811356,0.001308720663632729,0.16140033179068256,8.48196806305726e-05,0.1531876923076923,1.2162606385241402e-06
2021-10-15,2021-10-15T12:00:00.000,0.4339026929976333,0.1770799298903798,-4.9943159973551055,0.0011243165231635,59502.898676666664,3.0,7086.385265722403,0.3530616791456741,-67.67967337001824,0.3530616791456741,56.413759543568474,0.002842242116527488,0.1606630033054498,0.00018239348520194366,0.15297333333333332,3.3333333333366672e-06
2021-10-18,2021-10-18T12:00:00.000,0.5636193892218885,0.0620930329476228,-4.994774962699204,0.0004151678829351,59506.090867653846,26.0,7089.897759781532,0.12356970774889824,-67.523373282991,0.12356970774889824,56.420092914034015,0.0009974629895013421,0.16058056616226835,6.713476138918283e-05,0.15303000000000003,5.551115123125784e-18
2021-10-21,2021-10-21T12:00:00.000,1.80233333300681,0.0674805184231311,-4.991955986297112,0.0004461122395269,59509.10373869998,20.0,7090.731963506601,0.13487258035697783,-67.96462448258634,0.13487258035697783,56.40180385058773,0.0010896827294057537,0.16103321254524064,7.306786007944565e-05,0.153352,2.7720408594242834e-06
2021-10-22,2021-10-22T12:00:00.000,0.0798952562575434,0.0338857415508396,-4.989388733171971,0.0002213889035799,59510.05914241666,72.0,7090.5231498196135,0.06732674575529166,-68.51712135221584,0.06732674575529166,56.40579351837133,0.000541885508259912,0.1614436624609022,3.615670569895579e-05,0.1538304166666667,8.16122147682175e-06
2021-10-23,2021-10-23T12:00:00.000,0.896245531396381,0.0471995531094993,-4.988764796176477,0.0003068760301893,59510.94555386112,36.0,7089.616216896394,0.09549971635615861,-68.15967604526115,0.09549971635615861,56.407926712181876,0.0007696481885343016,0.16156075201838463,5.113983057731536e-05,0.15435333333333334,4.830458915396278e-06
2021-10-24,2021-10-24T12:00:00.000,1.0114654313493343,0.0412567059438815,-4.985954024739022,0.0002685569078454,59512.032920755104,49.0,7092.011325071317,0.08247409091965434,-67.78610745558812,0.08247409091965434,56.405681914088596,0.0006649951694338728,0.16201801598559662,4.4456209379714964e-05,0.15516693877551022,7.955039912079444e-06
2021-10-25,2021-10-25T12:00:00.000,0.5544082495732745,0.0489787622299066,-4.982181722205146,0.0003151800678089,59513.118414205885,34.0,7094.482060856168,0.09788298476844301,-67.39381965715066,0.09788298476844301,56.392909126575915,0.0007873695404688628,0.1626440663964644,5.267968927593959e-05,0.15608176470588234,5.703152773430685e-06
2021-10-26,2021-10-26T12:00:00.000,0.6859992212350595,0.0425490226759911,-4.97740108311155,0.0002708998459963,59513.9648398261,46.0,7092.572688647607,0.08503995527058122,-68.00702190364147,0.08503995527058122,56.40418152364521,0.0006840142457132916,0.16344778099562018,4.5758904478913375e-05,0.15674934782608693,6.994837115458415e-06
2021-10-28,2021-10-28T12:00:00.000,1.4559707957604,0.0374030763380087,-4.974069611372001,0.0002383728200134,59516.004236637935,58.0,7093.271542592331,0.0747695160701222,-67.20883708502144,0.0747695160701222,56.39550801175478,0.0006015541697428637,0.16401263128161991,4.050739512370431e-05,0.15739844827586202,3.6465243720896373e-06
2021-10-30,2021-10-30T12:00:00.000,1.9652068210087423,0.0494716826222792,-4.977904145060741,0.0003256510735999,59518.072015225,40.0,7093.704034146012,0.09882010867401901,-66.89800487009103,0.09882010867401901,56.40202425704708,0.0007965834074893851,0.1633668598599478,5.4923870838353633e-05,0.15689550000000002,1.715315624690808e-06
2021-11-02,2021-11-02T12:00:00.000,0.5640741112970857,0.0383385811705283,-4.980942202500463,0.0002494329308868,59521.04970381356,59.0,7093.4891763210635,0.07662129637858378,-67.04703018040094,0.07662129637858378,56.389763433176284,0.0006172094088371963,0.1628572077661538,4.174691799223736e-05,0.15550186440677963,1.0882923465696654e-05
2021-11-03,2021-11-03T12:00:00.000,-0.7569567902980198,0.0616913905001358,-4.986417523561928,0.0004070800891307,59522.01748413044,23.0,7094.503771189673,0.12333936918174379,-66.98624306804437,0.12333936918174379,56.40094219590892,0.0009924419174156633,0.161939739722097,6.760762893902626e-05,0.15484391304347828,2.0602707557183965e-06
2021-11-05,2021-11-05T12:00:00.000,-0.2151927836784493,0.0398987424192773,-4.985788538828472,0.0002620989744465,59523.987626909104,55.0,7090.8026645802975,0.07975021957791438,-67.69974628228475,0.07975021957791438,56.40667293799903,0.0006410749573162295,0.162042669336831,4.359589277747213e-05,0.15460890909090907,3.011456545164547e-06
2021-11-06,2021-11-06T12:00:00.000,0.1222999920088937,0.0783774415544806,-4.9892172432256645,0.0005153103957208,59525.146015142855,14.0,7092.965622936379,0.15670457383095165,-67.91096913223068,0.15670457383095165,56.40896475718409,0.0012635929269168124,0.16147151359671624,8.492914120964047e-05,0.15437000000000006,1.5396023240333544e-17
2021-11-07,2021-11-07T12:00:00.000,-0.0214223388584106,0.0892313229352359,-4.991051078133884,0.000585992277065,59525.90426354546,11.0,7090.664993112802,0.17838501909756468,-68.25489203266574,0.17838501909756468,56.427362471078084,0.0014385042453976126,0.1611712967936881,9.674646832723238e-05,0.15414454545454545,1.5745916432460086e-06
2021-11-08,2021-11-08T12:00:00.000,-0.0224508744446611,0.0354022287122663,-4.989303015935621,0.0002334879407757,59527.024986149256,67.0,7091.125257192904,0.07074477716007435,-68.3964130860334,0.07074477716007435,56.42919340369354,0.0005704722584995653,0.1614587312526423,3.833463934279551e-05,0.15401686567164177,2.9098388536056013e-06
2021-11-09,2021-11-09T12:00:00.000,-0.0696235111229486,0.0488322499366506,-4.989121333215117,0.0003229867407842,59528.04833030556,36.0,7091.75219751855,0.09762031822240387,-68.1433405090951,0.09762031822240387,56.4264169055424,0.0007881366599300951,0.1614889397113628,5.311006956740471e-05,0.1541069444444444,7.7862765358604e-07
2021-11-10,2021-11-10T12:00:00.000,0.4298898251971287,0.0793398333598212,-4.988591650417301,0.0005274774119728,59528.992592785704,14.0,7090.5209809317,0.1586026628784059,-68.14218271058509,0.1586026628784059,56.42709422407974,0.0012768656536581203,0.16157575548765998,8.73902422753927e-05,0.15399714285714286,1.2529400275827232e-06
2021-11-14,2021-11-14T12:00:00.000,-1.0320729432022004,0.0355093793698273,-4.9936689450485865,0.0002384227484994,59533.03438908572,70.0,7089.213785530977,0.07095187354378019,-68.35290695935163,0.07095187354378019,56.43400693778942,0.0005719284927201615,0.1607517783681246,3.8743627430055026e-05,0.15299257142857137,7.798103046316853e-07
2021-11-19,2021-11-19T12:00:00.000,-0.0213645997632265,0.0384176841485866,-4.994704060529755,0.0002586772318231,59538.03738013793,58.0,7090.788923915356,0.07680291233211538,-68.4326444300545,0.07680291233211538,56.43609541354701,0.0006186851831997235,0.160578115981848,4.199044945143751e-05,0.15269931034482762,5.057814980345641e-06
2021-11-22,2021-11-22T12:00:00.000,0.0370935939050474,0.0434378409282426,-4.992869662731679,0.0002908567255833,59540.9920385,46.0,7089.638517319071,0.08683261307864376,-68.08603975897805,0.08683261307864376,56.43275030652628,0.0007000124112182572,0.16087763804401234,4.747520181609047e-05,0.15343673913043476,4.72483773027148e-06
2021-11-29,2021-11-29T12:00:00.000,-0.4692215466610042,0.0386689678749587,-4.985777133998662,0.0002563199809254,59548.03323889831,59.0,7092.975839281663,0.07728871187948755,-67.33910669069367,0.07728871187948755,56.42029115862641,0.0006219256040597602,0.162043128905233,4.259727064972026e-05,0.15467762711864405,8.829504974778023e-07
2021-11-30,2021-11-30T12:00:00.000,-0.5882247523991605,0.0438546427341466,-4.986114992507917,0.0002909909447087,59549.01631360871,46.0,7091.738666316241,0.08765508269957561,-67.20689230399722,0.08765508269957561,56.42744277265923,0.0007067821818265895,0.161986544819607,4.828501393290317e-05,0.15442804347826086,4.7408143088351315e-06
2021-12-01,2021-12-01T12:00:00.000,0.5404297359528928,0.0813502866919825,-4.989031746112923,0.0005416152015735,59549.93116007142,14.0,7089.204921317402,0.1625998802142324,-66.73701608616938,0.1625998802142324,56.438801302505134,0.0013108583612899253,0.161509799787274,8.874904883024123e-05,0.15408714285714287,2.442429755041869e-06
2021-12-02,2021-12-02T12:00:00.000,-0.819141771576355,0.0374144247348324,-4.989588872505333,0.0002500105767236,59551.03843530159,63.0,7091.0571606279755,0.07478221231288394,-68.14024651797251,0.07478221231288394,56.42471134279932,0.0006023281409689682,0.16141510564240388,4.122098235509382e-05,0.15373825396825402,3.040431445753321e-06
2021-12-03,2021-12-03T12:00:00.000,0.1326274706538047,0.0465167527872472,-4.990902818105571,0.000312590337909,59551.984781414634,41.0,7092.0924824083995,0.09303509879700939,-67.77241637006607,0.09303509879700939,56.418807757516774,0.0007495149644120425,0.16119774516060414,5.133901570032356e-05,0.15333317073170732,3.8798891169446025e-06
2021-12-04,2021-12-04T12:00:00.000,-0.0551932948347063,0.042848816166399,-4.993297102621685,0.0002895231490478,59553.073370895836,48.0,7092.212606252809,0.08562850275102216,-67.89474597603369,0.08562850275102216,56.42312753883391,0.0006900123709664219,0.16080700321894875,4.7191176731102405e-05,0.15298083333333332,1.1074110971361583e-06
2021-12-05,2021-12-05T12:00:00.000,-0.5463783167320758,0.0373232872783322,-4.99197015104843,0.000250874697513,59554.04265838709,62.0,7091.061386860267,0.07461285708505419,-68.36072168683171,0.07461285708505419,56.43064266916426,0.0006025301027496469,0.16102354122279353,4.100108969192214e-05,0.15276709677419353,2.782310754488548e-06
2021-12-08,2021-12-08T12:00:00.000,-0.8229550671245597,0.0603468509792709,-4.997554466994976,0.000412385772731,59557.05607285715,28.0,7090.080727120041,0.12054804490504348,-68.57350016647185,0.12054804490504348,56.439803006023375,0.0009711088062587717,0.16011920931499496,6.655534061156116e-05,0.15216285714285718,4.268041161824133e-06
2021-12-09,2021-12-09T12:00:00.000,-0.4972277759123094,0.0371979560879768,-4.996421873473423,0.0002523298004619,59558.04026260937,64.0,7090.079184903837,0.07435024201431588,-68.64780521284507,0.07435024201431588,56.44171371234759,0.0005986783913667877,0.1603011133221617,4.0846861521001404e-05,0.1519996875,1.3357260896265489e-06
2021-12-13,2021-12-13T12:00:00.000,-0.0383169324046138,0.0427111498670406,-4.995186469896322,0.0002909814819545,59562.00402772549,51.0,7090.933766364203,0.0854043756683532,-68.55895212485308,0.0854043756683532,56.440592832338886,0.0006889514020839631,0.16049880583234583,4.707075708621797e-05,0.1528472549019608,5.431054000710075e-06
2021-12-14,2021-12-14T12:00:00.000,-0.7415535302627143,0.0557265638824411,-4.991893336319936,0.0003782370718432,59563.04885224138,29.0,7091.590292350867,0.11142432316075356,-69.03431234779877,0.11142432316075356,56.434766788217125,0.0008993555100985929,0.16103653157338635,6.188913668793724e-05,0.1537351724137931,1.1496633579396836e-05
2021-12-15,2021-12-15T12:00:00.000,1.4940867379448577,0.0405874451265149,-4.9869406042017586,0.0002721646666423,59564.02306361111,54.0,7092.635165146788,0.0811321083629826,-69.12935901306965,0.0811321083629826,56.43087907364465,0.0006524758460216583,0.16185363480434414,4.486491670720961e-05,0.15486425925925926,1.076592267179031e-05
2021-12-16,2021-12-16T12:00:00.000,1.650791273904149,0.0394769190401472,-4.981611221568194,0.0002621623364509,59565.02023880702,57.0,7093.14965254871,0.07890008007278569,-69.08198377939543,0.07890008007278569,56.430310449256616,0.0006364050100449688,0.16274643780181844,4.3864897086875154e-05,0.15602087719298244,8.829634759411579e-06
2021-12-17,2021-12-17T12:00:00.000,3.298364044993788,0.0364609190228274,-4.977553111125157,0.00024037510212,59566.04085111941,67.0,7095.14457871219,0.07287220472507647,-68.35618754103943,0.07287220472507647,56.41283716683344,0.0005858936870363769,0.16342160491577798,4.0618219573472526e-05,0.15720701492537315,1.1873399200104684e-05
2021-12-18,2021-12-18T12:00:00.000,3.3884846682614453,0.0474016996544499,-4.973658271712216,0.0003106715483277,59566.997457175006,40.0,7096.53733243296,0.0947921825592248,-67.6634777491153,0.0947921825592248,56.389399053012454,0.0007619564103660034,0.16408009791894362,5.299000452428612e-05,0.15834725,8.054203393737582e-06
2021-12-19,2021-12-19T12:00:00.000,4.204809147893744,0.1013111637918205,-4.969247311161667,0.0006503909626428,59567.92856088889,9.0,7095.076505576705,0.2025973207322903,-66.6779201036113,0.2025973207322903,56.37411809455887,0.0016328796926615209,0.16483552789442113,0.00011218878168271955,0.15921333333333332,2.3570226039553346e-06
2021-12-22,2021-12-22T12:00:00.000,2.1717962546816625,0.0370819858209252,-4.962769888253014,0.0002377903561297,59571.040983375,64.0,7096.077235648481,0.07412441674607889,-65.45682209306842,0.07412441674607889,56.37659329249934,0.0005958324140171959,0.16596404024890102,4.153397117270585e-05,0.1600984375,2.5219153521980682e-06
2021-12-23,2021-12-23T12:00:00.000,1.5686694699464834,0.0864923818952759,-4.966026953058722,0.0005591531626279,59572.0058245,12.0,7096.497711720324,0.17295823710975586,-65.89771291894466,0.17295823710975586,56.38383318822914,0.0013879790375977317,0.165394874775045,9.715833495686144e-05,0.15960583333333334,1.3226370200732965e-05
2021-12-24,2021-12-24T12:00:00.000,1.1439529527013743,0.0456481349189975,-4.968231191310429,0.0002962446285542,59573.02064732556,43.0,7094.901631179593,0.09121794712371283,-66.4204389591971,0.09121794712371283,56.39396873835264,0.0007331648668112072,0.16501911052783003,5.117106734755117e-05,0.15899976744186048,5.2982829297477395e-06
2021-12-25,2021-12-25T12:00:00.000,3.4364308579274994,0.0758579614203355,-4.9690100575254235,0.0004928825942354,59574.1086398,15.0,7094.668810672985,0.15168191395488934,-66.65864648400967,0.15168191395488934,56.393034448029425,0.0012218581057757826,0.16488571713449848,8.463913293139227e-05,0.15829533333333334,9.945885326135672e-06
2021-12-26,2021-12-26T12:00:00.000,2.2961632027699066,0.0371127416682783,-4.97120390269278,0.0002420071302301,59575.04140789062,64.0,7096.400718799287,0.07417714757549614,-66.70649114839482,0.07417714757549614,56.384576585506686,0.0005970905126555908,0.16451205397644064,4.142004305067081e-05,0.1580328125,8.17369413385309e-07
2021-12-27,2021-12-27T12:00:00.000,3.112046160585583,0.0369846548338066,-4.970683133962368,0.0002411815151881,59576.04212465625,64.0,7095.950403277884,0.07392741564121844,-66.04184212076258,0.07392741564121844,56.385051798816065,0.0005953662421734911,0.16459159462003897,4.132402774555525e-05,0.15809671875,5.915529526864783e-07
2021-12-28,2021-12-28T12:00:00.000,1.8661089071036536,0.0841456923876139,-4.972516435716513,0.0005463962093455,59577.038714846145,13.0,7095.3170460573265,0.16826605331294775,-65.03713284059857,0.16826605331294775,56.38986849204009,0.0013565601332619197,0.16428346245781783,9.407668054450166e-05,0.15772153846153847,2.5840887741908782e-05
2021-12-29,2021-12-29T12:00:00.000,1.3304053361439212,0.0429297500892833,-4.974244889392984,0.0002823771330392,59578.01546229787,47.0,7094.245491951594,0.08581839886946796,-65.48499596507189,0.08581839886946796,56.39740715467764,0.0006923670478559549,0.16398199642520933,4.7930431498067946e-05,0.1567872340425532,8.7714432777508e-06
2021-12-30,2021-12-30T12:00:00.000,0.1688372976703867,0.0416861532648008,-4.979984872915413,0.0002774242055112,59579.01169066667,51.0,7093.501579866439,0.0833454321284315,-65.86344140833869,0.0833454321284315,56.40125436355306,0.0006711175766843162,0.16301385049965506,4.664932078919881e-05,0.15565176470588235,8.863699410707008e-06
2022-01-03,2022-01-03T12:00:00.000,-0.8594901060467341,0.0413806066040856,-4.991770433984455,0.0002808849142345,59583.01548447059,51.0,7089.856693601352,0.08272084413172996,-67.63388415176364,0.08272084413172996,56.4391508459073,0.0006685503782990591,0.16105677213753453,4.592433061764561e-05,0.15287784313725492,4.0614276007446935e-06
2022-01-04,2022-01-04T12:00:00.000,-0.4763009346904495,0.0352763077259476,-4.993600345915046,0.0002401186251718,59584.04516147143,70.0,7088.919290920477,0.07050935949770146,-68.29679003030199,0.07050935949770146,56.45285569095511,0.0005697757992817775,0.16075975001315457,3.915644360340183e-05,0.15258900000000003,1.2732313271449733e-06
2022-01-05,2022-01-05T12:00:00.000,0.5138281041516813,0.0366284170504579,-4.994007421422224,0.0002500860272048,59585.05034926154,65.0,7089.687025487675,0.07321488466114377,-68.12710825368967,0.07321488466114377,56.4485532145972,0.0005910429506931331,0.1606935120773685,4.065108995713089e-05,0.15285461538461537,5.551666949408892e-06
2022-01-06,2022-01-06T12:00:00.000,0.4700172171804501,0.0354988546581536,-4.992791041299483,0.0002419695561733,59586.05079452857,70.0,7090.863066183189,0.07095804126914067,-68.97509713976882,0.07095804126914067,56.440089531596,0.0005713184158525339,0.16089030871313023,3.940295565122353e-05,0.15323014285714284,1.8924811142566385e-06
2022-01-07,2022-01-07T12:00:00.000,0.4589544101909036,0.0460056658338419,-4.988680705376693,0.0003112888845952,59587.10147878048,41.0,7091.10813639006,0.09193584581699729,-68.57394451767694,0.09193584581699729,56.442082251791135,0.0007411325778170625,0.16156848012590772,5.112941095434875e-05,0.15339219512195124,1.0188584670354298e-06
2022-01-08,2022-01-08T12:00:00.000,0.439426898855241,0.0356510639008102,-4.987778906225224,0.0002410928156136,59588.04772373913,69.0,7091.59166378571,0.07125571029668482,-68.51190196460377,0.07125571029668482,56.44057115293225,0.0005747723775196918,0.16171635590259745,3.9723366107438134e-05,0.15426710144927536,1.3822189323743949e-05
2022-01-11,2022-01-11T12:00:00.000,0.1784618674412145,0.0998924650612193,-4.9782803100192226,0.0006650899203516,59590.99164611111,9.0,7093.0959924464305,0.19977277275666103,-67.9978250732186,0.19977277275666103,56.41995809946299,0.0016072309171698696,0.16330048817312529,0.00011256643735287654,0.1566088888888889,3.09320242379755e-06
2022-01-12,2022-01-12T12:00:00.000,0.3482048245383564,0.0730880850206973,-4.975821234723015,0.0004826014794948,59591.951110352944,17.0,7093.47143597824,0.14612100315191476,-67.4088148511913,0.14612100315191476,56.4157187581736,0.0011766543547031532,0.16371470588235293,8.246211251235322e-05,0.15702647058823527,1.1947115300947183e-06
2022-01-14,2022-01-14T12:00:00.000,1.8226078212767551,0.0429509741124914,-4.97485786051748,0.0002848561034431,59594.02007091837,49.0,7093.832040201562,0.08588445342090233,-66.85113166940945,0.08588445342090233,56.400513233826025,0.0006925273462377331,0.16387915747914186,4.841967716815074e-05,0.15741938775510203,6.216120167558284e-06
2022-01-16,2022-01-16T12:00:00.000,1.413134741423,0.2549115701676581,-4.97827198794707,0.0017935077207077,59595.993367,2.0,7095.529485100834,0.5096460107914648,-66.38540169858565,0.5096460107914648,56.41612065378901,0.004099390923483196,0.1632902378378378,0.00030380932854030026,0.15787,0.0
2022-01-18,2022-01-18T12:00:00.000,1.0009039957975112,0.1120354969312376,-4.977918128581446,0.0007569678062053,59597.926945444444,9.0,7093.46380490001,0.2238836507661428,-67.02506004590607,0.2238836507661428,56.41092849038699,0.0018102944992186422,0.1633636724691055,0.00012768910858098196,0.15802,0.0
2022-01-22,2022-01-22T12:00:00.000,0.847012378420122,0.0528641152808098,-4.980312159635101,0.0003539005320231,59602.07369242424,33.0,7091.9129671395785,0.10560164561858904,-67.32151400626664,0.10560164561858904,56.414473591479855,0.0008512180028336471,0.16296395684072387,5.935655187482132e-05,0.15594818181818182,1.1656823868435365e-05
2022-01-24,2022-01-24T12:00:00.000,0.2639324082158396,0.0475657991769412,-4.9816729456973725,0.0003241002572291,59604.01884141463,41.0,7090.787622921332,0.09503181200628705,-67.27917049857605,0.09503181200628705,56.417557791278625,0.0007649570622947373,0.16273120209586953,5.428721455582278e-05,0.15598414634146343,1.8470678726979784e-06
2022-01-27,2022-01-27T12:00:00.000,-0.4278452998235778,0.1031662806759459,-4.978989979314701,0.0006852348909204,59606.92695944445,9.0,7092.954757133838,0.2061258653927086,-67.7512450455369,0.2061258653927086,56.41328366952245,0.0016615365910005112,0.16318750179734234,0.00011549224069511107,0.15637777777777778,3.2394177193577734e-06
2022-01-29,2022-01-29T12:00:00.000,1.8312191792027943,0.0687958238612735,-4.979571630501381,0.000459396783683,59608.984698777786,18.0,7092.796258346396,0.14142513537941506,-67.25858987278683,0.14142513537941506,56.43094178009016,0.0011412596298292488,0.1630941589395098,7.971963536390189e-05,0.155855,6.480236419475823e-06
2022-01-30,2022-01-30T12:00:00.000,0.76949441970927,0.0966738785826257,-4.980083034320677,0.0006471923440843,59609.924897200006,10.0,7094.1126107295495,0.19330922622396118,-67.15118061891374,0.19330922622396118,56.42256069671541,0.001558226901848451,0.1629927668281276,0.00010874951643203956,0.155998,2.494438257851789e-06
2022-01-31,2022-01-31T12:00:00.000,0.6172286570049392,0.0408215410881629,-4.977251503703751,0.0002726841184361,59611.09174330189,53.0,7095.141842186868,0.081601714458414,-67.16103280421304,0.081601714458414,56.415775061468544,0.0006573080147682879,0.16347203307701438,4.6241529731012975e-05,0.15687358490566036,7.153177557865694e-06
2022-02-03,2022-02-03T12:00:00.000,2.7786028470497004,0.0980704237162135,-4.974183396130024,0.0006798756365873,59614.12294583333,12.0,7093.937116349176,0.19585802104338568,-67.68997746961605,0.19585802104338568,56.43046405037478,0.0015787735281882727,0.16398765842322463,0.0001154864047416795,0.15800416666666664,1.4864709750278944e-06
2022-02-04,2022-02-04T12:00:00.000,3.34825215785928,0.0408563611376679,-4.972005256541309,0.0002792053884625,59615.062461169226,65.0,7094.250694067439,0.08160797587682689,-67.02792039524675,0.08160797587682689,56.417544904478575,0.0006582500813475801,0.16437294266802388,4.762856569762563e-05,0.15823553846153848,1.7951693892487213e-06
2022-02-05,2022-02-05T12:00:00.000,3.0945160770768334,0.0401573048131085,-4.967695152613168,0.0002677214580191,59616.033631950006,60.0,7096.310419285048,0.08027700032352655,-66.90416889284009,0.08027700032352655,56.37321643200048,0.0006469695313928473,0.1651091493098398,4.632390948453252e-05,0.15848083333333338,3.6768605088453078e-06
2022-02-07,2022-02-07T12:00:00.000,2.8705050988713707,0.0485377892440019,-4.97173892591181,0.0003364858306473,59618.02844660785,51.0,7095.207943691179,0.09688725946954978,-65.41456722047523,0.09688725946954978,56.3954050964831,0.0007800904033995796,0.16443750726314374,5.74744329190334e-05,0.15903666666666666,2.9989104775376033e-06
2022-02-08,2022-02-08T12:00:00.000,3.5873913585706165,0.0376790753174128,-4.967624638482683,0.000250990572558,59619.057626272726,66.0,7095.164036783475,0.07528183120792893,-64.66417571363138,0.07528183120792893,56.389740821765706,0.0006077770904842856,0.1651246297801927,4.342561159015898e-05,0.15896621212121212,3.156856241481324e-06
2022-02-10,2022-02-10T12:00:00.000,2.332150984037869,0.0901891418660349,-4.97545567959828,0.0006320986001392,59620.98538775,16.0,7090.389186255808,0.18019303527874111,-65.08373301074813,0.18019303527874111,56.43247552844929,0.0014564981211721124,0.1637863431362883,0.00010724277061389072,0.1581725,5.737304826018739e-06
2022-02-11,2022-02-11T12:00:00.000,2.0855900658401443,0.0419484122599687,-4.975587253726905,0.0002878559689213,59622.05280014753,61.0,7092.074620543387,0.08354920356249479,-65.90451521069255,0.08354920356249479,56.414814804280745,0.0006735662282819296,0.16377027021589105,4.8523787939248864e-05,0.1573763934426229,6.871310383556325e-06
2022-02-14,2022-02-14T12:00:00.000,0.1326277758360422,0.0505988539439866,-4.979054306955241,0.0003435848773168,59625.07591464864,37.0,7091.4421561743175,0.10115859486032686,-66.8720728063213,0.10115859486032686,56.4176480727129,0.0008164223323881412,0.1631725405338669,5.799839704066901e-05,0.15652,4.08248290463863e-06
2022-02-15,2022-02-15T12:00:00.000,0.8432333344757605,0.0477597342405415,-4.9772741494569726,0.0003225490966396,59626.10390254999,40.0,7092.146828968245,0.09548711600554378,-66.907761264962,0.09548711600554378,56.41001889687607,0.0007693927873203861,0.16347232589304408,5.4453261334094354e-05,0.15644875,3.859512058969117e-06
2022-02-16,2022-02-16T12:00:00.000,1.7716698025584048,0.045460722877526,-4.979362558244869,0.0003090436324223,59627.05540113044,46.0,7091.17851240615,0.09089187267974486,-67.18719711536343,0.09089187267974486,56.42159005766762,0.0007344092284695975,0.16311861050530221,5.1971816725367066e-05,0.15625978260869564,1.1416206141043922e-06
2022-02-17,2022-02-17T12:00:00.000,2.3924924208904836,0.1254185460834552,-4.979732610544044,0.0008478830729693,59628.190360500004,6.0,7090.58623530656,0.250835565585871,-67.53403127702535,0.250835565585871,56.41937913351016,0.0020205197771943056,0.16304640542469662,0.0001421814344915024,0.15616,0.0
2022-02-18,2022-02-18T12:00:00.000,1.2667534259594049,0.0645155295675588,-4.9788763895359365,0.0004314169883206,59629.10359695238,21.0,7091.202731430802,0.12889856576387063,-67.5197178135366,0.12889856576387063,56.418635928372694,0.001039248633651426,0.16320233086689348,7.277363803936867e-05,0.15588904761904762,9.829614193483752e-06
2022-02-22,2022-02-22T12:00:00.000,0.8071525744158001,0.0908750858590824,-4.9800681774963085,0.0006142739145964,59632.91795927272,11.0,7090.012323924738,0.1816229903510571,-66.65051016849023,0.1816229903510571,56.42157232297613,0.0014683490649466467,0.16299588439394244,0.00010326361341022033,0.15595636363636364,2.0327890704524378e-06
2022-02-23,2022-02-23T12:00:00.000,-0.648770912198986,0.0661483602088017,-4.979043990771665,0.0004451466040911,59633.925485299995,20.0,7089.698651651354,0.13211194949161348,-67.04484345147559,0.13211194949161348,56.42274603734581,0.0010664349409201667,0.1631821983709312,7.506966475603303e-05,0.15560999999999997,7.254762501107371e-07
2022-02-24,2022-02-24T12:00:00.000,0.3531142960325878,0.0488715375863731,-4.980359646723391,0.0003315596095887,59635.14964054054,37.0,7090.346040511408,0.09756742688291706,-67.92762028879935,0.09756742688291706,56.42776862761315,0.0007886462493735399,0.16296698983046423,5.564254641435744e-05,0.15552000000000002,4.625929269271485e-18
2022-02-27,2022-02-27T12:00:00.000,-0.6663171175265755,0.0415837752016109,-4.979071493147539,0.0002794312541216,59638.0515524898,49.0,7090.51265571767,0.08315220095391856,-68.09359322023957,0.08315220095391856,56.41511917904967,0.0006712424157075021,0.16316149430321178,4.706340639305147e-05,0.15573551020408163,2.8130711738964414e-06
2022-02-28,2022-02-28T12:00:00.000,-1.0573032920879462,0.0349822791096787,-4.9786218521398835,0.000234320711555,59639.07382610145,69.0,7092.10565004024,0.06993804898682582,-67.88696027340887,0.06993804898682582,56.42001938928068,0.0005633651630331614,0.1632400835927156,3.9378429986280815e-05,0.15621434782608698,5.530194035734308e-06
2022-03-01,2022-03-01T12:00:00.000,-0.1476711448597013,0.034439513294608,-4.976817030509678,0.000230354541546,59640.063829916675,72.0,7091.516065168727,0.06884701984153709,-67.23437541801202,0.06884701984153709,56.42152648841294,0.000554646854581718,0.1635475734316967,3.889013285596765e-05,0.1564975,5.850912479167598e-07
2022-03-02,2022-03-02T12:00:00.000,1.5826318283611198,0.0600437193845119,-4.976755974675139,0.000401662042726,59641.05913532,25.0,7090.363348212417,0.11998534443259636,-67.55099866917385,0.11998534443259636,56.4234405996752,0.0009673636629931637,0.16356428068682805,6.786097673810475e-05,0.15664840000000002,6.523802572120995e-06
2022-03-03,2022-03-03T12:00:00.000,2.80532177481395,0.037030465117717,-4.973548411834757,0.0002453233928243,59642.00783062904,62.0,7092.628925870809,0.07402155216663703,-67.14258792235796,0.07402155216663703,56.40611915405053,0.0005965810318136162,0.1641024829867089,4.182192311522782e-05,0.15725790322580643,9.515322322374975e-06
2022-03-04,2022-03-04T12:00:00.000,3.3167261139810034,0.0377932883305174,-4.969440594862156,0.0002486048957221,59643.03981371186,59.0,7094.130833336088,0.07556471727207328,-67.4696757141075,0.07556471727207328,56.38585330225401,0.000607968025823016,0.16480541337488594,4.2793527361560937e-05,0.15790101694915254,3.2407302975015327e-06
2022-03-05,2022-03-05T12:00:00.000,3.3662823518567446,0.0343400474752895,-4.96774212616813,0.0002260281847321,59644.02723638888,72.0,7095.1726630837065,0.06865753019430341,-67.07092573618912,0.06865753019430341,56.38372843235328,0.000552419570387715,0.16510186548472405,3.9133307579680224e-05,0.15833055555555556,5.391151131243763e-06
2022-03-06,2022-03-06T12:00:00.000,4.010664032024714,0.0398720368320468,-4.965726953580862,0.0002613515780292,59645.10761918867,53.0,7095.226957096993,0.0797195886573351,-66.73098052865885,0.0797195886573351,56.38299602945778,0.000641487817872424,0.16545097192631364,4.533489447916892e-05,0.15892150943396227,4.321917564919242e-06
2022-03-07,2022-03-07T12:00:00.000,4.35101890859155,0.0375636225666669,-4.965520059253162,0.0002458068675446,59646.03039889831,59.0,7093.86684837398,0.07509908897262026,-66.34194657870735,0.07509908897262026,56.38763515531533,0.0006050824885860732,0.16548873574663434,4.259335462040511e-05,0.15903474576271187,1.8781703328359953e-06
2022-03-09,2022-03-09T12:00:00.000,3.49343880415894,0.0963740453830511,-4.967657421587768,0.0006329414474318,59647.89723370001,10.0,7093.1478882731335,0.19254625935139502,-65.21782685502536,0.19254625935139502,56.3840620194856,0.0015545441365916054,0.16512408049519628,0.0001093554643022161,0.159158,1.333333333330966e-06
2022-03-12,2022-03-12T12:00:00.000,1.894041537554904,0.0398226104129469,-4.969013528402434,0.0002641908483205,59651.05751620755,53.0,7093.475763540995,0.07963846355430433,-66.3857800559048,0.07963846355430433,56.40573023482419,0.0006405679896306244,0.16487635014984192,4.565466635908052e-05,0.15814132075471696,4.7662161957928506e-06
2022-03-13,2022-03-13T12:00:00.000,2.2019600671141797,0.0332559237310038,-4.970916136385904,0.0002210435315547,59652.03442552632,76.0,7093.131843428447,0.06649612429463778,-65.87797521296513,0.06649612429463778,56.40869686592581,0.0005351968026828728,0.16455154168668723,3.7995985021436255e-05,0.15782394736842104,1.8168697523866937e-06
2022-03-16,2022-03-16T12:00:00.000,0.0577198804581295,0.0598953951597008,-4.975302550988759,0.0003999729020256,59654.91962483333,24.0,7092.009570802509,0.11965729241334082,-65.75694150304602,0.11965729241334082,56.40457816989614,0.0009634736576680615,0.16380108197012427,6.780079351442619e-05,0.15668916666666666,2.16331959978599e-06
2022-03-17,2022-03-17T12:00:00.000,0.9496134762967012,0.034631016235981,-4.977514823405031,0.0002330694325946,59656.0321658,70.0,7090.517290733835,0.06925105914320526,-66.00138896234841,0.06925105914320526,56.41485723959792,0.0005571743806643579,0.1634274653741815,3.941691258824249e-05,0.15626199999999998,4.062656271879122e-06
2022-03-18,2022-03-18T12:00:00.000,0.7017027932096944,0.0538417531507025,-4.978699555518529,0.000364027255256,59657.0824716207,29.0,7090.916896954126,0.10768835458006566,-66.56747255467756,0.10768835458006566,56.415772413793114,0.0008727680894321439,0.16322711091849237,6.134078913051752e-05,0.1557555172413793,5.312551521547654e-06
2022-03-19,2022-03-19T12:00:00.000,0.2556471413244209,0.0346809112558596,-4.980007639056666,0.0002351702663268,59658.04150891429,70.0,7090.4087460398405,0.06935130292477604,-66.99638966300562,0.06935130292477604,56.42301221342743,0.0005606589184663825,0.16300609563585283,3.955734486582296e-05,0.1552267142857143,5.218701156685659e-06
2022-03-20,2022-03-20T12:00:00.000,0.4549888557042955,0.0347014437065638,-4.982836643644438,0.0002363663497397,59659.0284334,70.0,7089.141669307361,0.06938770611134665,-66.93251663379556,0.06938770611134665,56.426287341558144,0.0005607917918604178,0.162535051483129,3.946900979573776e-05,0.1548114285714285,2.9926460195228647e-06
2022-03-21,2022-03-21T12:00:00.000,-0.2139744888056374,0.0966042636418775,-4.984528749379553,0.0006609225807478,59660.144726888895,9.0,7089.613478919256,0.1932180116696514,-68.81880824319403,0.1932180116696514,56.427699999999994,0.0015666666666666665,0.16225111111111112,0.00011,0.15499888888888888,2.6057865332378446e-06
2022-03-22,2022-03-22T12:00:00.000,-0.8875681102541433,0.0365908734553762,-4.982486811164484,0.0002487639247139,59661.02707206349,63.0,7090.494329813367,0.07317402964147124,-67.56045954970287,0.07317402964147124,56.4230571507721,0.000591088873042771,0.16259386850818444,4.155334461947516e-05,0.15547000000000005,4.942060616143903e-06
2022-03-23,2022-03-23T12:00:00.000,0.8607595292027889,0.0971708926948038,-4.981236453153367,0.0006617249663186,59662.165277666674,9.0,7090.06834594068,0.1943325722957186,-68.9180890983546,0.1943325722957186,56.43132222222222,0.0015666666666666665,0.16280111111111115,0.00011,0.15609555555555554,1.756820922312647e-06
2022-03-24,2022-03-24T12:00:00.000,0.6226894772027458,0.0432753656350909,-4.976402252624634,0.0002918492381695,59663.08506346668,45.0,7092.539035102955,0.08653866261030094,-68.90769774134749,0.08653866261030094,56.41506891544041,0.0006981261552159648,0.16361661215134804,4.9448909225304176e-05,0.15677733333333335,6.684823758848737e-06
2022-03-25,2022-03-25T12:00:00.000,0.6674381203020101,0.0338599924617352,-4.973344265439586,0.0002270435802636,59664.0315477162,74.0,7092.067148244128,0.06770805343392873,-68.1291678884176,0.06770805343392873,56.41786054497002,0.0005464467052765886,0.16413725471945778,3.8758384353585916e-05,0.15737972972972977,4.716992422193662e-06
2022-03-30,2022-03-30T12:00:00.000,4.2022800984338184,0.0359122815989029,-4.954613556586422,0.0002338253951873,59669.03366832354,68.0,7099.082121963219,0.07180944549857975,-64.73397591771554,0.07180944549857975,56.35633175649308,0.0005765974768886638,0.16740589449258106,4.162807393047916e-05,0.1617826470588236,8.010541523490141e-07
2022-03-31,2022-03-31T12:00:00.000,4.2029179786267115,0.0351120390645523,-4.9538142608172535,0.0002273220768181,59670.07337932432,74.0,7097.430929361587,0.06890792143214274,-64.79064355557028,0.06890792143214274,56.373086889856054,0.0005540051411909629,0.16753085646356602,3.9852849874393e-05,0.1616731081081081,3.92414976005562e-06
2022-04-01,2022-04-01T12:00:00.000,4.51064129109189,0.0666787746341427,-4.956039360226709,0.0004318675906217,59671.101693476194,21.0,7095.340814960916,0.13041126175298406,-64.43077634578678,0.13041126175298406,56.37808783444569,0.0010503688196561662,0.16706260092600336,7.471695130409208e-05,0.16140047619047618,4.6175009683532226e-05
2022-04-02,2022-04-02T12:00:00.000,4.2523457495853,0.088738117069253,-4.957211115556972,0.0005750190958065,59671.885976499994,8.0,7095.752852186767,0.21500434823186043,-65.30948845800965,0.21500434823186043,56.36814325150198,0.0017318703386747685,0.16713324204711577,0.0001237057718225869,0.16094999999999998,3.7796447300921183e-06
2022-04-04,2022-04-04T12:00:00.000,3.9414885482897337,0.0756459536591602,-4.9637996525172,0.0004975000307219,59674.081226400005,15.0,7096.3393412352225,0.15124236449855766,-65.70168082229739,0.15124236449855766,56.35694775094557,0.0012168844156768763,0.16578494428717702,8.707622100649195e-05,0.15972000000000006,1.6903085094587236e-06
2022-04-05,2022-04-05T12:00:00.000,2.051706212420422,0.0371342550534978,-4.963901132245259,0.0002449397118237,59675.00775771429,63.0,7095.285395293111,0.07424574265512972,-65.08208385555535,0.07424574265512972,56.36918689261453,0.0005976216319561996,0.16576715775865458,4.278715622195311e-05,0.1597377777777778,2.0041488514491903e-06
2022-04-06,2022-04-06T12:00:00.000,2.349182999719669,0.0496710736516102,-4.965888350960156,0.0003299322646607,59675.94918527779,36.0,7092.621820961223,0.09930679001916809,-64.52515966208978,0.09930679001916809,56.38642888590541,0.0007983422814621656,0.16542754995158457,5.738578166204816e-05,0.15977388888888888,2.528497193979062e-06
2022-04-07,2022-04-07T12:00:00.000,1.969044213161847,0.0352405063743452,-4.965205381419616,0.0002337440207221,59677.06941743244,74.0,7091.321702890744,0.06873862261218619,-65.23129271662597,0.06873862261218619,56.39249109438468,0.0005529840671478552,0.1654799137416204,3.9695313146894305e-05,0.15981891891891892,1.290549990176514e-05
2022-04-08,2022-04-08T12:00:00.000,3.025248197653835,0.0734571956456524,-4.96927551897845,0.0004913943993639,59677.89481523077,13.0,7090.270930062596,0.16621814780665112,-65.35620566553925,0.16621814780665112,56.39607366143032,0.001343741991205693,0.16500137916442315,9.574486105205002e-05,0.1593276923076923,4.407721394274698e-06
2022-04-09,2022-04-09T12:00:00.000,3.097582277022412,0.0338722735096752,-4.967869118377209,0.0002245317656288,59679.03494474999,76.0,7091.970067621691,0.0670009035243567,-65.53224324860852,0.0670009035243567,56.38321164900257,0.000540097413870717,0.16505408274539995,3.8420374553989354e-05,0.15823881578947369,1.3585295333833421e-05
2022-04-10,2022-04-10T12:00:00.000,3.4744581785849356,0.0817756508352679,-4.973864355775841,0.000553854741522,59680.22422549999,18.0,7090.656212508262,0.1441424741326357,-65.46043628256852,0.1441424741326357,56.39613993424847,0.001158136240134592,0.16395269078663027,8.286361789719073e-05,0.15745833333333334,5.9233944075327124e-05
2022-04-11,2022-04-11T12:00:00.000,2.340144804579651,0.0425809480050329,-4.973200900979975,0.0002844318306226,59681.067429302326,43.0,7091.806936346533,0.0902497645833272,-66.03062276543284,0.0902497645833272,56.38665397918357,0.0007253624055141284,0.16421839522592163,5.164644506427116e-05,0.15699837209302325,8.639002396662473e-06
2022-04-12,2022-04-12T12:00:00.000,1.053667834432641,0.0331096340472955,-4.975682550443648,0.0002228085655712,59682.06862765854,82.0,7090.729934294136,0.06468214761367311,-65.79104818834097,0.06468214761367311,56.398159364657,0.0005224874035296106,0.16371490798389823,3.6933956475322366e-05,0.1565908536585366,6.088777172219671e-06
2022-04-13,2022-04-13T12:00:00.000,1.550984371461297,0.037122217799006,-4.976451342637625,0.0002520043699195,59683.03372780328,61.0,7089.753614217185,0.07474041104625405,-66.11147184582691,0.07474041104625405,56.40750532335418,0.0006026064343732791,0.1636181820564696,4.2944512179064576e-05,0.15634377049180329,2.78720666741806e-06
2022-04-14,2022-04-14T12:00:00.000,1.1561653187815255,0.0382909594770103,-4.97607856150984,0.0002596729737427,59684.03428381035,58.0,7089.891038020616,0.07655785909927192,-66.24448586773688,0.07655785909927192,56.4089111049911,0.000617336719928998,0.16367398825382026,4.4033315525369785e-05,0.15629637931034485,2.02372910328593e-06
2022-04-15,2022-04-15T12:00:00.000,0.7494870155219867,0.0355589173169573,-4.976466712377486,0.0002404791611957,59685.05632547826,69.0,7090.177532377196,0.07017729449863565,-66.82614741261736,0.07017729449863565,56.41525887168203,0.0005658595437473304,0.16363172039411197,4.0264923217707326e-05,0.15637188405797103,1.1545667807087975e-05
2022-04-16,2022-04-16T12:00:00.000,0.549204191946969,0.0798049490275034,-4.976976744604218,0.0005397513928588,59685.894177999995,9.0,7088.505681803545,0.19653108932634347,-66.44003724544191,0.19653108932634347,56.42286776072256,0.0015849247853427372,0.16338700059988004,0.00011218878168271955,0.15674666666666667,5.527707983924453e-06
2022-04-17,2022-04-17T12:00:00.000,0.6758820466787934,0.0476702663143351,-4.97346947449189,0.0003287271002341,59687.128411422236,45.0,7092.80494169383,0.09447476770342868,-68.04508011409094,0.09447476770342868,56.40781962117037,0.0007611903601101156,0.16415366206786622,5.534786268656018e-05,0.1581568888888889,1.0544864335818956e-05
2022-04-18,2022-04-18T12:00:00.000,0.7263191061983867,0.0385074231331517,-4.967490351273934,0.0002595208875255,59688.092393757135,70.0,7093.108265718013,0.07428538559743114,-68.10549863090188,0.07428538559743114,56.412086063401226,0.0005988531433365081,0.16516193641987956,4.326618565369598e-05,0.15930628571428573,2.680592888017934e-05
2022-04-19,2022-04-19T12:00:00.000,2.2403599963665157,0.0354925107356438,-4.96350091943344,0.0002355233705856,59689.064121743235,74.0,7094.409386545694,0.070842295693522,-68.12256086083384,0.070842295693522,56.406675491092024,0.0005708462382859103,0.16589960635036022,4.1028022205499545e-05,0.1601806756756757,2.1069454687060695e-05
2022-04-20,2022-04-20T12:00:00.000,5.330284785137925,0.0447058445534231,-4.958951432351666,0.0002928464066934,59690.035740363644,44.0,7095.126399978717,0.09027578973652202,-67.57354151765863,0.09027578973652202,56.398755278871505,0.0007263006944850151,0.16671406832986171,5.2242506688675215e-05,0.16099113636363638,3.66562454249823e-05
2022-04-21,2022-04-21T12:00:00.000,5.1482686161532465,0.0427892360743278,-4.955217563689369,0.0002810393130424,59690.96273455556,45.0,7096.947760991583,0.08894627906744458,-67.0074319362443,0.08894627906744458,56.38174925298076,0.0007149535711173936,0.16732629706455762,5.188070180561708e-05,0.16180866666666668,5.708402454791045e-06
2022-04-22,2022-04-22T12:00:00.000,7.456161157357868,0.0402631584507737,-4.95199449946276,0.0002623051695895,59692.02889938888,54.0,7099.744347318684,0.08051333813014952,-65.68977688479654,0.08051333813014952,56.34731154599146,0.0006470428341299775,0.1678694124362704,4.706020918573672e-05,0.16258148148148152,6.9459700164497895e-06
2022-04-23,2022-04-23T12:00:00.000,7.038167825472816,0.0874136658823826,-4.949314344553819,0.0005696135043178,59692.968259999994,12.0,7100.891765222769,0.17480425385163806,-63.76237858611734,0.17480425385163806,56.327379169694545,0.0014069773722171213,0.16836126071072738,0.00010269047558636634,0.16312666666666667,6.435381994422721e-06
2022-04-26,2022-04-26T12:00:00.000,3.197737169452887,0.0381618151714623,-4.950356646237817,0.0002480210196528,59696.10455749275,69.0,7097.223434292621,0.07254460514091428,-63.08542229936024,0.07254460514091428,56.353108882592664,0.0005837474798930688,0.16815571291429884,4.242170188211564e-05,0.16333173913043478,1.971229176914611e-05
2022-04-27,2022-04-27T12:00:00.000,2.9104225785774,0.0759745516433838,-4.950018403979325,0.0004884924885249,59697.5314384,15.0,7094.174248804297,0.1551245758938752,-63.921679911902004,0.1551245758938752,56.363627880847595,0.0012466127248344993,0.1678481993175328,8.961562615629072e-05,0.16235,9.038541812440683e-05
2022-04-28,2022-04-28T12:00:00.000,3.3984768439045583,0.0326402215231819,-4.952542632878009,0.0002099405653274,59698.04630990667,75.0,7094.026336701641,0.06758836303731532,-64.67342048211869,0.06758836303731532,56.357450107381005,0.000543999964151244,0.16781976183880523,3.882694028897063e-05,0.16179919999999998,2.162477724719925e-05
2022-04-29,2022-04-29T12:00:00.000,3.816890099344069,0.0318011604853379,-4.958240765228532,0.0002069711070338,59699.13096464892,94.0,7093.145550468261,0.06105903213082891,-65.33511018013328,0.06105903213082891,56.36685418871084,0.0004916715167756306,0.16667148030354267,3.5002878842166644e-05,0.16059319148936171,2.635667429146159e-05
2022-04-30,2022-04-30T12:00:00.000,4.376096254664316,0.029440518802893,-4.961606545280859,0.0001928402331565,59700.12402552476,101.0,7093.547910796516,0.059050703585813984,-65.45281488843258,0.059050703585813984,56.36346064356489,0.0004755913766889531,0.16614337930144138,3.385305376404122e-05,0.15970148514851487,1.635036326759904e-05
2022-05-01,2022-05-01T12:00:00.000,4.206383438048167,0.0295536009981853,-4.964060676280995,0.0001939630882325,59701.1043305,98.0,7093.495499706933,0.05955946832161147,-64.87256292827838,0.05955946832161147,56.366109326872575,0.0004797870222243321,0.16572230140922328,3.402625792822797e-05,0.15917928571428572,3.884645309080443e-06
2022-05-02,2022-05-02T12:00:00.000,3.210223183131464,0.0350108063687327,-4.966730087670602,0.0002316400677279,59702.07943425714,70.0,7093.106378201873,0.07042907087052235,-64.67768754289045,0.07042907087052235,56.36963003362218,0.0005676667596557416,0.16532286532820736,4.033303050701314e-05,0.15918042857142858,1.1603233136720001e-05
2022-05-03,2022-05-03T12:00:00.000,2.3838091531889885,0.0342435287805374,-4.964637492747461,0.0002253775938648,59703.00303382353,68.0,7094.391802812957,0.07115365329643325,-65.02996013019661,0.07115365329643325,56.36752375222972,0.0005737774306783358,0.1656517708369296,4.063778272648913e-05,0.15957691176470584,5.615173508167606e-06
2022-05-05,2022-05-05T12:00:00.000,1.6867534913525368,0.0461221736466567,-4.964415998261503,0.0003027718677497,59705.23795595349,43.0,7094.170128629942,0.09059411633161125,-65.30907816724621,0.09059411633161125,56.371335112806534,0.0007282021643718775,0.16565465455589717,5.1801667819458696e-05,0.15925581395348834,5.70823032836554e-06
2022-05-06,2022-05-06T12:00:00.000,1.0856210514668656,0.0376977221546554,-4.966303362298461,0.0002492621668223,59706.142850354845,62.0,7093.268776194595,0.07548161132032773,-64.90069339714643,0.07548161132032773,56.38160673463182,0.0006069408439085892,0.16539388317668693,4.3267821025280854e-05,0.1591470967741935,6.240326609330882e-06
2022-05-07,2022-05-07T12:00:00.000,1.2897523171035123,0.0350547453895057,-4.966153366860594,0.000231821744178,59707.025272507686,65.0,7091.737849567137,0.0734974246323051,-64.91381418259746,0.0734974246323051,56.38802407071607,0.0005911095572087783,0.16535047729894897,4.224330317856504e-05,0.1589936923076923,8.232117071524865e-06
2022-05-08,2022-05-08T12:00:00.000,1.4616951873273138,0.0365631587426425,-4.967672783795606,0.0002426193634825,59708.096251637675,69.0,7092.2236516042485,0.07116875410829653,-65.38410916682759,0.07116875410829653,56.39174474296955,0.0005726355526836835,0.16507529956770486,4.077708311193618e-05,0.15848898550724633,1.4016712907470417e-05
2022-05-09,2022-05-09T12:00:00.000,1.0786099730909684,0.0381861938212849,-4.968241392803175,0.0002530143889006,59709.13855985938,64.0,7092.8869893336005,0.0744059204012004,-66.10107034353284,0.0744059204012004,56.37497056843745,0.0005984009321367378,0.16496446312733626,4.254966042672087e-05,0.15823781249999996,9.450342098242315e-06
2022-05-10,2022-05-10T12:00:00.000,1.2818802698114582,0.0919244314399199,-4.971721994863851,0.0006165119387502,59710.57955085715,7.0,7090.580196289274,0.22626356949441784,-65.05067092433708,0.22626356949441784,56.36128480396566,0.0018178404763126478,0.1648456022375625,0.00012175108943701577,0.1587457142857143,8.411605200008781e-05
2022-05-11,2022-05-11T12:00:00.000,3.205183900031221,0.0323127059065927,-4.969205730038845,0.0001977097564325,59711.13055813582,81.0,7091.628331045086,0.06274598161307264,-64.49410905148859,0.06274598161307264,56.34431152260921,0.0005058620425511016,0.1648381945568667,3.297106397967393e-05,0.15902864197530864,2.2933581694404866e-05
2022-05-12,2022-05-12T12:00:00.000,4.090727519412162,0.0489301327095843,-4.967842777528027,0.0002979369230994,59712.221360181815,33.0,7093.261233525133,0.09936927073274396,-64.82913390876725,0.09936927073274396,56.335555343258186,0.0008008166777783389,0.16530118036275712,5.212115082739177e-05,0.1600021212121212,8.572414087491278e-05
2022-05-13,2022-05-13T12:00:00.000,3.525125167911006,0.0348983087609302,-4.9630379095243375,0.0002115321151059,59713.054507492074,63.0,7094.263976213875,0.07160568096959104,-63.75203432702469,0.07160568096959104,56.3305038648762,0.0005754542597363984,0.16602789248231262,3.810278212441735e-05,0.1610420634920635,3.954565227601408e-05
2022-05-14,2022-05-14T12:00:00.000,3.0808936006749783,0.0328881260428368,-4.957513437890063,0.0001973980551042,59714.03720645588,68.0,7095.332359244976,0.06790703461307417,-64.81246171012134,0.06790703461307417,56.317098872593014,0.0005466607420496506,0.16689512014993504,3.6058488276536926e-05,0.16225617647058824,1.3583270664913896e-05
2022-05-15,2022-05-15T12:00:00.000,3.776178906808685,0.0337801250397855,-4.955276104747594,0.0002030943783873,59715.101181475,80.0,7095.070093020529,0.06462682306679929,-64.86211903011107,0.06462682306679929,56.31832096865652,0.0005201622264951649,0.16734616001503624,3.450791171039868e-05,0.16341675,3.4922506887990845e-05
2022-05-16,2022-05-16T12:00:00.000,3.5034541087701236,0.0283085339745768,-4.949028413756752,0.0001670545188623,59716.13497928431,102.0,7094.749292772107,0.05579287399646805,-65.02074130727304,0.05579287399646805,56.31306768297882,0.00044752046786325294,0.16847290511137233,2.9603759887554614e-05,0.16476049019607847,2.9457786100271404e-05
2022-05-17,2022-05-17T12:00:00.000,6.8071301725549445,0.0310328724753261,-4.945203703826885,0.0001817875926433,59717.12273162197,82.0,7094.975899083352,0.0623550060263926,-64.67850683687111,0.0623550060263926,56.30011053961897,0.0005010044896410937,0.16913086463777097,3.3324512313613165e-05,0.1656476829268293,1.4344346497399432e-05
2022-05-18,2022-05-18T12:00:00.000,7.196701924202881,0.0338769720833442,-4.943221141133637,0.0001975117409714,59718.12968568572,70.0,7095.878668185261,0.06721236312166488,-64.05327895583751,0.06721236312166488,56.28651139228276,0.0005401434362260121,0.1695922977008757,3.591496138948268e-05,0.16610757142857144,1.2101085135685328e-05
2022-05-19,2022-05-19T12:00:00.000,8.072423200892844,0.0342296448025615,-4.9394607314166,0.0001989297129936,59718.98409051723,58.0,7097.092417195983,0.07350549219926254,-63.33943973744491,0.07350549219926254,56.2687541869535,0.0005890232543396822,0.17016782505584407,3.9505877949207226e-05,0.16634448275862065,6.587130109536509e-07
2022-05-21,2022-05-21T12:00:00.000,7.673478601043027,0.0361682246046062,-4.9390228081288745,0.0002100795671268,59721.01001777778,54.0,7101.000788991317,0.07627691601095658,-60.652343774824,0.07627691601095658,56.24383823635663,0.0006128917150928461,0.17029539260908766,4.10624010232579e-05,0.1662903703703704,5.371996669343737e-06
2022-05-23,2022-05-23T12:00:00.000,4.0764712038121855,0.0370626600621846,-4.943734893458847,0.0002170857344323,59723.05276037037,54.0,7096.6188189207305,0.07591820304531344,-60.64733582356974,0.07591820304531344,56.278993973169534,0.000608975975298971,0.1692933025116263,4.0644198622595766e-05,0.16533000000000003,4.3921981526519575e-05
2022-05-24,2022-05-24T12:00:00.000,3.5335806832672914,0.0584883827543381,-4.948388456491511,0.0003458930298344,59723.92382445,20.0,7093.787041474778,0.12460389895504703,-61.37108004670307,0.12460389895504703,56.295359712001456,0.0010002778544825528,0.16858241832494955,6.649049189023737e-05,0.16394299999999998,1.0364412797239304e-05
2022-05-25,2022-05-25T12:00:00.000,2.8943798954807742,0.0427230494137878,-4.957369276277861,0.0002582303038568,59725.05728048836,43.0,7092.2402478680515,0.08542605260915226,-63.38218091517505,0.08542605260915226,56.308746204733986,0.0006864922179626577,0.16691019097468068,4.563449294249816e-05,0.16160790697674418,2.479496907928783e-05
2022-05-27,2022-05-27T12:00:00.000,3.4294042196978034,0.0361277825336081,-4.967959195974151,0.000221733373803,59727.03581077777,54.0,7090.203418653709,0.07626720551698178,-64.39612861286413,0.07626720551698178,56.33035471469864,0.0006153150187784819,0.1650093343801649,4.033163436637197e-05,0.15865351851851847,3.765130891100463e-05
2022-05-28,2022-05-28T12:00:00.000,3.8175546996413967,0.0500637920148542,-4.975503084377611,0.0003117558996156,59728.208245375004,40.0,7090.582121317792,0.09025017988170095,-64.80650523778014,0.09025017988170095,56.34253733838479,0.000726076571632191,0.16366177369790438,4.763701203570362e-05,0.15736624999999999,2.6144783026201657e-05
2022-05-29,2022-05-29T12:00:00.000,3.31393097612964,0.0579665004057482,-4.978018822562804,0.0003623819300649,59728.89881753332,15.0,7090.183930176461,0.147125743679527,-64.74510407030479,0.147125743679527,56.346536652713844,0.001183727411260292,0.1633837142313614,7.792094394538034e-05,0.1570806666666667,1.5327120894711594e-06
2022-06-02,2022-06-02T12:00:00.000,1.2073491655880897,0.0340012080810269,-4.97970889868977,0.0002132559650749,59732.9920372459,61.0,7089.970322637938,0.07230645106125354,-64.6542335006019,0.07230645106125354,56.36599374376552,0.0005824611980184494,0.16308348567682643,3.806349351383961e-05,0.15667442622950817,5.809002764994353e-06
2022-06-03,2022-06-03T12:00:00.000,0.9234073194141704,0.0420416730761932,-4.978728364005965,0.0002631597687508,59734.16472283019,53.0,7089.237699389739,0.07746476722042155,-64.84062983091773,0.07746476722042155,56.36709325481235,0.0006246841166900662,0.1632132904951012,4.077576530053755e-05,0.1571232075471698,4.521947646274687e-06
2022-06-04,2022-06-04T12:00:00.000,0.9026770062396892,0.0408763690712743,-4.977475702286614,0.0002559248046637,59735.016409924996,40.0,7089.468494416324,0.08947837785743268,-65.3136802935338,0.08947837785743268,56.363243218778535,0.000719017636873581,0.16349386240998992,4.7520072780561125e-05,0.15719,0.0
2022-06-06,2022-06-06T12:00:00.000,1.299209342123255,0.0329044545212719,-4.977669772791079,0.0002053889409795,59737.06509123611,72.0,7089.474773074192,0.06629984423784743,-65.36747865207094,0.06629984423784743,56.35240759580497,0.0005333301490196934,0.1634371596579991,3.490324468064146e-05,0.15722041666666667,8.62276144091798e-06
2022-06-07,2022-06-07T12:00:00.000,0.7771754393086349,0.0347159841922514,-4.97865778602499,0.0002205402943813,59738.007419757574,66.0,7089.266454051145,0.07174516314957284,-65.34735970875376,0.07174516314957284,56.35853410280672,0.0005771556859816199,0.16324823448601358,3.841873980270855e-05,0.15752257575757572,3.416063834889147e-06
2022-06-08,2022-06-08T12:00:00.000,1.3460664159875693,0.0645183849137329,-4.977927808706988,0.0004288713705059,59739.062643769226,26.0,7090.109609104038,0.1290156868439759,-64.62750391792267,0.1290156868439759,56.36310598851945,0.0010376965238105022,0.16336005172296916,7.254460695071416e-05,0.15820192307692307,6.0004930763864455e-06
2022-06-09,2022-06-09T12:00:00.000,2.431516190471204,0.0652952531218167,-4.974579021142597,0.0004265906144598,59740.029700416664,24.0,7090.966726314953,0.13049669802003525,-64.79776014117982,0.13049669802003525,56.354970763461836,0.0010462657899787478,0.1639335345626985,7.228515613673421e-05,0.15921,1.365994886149058e-05
2022-06-10,2022-06-10T12:00:00.000,1.7853355551598922,0.0417663951246814,-4.97030308066381,0.0002640480403344,59741.10526441071,56.0,7091.030331771987,0.0790811125057833,-65.24126364787716,0.0790811125057833,56.33649216544816,0.0006351568124745573,0.1647172579926662,4.284944929418283e-05,0.16021375,3.329576481394378e-05
2022-06-11,2022-06-11T12:00:00.000,1.8829002422672876,0.0336046186161865,-4.966082682560248,0.0002088386035605,59742.03571101471,68.0,7091.988091055327,0.06930498479662364,-65.45599568071029,0.06930498479662364,56.32862963443351,0.0005573430646985761,0.16541003958652925,3.732656798911413e-05,0.16110617647058825,2.0061395461776207e-05
2022-06-12,2022-06-12T12:00:00.000,2.0981570977033117,0.0390588512185568,-4.96293945879315,0.0002459264341431,59743.03937614285,63.0,7091.687442991612,0.07611457842343473,-65.44459287985075,0.07611457842343473,56.33342728878107,0.0006117221472520138,0.16601885199932484,4.177362024088355e-05,0.16225793650793646,3.166012441931864e-05
2022-06-13,2022-06-13T12:00:00.000,4.20372977143765,0.0340103575758564,-4.955292349122231,0.0002072187854628,59744.031430074625,67.0,7093.473757837136,0.06970757873023417,-64.61731857337837,0.06970757873023417,56.30792197227866,0.0005592487249233782,0.16729149681566133,3.784314454911827e-05,0.1633532835820896,1.2980498993678825e-05
2022-06-15,2022-06-15T12:00:00.000,5.993260613035984,0.0343156243220658,-4.9500931447431,0.0002058425940048,59746.08616783099,71.0,7096.726796539295,0.06681384359235926,-63.18917945063154,0.06681384359235926,56.28147978024407,0.0005372292400898227,0.16823999293953285,3.602003644711248e-05,0.16417704225352112,1.7033987053461783e-05
2022-06-16,2022-06-16T12:00:00.000,6.957377625664229,0.0329165981801282,-4.947490815387978,0.0001968436118316,59747.0084744,70.0,7097.814437077327,0.06751314280751865,-62.763113531543034,0.06751314280751865,56.2632773580835,0.0005426001057445364,0.16867998973032924,3.65262786091414e-05,0.16467128571428574,1.4662727012489242e-06
2022-06-17,2022-06-17T12:00:00.000,6.10359857500393,0.0353885434740618,-4.946142110240209,0.000210070919452,59748.09330689394,66.0,7097.885911978379,0.06926646358338108,-61.579697376549184,0.06926646358338108,56.25708574243415,0.0005571414730456086,0.16891804115718997,3.7284430648514425e-05,0.16457984848484852,9.105679531566037e-06
2022-06-18,2022-06-18T12:00:00.000,4.582669794260032,0.0321388700818921,-4.948759635865892,0.0001912630700102,59749.02238106757,74.0,7097.106368082117,0.06543724479372265,-61.36378690493387,0.06543724479372265,56.27035409560119,0.0005264206314155603,0.1684490325689279,3.520382174938152e-05,0.16416135135135135,6.491883476093196e-06
2022-06-19,2022-06-19T12:00:00.000,3.280428904041593,0.0438837954758448,-4.953933332193662,0.0002685889964516,59750.07163931914,47.0,7095.951080351947,0.08771528146898286,-61.588288193152465,0.08771528146898286,56.29404357924,0.0007032329757286857,0.1675290228000381,4.8007362498888e-05,0.16272659574468087,1.7294522764309072e-05
2022-06-20,2022-06-20T12:00:00.000,2.6961044037750903,0.0317676669336649,-4.959043525447459,0.0001919527052469,59751.07057480489,82.0,7095.490533638479,0.06247248409145386,-62.82555051206889,0.06247248409145386,56.303980123802674,0.0005021295594542403,0.16661167307413297,3.340465103360719e-05,0.16106365853658536,2.1861924841087674e-05
2022-06-21,2022-06-21T12:00:00.000,2.8331907809803587,0.0342912319122983,-4.963076877301392,0.0002092402765209,59752.052253373135,67.0,7095.243932167058,0.06990651936167364,-62.87859283214215,0.06990651936167364,56.309336291906945,0.000561709834391385,0.16589068778670085,3.717301521546482e-05,0.16026447761194035,3.7881697235992737e-06
2022-06-22,2022-06-22T12:00:00.000,2.0722599289396944,0.0334711180139387,-4.965572376294739,0.0002057803783376,59753.0335947027,74.0,7094.025975929797,0.06689944729152512,-63.21346565813928,0.06689944729152512,56.32370258068183,0.0005382303575074378,0.16547184918341018,3.570962140998487e-05,0.15961770270270273,9.550325203271159e-06
2022-06-23,2022-06-23T12:00:00.000,2.524866620822356,0.0479776627324178,-4.969521460808799,0.0002943049938589,59754.12592085714,35.0,7092.6368509370495,0.09470727257438441,-63.03015462779503,0.09470727257438441,56.34351779123653,0.0007624528096881141,0.1647794277776165,4.995907966420691e-05,0.1586708571428571,1.677017875749185e-05
2022-06-24,2022-06-24T12:00:00.000,1.9600747087618908,0.0328686983143558,-4.970993596849733,0.0002028943125757,59755.08416814666,75.0,7092.50597300125,0.06565996356875752,-63.90826194719146,0.06565996356875752,56.344920189103114,0.0005279434287010242,0.16453762256110388,3.480437423923503e-05,0.15799186666666667,1.0073054473516274e-05
2022-06-25,2022-06-25T12:00:00.000,1.0376465846375158,0.0332060455311978,-4.974850657167308,0.000206220482499,59756.103380053326,75.0,7091.605288297312,0.06552412447630113,-64.36736221988879,0.06552412447630113,56.348023314501646,0.0005269439121515908,0.1638713130566041,3.463678051125367e-05,0.15752346666666664,8.890714527236011e-06
2022-06-26,2022-06-26T12:00:00.000,1.79786371292663,0.0925763092651458,-4.977127951586936,0.0005773920107822,59757.102389555555,9.0,7092.663820247448,0.19510100431883767,-64.98610401507656,0.19510100431883767,56.340799999999994,0.0015666666666666665,0.16346777777777777,0.00010333333333333333,0.1571044444444444,4.810610700175415e-05
2022-06-27,2022-06-27T12:00:00.000,2.8078331141995623,0.0340698426733646,-4.9765018338820814,0.0002120755656099,59758.06950702985,67.0,7089.93304406134,0.06901586188863953,-64.7741224903156,0.06901586188863953,56.3469777464163,0.0005553079667227713,0.16360056176317833,3.636011857515314e-05,0.15687074626865669,1.1900657852852525e-06
2022-06-28,2022-06-28T12:00:00.000,3.175646722752905,0.0366188322050286,-4.977136080065086,0.0002281596145866,59759.11064661017,59.0,7089.644138921137,0.07318981074172995,-64.35497344073877,0.07318981074172995,56.35123180267536,0.0005892865758170981,0.16349286550943487,3.847187973829373e-05,0.15663508474576268,4.65258788338509e-06
2022-06-29,2022-06-29T12:00:00.000,2.3928518786011335,0.0565707609742173,-4.9799550801431725,0.0003530349652461,59760.17799611111,27.0,7089.106705082203,0.10731065223872004,-65.03858011116989,0.10731065223872004,56.36031001370795,0.0008626798380011664,0.16300446836160865,5.6271088258838365e-05,0.15650888888888886,1.0477670373143432e-05
2022-06-30,2022-06-30T12:00:00.000,1.6856564365354527,0.0359785269907306,-4.979472789703076,0.0002249252290582,59761.01690651725,58.0,7089.251773558933,0.07358666005790161,-65.29888280902786,0.07358666005790161,56.35956455943849,0.0005931277678812479,0.16310899014840943,3.8570900241693405e-05,0.15672189655172414,5.1325851106857055e-06
2022-07-02,2022-07-02T12:00:00.000,1.8027583643226328,0.0417289401024654,-4.976335128019893,0.0002616978677855,59763.129641354164,48.0,7089.13320912712,0.08105590826473888,-65.95811319178121,0.08105590826473888,56.36684357570083,0.0006523925752709234,0.1636008433067237,4.3229125928320684e-05,0.15688624999999998,8.744299054675552e-07
2022-07-03,2022-07-03T12:00:00.000,0.96303610403434,0.0424766013877258,-4.977792223654202,0.0002668242927639,59764.035987021736,46.0,7090.652745535926,0.08402288712230192,-65.98322011458772,0.08402288712230192,56.35227359153435,0.0006759845286058808,0.16341163138178047,4.451803133720737e-05,0.1569245652173913,1.3035464526963466e-05
2022-07-04,2022-07-04T12:00:00.000,1.9344110796055969,0.0337661923480013,-4.9766937230528425,0.0002112498094195,59765.0435742029,69.0,7090.624726023586,0.0679232428517931,-66.20127431561167,0.0679232428517931,56.35666603761887,0.0005475403458678655,0.16357924394271314,3.5924084926999085e-05,0.15738463768115946,2.6427351971607587e-05
2022-07-05,2022-07-05T12:00:00.000,3.4106966551382545,0.0362489089114926,-4.973508077155463,0.0002253279177006,59766.0137058772,57.0,7091.581705508114,0.07416086608251529,-66.0101462167052,0.07416086608251529,56.34689829531683,0.0005976654767154521,0.1641312479927229,3.9289485144834736e-05,0.1585759649122807,1.8329105771043247e-05
2022-07-07,2022-07-07T12:00:00.000,2.530167568664541,0.035210329849777,-4.963473455411538,0.0002140510344619,59768.07861615873,63.0,7095.1749573241095,0.07098960707301567,-66.04860418069798,0.07098960707301567,56.352288953432605,0.0005716698830136728,0.16586117337475093,3.773271999060706e-05,0.16117619047619047,2.1413717329872737e-05
2022-07-08,2022-07-08T12:00:00.000,3.76394888054513,0.0333231619822748,-4.96016695962115,0.0002037272116353,59769.04970091892,74.0,7095.527238756591,0.06735862088217269,-65.76016587221073,0.06735862088217269,56.352484794444884,0.0005415944028176842,0.1664418422687959,3.6255148783708665e-05,0.1620193243243243,8.328081704406553e-06
2022-07-09,2022-07-09T12:00:00.000,5.898569005369709,0.0442141121375031,-4.958502389965806,0.0002813412778789,59770.02141729631,54.0,7095.53516416341,0.08832715282683773,-65.45743919493957,0.08832715282683773,56.35430890721371,0.0007100654597189795,0.16672390466690737,4.962522148622536e-05,0.16273703703703704,6.763601507700646e-06
2022-07-10,2022-07-10T12:00:00.000,6.539228595258562,0.0408227521387745,-4.9541929929975845,0.0002606309590839,59771.05271515714,70.0,7097.227198699474,0.08083751383249523,-65.48556464051161,0.08083751383249523,56.33653903317605,0.0006496176798964679,0.16749637251156435,4.5882866137903504e-05,0.16375357142857144,1.5223708918031232e-05
2022-07-11,2022-07-11T12:00:00.000,7.4557850395550735,0.0359714871944326,-4.948375727482167,0.0002181510035898,59772.01335850001,70.0,7100.843597304286,0.07227513887744386,-63.845616438007475,0.07227513887744386,56.30557702039734,0.000578876910586231,0.16853337271332586,3.95513138340912e-05,0.16458271428571422,6.001799000732501e-06
2022-07-12,2022-07-12T12:00:00.000,7.173710354338486,0.0754329181364292,-4.945448331139947,0.0004439380694781,59773.37359857142,21.0,7101.565722306324,0.12544600894014468,-62.47820247147733,0.12544600894014468,56.29417861988759,0.0010024200219310709,0.16889684241132003,6.682800146207138e-05,0.16471190476190473,8.780518530763911e-07
2022-07-13,2022-07-13T12:00:00.000,7.17222959558019,0.0344846065959097,-4.94733058441725,0.0002038442382372,59774.122866830985,71.0,7102.085146655299,0.0680185160040639,-61.88104342791487,0.0680185160040639,56.29410902455244,0.0005447538073041259,0.16877185819611498,3.633549042698941e-05,0.16475253521126768,2.50326394465853e-06
2022-07-14,2022-07-14T12:00:00.000,6.881146123597425,0.042310058441464,-4.945725559041507,0.0002491560407036,59774.950359,38.0,7101.508433494568,0.09332796472332992,-61.36162377960035,0.09332796472332992,56.296107482366125,0.0007479056057249955,0.16898980816765663,4.9865576530924304e-05,0.16474842105263152,2.1176732376844885e-06
2022-07-16,2022-07-16T12:00:00.000,4.962220508454488,0.0423089144800003,-4.94566773105856,0.00025432040492,59777.16417558065,62.0,7099.402651761008,0.07721442392126168,-62.62707371864108,0.07721442392126168,56.30212486123052,0.0006203262883590546,0.16890514425010858,4.2036670827057195e-05,0.16458080645161294,3.966830904941128e-05
2022-07-17,2022-07-17T12:00:00.000,4.5419450284605105,0.0322589977073322,-4.948644272114166,0.0001910089106278,59778.08663364474,76.0,7098.167711748518,0.06557896541187443,-62.61537673330649,0.06557896541187443,56.309303463535585,0.0005260680597423483,0.16843061638738968,3.503065969100574e-05,0.16362631578947368,3.2214109421163774e-05
2022-07-18,2022-07-18T12:00:00.000,3.750953237000258,0.0330852645310283,-4.95323573365033,0.0001980952523359,59779.0059646232,69.0,7097.74484617116,0.06918320278846067,-63.17810248475872,0.06918320278846067,56.31672998738823,0.0005561678888810483,0.16763629654003576,3.696300448588198e-05,0.1626592753623188,8.966925207689406e-06
2022-07-19,2022-07-19T12:00:00.000,3.423138302327295,0.0417070713469072,-4.957031925064974,0.0002604779884048,59780.04876254839,62.0,7095.818005450942,0.08239691548758284,-63.41414918821029,0.08239691548758284,56.33717437290567,0.0006631476418082897,0.1669622507287471,4.565036393898583e-05,0.16204693548387097,1.2284286157211077e-05
2022-07-20,2022-07-20T12:00:00.000,4.046549821123044,0.059943444337783,-4.95767820243141,0.0003831997752559,59780.935020812496,32.0,7094.98080996644,0.12230987182890081,-63.132882844449064,0.12230987182890081,56.33943960129002,0.0009839001098889033,0.16690192389039918,6.904393969174738e-05,0.1614571875,7.353877282679539e-06
2022-07-21,2022-07-21T12:00:00.000,3.3446969356858047,0.0633439772610489,-4.962869972594894,0.0003969259870816,59781.988446079995,25.0,7095.281276815346,0.12665020081496375,-64.24636011106162,0.12665020081496375,56.337512678865835,0.0010206835795822328,0.16594442537647397,6.940889147944641e-05,0.1603368,1.0177098473206207e-05
2022-07-22,2022-07-22T12:00:00.000,2.5916331769735854,0.0376872527842545,-4.966686300057865,0.0002381771208793,59783.01407471428,70.0,7094.003108637408,0.0753413712621999,-64.05232533779814,0.0753413712621999,56.3445865791564,0.0006059030837200403,0.16527910756939435,4.1297944223271526e-05,0.15932657142857143,9.217603363763416e-06
2022-07-24,2022-07-24T12:00:00.000,2.6382517964078556,0.1059066726234522,-4.9727592269075345,0.0006805340334823,59785.10270088889,9.0,7092.509234181666,0.21183731675384085,-64.26348099854185,0.21183731675384085,56.3617495192908,0.0017108965302424502,0.16423532130239663,0.00011628170997071447,0.15789666666666669,7.071067811866732e-06
2022-07-27,2022-07-27T12:00:00.000,1.6425548180487712,0.0397722215660512,-4.978706695789612,0.0002632850304726,59788.116184692306,78.0,7089.952976222263,0.07454858387245422,-65.85497823222532,0.07454858387245422,56.40098464742252,0.0006005046255565716,0.1631805645977274,4.136409249893679e-05,0.15613871794871798,1.9912695708055284e-05
2022-07-28,2022-07-28T12:00:00.000,1.45672007599655,0.0408641786772735,-4.980175969389749,0.000260460143927,59788.956388568186,44.0,7090.235976863978,0.08823167484294478,-65.58127257309818,0.08823167484294478,56.39731400721202,0.0007092641927728798,0.16299399806993653,4.7398706086091596e-05,0.15556272727272724,5.7462519852301254e-06
2022-07-29,2022-07-29T12:00:00.000,0.9977144546275664,0.0395579065157697,-4.982222153910868,0.0002509928891817,59790.152297016386,61.0,7091.192088427954,0.07422342414307441,-67.13513215570906,0.07422342414307441,56.390808323407605,0.0005955038196319982,0.16256811858653508,3.915692938400069e-05,0.15502999999999995,3.980828373030605e-06
2022-07-30,2022-07-30T12:00:00.000,0.0611693226861009,0.0343235512009915,-4.983426590330736,0.0002184861181004,59791.04736480596,67.0,7091.200047365802,0.07109415522792574,-66.93557034615748,0.07109415522792574,56.395725742119716,0.0005711272252548152,0.1624595421560223,3.7716432740422336e-05,0.15498253731343284,6.607642203191599e-06
2022-07-31,2022-07-31T12:00:00.000,0.4945115629096163,0.0427436272945961,-4.984463683666752,0.0002758698065754,59791.96133816667,48.0,7091.586834917463,0.0876754629675079,-66.59804831497772,0.0876754629675079,56.39019826508148,0.0007064591396732811,0.16228581464620975,4.708397906823822e-05,0.155295,5.035336128708691e-06
2022-08-01,2022-08-01T12:00:00.000,1.4054857137421517,0.0594899956294584,-4.981396376959092,0.0003931823512093,59793.12411206451,31.0,7091.168606542496,0.11872823315619305,-66.96363684828047,0.11872823315619305,56.38271625269759,0.0009561943636396198,0.16277616736394473,6.558802491774228e-05,0.1560745161290322,5.2227523267059065e-06
2022-08-02,2022-08-02T12:00:00.000,1.0305944193363477,0.0401392225665692,-4.978820642202116,0.0002635821821675,59794.0411069855,69.0,7091.905693502499,0.08020491382959614,-66.41557465923974,0.08020491382959614,56.38120034564447,0.0006466612077834459,0.1632044310240739,4.435481103737652e-05,0.15687652173913041,9.73831975069484e-06
2022-08-04,2022-08-04T12:00:00.000,0.7098816826404859,0.0376887090241313,-4.973168342921328,0.000237506297777,59796.05134855933,59.0,7093.021182967491,0.07837153219711203,-65.79787593049386,0.07837153219711203,56.37271158484455,0.0006311505947300518,0.16418630731603148,4.2153669868288464e-05,0.15863627118644066,2.786573207830326e-05
2022-08-05,2022-08-05T12:00:00.000,1.3241081605775715,0.0345981058202713,-4.969222332405822,0.0002182799438174,59797.0803533875,80.0,7093.496803500046,0.0686845380420075,-65.17253061373067,0.0686845380420075,56.36106418570373,0.0005524019299695422,0.16489950455957952,3.748708090776951e-05,0.15955525,2.343653900983463e-05
2022-08-06,2022-08-06T12:00:00.000,1.07467216398976,0.1076553764784304,-4.966680635320905,0.0006867024434346,59797.8801855,4.0,7092.914014123672,0.331840456487816,-66.02894882765766,0.331840456487816,56.36439089082969,0.0026746495505655713,0.16536069431234543,0.00018371103178509303,0.16027,4.082482904637048e-06
2022-08-07,2022-08-07T12:00:00.000,2.177364422477755,0.0499683943708191,-4.9631282591466475,0.0003127774850135,59799.05377146154,39.0,7095.120347228149,0.09880214512163733,-65.28894337648907,0.09880214512163733,56.34174779539469,0.0007933564524923673,0.16593384539980005,5.387654511495738e-05,0.16101256410256415,2.6924683455705346e-06
2022-08-08,2022-08-08T12:00:00.000,3.0599217433175743,0.0418389463716537,-4.962147555821676,0.0002609942637139,59800.00751953704,54.0,7094.626450503314,0.08427228065451763,-65.25761691252794,0.08427228065451763,56.33906789596132,0.0006766867033514548,0.16605651310802388,4.589539185871125e-05,0.16097777777777778,3.3403141437712326e-06
2022-08-09,2022-08-09T12:00:00.000,3.475478626041813,0.0427976246279466,-4.962357517103145,0.000268911716876,59801.06845298306,59.0,7093.790353016943,0.08263691050797593,-64.75093122493591,0.08263691050797593,56.34234267629285,0.0006642991027245059,0.16600965822592376,4.5313346171858775e-05,0.16096406779661024,8.622611203490766e-06
2022-08-10,2022-08-10T12:00:00.000,3.3964807384703017,0.0388505938433384,-4.96152481547796,0.0002394999778742,59802.093341421874,64.0,7094.085149096098,0.07497145888443017,-64.95727099513597,0.07497145888443017,56.34063156349527,0.0006024992469701149,0.16622550240908027,4.049539145317214e-05,0.16125984375000002,4.937567497529589e-06
2022-08-11,2022-08-11T12:00:00.000,3.632260091689878,0.0365610852225658,-4.960147317465294,0.0002231857090664,59803.09641723077,65.0,7095.143684719755,0.0730849861643625,-63.996281120733435,0.0730849861643625,56.32693187045234,0.0005886444827059765,0.166411661085698,3.905888392182954e-05,0.16127830769230767,5.8898920535408915e-06
2022-08-12,2022-08-12T12:00:00.000,3.2186061615695487,0.0371911058403125,-4.960450416360407,0.0002275097950658,59803.987519563634,55.0,7095.7488360594925,0.07918406019469904,-63.62612518578013,0.07918406019469904,56.32581873322681,0.0006375832965690817,0.16639879939747948,4.248874460573961e-05,0.16118800000000005,1.4070529413635867e-06
2022-08-13,2022-08-13T12:00:00.000,3.2740413091162934,0.0557055767700148,-4.960223675268177,0.0003435469712748,59805.09727020689,29.0,7097.993373895541,0.11141981265133427,-64.58896200967501,0.11141981265133427,56.32487947892144,0.0008938314915017496,0.16640751002575727,6.0297589414759115e-05,0.16118758620689655,8.086923723841588e-07
2022-08-16,2022-08-16T12:00:00.000,2.6182242349240306,0.0408848999828658,-4.960894816510246,0.0002482499974198,59808.07890907547,53.0,7095.45142584633,0.07887549524283191,-64.09563148964075,0.07887549524283191,56.350937703406274,0.0006347128657611769,0.16622409347115993,4.198548657807287e-05,0.16008584905660378,2.095408270879952e-05
2022-08-17,2022-08-17T12:00:00.000,2.5884323675715737,0.0331536590381921,-4.9642034674474855,0.000202771908703,59809.018055239445,71.0,7095.096757701991,0.06795060048920439,-64.55888240897954,0.06795060048920439,56.34533757764371,0.0005474252156298537,0.16573642037119554,3.618906381357239e-05,0.1594288732394366,9.99104084739295e-06
2022-08-18,2022-08-18T12:00:00.000,3.2356636514716066,0.051119347858134,-4.968797596117078,0.0003153713494519,59810.06375054839,31.0,7095.390217335464,0.10224493774029161,-64.54948097789662,0.10224493774029161,56.34583870967744,0.0008261843893231646,0.16491358500204326,5.4271939343289834e-05,0.1585329032258064,6.395454507915364e-06
2022-08-21,2022-08-21T12:00:00.000,0.8219297636024716,0.0804786143481406,-4.978652515645958,0.0005314414225424,59813.159891411764,17.0,7089.475764617977,0.16403355846494613,-66.04362831925171,0.16403355846494613,56.39133535615327,0.0013204980168252786,0.16325640497755908,9.10144929394136e-05,0.15617352941176474,4.021030355656055e-05
2022-08-22,2022-08-22T12:00:00.000,0.91307015493556,0.0483880444274115,-4.9793764701418795,0.0003188882389976,59814.006287727265,44.0,7092.0153961769365,0.09851636958368637,-66.11929964778213,0.09851636958368637,56.39118945443112,0.0007929861223201752,0.16310203270970886,5.444430969285838e-05,0.15574613636363635,8.737515461312095e-06
2022-08-24,2022-08-24T12:00:00.000,0.8229482863981582,0.0429308883341783,-4.979960801058444,0.0002719947185522,59816.14011484783,46.0,7092.754055920569,0.08583317537083332,-66.220774221213,0.08583317537083332,56.392874054075186,0.0006899265345926896,0.16310496198649585,4.530600321984149e-05,0.15592326086956523,2.0957869742361166e-05
2022-08-25,2022-08-25T12:00:00.000,-0.3049472270862867,0.0393774337913916,-4.977338279353403,0.0002476483450713,59817.04392422449,49.0,7093.477023140928,0.0823132650922034,-66.67503125290591,0.0823132650922034,56.39631939999952,0.0006622483436070265,0.16350747223328466,4.3744488188954505e-05,0.15640367346938774,5.056600367316667e-06
2022-08-26,2022-08-26T12:00:00.000,0.8246787095974782,0.0365154713802017,-4.975770808512969,0.0002324574641856,59818.10130123999,75.0,7091.408784690679,0.06999071027983116,-66.47477010093282,0.06999071027983116,56.40332253671247,0.0005633802506587322,0.16367537700554236,3.7719652414927694e-05,0.15649973333333336,3.4062652043906625e-06
2022-08-27,2022-08-27T12:00:00.000,0.7251646204572145,0.0410318565452854,-4.9763130743253825,0.0002577101661957,59819.049123734694,49.0,7091.604842978503,0.08279246527395688,-66.47852041311468,0.08279246527395688,56.400185121126476,0.000667072416816104,0.1636897322003695,4.4119382349286064e-05,0.1564630612244898,6.262430371065274e-06
2022-08-28,2022-08-28T12:00:00.000,0.9946213704224652,0.039186848516296,-4.976275141621859,0.0002464652137951,59819.978228240005,50.0,7092.0662944635515,0.08189232107284868,-66.81734716255693,0.08189232107284868,56.400937230149914,0.0006588784464541767,0.16363244921444872,4.3655291252072395e-05,0.1566064,1.558649336798698e-06
2022-08-29,2022-08-29T12:00:00.000,1.8600958261712304,0.0600013245039865,-4.974680275198412,0.0003756219215952,59821.03975786957,23.0,7092.951204236841,0.12000171365595205,-66.20627051920673,0.12000171365595205,56.38294656747847,0.0009635859455897846,0.16390660176148536,6.416845837130623e-05,0.1564952173913044,2.7309936237350324e-06
2022-08-30,2022-08-30T12:00:00.000,1.1267027396990077,0.0358170732014833,-4.975862168101902,0.0002258259203045,59822.00270386567,67.0,7093.411668369723,0.0716030512473313,-66.30843388045616,0.0716030512473313,56.3804058494293,0.0005773015820208511,0.16370418440555057,3.834608106981595e-05,0.15667701492537311,6.558421053860812e-06
2022-09-06,2022-09-06T12:00:00.000,3.5140620700692837,0.0306072257242284,-4.9625993045710795,0.0001886178837783,59829.03774848234,85.0,7094.394392032697,0.06248977132090959,-65.80211093848568,0.06248977132090959,56.338681961429266,0.0005032825725981278,0.1660053385332159,3.3771203443223875e-05,0.16053647058823528,8.681584686619789e-06
2022-09-07,2022-09-07T12:00:00.000,3.5526044403660415,0.0349158895832492,-4.959079996170865,0.0002129379806782,59830.071961897054,68.0,7096.165229438175,0.06981032195916047,-65.60107871528248,0.06981032195916047,56.32545361242448,0.0005623328925932706,0.16661199682057035,3.7676602293432796e-05,0.16113176470588236,3.65873686128543e-06
2022-09-09,2022-09-09T12:00:00.000,4.284140489473281,0.0340684730691591,-4.95523338684448,0.0002068832464318,59832.07036665277,72.0,7096.711668024104,0.06811067143925857,-64.61006849651578,0.06811067143925857,56.31552592255614,0.0005480063552366681,0.16729092013026442,3.6850088425204775e-05,0.16257916666666666,6.709807597604443e-06
2022-09-10,2022-09-10T12:00:00.000,4.115312084356687,0.0389810424559668,-4.953827787496349,0.0002367834717867,59833.009483363625,55.0,7096.573508685096,0.07794691037291494,-64.46127214092235,0.07794691037291494,56.3134036373393,0.0006260410696672298,0.16754347626201377,4.220359641202991e-05,0.16292090909090903,1.0141333654953556e-06
2022-09-11,2022-09-11T12:00:00.000,3.798368372993603,0.0494828651860571,-4.9517434284945026,0.0002990790970234,59834.11981102941,34.0,7098.814816806379,0.09893577707529522,-64.48138864949881,0.09893577707529522,56.301287491555094,0.0007942908337386462,0.1679123616,5.350450108508289e-05,0.1626744117647059,3.136558523425952e-06
2022-09-13,2022-09-13T12:00:00.000,1.2800255909644216,0.0364338251476193,-4.9543640462686405,0.0002215406695333,59836.06834301562,64.0,7097.575313970597,0.07233323892443971,-63.6624352636762,0.07233323892443971,56.32919378393395,0.0005809188292222407,0.16742809040359866,3.920489275771515e-05,0.16212921874999997,8.428929914230366e-06
2022-09-14,2022-09-14T12:00:00.000,1.715349879661365,0.0324535937535488,-4.957390189303018,0.0001980254874378,59837.02173626583,79.0,7095.566773113232,0.06526527700741752,-64.18274689402536,0.06526527700741752,56.34768027415629,0.000525395658940605,0.16691957564831514,3.522228945729225e-05,0.1616229113924051,5.353919714027998e-06
2022-09-15,2022-09-15T12:00:00.000,1.5526286116937342,0.0321883102974429,-4.9591220658463016,0.000197365712279,59838.04119146342,82.0,7095.062992280655,0.06435551876272612,-65.0192527061257,0.06435551876272612,56.35199269231951,0.000517604315255289,0.16660934342072042,3.478022275428764e-05,0.16082865853658534,1.0769493918048686e-05
2022-09-17,2022-09-17T12:00:00.000,2.5802944027549852,0.0377165172005227,-4.966424226412982,0.0002356455889329,59840.007879250006,60.0,7094.189110151957,0.07542853395942228,-65.5635878901956,0.07542853395942228,56.372499525260025,0.0006075478708298089,0.16532834725050918,4.086771001238611e-05,0.15911716666666662,3.1181233189238567e-06
2022-09-20,2022-09-20T12:00:00.000,1.0417681616356356,0.0754253985896128,-4.970994899407274,0.0004709961249105,59843.070986058825,17.0,7093.070845501382,0.14242095286154527,-66.35545627923119,0.14242095286154527,56.38743238261521,0.0011474173614908652,0.16444679144647437,7.624435693112147e-05,0.15839705882352942,2.0014052156846657e-05
2022-09-21,2022-09-21T12:00:00.000,1.1393442956143227,0.0623371710051696,-4.971082879697353,0.000389160387173,59843.95423660001,20.0,7093.219994320061,0.12995589259041243,-66.68375645740798,0.12995589259041243,56.38838476856522,0.0010481594532032565,0.16455473543387253,6.959627044412582e-05,0.15860999999999997,1.699845194189842e-05
2022-09-22,2022-09-22T12:00:00.000,1.5540298481409054,0.0380085548485327,-4.966463497034873,0.0002346931512274,59844.997055482156,56.0,7094.380597000748,0.07662518095260039,-66.6419399471557,0.07662518095260039,56.38700728332318,0.0006176965861165339,0.16533842087143358,4.112563861657363e-05,0.1589398214285714,1.0029525059194112e-06
2022-09-23,2022-09-23T12:00:00.000,1.6026966755482444,0.0675468391986272,-4.9671872120720355,0.0004183297901286,59845.97944077778,18.0,7094.102409996441,0.13506542591570728,-67.28823428095178,0.13506542591570728,56.391713414235284,0.0010877953904077568,0.1651908512571948,7.238943454166945e-05,0.15937388888888884,4.053473366460673e-06
2022-09-29,2022-09-29T12:00:00.000,1.4039490135629151,0.0361314946621022,-4.961918879887193,0.0002222849342281,59852.0054672,65.0,7096.700605728119,0.07225354109424051,-64.68444226166554,0.07225354109424051,56.34235999861387,0.000581723728852702,0.16611183901337714,3.887626102480875e-05,0.1609532307692308,5.468914304378776e-06
2022-09-30,2022-09-30T12:00:00.000,1.608731337907738,0.0383201981253415,-4.96047328342556,0.0002349786815357,59853.07517163794,58.0,7096.837988135019,0.0766291529900112,-64.83378962084944,0.0766291529900112,56.35433969546424,0.000618019569588958,0.1663649567286143,4.1188427626637936e-05,0.1614356896551724,2.8800592032541934e-06
2022-10-03,2022-10-03T12:00:00.000,3.42308822524,0.0795395785010979,-4.951666244409347,0.0004773070741158,59856.08876428572,14.0,7099.664087493014,0.15901633667225254,-65.91604297585985,0.15901633667225254,56.34066763315378,0.001286571997397864,0.16792790312799766,8.546986970211399e-05,0.16315142857142856,3.1197955091384347e-06
2022-10-05,2022-10-05T12:00:00.000,4.293496945396089,0.0542795017461279,-4.947552896201068,0.0003367263578865,59857.98203427778,36.0,7098.038849435757,0.10876159258784224,-65.3094106977371,0.10876159258784224,56.32899054585585,0.0008738793785431484,0.16872787963112876,6.0892300407255175e-05,0.16406555555555558,2.338919993760646e-05
2022-10-06,2022-10-06T12:00:00.000,7.080749122802342,0.0401834520805848,-4.943065188986653,0.0002386810250455,59859.011941943376,53.0,7099.6257481594175,0.08032971730616774,-64.30311844472715,0.08032971730616774,56.30810422305857,0.0006460532022642893,0.16949079389826657,4.357045891600694e-05,0.1655552830188679,3.805920961811147e-06
2022-10-07,2022-10-07T12:00:00.000,6.000854287972847,0.0557406066524377,-4.939942277820557,0.0003285345335944,59860.1026907037,27.0,7102.11615916076,0.11146786720549678,-63.57476782345361,0.11146786720549678,56.28732941506663,0.000893626869870269,0.1700654642923391,6.042156975480036e-05,0.16554851851851857,2.4286809349268893e-06
2022-10-08,2022-10-08T12:00:00.000,4.83390066033433,0.0490221980924751,-4.943123636669806,0.0002935275633674,59861.00747635135,37.0,7100.924315176661,0.09799541593769424,-63.317152619283114,0.09799541593769424,56.296364348090776,0.0007861073079410899,0.1694794201613468,5.364488717668782e-05,0.16513567567567566,5.376801193289404e-06
2022-10-10,2022-10-10T12:00:00.000,3.935403608599506,0.0381887413534374,-4.94831678877921,0.0002294602090147,59863.03227380327,61.0,7099.753264392387,0.07634107376218063,-62.303890011111065,0.07634107376218063,56.31205737431366,0.0006130703688745551,0.16853298491426877,4.157436896707115e-05,0.16359688524590163,6.156168808985655e-06
2022-10-11,2022-10-11T12:00:00.000,2.7064332193416925,0.0574420353616367,-4.952562434047994,0.000347203270587,59863.97123984615,26.0,7097.934402396012,0.1148643947008504,-62.757604252146095,0.1148643947008504,56.33020655957042,0.0009260649481234548,0.16776697148628703,6.18287589361973e-05,0.16279807692307693,5.870899047105719e-06
2022-10-12,2022-10-12T12:00:00.000,2.333429889627825,0.0460771862221746,-4.957183084427908,0.0002812582404256,59865.069824549995,40.0,7096.379617124137,0.0921334213556757,-63.76198374584797,0.0921334213556757,56.342674003797,0.0007416372385303712,0.1669467670950381,4.9747596205441946e-05,0.16179575000000002,6.649537288702868e-06
2022-10-13,2022-10-13T12:00:00.000,1.541411559773708,0.0408037670867571,-4.960925954282081,0.0002506214990443,59866.03444537255,51.0,7093.799465303064,0.08158559008231303,-64.57624238397425,0.08158559008231303,56.367275605580666,0.000657886235875337,0.1662888265456474,4.396919503673615e-05,0.16063372549019606,1.213635208400601e-05
2022-10-14,2022-10-14T12:00:00.000,1.6420227721666376,0.1055469295181805,-4.965570593141951,0.0006593224555746,59867.12148255556,9.0,7092.371925282675,0.20046228007277508,-65.1108894704889,0.20046228007277508,56.377601735146584,0.0016130761652723932,0.16537344029130807,0.0001087601772066244,0.15950444444444445,4.173697771331917e-05
2022-10-15,2022-10-15T12:00:00.000,2.21575531960275,0.0584141759284979,-4.966247075950084,0.0003633812948822,59867.94928595999,25.0,7092.961163591516,0.11860714983801546,-66.24537954889699,0.11860714983801546,56.35685960965216,0.000955892044636502,0.16539726041121866,6.400301966093766e-05,0.1591776,8.717797887065869e-07
2022-10-18,2022-10-18T12:00:00.000,0.4813804710703865,0.0390689381715129,-4.973225576820556,0.000245565173237,59870.98971791379,58.0,7091.831853072223,0.0781192146175915,-66.49398826481904,0.0781192146175915,56.38023431039177,0.0006287340408640148,0.16415479606179342,4.179758620559553e-05,0.15802568965517244,6.5593612952883e-07
2022-10-20,2022-10-20T12:00:00.000,0.9461669697175584,0.0364215640389461,-4.971266605833687,0.0002276886247425,59873.045830761905,63.0,7092.290127037466,0.07282113783290796,-66.87298861683846,0.07282113783290796,56.381753984326345,0.0005865953892030232,0.1644924535095544,3.9025347169172716e-05,0.1581215873015872,1.634972831602941e-06
2022-10-21,2022-10-21T12:00:00.000,1.07086677159464,0.1416759753514317,-4.971107092012619,0.0009039212726201,59873.9068006,5.0,7091.344067320758,0.28334501012898583,-66.68100489134962,0.28334501012898583,56.391662003428486,0.0022895272129331143,0.16451571476850285,0.00015468901746962564,0.15811400000000003,2.449489742785628e-06
2022-10-22,2022-10-22T12:00:00.000,0.8814324124917275,0.0390578837790767,-4.971513805317538,0.0002476069150228,59875.02964488333,60.0,7092.3560910171245,0.07799496362757231,-66.67184973459035,0.07799496362757231,56.384957163442145,0.0006290167052575198,0.1644514593286936,4.2280243951944916e-05,0.15798150000000002,4.49623194407481e-06
2022-10-23,2022-10-23T12:00:00.000,0.7628002416822539,0.0327578948922987,-4.97290995589049,0.0002058942338826,59876.0427633625,80.0,7091.996412537988,0.06546824045920359,-66.56661417849082,0.06546824045920359,56.37724559775176,0.0005277883611028514,0.16421813076766878,3.514698432539242e-05,0.15768875,1.5133896065671758e-06
2022-10-27,2022-10-27T12:00:00.000,1.8719047380015428,0.0450999474449173,-4.966457406369145,0.0002805555551893,59880.029974928555,42.0,7094.345888830689,0.09017368508775142,-66.21224761846165,0.09017368508775142,56.37620533735197,0.0007267995793901356,0.16532435422056144,4.855051429635081e-05,0.1595959523809524,6.2753275320170374e-06
2022-10-28,2022-10-28T12:00:00.000,2.1017788673551,0.0827246640566218,-4.9650699915538805,0.0005192480080188,59881.06245692858,14.0,7095.139381090362,0.1654073216523293,-66.52789565741973,0.1654073216523293,56.36738493477126,0.0013302153370520556,0.1655637528322652,9.02756831637065e-05,0.1602292857142857,1.3806523609929915e-05
2022-10-29,2022-10-29T12:00:00.000,0.603104800402526,0.0401791957463503,-4.963266924603703,0.0002500064195072,59882.00699637499,56.0,7096.003329553807,0.08032047001837868,-66.95511649352393,0.08032047001837868,56.366264984752924,0.0006447009311224216,0.1658764697022962,4.3672937788725043e-05,0.16090089285714287,7.577636208008886e-06
2022-11-01,2022-11-01T12:00:00.000,2.4870678730810485,0.0427272893065077,-4.957267350125543,0.0002683005548007,59885.03449236207,58.0,7097.110984539007,0.08532799042581662,-65.89822818127514,0.08532799042581662,56.34273329154435,0.0006872387918312703,0.16692117022488934,4.750584342007918e-05,0.16245931034482758,6.699234134544418e-06
2022-11-02,2022-11-02T12:00:00.000,3.5400244111681176,0.0785759150238875,-4.95605464133141,0.0004884564548007,59885.914408647055,17.0,7096.8800336394415,0.15696645141063756,-65.9092372895306,0.15696645141063756,56.33373480685771,0.00126136552115712,0.1671558924312762,8.650827046940864e-05,0.16279,0.0
2022-11-03,2022-11-03T12:00:00.000,3.45333573315586,0.0397410265971987,-4.954801737353088,0.0002431005561853,59887.067380649125,57.0,7097.004745697111,0.0794135454476905,-64.76134459428997,0.0794135454476905,56.32180472826034,0.0006387965861829138,0.16736962195831426,4.328926814723916e-05,0.16288070175438596,1.4779000444990187e-06
2022-11-04,2022-11-04T12:00:00.000,3.44761752202638,0.0533076032149924,-4.953641377371244,0.000323844497046,59887.943350548376,31.0,7097.040976628626,0.10658676993618812,-64.9996701357908,0.10658676993618812,56.32068622466538,0.0008554956104023184,0.16757979863748718,5.7978236042371256e-05,0.1631096774193548,2.386515477027291e-06
2022-11-05,2022-11-05T12:00:00.000,3.306544065632276,0.051672178548877,-4.953556526016406,0.0003155525086384,59888.97890151515,33.0,7098.716254456328,0.10332226182408355,-65.0147106707872,0.10332226182408355,56.31918511690102,0.0008291148409149498,0.16758937673725535,5.652881368901045e-05,0.16332363636363637,8.503766788131098e-07
2022-11-06,2022-11-06T12:00:00.000,2.3191941138063346,0.0389160421337942,-4.954160600461331,0.0002368490854977,59890.021335070174,57.0,7098.475799838113,0.07780709812412938,-65.75163700849394,0.07780709812412938,56.327768685117725,0.0006241448036492934,0.16748916551808402,4.2215808355692044e-05,0.16307929824561404,4.735217395180766e-06
2022-11-07,2022-11-07T12:00:00.000,2.6488545504611056,0.0399806880622861,-4.95406470077349,0.000243483418595,59891.016836709096,55.0,7097.212599728906,0.07993631447642659,-65.56330089597067,0.07993631447642659,56.34624843964044,0.0006441409606530171,0.16750137110314597,4.342313586312341e-05,0.16256599999999996,5.102320063820982e-06
2022-11-08,2022-11-08T12:00:00.000,4.0181747219072275,0.0371438834652658,-4.955829350703485,0.0002247493963104,59892.01928711112,63.0,7096.827505441112,0.07425512457266001,-65.5753831322969,0.07425512457266001,56.34948975577682,0.0005959041242648575,0.16718392737053517,3.983137916198442e-05,0.16219571428571425,2.0949587860193247e-06
2022-11-09,2022-11-09T12:00:00.000,5.005721650174259,0.0536419887815948,-4.952587503625915,0.0003160074252804,59893.04217754167,24.0,7097.779288692366,0.10727409233500035,-65.1299108889901,0.10727409233500035,56.334570833333345,0.0008573214099741122,0.16776885297242883,5.653610617456206e-05,0.16169958333333334,4.01442898761731e-06
2022-11-10,2022-11-10T12:00:00.000,4.789258906199453,0.0434373512587859,-4.954250420495331,0.000258782204057,59893.986910815795,38.0,7099.23595348001,0.08675547781737157,-64.74196532384967,0.08675547781737157,56.327259427036466,0.0006959830756336971,0.16747101746581214,4.621773910022403e-05,0.16118447368421054,4.074298732232129e-06
2022-11-13,2022-11-13T12:00:00.000,1.035816774519095,0.0443558221448334,-4.961260909108932,0.0002708380148543,59897.08668833334,39.0,7098.317005578621,0.0885319220414302,-63.871898231402916,0.0885319220414302,56.34858071328824,0.0007112099031474614,0.16623737024093974,4.765214590440383e-05,0.15984205128205128,4.7498772933862705e-06
2022-11-14,2022-11-14T12:00:00.000,0.9469109200314662,0.0355745791585401,-4.9604319538813275,0.0002180105498062,59898.02101835937,64.0,7096.287515725625,0.07102320642079331,-64.23508825389305,0.07102320642079331,56.3450518439487,0.0005711060304827674,0.16637840977164312,3.822202277495213e-05,0.15927734375000002,5.519815438508614e-06
2022-11-15,2022-11-15T12:00:00.000,0.211068508328767,0.0411573229778687,-4.9640533637668085,0.0002510313629717,59899.07128218182,44.0,7094.201735169422,0.0822453880487918,-65.16067803285975,0.0822453880487918,56.37293413483613,0.0006620738945110618,0.16575067942878097,4.36177046932077e-05,0.15875590909090906,3.851335972841384e-06
2022-11-16,2022-11-16T12:00:00.000,0.0899594982224934,0.0358691341846628,-4.9656354230749065,0.00021870898028,59900.02096105357,56.0,7094.232368939027,0.07170885099212891,-66.12179943697004,0.07170885099212891,56.36988277765187,0.0005785250895393173,0.1654662505252569,3.7965148186557175e-05,0.15844982142857145,2.1089030728527373e-06
2022-11-17,2022-11-17T12:00:00.000,0.0918182415138815,0.0400128957315473,-4.967501974418784,0.0002457927985439,59901.01470874469,47.0,7094.247855858027,0.07992586711477602,-66.91516665962635,0.07992586711477602,56.3750495862906,0.0006426513566045133,0.16514569034395638,4.231973909169579e-05,0.15826808510638304,1.037604597107014e-06
2022-11-18,2022-11-18T12:00:00.000,2.5610484121669703,0.0436417719916591,-4.9672350105358385,0.000266126871941,59902.059436945936,37.0,7095.07190636682,0.08727207180154227,-66.9948499409434,0.08727207180154227,56.36936636256705,0.000701395143915311,0.16518585159765609,4.620129033051149e-05,0.1583778378378379,2.392905402755935e-06
2022-11-19,2022-11-19T12:00:00.000,2.3340322155099456,0.0321215613686505,-4.965445155501461,0.0001961438941338,59903.03981911268,71.0,7094.725381780188,0.06416727914062662,-66.81543589528397,0.06416727914062662,56.374152650271014,0.0005168063858887172,0.16550595916971253,3.401501180768574e-05,0.15864492957746484,2.3977960993940644e-06
2022-11-20,2022-11-20T12:00:00.000,3.030144996392876,0.048651634446603,-4.963053932776154,0.0002947878516929,59904.092079433336,30.0,7096.34244033932,0.09723833486912548,-65.81733417764745,0.09723833486912548,56.356485764937375,0.000780981964543204,0.16591979133018173,5.158326700124457e-05,0.15875000000000006,1.0308162000485891e-17
2022-11-21,2022-11-21T12:00:00.000,2.500026852396828,0.0499166556758941,-4.962930351799178,0.0003022236627432,59904.963791655166,29.0,7095.445477370685,0.09970653176459955,-65.90567195744815,0.09970653176459955,56.35076783805075,0.0008009509812702712,0.1659305264297874,5.290557090563289e-05,0.15865689655172413,1.3227311903534445e-06
2022-11-22,2022-11-22T12:00:00.000,2.7187857313925172,0.036890171755904,-4.962799703428993,0.0002225847125082,59906.05583319232,52.0,7097.1616821168955,0.07372598102817646,-65.77446505719733,0.07372598102817646,56.3392294709644,0.0005922029949351814,0.1659561354585659,3.895933887450908e-05,0.15865461538461542,1.5403457541564538e-06
2022-11-23,2022-11-23T12:00:00.000,1.3563815136094275,0.0386986580667534,-4.963067920437996,0.0002341838178372,59907.05749476596,47.0,7096.536060698319,0.07736728377996639,-65.23253094919349,0.07736728377996639,56.33907814785418,0.00062080216348753,0.16591017864444893,4.1049909531962345e-05,0.15885255319148942,1.7856475051412425e-06
2022-11-25,2022-11-25T12:00:00.000,1.8998300814107103,0.0354770087150336,-4.96537731147053,0.000216098603706,59909.040016631574,57.0,7094.40580365959,0.07090931649366794,-65.09699604918225,0.07090931649366794,56.36309605091218,0.0005699661324631048,0.16550986384079272,3.755654557624056e-05,0.1584885964912281,4.641668966771742e-07
2022-11-26,2022-11-26T12:00:00.000,1.3998620399212265,0.0325671651342779,-4.965502395854386,0.0001987825526736,59910.03558457972,69.0,7095.1529981086105,0.0650440545343289,-65.68888434355209,0.0650440545343289,56.36221566331654,0.0005225451416183487,0.16549508535245971,3.452970124117276e-05,0.15819681159420287,4.935615962423217e-06
2022-11-27,2022-11-27T12:00:00.000,1.2135970650418448,0.0354571752709958,-4.96791079170932,0.0002171892510237,59911.039202465516,58.0,7095.046424490329,0.0708284819782236,-66.07071960592275,0.0708284819782236,56.363216598899406,0.0005701447955913921,0.1650801121093079,3.756284074598218e-05,0.1575665517241379,7.430059954935349e-06
2022-11-28,2022-11-28T12:00:00.000,1.2467056917960695,0.0381949860101863,-4.971108063298334,0.0002362379449356,59912.04271121569,51.0,7094.216048123599,0.07633017223042718,-66.40274608514495,0.07633017223042718,56.364516098630546,0.0006139735497330041,0.1645223848296492,4.050863254537558e-05,0.15697509803921572,5.51200151554998e-06
2022-11-29,2022-11-29T12:00:00.000,-0.3648481806627105,0.0416907866952598,-4.972481935082687,0.0002578738058568,59913.01236047619,42.0,7094.608304738715,0.08331949140484701,-66.20671791776321,0.08331949140484701,56.365633307251606,0.0006707692046195886,0.16429182531547729,4.40485299870611e-05,0.15666809523809527,2.023040777682133e-06
2022-11-30,2022-11-30T12:00:00.000,-0.2180957905591992,0.0333772223974314,-4.97275669582866,0.0002060693874155,59914.043800538464,65.0,7094.296753133231,0.06670024335565437,-66.31024878786222,0.06670024335565437,56.365571917134915,0.0005357855971524839,0.16423817745361294,3.527294584106729e-05,0.15703123076923076,7.543169644388572e-06
2022-12-01,2022-12-01T12:00:00.000,0.1259108619886439,0.0749067860487096,-4.969835107989028,0.000460598112353,59914.96767861537,13.0,7094.1342989249515,0.14974996091348916,-66.43258409708316,0.14974996091348916,56.37020107116774,0.0012051688834570735,0.16473328862298564,7.976516725227717e-05,0.15788692307692306,5.704768066996852e-06
2022-12-02,2022-12-02T12:00:00.000,-0.0909982542509722,0.0884245920290884,-4.966318225352414,0.0005387609553409,59916.038633444434,9.0,7098.068687205264,0.17688867933325284,-66.90369045381334,0.17688867933325284,56.352199999999996,0.0014333333333333333,0.16534444444444446,9.333333333333332e-05,0.15913111111111108,4.2309850588135654e-06
2022-12-03,2022-12-03T12:00:00.000,1.885082300611012,0.0335713491145079,-4.961813588596324,0.0002040818877942,59917.03646629231,65.0,7098.801470941101,0.06706864564811887,-67.66535136845316,0.06706864564811887,56.36344906085557,0.0005411958905533826,0.16613526982337595,3.5669846386894816e-05,0.16045446153846152,1.2932946094164272e-05
2022-12-11,2022-12-11T12:00:00.000,2.2786955201654053,0.0361414407759447,-4.949939426009225,0.0002160641607387,59925.06238005357,56.0,7101.2001525450305,0.07220867975218237,-63.59375884689666,0.07220867975218237,56.32617719469443,0.0005811989408718335,0.16824251547705488,3.8899321986866756e-05,0.16215178571428573,3.4387700048956904e-06
2022-12-13,2022-12-13T12:00:00.000,3.126544390013564,0.038521970638225,-4.953091604574819,0.0002337231070404,59927.056610346146,52.0,7098.824308152684,0.0769733056402863,-65.12270910658215,0.0769733056402863,56.348101174871296,0.0006192991293982148,0.16768012769226845,4.1918790301066553e-05,0.16207230769230768,5.899730683447212e-07
2022-12-14,2022-12-14T12:00:00.000,3.2687077814759644,0.0583648935481586,-4.950930271822923,0.0003496269520836,59928.1109129091,22.0,7100.207031786588,0.11658448592296773,-65.80079858949355,0.11658448592296773,56.35301509435653,0.0009381278710834095,0.1680691128746718,6.293640956054238e-05,0.16199681818181813,1.5270098722473541e-06
2022-12-15,2022-12-15T12:00:00.000,3.635168306431226,0.0407425225855447,-4.9511508189964015,0.000243225782338,59929.03771365115,43.0,7101.3698587582685,0.0814729240042728,-65.01181342351401,0.0814729240042728,56.340993104944154,0.0006567742233776615,0.16802242529794462,4.356659553920433e-05,0.16178348837209303,2.397020135371197e-06
2022-12-16,2022-12-16T12:00:00.000,3.233515729160694,0.0445720264338138,-4.9518455639745875,0.0002672295342945,59930.032674111106,36.0,7101.971744302136,0.08914348693500194,-64.64311123523431,0.08914348693500194,56.32699095681941,0.0007175629446257759,0.16789916666666665,4.8333333333333334e-05,0.1617147222222222,8.438489964141806e-07
2022-12-17,2022-12-17T12:00:00.000,2.7483595357436563,0.0345103601180774,-4.952975743400292,0.000207839442614,59931.04100096776,62.0,7101.583542902765,0.06897595649449126,-63.81601657246548,0.06897595649449126,56.33409281518105,0.0005543912560157765,0.16769682443362377,3.727851739795794e-05,0.16162306451612907,2.6178081675684347e-06
2022-12-18,2022-12-18T12:00:00.000,1.8071463596876869,0.0496847286307762,-4.953975556378373,0.0002997563721288,59931.98028753334,30.0,7101.7272442015355,0.09929901391175383,-64.13709942731793,0.09929901391175383,56.33116103560507,0.0007985513543640651,0.16752166309813094,5.36432000188301e-05,0.16155666666666665,9.98082452694476e-07
2022-12-19,2022-12-19T12:00:00.000,2.552224433541751,0.0350762810921908,-4.95282480734824,0.0002116600405643,59933.0371909672,61.0,7100.4225143502,0.07006041589037508,-65.29595900447103,0.07006041589037508,56.335852130017265,0.0005636218729902995,0.1677270372133251,3.786773080518563e-05,0.1614793442622951,2.6843897298644916e-06
2022-12-21,2022-12-21T12:00:00.000,2.8886947226297144,0.0387097449728864,-4.954252806574845,0.0002338836603509,59935.04419383674,49.0,7099.0859184901965,0.07737382849631362,-65.95964491570312,0.07737382849631362,56.34524646961686,0.0006216468166829005,0.16747256279543976,4.187922733388957e-05,0.16118,0.0
2022-12-22,2022-12-22T12:00:00.000,3.7002004923968417,0.0505969625136048,-4.95525123655821,0.0003057303059344,59935.97413872414,29.0,7100.685872754944,0.10109795159119521,-66.18603786240122,0.10109795159119521,56.333856622797285,0.0008132982805745128,0.16729052159466218,5.451501528751599e-05,0.16086275862068966,4.266277196141606e-06
2022-12-23,2022-12-23T12:00:00.000,3.463265999050033,0.0415099462819212,-4.955035738276013,0.0002507826004308,59937.08085835714,42.0,7100.132666005463,0.08298188662184341,-65.79307029042697,0.08298188662184341,56.332294040287294,0.0006687978727480682,0.1673291390496837,4.4682727145240366e-05,0.1603547619047619,1.7456797589815392e-06
2022-12-24,2022-12-24T12:00:00.000,3.8191487219371543,0.0345439308686971,-4.95782493846332,0.0002102189152,59938.03571619356,62.0,7101.944871324712,0.0690288259830407,-65.08706627513797,0.0690288259830407,56.320651522220416,0.0005548960203753757,0.16684589415224413,3.729487466886501e-05,0.16031967741935485,1.2161382199573337e-06
2022-12-25,2022-12-25T12:00:00.000,3.650764716464807,0.0779578630503842,-4.957349684492725,0.0004761638975734,59938.935101923074,13.0,7100.991114163646,0.15582222836344012,-64.02175656690204,0.15582222836344012,56.328826284506256,0.0012516622313789795,0.16691475713816867,8.423968336457565e-05,0.16032,0.0
2022-12-28,2022-12-28T12:00:00.000,0.0938297723231339,0.1010708171225374,-4.96006885797779,0.000638576414138,59942.079979111106,9.0,7097.814491329797,0.20204574395909428,-66.37533275424394,0.20204574395909428,56.37996439721019,0.0016255223129564929,0.16643818109403316,0.00011253438401410706,0.16083999999999998,4.082482904637048e-06
2022-12-31,2022-12-31T12:00:00.000,2.147937763332922,0.1049354007817365,-4.955466215156166,0.0006621527664194,59944.988951888896,9.0,7099.608234575517,0.20941642379692973,-67.1329042933169,0.20941642379692973,56.368464450192555,0.0016867445945619984,0.1672663042583878,0.00011762316830669372,0.16198666666666667,1.0801234497344388e-05
2023-01-04,2023-01-04T12:00:00.000,5.031453704510276,0.0783141310225,-4.943218983373466,0.0004655038427195,59949.00871616667,12.0,7101.483213761682,0.15662800108356364,-65.06760615459913,0.15662800108356364,56.293099520035234,0.0012554879967899587,0.16947653551598696,8.512247486177732e-05,0.16448083333333333,2.875795893348542e-06
2023-01-05,2023-01-05T12:00:00.000,5.992308116756689,0.0860451596514404,-4.940885680548992,0.0005106627074527,59950.019499300004,10.0,7100.916861954604,0.17208996607562488,-64.65960973324115,0.17208996607562488,56.30186,0.0013914021704740868,0.16988899999999998,9.486832980505135e-05,0.16548,4.714045207911105e-06
2023-01-08,2023-01-08T12:00:00.000,4.757547003072153,0.0487202728513481,-4.936321100214052,0.0002878724737731,59953.118490875,32.0,7102.274950588884,0.09731771595396818,-63.40839745406918,0.09731771595396818,56.32671148125339,0.0007813612939926374,0.17073177735022518,5.334015473555387e-05,0.16595218750000001,5.621358588369152e-06
2023-01-09,2023-01-09T12:00:00.000,4.785574144165331,0.047245070093122,-4.9387119624455975,0.0002797355174096,59954.10569848485,33.0,7101.847345141153,0.09444525476691727,-63.9549808536913,0.09444525476691727,56.3319660707481,0.0007587301647764628,0.17029333891921025,5.160277751080965e-05,0.16546393939393939,2.1733315587535658e-06
2023-01-12,2023-01-12T12:00:00.000,6.302306835606747,0.0537529544496413,-4.938277675553838,0.0003167136891687,59957.066470959995,25.0,7102.850994324253,0.10749333019691139,-63.41545695446293,0.10749333019691139,56.30902476672335,0.000861550048388941,0.17037037145167086,5.830659175216386e-05,0.16500679999999998,1.7999999999993638e-06
2023-01-13,2023-01-13T12:00:00.000,5.941552885244977,0.0408519305704003,-4.937362936979929,0.0002401660203769,59958.0591796279,43.0,7104.926924303355,0.08168493552402482,-64.558835307897,0.08168493552402482,56.31492915605039,0.0006574638418526741,0.1705399924256275,4.446246982715385e-05,0.16624372093023257,1.5949196947099406e-05
2023-01-16,2023-01-16T12:00:00.000,8.617169037755357,0.0540152798300302,-4.922074947564369,0.0003098161060369,59961.00369484,25.0,7106.839369215605,0.10800040753854756,-65.32346735996812,0.10800040753854756,56.32177773981218,0.0008662509699357572,0.17343020471384676,5.9329896708247044e-05,0.1694436,2.3720595832875255e-06
2023-01-17,2023-01-17T12:00:00.000,10.465212910722292,0.0482322243271593,-4.922226414131534,0.0002760951063315,59962.04014574193,31.0,7105.794615066736,0.09643830620432547,-63.707673951374524,0.09643830620432547,56.31249484485831,0.0007756834894374079,0.17340031957928803,5.275925773035215e-05,0.16926709677419358,8.287246824953531e-07
2023-01-18,2023-01-18T12:00:00.000,11.320125242428473,0.0397219720390482,-4.921845951448184,0.0002273985281397,59963.05277336957,46.0,7108.253283509802,0.07942617715871376,-63.7418443503645,0.07942617715871376,56.274568916834895,0.0006371201051920183,0.17347332147451194,4.356997671227315e-05,0.1696017391304348,4.757951369995235e-06
2023-01-19,2023-01-19T12:00:00.000,10.634218625656043,0.0806719733130012,-4.9198441441611145,0.0004587398519243,59964.05341109089,11.0,7108.824205545768,0.16133300395392888,-61.73268689536822,0.16133300395392888,56.24763636363637,0.0012964987816843835,0.17385534197264216,8.823057504123711e-05,0.1696054545454545,3.6590203268184874e-06
2023-01-21,2023-01-21T12:00:00.000,6.106997730690859,0.0471160880376276,-4.923247052073533,0.0002701168094232,59966.056674375,32.0,7108.283269516457,0.09422002758375005,-59.89951464077247,0.09422002758375005,56.258225,0.0007601397897755386,0.17320125549124887,5.137058801104224e-05,0.168655,5.750175312895115e-06
2023-02-14,2023-02-14T12:00:00.000,6.595282805665633,0.0462172221625855,-4.930041274738197,0.0002695251913353,59990.02636728572,35.0,7103.585871942305,0.09231098837302613,-64.71372838211005,0.09231098837302613,56.296433546329204,0.0007420390570671541,0.17191553197580273,5.057485511334859e-05,0.166994,1.8256804878448717e-05
2023-02-16,2023-02-16T12:00:00.000,6.311271038655934,0.0779076717528697,-4.937971891186738,0.0004597129175071,59992.137112250006,12.0,7104.342504530257,0.15583234680782626,-63.14050870424933,0.15583234680782626,56.287113396651925,0.0012459778293169089,0.1704291661880145,8.51224748617773e-05,0.16533499999999998,1.5075567228861414e-06
2023-02-22,2023-02-22T12:00:00.000,1.545205286318959,0.0696525111732672,-4.955086445726319,0.0004330472903139,59997.934376235295,17.0,7096.357981891602,0.13904758344142326,-66.29796097494928,0.13904758344142326,56.38315584995848,0.0011211723076368911,0.1673313887272723,7.672875303863587e-05,0.1611,0.0
2023-02-27,2023-02-27T12:00:00.000,2.9998515559745926,0.0479330404636586,-4.945087901635593,0.0002877492923292,60003.089104322586,31.0,7102.48474354404,0.09581840226385874,-63.65500811538165,0.09581840226385874,56.322190032185354,0.0007714244231473639,0.16911840920568777,5.2470017751166826e-05,0.16367741935483876,4.374111078615228e-06
2023-02-28,2023-02-28T12:00:00.000,2.240839903931032,0.0346824167351427,-4.946030277656701,0.0002100548502281,60004.02985601612,62.0,7100.100289956797,0.06925941312456751,-64.26709645228784,0.06925941312456751,56.33616101869754,0.000557958876804185,0.16895515005703626,3.8027270453758917e-05,0.16372241935483872,3.0219143535475743e-06
2023-03-02,2023-03-02T12:00:00.000,1.5519962994050116,0.0460557537161557,-4.9437808570692905,0.0002773712327011,60006.06789594286,35.0,7099.671812873453,0.09195054781650012,-65.82541133541179,0.09195054781650012,56.33389842401695,0.0007393377463037407,0.16937334021057887,5.056635013343796e-05,0.16492457142857145,1.589536615073781e-05
2023-03-03,2023-03-03T12:00:00.000,2.4067395250625347,0.0479573165206219,-4.940624484601969,0.0002877625966868,60007.08314090625,32.0,7100.433260220541,0.09572121257008451,-66.68909700634458,0.09572121257008451,56.336613237348324,0.0007718568635854521,0.1699549498458637,5.25858460957863e-05,0.16573,1.1760376338064974e-05
2023-03-04,2023-03-04T12:00:00.000,2.956010365423352,0.0408833527485291,-4.937455556531494,0.0002428842112543,60008.02374369048,42.0,7100.098612163732,0.08174881712567017,-65.97011846522666,0.08174881712567017,56.3298860055151,0.0006559710814980799,0.17052814507084524,4.499106997227445e-05,0.16628142857142855,3.818948851909404e-06
2023-03-05,2023-03-05T12:00:00.000,6.294137583093334,0.0501127841677754,-4.934515574423987,0.0002969777678303,60009.106182206895,29.0,7102.709014604786,0.10008969374344145,-66.14902565879494,0.10008969374344145,56.31829393336013,0.0008040232703836732,0.17107254523251644,5.524203194046711e-05,0.1671948275862069,1.654684862511493e-05
2023-03-06,2023-03-06T12:00:00.000,7.222119449583606,0.0643967174699336,-4.928828315886348,0.0003759685876865,60010.102209000004,17.0,7104.388709854089,0.12875611417306793,-65.23368727719024,0.12875611417306793,56.30460189916933,0.001035395602313743,0.17213563049659458,7.074573721055977e-05,0.1678205882352941,2.005614955440115e-06
2023-03-07,2023-03-07T12:00:00.000,6.396211215509557,0.0377466271598364,-4.928406831911103,0.0002217592241026,60011.02882223076,52.0,7104.414582936473,0.0753336083663862,-63.90831453065718,0.0753336083663862,56.29784520663518,0.0006048101629088274,0.1722315902387478,4.1698126211116834e-05,0.1681565384615384,5.099940964557816e-06
2023-03-08,2023-03-08T12:00:00.000,7.476484897703276,0.0686240420350969,-4.927851535788338,0.0004062291199001,60012.11390623529,17.0,7105.020711760584,0.13684788023043323,-64.04961990427549,0.13684788023043323,56.29643612249902,0.0010974387717857033,0.1723652090089137,7.66606098393086e-05,0.16857764705882355,4.580121030116533e-06
2023-03-09,2023-03-09T12:00:00.000,5.782770888962792,0.0327071743785959,-4.926049146315712,0.0001902139672805,60013.04178029851,67.0,7103.011533557481,0.06535596518919032,-63.521024295463455,0.06535596518919032,56.296738472142,0.000524084642762739,0.17267596972974228,3.60759791843348e-05,0.16887701492537313,2.9469524106728617e-06
2023-03-10,2023-03-10T12:00:00.000,5.125270376723495,0.0305298224952578,-4.927036526464943,0.0001777312151517,60014.04780607894,76.0,7101.5874079088935,0.061019897416234134,-63.01733908124419,0.061019897416234134,56.31140879433004,0.0004894922814382127,0.17247850185044003,3.3740526557484856e-05,0.1683032894736842,1.2552190216228244e-05
2023-03-11,2023-03-11T12:00:00.000,5.187397862040404,0.0297820527834133,-4.932003145574579,0.0001748801133065,60015.04973198751,80.0,7100.840789486814,0.05950375241641767,-63.93824942283597,0.05950375241641767,56.31670699252588,0.00047786839782496595,0.17153843870215613,3.29339064338903e-05,0.167555,3.039820114597707e-06
2023-03-12,2023-03-12T12:00:00.000,5.665503706704622,0.046591031732179,-4.933292210246046,0.000273344115947,60016.02146265625,32.0,7100.11082155463,0.09316421981134201,-63.3941956822923,0.09316421981134201,56.31545548451868,0.0007478166028648329,0.1713010981529245,5.147152585582942e-05,0.1668309375,1.061951352653795e-05
2023-03-14,2023-03-14T12:00:00.000,4.780371481455977,0.063953540546557,-4.941832444504886,0.0003810659528505,60018.108670941176,17.0,7099.500241157227,0.1278815780479954,-64.0530015466763,0.1278815780479954,56.306242711558305,0.0010256067448327548,0.16971411764705882,7.033533126053656e-05,0.16375823529411765,5.50636624319089e-06
2023-03-15,2023-03-15T12:00:00.000,4.297289880295944,0.0582022442161335,-4.948003846604275,0.0003568176145753,60019.14842513045,23.0,7098.241853054873,0.11616148888228944,-64.70238621635012,0.11616148888228944,56.32807434633351,0.0009350012012876892,0.16861219272957706,6.438574820476128e-05,0.16291913043478262,3.7147842370949565e-06
2023-03-18,2023-03-18T12:00:00.000,0.6324182601614942,0.0317773889658029,-4.955041168761096,0.0001947819615331,60022.03609728571,70.0,7096.363882921057,0.06352366793934364,-65.88004486663192,0.06352366793934364,56.36545887389122,0.0005104233252117214,0.16732612368378574,3.461232667701782e-05,0.1610965714285715,2.2740385021237226e-06
2023-03-19,2023-03-19T12:00:00.000,0.7077531440205564,0.033615189551194,-4.9556756557505555,0.0002060936942459,60023.04325814516,62.0,7096.817971265841,0.06720747440847896,-67.05639138934069,0.06720747440847896,56.37633677409086,0.0005397742982471223,0.16721982058007973,3.656113954690524e-05,0.16134870967741932,6.316539489679785e-06
2023-03-20,2023-03-20T12:00:00.000,0.6659228941250357,0.0294792556214716,-4.953039581875422,0.0001805841661661,60024.03795924096,83.0,7096.905394386971,0.05887517491996233,-68.06157948835065,0.05887517491996233,56.38436187317333,0.00047311725208437643,0.1676870327804764,3.223327979638751e-05,0.16195144578313256,6.118941869868466e-06
2023-03-21,2023-03-21T12:00:00.000,2.531074329828621,0.0299529347364122,-4.949580133422645,0.0001824212649789,60025.04810975001,80.0,7097.814099103207,0.05984946208782926,-67.62311524703372,0.05984946208782926,56.382947587629914,0.0004808593749033055,0.16831355795375094,3.298993125587047e-05,0.16270875,9.390230244814827e-06
2023-03-22,2023-03-22T12:00:00.000,3.8367632998791383,0.0409458913049938,-4.948288619007146,0.0002547913471737,60025.99789648077,52.0,7098.307285096206,0.08179279722854131,-67.28668462105388,0.08179279722854131,56.375812412696185,0.0006577970635773586,0.1685465426122248,4.6120689854798434e-05,0.16320480769230772,1.8522006929299613e-06
2023-03-23,2023-03-23T12:00:00.000,4.703506363471172,0.0392916390959879,-4.945519094022256,0.0002416786814876,60027.031730928575,56.0,7100.195508649289,0.07738700851861854,-67.1508679711204,0.07738700851861854,56.35716607806252,0.0006241582354639914,0.16905181758186172,4.342161068857861e-05,0.16385071428571427,2.3829558670258653e-05
2023-03-24,2023-03-24T12:00:00.000,5.42009115847052,0.0342941037194005,-4.941344905501237,0.0002104197002596,60028.016545902785,72.0,7102.825531702513,0.06891979565733686,-65.8259176900681,0.06891979565733686,56.33313836343367,0.0005541183211045525,0.1698482553319565,3.869044883032654e-05,0.1648045833333333,9.545495828417167e-06
2023-03-27,2023-03-27T12:00:00.000,3.301151273704966,0.0714734947841444,-4.940796694219385,0.0004515606882608,60030.905517666666,18.0,7100.873668874021,0.15101452907106808,-62.49339015499261,0.15101452907106808,56.34149948388367,0.0012132146206797266,0.16998437404335595,8.719987583103856e-05,0.1652438888888889,1.8326895284729247e-06
2023-03-28,2023-03-28T12:00:00.000,2.8738529757658915,0.0583751761208638,-4.939795188558912,0.0003519212123706,60032.1471143077,26.0,7100.960004464563,0.11069255384540265,-62.88800054157035,0.11069255384540265,56.34175931335736,0.0008899869540454718,0.1699839615214957,6.139643785693774e-05,0.16454615384615384,3.540133384308789e-05
2023-03-29,2023-03-29T12:00:00.000,2.2356418026539977,0.0382442066753368,-4.94328463922669,0.0002319048387327,60032.962753265296,49.0,7099.3585114320285,0.07818024547912801,-63.37726656563498,0.07818024547912801,56.34668134797024,0.0006283030789995963,0.1694973795482168,4.306973188732498e-05,0.1640061224489796,4.411028295460491e-06
2023-03-30,2023-03-30T12:00:00.000,2.160931657263132,0.0668262278781879,-4.94964419336585,0.0004223536756753,60034.002881409106,22.0,7097.055944194207,0.1335742557720168,-64.18468850768646,0.1335742557720168,56.36785883807241,0.0010733133867650857,0.1682922364464555,7.613695119917295e-05,0.16313136363636363,6.751477457206518e-06
2023-03-31,2023-03-31T12:00:00.000,2.3735505215517447,0.0852052111073905,-4.9561404076105875,0.0005795805453381,60035.025806699996,20.0,7095.218603148269,0.17021095949853668,-65.57113497457306,0.17021095949853668,56.38257922414999,0.0013694488925304026,0.16712591738177457,0.0001028806287606463,0.162055,1.4518590623204762e-05
2023-04-01,2023-04-01T12:00:00.000,2.2232623123947692,0.0347493667599361,-4.956503638134507,0.0002244332188776,60036.05310608237,85.0,7096.3950601310735,0.06889152254227582,-65.69756291013178,0.06889152254227582,56.36458716779154,0.000554748335749047,0.16711491623951222,3.9171419453179264e-05,0.16170623529411765,2.1820278812933595e-06
2023-04-02,2023-04-02T12:00:00.000,2.65676054855321,0.0437758611015364,-4.953414646641147,0.0002696318393809,60037.00968971428,42.0,7095.589664454608,0.08470411808089155,-64.7603307928049,0.08470411808089155,56.356449899934816,0.000681270491778389,0.16762657646899884,4.6511374297790633e-05,0.16225238095238095,2.7803461385563505e-05
2023-04-03,2023-04-03T12:00:00.000,3.0359256674007713,0.0500163490860105,-4.9498925750995495,0.0003073049336333,60038.04477665625,32.0,7097.983643031578,0.09849503220641516,-64.8351860057073,0.09849503220641516,56.34157983585132,0.0007921810618273292,0.16825040908444364,5.45400571049343e-05,0.1629596875,2.309467006220815e-05
2023-04-04,2023-04-04T12:00:00.000,2.194959451068074,0.0333180739791818,-4.948520106942663,0.0002041396250275,60039.00258187693,65.0,7099.308906214033,0.06832109024774297,-64.59995114575199,0.06832109024774297,56.33399701853663,0.0005501970688624369,0.16854746873071616,3.786812222653849e-05,0.1633409230769231,3.1141973046145247e-06
2023-04-05,2023-04-05T12:00:00.000,2.3064855588729314,0.0351077416573995,-4.948936636396251,0.0002170317096268,60040.016687227275,66.0,7099.235285728212,0.07003882995965516,-63.93496651756201,0.07003882995965516,56.34531937548929,0.0005648710681272584,0.16842687877346726,3.9116729335899186e-05,0.16376333333333332,4.5717962445106265e-06
2023-04-06,2023-04-06T12:00:00.000,1.8754401299488832,0.0350721408667816,-4.945324744980442,0.0002128604147466,60041.056182,64.0,7097.5213592728505,0.06833307360647906,-64.69377322264357,0.06833307360647906,56.34562671660279,0.000548560000982349,0.16904205520050536,3.795877727311428e-05,0.16403812500000003,5.933974517254803e-06
2023-04-07,2023-04-07T12:00:00.000,2.1137050615748696,0.0431590343643007,-4.948265614536062,0.000266483960663,60042.002775846144,39.0,7097.581194587634,0.08970112573274981,-65.42789844727625,0.08970112573274981,56.35115589856742,0.0007209283841774865,0.16856997534351975,5.0004336525163744e-05,0.16376871794871795,9.309344681812685e-06
2023-04-09,2023-04-09T12:00:00.000,4.0279017242427155,0.0553374387102329,-4.949560498159988,0.0003425029751614,60044.24864543333,30.0,7098.4872439417695,0.10449270736023769,-66.31414189521128,0.10449270736023769,56.35076499849362,0.0008402038531491494,0.16827055424218185,5.851220324354239e-05,0.16298533333333334,1.217434020335228e-05
2023-04-10,2023-04-10T12:00:00.000,3.9420576833719654,0.0354359185926789,-4.9501549219541685,0.0002223042325319,60044.99588171875,64.0,7098.489091665629,0.07311791527843362,-65.63574117338953,0.07311791527843362,56.35314318612294,0.0005884571690922007,0.1682304922198906,4.117872890055046e-05,0.16326140625,7.839116366766475e-06
2023-04-11,2023-04-11T12:00:00.000,5.78574206064107,0.0337826948415466,-4.945252044409038,0.0002091239100231,60046.02799660528,76.0,7100.174754757394,0.06733827091365613,-65.24079906663152,0.06733827091365613,56.33114132310588,0.0005415553642393161,0.16910581065072885,3.787924729307313e-05,0.16386368421052627,3.0713281044235317e-06
2023-04-12,2023-04-12T12:00:00.000,6.43643631001537,0.0344628883014862,-4.9445230929246415,0.0002150573894281,60047.042874558465,77.0,7101.0646955937455,0.06869294477967898,-64.46423785618614,0.06869294477967898,56.32439243334925,0.0005523440373814812,0.16923827010064965,3.9011374953564694e-05,0.164531038961039,1.1556252528740067e-05
2023-04-13,2023-04-13T12:00:00.000,5.19304110278901,0.0355621251538844,-4.940009356905397,0.0002152375451695,60048.05453750001,62.0,7102.235140267191,0.07110696038508245,-64.4917777999705,0.07110696038508245,56.318163640171356,0.0005711659860197542,0.17004953787185662,3.9684559212396646e-05,0.16520838709677418,4.153286774413221e-06
2023-04-14,2023-04-14T12:00:00.000,4.607725656248459,0.0290151432620359,-4.9374542940333885,0.0001741615618378,60049.04237649439,89.0,7102.37235670688,0.057992906132850276,-63.81113555466832,0.057992906132850276,56.32833335880267,0.0004651698825400676,0.1705266886951762,3.229513730004265e-05,0.1657470786516854,6.62007472437107e-06
2023-04-15,2023-04-15T12:00:00.000,4.841942016656925,0.0375047372664464,-4.9343482531551315,0.0002238057928844,60049.98226715095,53.0,7103.1944439466715,0.07496302665706374,-64.39311863643452,0.07496302665706374,56.33010157090146,0.0006001134244137384,0.17110522709676226,4.1771118764621466e-05,0.16605000000000003,3.849005810083386e-18
2023-04-16,2023-04-16T12:00:00.000,4.934463584172675,0.0378664077307007,-4.935476642499044,0.0002266254951208,60050.9717091923,52.0,7101.880625845323,0.07568056171200647,-65.31469764915134,0.07568056171200647,56.336884480425056,0.0006065683543154687,0.1708982955297684,4.2210950252589036e-05,0.1659136538461538,2.620099334838804e-06
2023-04-17,2023-04-17T12:00:00.000,4.721522974472478,0.0342183131830935,-4.936447328475857,0.0002050979952468,60052.018657328124,64.0,7102.389271246592,0.06840245718041996,-65.39142636559212,0.06840245718041996,56.330010743393665,0.000550358234011804,0.1707154704967419,3.803709315103485e-05,0.16539734375,7.609133855489316e-06
2023-04-18,2023-04-18T12:00:00.000,4.645478568813425,0.0374793691349138,-4.9394694800608026,0.0002258645174206,60053.01346109258,54.0,7103.156454512564,0.07493539982673818,-64.62968556001546,0.07493539982673818,56.31750993687206,0.0006019571934354154,0.17015085434873908,4.15896167117095e-05,0.16473018518518515,5.414288242479908e-06
2023-04-19,2023-04-19T12:00:00.000,3.997977255421562,0.0359220724526223,-4.94231171839648,0.0002179065049269,60054.007833672404,58.0,7103.06130560778,0.07182985464606553,-63.84393174724622,0.07182985464606553,56.322901707603876,0.0005778590933455978,0.16962801412402917,3.9915538820061085e-05,0.16431327586206892,1.7971532748193388e-06
2023-04-20,2023-04-20T12:00:00.000,3.911725158226449,0.0349293017289449,-4.942069678922025,0.0002118684564084,60055.01065116128,62.0,7103.356534627598,0.06982809667654047,-63.138141983549545,0.06982809667654047,56.312345722592795,0.000561555329405541,0.16967205982943534,3.883330300483891e-05,0.16416370967741928,1.1084472292633736e-06
2023-04-21,2023-04-21T12:00:00.000,3.174836231925198,0.0324179726179895,-4.944472737028713,0.0001982037849258,60056.09037494873,78.0,7100.496173106748,0.06294926947215532,-63.67444650484458,0.06294926947215532,56.32739800886319,0.0005059530201717405,0.1692123601583393,3.512469489309096e-05,0.16384512820512823,1.3114348383530081e-05
2023-04-22,2023-04-22T12:00:00.000,3.16983665654933,0.0487544211775521,-4.945288346577295,0.0002995956145153,60057.05554715625,32.0,7098.307683285093,0.0986383476422548,-63.61010847526895,0.0986383476422548,56.348251992869066,0.0007941408054182213,0.16903139127973416,5.496820993188678e-05,0.16330843750000001,3.3649370215911e-05
2023-04-23,2023-04-23T12:00:00.000,2.8316143062762587,0.031261440330516,-4.94863407553692,0.0001926033801213,60058.00784379452,73.0,7098.3785645617345,0.06387696764599426,-64.42963253285434,0.06387696764599426,56.35593726342013,0.0005135763506567145,0.16849207562086316,3.544141413821021e-05,0.16274,4.977116584702058e-06
2023-04-25,2023-04-25T12:00:00.000,2.6051424443208604,0.034898265376714,-4.951686593864701,0.0002150376323846,60059.99520278688,61.0,7098.110076595488,0.06972473319355225,-65.38697126147187,0.06972473319355225,56.36311632056298,0.0005619282307193118,0.16793513600686438,3.839345947046526e-05,0.16181377049180326,2.7773865770100515e-06
2023-04-27,2023-04-27T12:00:00.000,3.909529941264394,0.030803906640929,-4.949480061918153,0.0001898946477056,60062.09235596103,77.0,7099.60976970662,0.0622168124610016,-65.68760663791394,0.0622168124610016,56.339806386366966,0.0005003241497622664,0.16833512983617818,3.4446489668081977e-05,0.162351038961039,1.2752496382793275e-06
2023-04-28,2023-04-28T12:00:00.000,4.1917021138486845,0.0369010330273068,-4.949017085815423,0.0002275271090667,60062.97319863462,52.0,7100.123850073007,0.07614976951009575,-64.42418217347502,0.07614976951009575,56.34004550389329,0.0006121275475279876,0.16842863349289958,4.220286082185296e-05,0.16237653846153843,6.661733875271575e-07
2023-04-29,2023-04-29T12:00:00.000,3.732711252519505,0.0427248361178734,-4.947256814128371,0.0002609640367522,60064.029963575,40.0,7100.616225490541,0.08542465043776186,-63.693002719834965,0.08542465043776186,56.338681900589805,0.000687264282627711,0.16872736512297093,4.729023214481891e-05,0.1622065,2.520429348854513e-06
2023-04-30,2023-04-30T12:00:00.000,3.0993943467989697,0.0321333512162408,-4.949428315439704,0.0001978250551094,60065.16039241463,82.0,7100.33944629516,0.060796214290179305,-64.02139369665417,0.060796214290179305,56.34985448985282,0.00048814196741175215,0.16830869343504454,3.386707143305556e-05,0.16227414634146342,9.2033653486214e-06
2023-05-01,2023-05-01T12:00:00.000,2.011336945772912,0.0709602779101555,-4.951114524570009,0.0004458998527099,60065.88586714287,7.0,7097.237998840767,0.21504584235450275,-64.24618173283123,0.21504584235450275,56.36606577279375,0.0017275813033179443,0.16796299410898377,0.00012038622186660999,0.16249571428571427,2.020305089106442e-06
2023-05-02,2023-05-02T12:00:00.000,1.4342544309948362,0.0309205119982099,-4.949340446264961,0.0001900005078317,60067.04451864936,77.0,7098.637449219884,0.06180848824697662,-65.3560060442035,0.06180848824697662,56.355206454232025,0.0004976809447092489,0.16835005158422506,3.415707761009199e-05,0.16293038961038964,4.685755812448041e-06
2023-05-03,2023-05-03T12:00:00.000,1.5653023726734216,0.037145807373774,-4.94797896064605,0.0002289893150659,60067.991859818176,55.0,7099.607141258593,0.07424337846864791,-66.4386526422361,0.07424337846864791,56.36630376469632,0.0005966529109531228,0.1685970872657377,4.136920377740491e-05,0.16327290909090902,2.5382292838025884e-06
2023-05-04,2023-05-04T12:00:00.000,4.611704136162314,0.0504529522309753,-4.945983646501921,0.0003092822447093,60069.16325210001,30.0,7100.899491285142,0.09938188122097195,-67.88119098010733,0.09938188122097195,56.369118143336685,0.0007984391529833217,0.168945790668957,5.563531239754436e-05,0.1637243333333333,8.518854455034261e-06
2023-05-05,2023-05-05T12:00:00.000,4.268886456977692,0.0332010791478765,-4.943639556316023,0.0002030758165732,60070.040926073525,68.0,7099.82521974621,0.06678146696905865,-67.23204458140582,0.06678146696905865,56.366397296853435,0.0005354794787306085,0.16940782063080148,3.7336885228232e-05,0.16397647058823528,1.9516174364327544e-06
2023-05-06,2023-05-06T12:00:00.000,5.47314497561881,0.0358562459130607,-4.942721686277809,0.0002192845058008,60071.054757671875,64.0,7100.948177083558,0.06968049144804177,-66.31351967073526,0.06968049144804177,56.35105965680521,0.0005615972669790577,0.16953011076690658,3.892959555473214e-05,0.16405046874999998,7.573809061849783e-06
2023-05-07,2023-05-07T12:00:00.000,6.815177186778838,0.0382733955781838,-4.942461933021324,0.0002346674287823,60072.02293326414,53.0,7102.033115506119,0.07697741051398097,-65.05918727477638,0.07697741051398097,56.33372674707386,0.0006180034959431177,0.16966780256202257,4.3187585996652805e-05,0.16440075471698115,2.378826694330068e-05
2023-05-08,2023-05-08T12:00:00.000,7.133109220029035,0.0291488460757204,-4.938987608309772,0.0001763251579408,60073.03699497676,86.0,7103.895048593546,0.05913387402602313,-63.94983544575382,0.05913387402602313,56.299505891529336,0.00047401505106559256,0.17025667976249,3.30862210781494e-05,0.1652339534883721,9.493721836182168e-06
2023-05-09,2023-05-09T12:00:00.000,5.392842077684862,0.0333351650441128,-4.935638347451158,0.0002006880758496,60074.03537291304,69.0,7105.679132860969,0.0666496459389285,-62.76536338788253,0.0666496459389285,56.29067232950032,0.0005361459779991161,0.17086165645913615,3.728920693422578e-05,0.1660242028985507,6.487596523933423e-06
2023-05-10,2023-05-10T12:00:00.000,4.5716673568407495,0.0376741600703784,-4.935989607723189,0.0002278716084483,60075.102494700004,60.0,7105.132372523936,0.07324055441293972,-62.8077316166747,0.07324055441293972,56.302016986893115,0.0005870801413557489,0.17078133310409085,4.136930972857815e-05,0.1660876666666666,6.541336041880702e-06
2023-05-11,2023-05-11T12:00:00.000,3.127278033742351,0.0352840611335625,-4.93698874766469,0.0002153086654708,60076.02335737096,62.0,7102.3307337842,0.07221604434667295,-63.135459265677795,0.07221604434667295,56.324432997183735,0.000579860178387112,0.17062300545254924,4.079452263948123e-05,0.1659467741935484,1.189905398396118e-06
2023-05-12,2023-05-12T12:00:00.000,3.648080712294165,0.0418040438235666,-4.937288485991553,0.0002535490785925,60077.01239436364,44.0,7099.818681134302,0.0835723411520674,-63.05788955225676,0.0835723411520674,56.33670578965025,0.0006723658475805525,0.17055634382862883,4.7087669208379675e-05,0.1655647727272727,6.198689048162876e-06
2023-05-13,2023-05-13T12:00:00.000,5.248417762718944,0.03887619512996,-4.940185974710502,0.0002373670487957,60078.00008209805,51.0,7098.3897746967095,0.07772825874411982,-63.46301441208061,0.07772825874411982,56.34273101852583,0.0006250218499307713,0.1700176363187279,4.377449186261876e-05,0.1646349019607843,8.482381042985633e-06
2023-05-14,2023-05-14T12:00:00.000,4.677527800859336,0.0333080949897442,-4.944789518524423,0.0002060720854344,60079.05306067103,76.0,7099.257939162777,0.06493651668755114,-64.03758875953731,0.06493651668755114,56.33648457905567,0.0005211044398256468,0.1691391554892604,3.667268727799564e-05,0.16334842105263156,3.202633380904525e-05
2023-05-15,2023-05-15T12:00:00.000,4.168173642119852,0.0313385784275266,-4.9488664117309,0.0001946367978503,60080.03294806578,76.0,7098.636341616726,0.06406744913614952,-64.20413158318429,0.06406744913614952,56.330481402968495,0.0005149952448747306,0.1684401637228181,3.5882826790432375e-05,0.16204223684210528,1.3911498064311793e-05
2023-05-16,2023-05-16T12:00:00.000,2.13769427234859,0.0349726757993545,-4.951256907513872,0.0002163624100124,60081.18214477144,70.0,7099.519300395558,0.06618368388204057,-63.8533947438558,0.06618368388204057,56.33309600008648,0.0005315791872594457,0.16794672510990147,3.6803651251348395e-05,0.16156528571428577,1.3683378302261546e-05
2023-05-17,2023-05-17T12:00:00.000,2.635968304506768,0.0290101452446095,-4.953359081707862,0.0001823921059517,60082.132556145836,96.0,7099.397023534371,0.05761260947565181,-63.86694918489067,0.05761260947565181,56.34186421394688,0.00046159568363105907,0.1676606144460081,3.237802256481948e-05,0.1620909375,2.3778066576356558e-05
2023-05-18,2023-05-18T12:00:00.000,1.6458302514087495,0.0301289618634023,-4.950691547356525,0.0001872885813916,60083.08078561842,76.0,7100.4416131324415,0.06324243211254288,-64.80661625952877,0.06324243211254288,56.34581589934688,0.0005093843139018824,0.1681549425047031,3.5178842481773066e-05,0.16302644736842106,1.1721481176041618e-05
2023-05-19,2023-05-19T12:00:00.000,1.6572772180316817,0.0336508706223615,-4.946861751125687,0.0002073075852157,60084.085960214295,70.0,7101.334829212511,0.06563175211993483,-64.94699501775209,0.06563175211993483,56.35885733568151,0.0005283468461362055,0.1687960339662184,3.673258132303699e-05,0.16361642857142858,2.4166067469036914e-06
2023-05-20,2023-05-20T12:00:00.000,1.852805725341136,0.0312630654153806,-4.946360910574825,0.000195516088558,60085.03747009639,83.0,7100.859233925205,0.0636128820185498,-66.4913139914327,0.0636128820185498,56.37393056511904,0.0005114752037045738,0.16889982325062142,3.61227165259966e-05,0.16365337349397593,3.966051605496197e-06
2023-05-21,2023-05-21T12:00:00.000,3.898620340493672,0.039908422256354,-4.947372567840708,0.0002519187845004,60085.975390555555,54.0,7098.192775674891,0.08039202711192976,-66.63634657381378,0.08039202711192976,56.39178368581541,0.0006474742162442999,0.1687026113093283,4.59510529447957e-05,0.16325814814814818,6.19434873570623e-06
2023-05-23,2023-05-23T12:00:00.000,7.291533005037653,0.035869073446758,-4.943284475562296,0.0002209402042378,60088.03108663935,61.0,7103.008143320046,0.07171478838528511,-65.66607790487835,0.07171478838528511,56.33516858433708,0.0005745908907842527,0.1694509350551221,4.036138165747006e-05,0.16369475409836068,7.3350962512525365e-06
2023-05-24,2023-05-24T12:00:00.000,7.634708076617424,0.0719030865928829,-4.9419142801523455,0.0004490696008968,60088.997077882355,17.0,7106.29468808696,0.14372990001430289,-63.99217737178943,0.14372990001430289,56.308743056321816,0.001153722243211333,0.16971198210846564,8.242431893362045e-05,0.16430823529411764,1.0045312563492574e-05
2023-05-27,2023-05-27T12:00:00.000,5.038011051472227,0.0485117326189121,-4.943531545536963,0.0003038258164157,60091.94194973077,26.0,7104.6345496854465,0.11240890830696747,-61.76172446260483,0.11240890830696747,56.33498447227922,0.000901601263887496,0.16952335172442182,6.398560327816198e-05,0.16394269230769234,3.5758890151295363e-06
2023-05-29,2023-05-29T12:00:00.000,0.617779211786598,0.0366820957195218,-4.9463534530237565,0.0002289761962874,60093.97743692158,51.0,7100.105172166995,0.07878600476770042,-62.44201968013803,0.07878600476770042,56.35626234223152,0.0006323563355751379,0.1689756167887945,4.436717991430776e-05,0.16328,0.0
2023-05-31,2023-05-31T12:00:00.000,-0.0747181296241775,0.0414930351058722,-4.945057834467889,0.000255945922413,60095.9656885,44.0,7099.85169370074,0.08294407377372259,-64.56060578979148,0.08294407377372259,56.345688584170375,0.0006678990296117975,0.1691315674710381,4.651963186483283e-05,0.1626965909090909,5.0152324190976805e-06
2023-06-01,2023-06-01T12:00:00.000,1.6340239109249637,0.0326232681787101,-4.949296300257262,0.0002019312543421,60097.10454452056,73.0,7098.615103470902,0.06361901678874568,-65.6156513951104,0.06361901678874568,56.36643932696391,0.0005105124262260936,0.16837583436443304,3.553091650740971e-05,0.16255493150684933,1.0861174774917136e-05
2023-06-02,2023-06-02T12:00:00.000,1.2569364086884158,0.0286171328507785,-4.946946617494289,0.0001767111302777,60098.097396957,93.0,7099.65870849698,0.05669142512189851,-65.78465168655816,0.05669142512189851,56.36032516115561,0.0004552990814923986,0.16877898357062826,3.1793859398325675e-05,0.1630911827956989,1.7264307752366877e-05
2023-06-03,2023-06-03T12:00:00.000,3.51900654305479,0.0347867789203581,-4.945098724587287,0.0002142387814391,60099.054689206896,58.0,7100.4981235663545,0.0714738215245996,-66.08685636660944,0.0714738215245996,56.341463755633846,0.00057316799326039,0.16919036983393063,4.0084089116169594e-05,0.16383206896551725,2.012627802631095e-05
2023-06-04,2023-06-04T12:00:00.000,2.921409178389945,0.0844278698177632,-4.9418463112908615,0.0005207611670353,60099.90262466666,9.0,7101.32775305649,0.1855627903680298,-67.96730107745503,0.1855627903680298,56.32130405975132,0.0014881547983659732,0.16969970214190094,0.00010477574275338035,0.16459,7.993052538854809e-06
2023-06-07,2023-06-07T12:00:00.000,8.411950599454551,0.0666533968118303,-4.925864164219128,0.0003989732817345,60103.309451695655,23.0,7105.653660386305,0.11842068322993589,-63.783977777763965,0.11842068322993589,56.288205166593826,0.0009499622364532814,0.17268246569409237,6.768970224285581e-05,0.16921695652173913,2.5703037935891486e-05
2023-06-08,2023-06-08T12:00:00.000,8.782166035159358,0.0615428920454677,-4.924912879045301,0.0003673553698351,60104.05720905263,19.0,7104.368443166187,0.12888022519096645,-64.4406441539607,0.12888022519096645,56.29198288587388,0.001034235975890343,0.1729405188211034,7.322042929229077e-05,0.16889421052631576,4.63795414508302e-05
2023-06-09,2023-06-09T12:00:00.000,9.29793013986564,0.0280115358753177,-4.925382172697555,0.0001669615902197,60105.052349042555,94.0,7104.14053703095,0.0567630815594495,-62.89534117028719,0.0567630815594495,56.283675499775356,0.0004540711014562129,0.17280294670099636,3.2319699934121126e-05,0.1682390425531915,1.1420569237756689e-05
2023-06-11,2023-06-11T12:00:00.000,7.014545891265425,0.0386382979866037,-4.932546271271537,0.0002352514084826,60107.03308203637,55.0,7104.165095916344,0.07668543941816464,-61.42617996857766,0.07668543941816464,56.28056985576538,0.000616404926865454,0.17138052300900516,4.400624402157527e-05,0.1660998181818182,3.587153557607006e-05
2023-06-12,2023-06-12T12:00:00.000,4.189843825162002,0.0371384059273837,-4.938813846184003,0.0002288637499285,60108.02133367797,59.0,7101.80187505196,0.07375752815961038,-62.07335355990727,0.07375752815961038,56.30187040870516,0.0005924073559429747,0.17024736234380144,4.195228340705956e-05,0.16496084745762712,3.0096560105641264e-05
2023-06-13,2023-06-13T12:00:00.000,2.3417915308788295,0.0369552419694674,-4.941217356501327,0.0002253743909243,60109.14328172222,54.0,7098.8995874841685,0.07384152841207109,-62.86432632735756,0.07384152841207109,56.32370668909914,0.0005933672137955846,0.16981243058533949,4.142435275165542e-05,0.16355537037037043,2.1671444341752018e-05
2023-06-14,2023-06-14T12:00:00.000,0.3911381647473565,0.0473914845966054,-4.944477177082383,0.0002909932345665,60110.06827003333,30.0,7099.054225020693,0.09888721919337408,-64.58791449643506,0.09888721919337408,56.34669115296269,0.0007926667171832493,0.16923068823892726,5.535554549863448e-05,0.16326566666666667,9.84574513777408e-06
2023-06-15,2023-06-15T12:00:00.000,0.686914398227194,0.0372690829052955,-4.9459219080290495,0.0002289341024572,60111.02523709615,52.0,7098.093600957509,0.07452655481747274,-66.52724363982905,0.07452655481747274,56.36369358855851,0.0005978204757758467,0.16897000310813282,4.1645678679891066e-05,0.1636548076923077,1.7257342550665288e-06
2023-06-16,2023-06-16T12:00:00.000,2.367397948632848,0.0301767697007689,-4.943662661863123,0.0001849926617658,60112.029327799995,80.0,7098.834850752789,0.06032885080696618,-67.12797451977862,0.06032885080696618,56.36681381956087,0.000485227627092466,0.16938208016321393,3.391611672851785e-05,0.164073,6.355501952111474e-06
2023-06-17,2023-06-17T12:00:00.000,4.839526301624507,0.034319135357934,-4.94022700109335,0.0002094538857707,60113.046203000005,65.0,7099.497941228086,0.06725224067282902,-66.6334613519303,0.06725224067282902,56.354475576055776,0.0005394788723125034,0.1700292390664645,3.777311794395229e-05,0.16459030769230773,2.1882519840187723e-05
2023-06-18,2023-06-18T12:00:00.000,6.499269182007973,0.0331293686701564,-4.9368124015943575,0.0002024854349922,60114.03980111429,70.0,7101.69569913391,0.06615784787966421,-66.00628385265134,0.06615784787966421,56.32986674522501,0.000530606506653537,0.17067634229094433,3.753579100104919e-05,0.1656774285714286,3.873982105768153e-05
2023-06-19,2023-06-19T12:00:00.000,7.263858275938879,0.0303658108484914,-4.930075868745917,0.0001824652371793,60115.06687051219,82.0,7104.466476733093,0.060740006649772416,-64.87172917757292,0.060740006649772416,56.29055189260729,0.00048633816801108324,0.17197690677423347,3.43351666393557e-05,0.16739402439024392,2.8189821870564935e-05
2023-06-20,2023-06-20T12:00:00.000,7.57721391753815,0.0722589629461529,-4.925440738598205,0.0004377227892626,60115.89866123077,13.0,7106.6309334304815,0.1592588186405667,-63.80949036984236,0.1592588186405667,56.27382934123115,0.0012776015750887771,0.17270845668281126,9.16911573752389e-05,0.1684684615384615,4.058254305473579e-06
2023-06-21,2023-06-21T12:00:00.000,8.02225165097935,0.0421538894375612,-4.921754475074253,0.0002482336777605,60117.041318219504,41.0,7105.1698525100655,0.08430210926050984,-62.07994355106599,0.08430210926050984,56.27949779951409,0.0006730241318157749,0.17349202426019728,4.801859144088821e-05,0.16913439024390245,1.6765520835208453e-06
2023-06-22,2023-06-22T12:00:00.000,8.36574948726552,0.038001551992366,-4.922105399448098,0.0002247402277711,60118.0346351111,54.0,7104.966791057707,0.07407784780454044,-62.097497249517914,0.07407784780454044,56.28336189205093,0.0005928768112544916,0.17339045945557657,4.1961765425503795e-05,0.1690785185185185,1.1949718227506557e-05
2023-06-23,2023-06-23T12:00:00.000,7.610328860919622,0.0289451672511834,-4.924406043392708,0.0001725775410468,60119.04982268965,87.0,7103.519039392756,0.05873132029786432,-61.63181629551817,0.05873132029786432,56.29632693630182,0.0004702903823532823,0.17299409924272383,3.355822319878849e-05,0.1686147126436782,6.928510110495329e-06
2023-06-24,2023-06-24T12:00:00.000,6.347529218674535,0.0345201054430162,-4.925752210098721,0.0002052369258527,60120.03541791802,61.0,7101.290732433658,0.06903356776333108,-61.492037995081866,0.06903356776333108,56.31104163200767,0.0005527894480093549,0.17272277414360332,3.883394176082375e-05,0.16776180327868856,9.648206030255354e-06
2023-06-25,2023-06-25T12:00:00.000,4.642040430407087,0.0557152942524283,-4.930772840473963,0.0003334422542056,60121.07541917391,23.0,7100.166620273384,0.11142743880623998,-61.894553768882794,0.11142743880623998,56.31830869565217,0.0008966119804454214,0.17177217391304353,6.255432421712243e-05,0.16603434782608698,1.275841328179106e-05
2023-06-26,2023-06-26T12:00:00.000,3.342196248242323,0.0335691563751362,-4.939395492126811,0.0002060697988239,60122.03436692647,68.0,7100.065979635832,0.06711436378524209,-62.89982677156892,0.06711436378524209,56.328189398927734,0.0005385931833601468,0.170167377451021,3.798566546924908e-05,0.16432852941176468,1.3860373442669216e-05
2023-06-27,2023-06-27T12:00:00.000,4.16919790377295,0.0680290112102296,-4.944618211414458,0.0004189262853646,60123.25444399999,19.0,7099.399966683842,0.1293811300971311,-63.22494490461648,0.1293811300971311,56.35093810109886,0.0010408932513175325,0.16905025863396947,7.30009863623617e-05,0.16311263157894734,5.919460474695295e-05
2023-06-28,2023-06-28T12:00:00.000,3.0604258074123423,0.0569079424748924,-4.950654466142279,0.0003701072256575,60123.978253999994,28.0,7100.823122897578,0.11712516261389082,-64.37336992934756,0.11712516261389082,56.35043110699408,0.0009410072863146204,0.1682036328317479,6.8061961182721e-05,0.162405,2.9798707404230695e-05
2023-06-29,2023-06-29T12:00:00.000,2.8873837145019836,0.032236041662879,-4.951774508582053,0.0002060461485856,60125.07296978652,89.0,7101.7654432128575,0.06312470562427178,-64.02536538357835,0.06312470562427178,56.35359691488544,0.00050631626387388,0.16792453296119672,3.6121033827645846e-05,0.1616032584269663,7.1657297865125414e-06
2023-06-30,2023-06-30T12:00:00.000,2.1490734505762488,0.0308975710247734,-4.952282019253466,0.0001958901955191,60126.07750828235,85.0,7102.360261068199,0.06219081760873481,-63.989992122026415,0.06219081760873481,56.34383606591822,0.0005004226296569624,0.16784107102528703,3.5265998433855594e-05,0.16214588235294117,2.5195201022336535e-05
2023-07-01,2023-07-01T12:00:00.000,1.8530116974403432,0.0417732723413077,-4.948356570778692,0.0002641057698254,60126.96443548889,45.0,7103.025624847134,0.08568094532011535,-64.31465929110065,0.08568094532011535,56.34332548376386,0.0006872823292242194,0.16855390385299154,4.8799518289101034e-05,0.16334622222222223,1.2236263743186475e-05
2023-07-02,2023-07-02T12:00:00.000,1.7110754335476734,0.0401937551329315,-4.9429302813137,0.0002500258424182,60128.14957453703,54.0,7101.284513872681,0.0772808666442475,-64.98612701088572,0.0772808666442475,56.34825635108684,0.0006217857100189065,0.16954097902249726,4.415105955402437e-05,0.1645572222222222,1.9948250076354647e-05
2023-07-03,2023-07-03T12:00:00.000,1.5451058623716611,0.048682860690067,-4.940230605333534,0.0003044863627416,60128.936237322574,31.0,7101.914706517575,0.10331277690797099,-65.8381447191907,0.10331277690797099,56.344582095599975,0.0008308326177379578,0.17005196569011052,5.9240954847421415e-05,0.16504935483870964,4.120118065720765e-06
2023-07-04,2023-07-04T12:00:00.000,5.1024820977369885,0.0361418528671386,-4.939763366320278,0.0002265553415803,60130.009870260874,69.0,7099.358920278271,0.07211316498887832,-65.4616314611212,0.07211316498887832,56.33515352493634,0.0005809065776245458,0.1701021260323239,4.155033275649011e-05,0.16520086956521735,4.274964941724573e-06
2023-07-05,2023-07-05T12:00:00.000,5.69638855387247,0.0348380304059172,-4.940771953004406,0.0002221627687217,60131.06291390243,82.0,7099.747878357551,0.06930009927170858,-65.43317320126319,0.06930009927170858,56.31518473644901,0.0005557957087165262,0.1699260615204512,4.05607493186443e-05,0.16518548780487807,3.619814148858751e-06
2023-07-06,2023-07-06T12:00:00.000,5.6836871015261545,0.0334390275150972,-4.936192859771239,0.0002036688307415,60132.016233808834,68.0,7102.394157067661,0.06681584218863443,-64.09522626016445,0.06681584218863443,56.29507076068631,0.0005371335913857768,0.1707659809861947,3.800321502482826e-05,0.1653869117647059,1.1524938212213626e-06
2023-07-07,2023-07-07T12:00:00.000,6.174359785816816,0.0789203867775599,-4.934473596927876,0.0004782333611965,60133.07965358334,12.0,7102.52525576298,0.1578562850460972,-62.896001062642114,0.1578562850460972,56.304449999999996,0.0012701705922171767,0.1710816666666667,8.9489291724392e-05,0.16558499999999998,4.522670168664003e-06
2023-07-08,2023-07-08T12:00:00.000,5.742526176198095,0.0347418121913118,-4.9345553687619,0.0002112592068512,60134.09317079711,69.0,7104.037055410592,0.0662910387468558,-62.85610526574436,0.0662910387468558,56.30486636532082,0.0005336025282553465,0.17104678473955753,3.781224590206283e-05,0.16581898550724633,3.159209109376849e-06
2023-07-09,2023-07-09T12:00:00.000,5.558846114203887,0.0455453009735086,-4.934347470956341,0.0002789711779304,60134.92931664517,31.0,7104.6041950859035,0.09971536354877825,-62.40951791147894,0.09971536354877825,56.30810945391699,0.0008009389910205481,0.17117293103106965,5.673709258652781e-05,0.16587000000000005,1.135923668493689e-06
2023-07-10,2023-07-10T12:00:00.000,3.77982631509769,0.0303608485572888,-4.933992848760602,0.0001846998600855,60136.08982920454,88.0,7103.5949063031085,0.05921777185730298,-62.72598074232909,0.05921777185730298,56.33705813505033,0.00047698123158478636,0.17113066368263508,3.377652778939752e-05,0.16587011363636364,1.4319674500490914e-06
2023-07-11,2023-07-11T12:00:00.000,2.600085723446393,0.0586966081353757,-4.938641138116329,0.000371963019077,60136.915067818176,22.0,7104.338536769017,0.12989104267712656,-62.82920172138052,0.12989104267712656,56.34288308020967,0.0010435838821388668,0.1703230137673263,7.55525093368939e-05,0.16585681818181813,1.2107676425067902e-06
2023-07-12,2023-07-12T12:00:00.000,2.851586699192324,0.063816272396733,-4.9411051841639555,0.0004095146164455,60138.02631644,25.0,7103.152650363524,0.12763213922518535,-64.09432058116121,0.12763213922518535,56.34858786763062,0.0010239076968908158,0.16984743712230216,7.542371437848631e-05,0.1651188,7.922962408931379e-06
2023-07-13,2023-07-13T12:00:00.000,3.0977767314523916,0.047734520564704,-4.942937881552396,0.0003103264751589,60138.97448920833,48.0,7102.869519746144,0.09517991224804034,-64.61874874176267,0.09517991224804034,56.34775318044312,0.0007653661313830067,0.1695367779572676,5.655687471649078e-05,0.16449875,1.0990405228750016e-06
2023-07-15,2023-07-15T12:00:00.000,4.396603715386626,0.0576126534505034,-4.938159177128401,0.000354190772547,60141.00722865215,23.0,7104.139229678594,0.11516814916362093,-65.50696776649059,0.11516814916362093,56.339963715396664,0.0009271384028894897,0.17039611157728496,6.569444220514529e-05,0.1656278260869565,5.691562361104063e-06
2023-07-16,2023-07-16T12:00:00.000,7.422504973427331,0.0360910919861195,-4.932640593165465,0.0002205700213905,60142.213790231894,69.0,7102.7662562393425,0.06810915256144728,-64.74868070059946,0.06810915256144728,56.33128728021136,0.0005461071581385749,0.1714037458408084,3.896172604248406e-05,0.1669789855072464,2.2042105842880433e-05
2023-07-17,2023-07-17T12:00:00.000,7.472043827845823,0.0369297310588784,-4.930801258609517,0.0002275208916752,60143.17476545161,62.0,7104.357393999534,0.07400707628491578,-64.18991066209519,0.07400707628491578,56.31789359216961,0.0005932241515843921,0.1718641978511414,4.2940282364979325e-05,0.1674064516129033,2.1461262705130393e-06
2023-07-18,2023-07-18T12:00:00.000,8.616752857661282,0.0288199116308993,-4.92735697071582,0.0001748194430147,60144.05196317977,89.0,7105.921100838629,0.05967450541975788,-64.45926655468793,0.05967450541975788,56.30318501672093,0.0004781266276064484,0.17246793631412932,3.427790454075348e-05,0.16747640449438203,1.3953738594518797e-06
2023-07-19,2023-07-19T12:00:00.000,8.974335053491503,0.032533019145064,-4.927465905823039,0.0001985638478658,60145.089795590364,83.0,7107.483317151603,0.06402928373700893,-63.53111116023558,0.06402928373700893,56.28860679894619,0.000513839074631322,0.17240512360512356,3.708661970237176e-05,0.16792108433734937,8.649664303951257e-06
2023-07-20,2023-07-20T12:00:00.000,7.232828201125083,0.0292786586427887,-4.926504831601778,0.00017883946751,60146.088428120005,100.0,7107.2916222060385,0.05801310031989653,-62.98898498218963,0.05801310031989653,56.28386182426385,0.0004643194762686667,0.17258949227415762,3.3689034764730356e-05,0.1681683999999999,1.419346840819529e-06
2023-07-21,2023-07-21T12:00:00.000,5.7430579049331865,0.0284738152832379,-4.926506146714663,0.0001722162724807,60147.05781829787,94.0,7105.770645038839,0.05768334592107974,-62.58922711587037,0.05768334592107974,56.29945199120568,0.0004620035116819184,0.17259219113995325,3.304787496954454e-05,0.1680948936170213,1.5627255699075657e-06
2023-07-22,2023-07-22T12:00:00.000,7.029579615642207,0.0295790448680922,-4.926730107834552,0.000178148377095,60148.10737605376,93.0,7104.50126435745,0.057666245325154,-61.74729115585875,0.057666245325154,56.308448013280504,0.00046346012499769406,0.17251649625196738,3.29839817280848e-05,0.16791827956989253,8.082417407727233e-06
2023-07-23,2023-07-23T12:00:00.000,6.312669161219263,0.0275104157404741,-4.928680991554509,0.000166998097467,60149.05604135052,97.0,7101.226891663449,0.05645388136422338,-62.23444566371992,0.05645388136422338,56.32768359729869,0.0004534777847564266,0.17218495213548757,3.22794129944648e-05,0.16752298969072166,6.164213572032639e-06
2023-07-24,2023-07-24T12:00:00.000,5.827705813874458,0.0325769633335967,-4.930297422478079,0.0001967006534049,60150.01741763381,71.0,7102.047789175733,0.06513223530500206,-63.20930618340391,0.06513223530500206,56.317963338732476,0.0005244403260030423,0.17186233800056916,3.702547175199938e-05,0.16668014084507043,1.0710180488978705e-05
2023-07-30,2023-07-30T12:00:00.000,5.220313683740777,0.0344278956905871,-4.932851032035964,0.0002118174718255,60156.01667592754,69.0,7102.157707665347,0.06884219205359934,-65.17525241162016,0.06884219205359934,56.335178635267056,0.0005526055514110461,0.1713794667816551,3.969480105735969e-05,0.16704579710144932,6.331310969907776e-06
2023-07-31,2023-07-31T12:00:00.000,6.117677252131662,0.0393472092335632,-4.9314934254879175,0.0002468127787529,60157.01058217742,62.0,7102.877001956568,0.07849881357680774,-63.936703673654726,0.07849881357680774,56.32741364187398,0.0006304679908355641,0.17164447399139462,4.613582423979761e-05,0.1672429032258065,2.149700171857416e-06
2023-08-01,2023-08-01T12:00:00.000,5.939753683932985,0.0516863069370083,-4.932055288295223,0.0003237513511197,60158.07465891428,35.0,7104.328248762115,0.10333948607639774,-64.13034694460593,0.10333948607639774,56.31142213515915,0.000829424909340979,0.1715371625717542,6.061111882464931e-05,0.16649799999999998,9.480630408426372e-06
2023-08-02,2023-08-02T12:00:00.000,5.613989312998727,0.0796175089574658,-4.93382308357707,0.0004997557403592,60158.96451673333,15.0,7103.685043977851,0.15925231127227993,-63.376667933737316,0.15925231127227993,56.30747657651559,0.0012803772574515098,0.17119906239193802,9.361960130525583e-05,0.16642533333333334,3.6340541006355445e-06
2023-08-03,2023-08-03T12:00:00.000,5.378478749091238,0.0355171247553704,-4.9339740109593375,0.000223421624257,60160.04031452,75.0,7102.6467670755355,0.07095125452504451,-63.412017928612926,0.07095125452504451,56.30476132735959,0.0005690625111910692,0.17117626171896572,4.157515435794973e-05,0.16697173333333332,1.6697988586141673e-06
2023-08-06,2023-08-06T12:00:00.000,4.705607971515525,0.0614927057518746,-4.933115320149414,0.0003761569128921,60163.30388133333,27.0,7100.31149482199,0.10763396905245065,-63.53764523067612,0.10763396905245065,56.328747380678486,0.0008632910934127823,0.17122980573675095,6.199755599189563e-05,0.166332962962963,2.300634629906893e-05
2023-08-07,2023-08-07T12:00:00.000,3.66039546705317,0.0284800520672801,-4.9346517840171735,0.0001754052878045,60164.05360548315,89.0,7099.0982317487615,0.058832802424901076,-64.12904719475901,0.058832802424901076,56.33661512228362,0.00047296944670097054,0.17105314238403338,3.368173339072434e-05,0.16612022471910112,1.035349764119444e-06
2023-08-08,2023-08-08T12:00:00.000,4.2357514838969585,0.0409970792494117,-4.936163067890456,0.0002525601008624,60165.08823593333,45.0,7099.696854574745,0.08199573447610274,-64.46873910921069,0.08199573447610274,56.327850163923536,0.0006578436144064428,0.1707671771049172,4.682423959194248e-05,0.16597999999999996,1.23091490979285e-06
2023-08-09,2023-08-09T12:00:00.000,3.479178326718914,0.0400826885603655,-4.938129520202849,0.0002529754928135,60165.98121780357,56.0,7099.63426030448,0.0799529226147368,-64.45884505560576,0.0799529226147368,56.32778753831143,0.0006430181895781331,0.1704200905505099,4.6591830492069695e-05,0.16614089285714284,4.007110447354008e-06
2023-08-10,2023-08-10T12:00:00.000,4.617745593358524,0.0467563546953476,-4.937472230113438,0.0002991100252789,60167.02119380433,46.0,7100.554617517848,0.09326657904462218,-63.505655040661786,0.09326657904462218,56.32719173487702,0.000747737500212663,0.1705344691461559,5.50801287578734e-05,0.1664473913043478,1.0040874246768375e-06
2023-08-11,2023-08-11T12:00:00.000,4.4697186567367995,0.0724079285231981,-4.939761957077878,0.0004988315132828,60168.09589480001,30.0,7099.376516258748,0.14467062084670626,-64.05154941580491,0.14467062084670626,56.33292980534765,0.0011631060384605285,0.1701121971567538,9.188422864525059e-05,0.16672633333333337,3.268917826252888e-06
2023-08-12,2023-08-12T12:00:00.000,4.582798240654607,0.07407514126809,-4.9362226921923975,0.0004712774898742,60169.23171981819,22.0,7099.361847519959,0.1390054639612357,-63.10004445433459,0.1390054639612357,56.31479136558655,0.001115854168863025,0.17066317292878525,8.295487766666429e-05,0.16672863636363633,7.186310173919697e-06
2023-08-13,2023-08-13T12:00:00.000,4.8053259706802525,0.054779717373951,-4.938619721097813,0.0003613477061107,60169.99674565714,35.0,7098.732727383559,0.11238287410019696,-63.36740385380393,0.11238287410019696,56.317529342134776,0.0009034905539340776,0.17039220153786355,6.750783129116206e-05,0.16667085714285718,4.80096028808751e-07
2023-08-14,2023-08-14T12:00:00.000,5.4363268740832735,0.0361259492581818,-4.935896281288598,0.0002300311629078,60171.03375758441,77.0,7099.642077957171,0.07217136148441688,-64.15830313261556,0.07217136148441688,56.31446310208985,0.0005802129146267289,0.1708190845077748,4.2769542446727134e-05,0.1667967532467532,1.9862958243672316e-06
2023-08-15,2023-08-15T12:00:00.000,5.713746288172742,0.0389446426256204,-4.935263751540452,0.000248668063668,60172.06824629412,68.0,7100.835224594431,0.07725168516985648,-64.33028317098115,0.07725168516985648,56.30686835661008,0.0006208802017394905,0.1709282645909995,4.59175728006599e-05,0.16695735294117647,1.3353051404869003e-06
2023-08-16,2023-08-16T12:00:00.000,5.816894489681381,0.0462590246234011,-4.933918861900873,0.0002934150047682,60172.9620524889,45.0,7101.923141870474,0.09309852752522992,-63.88034916333338,0.09309852752522992,56.30527437315817,0.0007482326979037135,0.1712248963412924,5.5098867743078726e-05,0.16697355555555557,7.216392363418199e-07
2023-08-18,2023-08-18T12:00:00.000,5.70194883849468,0.0309775702142418,-4.933563720274385,0.0001926401637581,60175.043219114945,87.0,7099.9217395279875,0.06331241441858373,-62.87397804287792,0.06331241441858373,56.322538192791015,0.0005088934699305307,0.17125052404541025,3.681435929543592e-05,0.1664522988505747,8.05570878219711e-06
2023-08-19,2023-08-19T12:00:00.000,4.567345771574782,0.0625673794892294,-4.9385579203141985,0.0004074912316031,60175.93903459259,27.0,7098.033091076259,0.12648657484477596,-63.62755838991441,0.12648657484477596,56.333362665632194,0.0010188883907100213,0.17031329550324265,7.586904824574202e-05,0.16585703703703705,5.030245127636359e-06
2023-08-21,2023-08-21T12:00:00.000,4.0916456266733885,0.0516743784469275,-4.944619094341378,0.0003339708588076,60178.08412248648,37.0,7097.31134517245,0.10319679503014521,-64.92168571351174,0.10319679503014521,56.341275131447595,0.0008309463825116056,0.1692244466324705,6.084557958466984e-05,0.16402189189189192,3.396647301172652e-06
2023-08-24,2023-08-24T12:00:00.000,4.557700129469193,0.0560185246291973,-4.945484588746443,0.0003707667275672,60181.14340836111,36.0,7099.219995454533,0.11130114542792416,-65.40737334726668,0.11130114542792416,56.3394942980726,0.0008944437063279991,0.16906587166794554,6.659177325453758e-05,0.1642002777777778,2.777777777772846e-07
2023-08-26,2023-08-26T12:00:00.000,4.224889127835453,0.0650558811928905,-4.939772465298484,0.0004055712238435,60183.212373304355,23.0,7099.346216814697,0.12130240528222437,-65.11295917072974,0.12130240528222437,56.32729959681302,0.0009742397645607179,0.16999028063660263,6.990494485845156e-05,0.1642113043478261,3.17245079749923e-05
2023-08-27,2023-08-27T12:00:00.000,3.5010051978815517,0.059351807261831,-4.943968271854389,0.0003838742405697,60183.91675065218,23.0,7097.658905568991,0.1261986028777398,-65.50585697455934,0.1261986028777398,56.33835735597723,0.0010137776322660277,0.16936414316385712,7.43847802738119e-05,0.16385478260869563,3.3780016789272944e-06
2023-08-28,2023-08-28T12:00:00.000,2.2422686726732985,0.0337364980312542,-4.941603461727833,0.0002091728661566,60185.03433898485,66.0,7100.087999084755,0.0674558162203496,-63.890920324279634,0.0674558162203496,56.321765919942806,0.0005433400281335568,0.16976117023497458,3.844289048826574e-05,0.16327757575757576,3.393814516517361e-06
2023-08-29,2023-08-29T12:00:00.000,1.898186693060872,0.0371267557872464,-4.943237322203321,0.0002305752727492,60186.04012037037,54.0,7100.365116067167,0.07423337933720979,-63.82194870442649,0.07423337933720979,56.32554715612173,0.000595490346006063,0.16946242855071364,4.223369487540991e-05,0.16325074074074078,2.9300230493992587e-06
2023-08-30,2023-08-30T12:00:00.000,0.9139629038158412,0.0343452143005197,-4.941126256869349,0.0002128707978444,60187.008657666665,63.0,7100.0267182228845,0.06868616679741905,-63.72895180224657,0.06868616679741905,56.32999694434219,0.0005525651450291796,0.16984473203590844,3.926063560891424e-05,0.16328857142857148,1.498542436692926e-06
2023-08-31,2023-08-31T12:00:00.000,2.0774278351687188,0.0329511750457291,-4.942662176534826,0.0002057530353935,60188.023266826094,69.0,7097.716836187828,0.0658818004466391,-63.99145630478058,0.0658818004466391,56.33827233491749,0.0005305483824865407,0.1695634653736473,3.7734946513639156e-05,0.16313652173913037,1.4719034853787994e-06
2023-09-02,2023-09-02T12:00:00.000,3.1264448724989475,0.0331283038845583,-4.943892967844563,0.0002073374396661,60190.03169059421,69.0,7095.765587366578,0.066237736219844,-64.55691719499089,0.066237736219844,56.34698902862272,0.0005335876304791011,0.16933956867762465,3.782434075987294e-05,0.16311898550724638,3.219353026669116e-06
2023-09-03,2023-09-03T12:00:00.000,4.3188463362156,0.0376636092290847,-4.944097105871325,0.0002358439427697,60191.050512792455,53.0,7097.064785089907,0.07531610677257332,-64.87265238345648,0.07531610677257332,56.33883057759538,0.0006066218548238223,0.16930133157079466,4.2927523869243643e-05,0.16316377358490564,3.4835963838996706e-06
2023-09-04,2023-09-04T12:00:00.000,4.971543177883674,0.0829342092713494,-4.941601921114944,0.0005174806646298,60192.088850090906,11.0,7099.82584656518,0.16580876365435102,-64.13734306295864,0.16580876365435102,56.31471111880845,0.0013318095437763093,0.16976566604101778,9.450774102618697e-05,0.16351363636363636,3.377122840182408e-06
2023-09-06,2023-09-06T12:00:00.000,2.59054544422402,0.0574291115914448,-4.939352890463296,0.0003614911739744,60193.91407757142,21.0,7098.786013517088,0.12425173355774297,-65.4468949587577,0.12425173355774297,56.31996583864657,0.0009979290567212016,0.1702698712342931,7.200933655170832e-05,0.1648495238095238,6.742762980240491e-06
2023-09-07,2023-09-07T12:00:00.000,3.5900952206195713,0.0512321611481043,-4.935686490618397,0.0003143957141343,60195.02975675,28.0,7098.947304278824,0.10248158923267259,-64.40791426688706,0.10248158923267259,56.32101963705203,0.0008273612961371918,0.17085392857142853,5.858449331643021e-05,0.16560571428571427,1.5793451382650592e-06
2023-09-08,2023-09-08T12:00:00.000,4.627972947772342,0.0342447427556131,-4.933319252915443,0.0002109717637601,60196.03374448485,66.0,7099.148347656265,0.06802245842415329,-64.2692251051603,0.06802245842415329,56.32657774898833,0.0005460973758265069,0.1712944405382071,3.940818305858273e-05,0.16578924242424242,1.7043835716966164e-06
2023-09-09,2023-09-09T12:00:00.000,4.15799374578802,0.0343135190992335,-4.931913652887644,0.0002118335057922,60197.06331837144,70.0,7099.961042769855,0.06685338877046035,-64.02918616521144,0.06685338877046035,56.325366824066066,0.0005362150501959558,0.1715233959982676,3.886117305086317e-05,0.1658211428571429,2.8382397450943365e-06
2023-09-10,2023-09-10T12:00:00.000,4.204730729442035,0.0363019417352846,-4.932458818163338,0.000224089348596,60197.98753683333,54.0,7101.438149191659,0.07529301721376108,-64.03300514832421,0.07529301721376108,56.30999281061537,0.0006052303482462329,0.17151047156211413,4.336087470397577e-05,0.16595000000000001,3.830803102601381e-06
2023-09-12,2023-09-12T12:00:00.000,4.69091259430852,0.0491759083380875,-4.93321582830188,0.000303301291332,60200.0399257143,28.0,7101.531970145145,0.10386131332383926,-62.58204746726367,0.10386131332383926,56.30274938849513,0.0008364994344818654,0.17133956225073949,5.930468151060621e-05,0.16554142857142856,6.734350297021473e-07
2023-09-13,2023-09-13T12:00:00.000,3.927506882619833,0.1590632953331744,-4.933268779552072,0.0009779007821737,60201.05049266666,3.0,7100.362148867076,0.3182767502929258,-62.18888826202562,0.3182767502929258,56.30161969595723,0.0025591564346870497,0.17130646978954514,0.0001827659553448882,0.16535,1.000000000000075e-05
2023-09-15,2023-09-15T12:00:00.000,5.712857813778336,0.0296931668069631,-4.935843713119981,0.0001841388158456,60203.0392656628,86.0,7098.439302416946,0.059639235681020294,-62.83470277646038,0.059639235681020294,56.320796628754046,0.00048046879349799047,0.17083205008910549,3.433830614043631e-05,0.16480639534883723,4.948193415433917e-06
2023-09-17,2023-09-17T12:00:00.000,3.425725004976756,0.0357540341944186,-4.938988337866149,0.0002225884865249,60205.01073903389,59.0,7099.106819539819,0.07147866020752087,-63.86914905313729,0.07147866020752087,56.324834573866596,0.000576422987596644,0.17024321294256212,4.094348713921136e-05,0.164464406779661,6.518949781805367e-07
2023-09-18,2023-09-18T12:00:00.000,3.0318314716265444,0.0648197392367876,-4.937315010121685,0.0004028716345941,60206.117732833336,18.0,7101.045812669092,0.12962931888478094,-64.30728353010538,0.12962931888478094,56.31382361606279,0.0010409093369456591,0.17055144107050954,7.501601971456482e-05,0.1648577777777778,3.7534781739509385e-06
2023-09-19,2023-09-19T12:00:00.000,4.907529554960758,0.0489501720644047,-4.933851258407277,0.000301019723222,60207.08389774193,31.0,7100.585603285569,0.09788994927021447,-63.753921216510165,0.09788994927021447,56.32879567989408,0.0007896642715153289,0.1711975641190461,5.623850257105074e-05,0.1652735483870967,1.997223185054901e-06
2023-09-20,2023-09-20T12:00:00.000,6.255758183163912,0.0527969193930372,-4.933401344720296,0.0003252780722083,60208.03015996297,27.0,7099.401513142324,0.1054282575761037,-64.62740629425855,0.1054282575761037,56.329990202911866,0.0008456645540992529,0.17128794589336568,6.0690839375650925e-05,0.16561777777777778,7.127918172501502e-06
2023-09-24,2023-09-24T12:00:00.000,4.352901150319118,0.0338726050173972,-4.932106381771726,0.0002074015250471,60212.02450301539,65.0,7102.230038471963,0.06772951889195146,-62.79971729811176,0.06772951889195146,56.2964664127386,0.0005432692992432027,0.17152353315083962,3.89088665286504e-05,0.16521292307692304,1.2153481007166352e-06
2023-09-25,2023-09-25T12:00:00.000,3.766075520069621,0.0358035718298239,-4.932538076598278,0.0002191005451157,60213.01337882759,58.0,7101.97435698534,0.07158934328361427,-62.5036708405096,0.07158934328361427,56.299458390686766,0.0005736991972970347,0.17144307710254916,4.107307289904058e-05,0.16519793103448274,1.3417449584605899e-06
2023-09-26,2023-09-26T12:00:00.000,3.976772446665974,0.0436990825606328,-4.933579452702339,0.0002684886635198,60214.044911880956,42.0,7101.2018804392965,0.08465715740458729,-62.9115129226175,0.08465715740458729,56.3086673588579,0.0006792018104685285,0.17119734933462352,4.8669645441464135e-05,0.16440214285714286,1.3595857956582573e-05
2023-09-27,2023-09-27T12:00:00.000,3.4508985173377575,0.0484131621264113,-4.934681424337953,0.000300311849154,60215.00132456666,30.0,7099.649835239977,0.10068884106531203,-63.41102802582924,0.10068884106531203,56.32506759409937,0.0008128896195149441,0.1711202513280027,5.7946430254129203e-05,0.16441266666666665,2.2943876218693075e-05
2023-09-28,2023-09-28T12:00:00.000,2.9893547259281377,0.0562253745494185,-4.936175017071535,0.0003490835446028,60215.962862541666,24.0,7097.308386178703,0.11241779320233411,-64.52875655363692,0.11241779320233411,56.33803875590012,0.0009054126957757146,0.17076482060157372,6.483909395327236e-05,0.16520208333333333,8.468112965579347e-07
2023-09-29,2023-09-29T12:00:00.000,4.472138116039105,0.0426185750877446,-4.9361629831911475,0.0002655779720876,60216.98396204651,43.0,7097.551535058307,0.08517050443219813,-64.77343677984257,0.08517050443219813,56.331552423003224,0.0006839613408678631,0.1707649800068463,4.946408853739288e-05,0.1653706976744186,2.8314666935098945e-06
2023-09-30,2023-09-30T12:00:00.000,4.655726103478749,0.0364471057920875,-4.936304429487526,0.0002298424320484,60218.01055173437,64.0,7097.026355686074,0.07279595571377362,-65.20145023964854,0.07279595571377362,56.33034709737225,0.0005857691314955647,0.17074268982854265,4.249569272211348e-05,0.16586734375,6.413504893182673e-06
2023-10-01,2023-10-01T12:00:00.000,6.069122175034641,0.0393400365594812,-4.931762015649716,0.000243213239672,60219.05925316981,53.0,7099.996601802382,0.07752803793114027,-65.48375359221606,0.07752803793114027,56.30932417034359,0.0006229239962109912,0.17156008209416557,4.5011333779576515e-05,0.16662094339622643,1.8972641197305914e-05
2023-10-02,2023-10-02T12:00:00.000,7.214186538437682,0.0736455303694677,-4.932755410637036,0.0004667322476838,60219.906256333335,15.0,7098.87082071591,0.15522018046760158,-65.33521473692385,0.15522018046760158,56.303562610594646,0.0012484413002214413,0.17150121476379174,9.173506974620113e-05,0.16731799999999997,5.363012657257548e-06
2023-10-04,2023-10-04T12:00:00.000,8.958382055205941,0.1120541210886542,-4.929843211826228,0.0007384334501659,60221.91009433333,9.0,7100.622613446819,0.23229103700043735,-62.92810525123124,0.23229103700043735,56.289454326571544,0.0018656951178942901,0.17203312869311507,0.0001437912281428025,0.16831,0.0
2023-10-05,2023-10-05T12:00:00.000,7.870926230212287,0.0421236519582315,-4.925221304989766,0.0002616661328458,60222.99766597779,45.0,7100.4013824858785,0.08419515355532635,-61.77050896049776,0.08419515355532635,56.27498857896062,0.0006768112236958056,0.17282627056751343,4.983727750785728e-05,0.16859866666666665,6.432242017658991e-06
2023-10-06,2023-10-06T12:00:00.000,6.802871107185824,0.0387785465641844,-4.924022069270482,0.0002407269127684,60224.001568592605,54.0,7101.132509884565,0.07747022229870078,-61.8392472157786,0.07747022229870078,56.272064961918716,0.0006219602301857387,0.17306994559697964,4.588669612691077e-05,0.16865407407407404,4.673239744309179e-06
2023-10-10,2023-10-10T12:00:00.000,2.6456589833080053,0.0392959540230703,-4.9379333523292095,0.0002555596483936,60228.03376645162,62.0,7097.476215534857,0.07837340930311328,-63.774922617050294,0.07837340930311328,56.33156241836643,0.0006305370935702064,0.17045054816835656,4.713488295713943e-05,0.16551177419354837,4.924196367435557e-06
2023-10-11,2023-10-11T12:00:00.000,3.889170557260526,0.0489175277939928,-4.938433600158112,0.0003186807594104,60228.97228676317,38.0,7096.502937808143,0.0977175563449009,-64.46923732492087,0.0977175563449009,56.330609523362035,0.0007868922938471036,0.1703494818006502,5.875497639993363e-05,0.16505263157894737,3.2154545576445635e-06
2023-10-13,2023-10-13T12:00:00.000,4.009155498398434,0.0327513266377811,-4.938557495903423,0.0002100261095081,60231.04385039743,78.0,7097.312037659611,0.06540691310790966,-64.78360901920597,0.06540691310790966,56.322042995110856,0.0005250248328750499,0.17031812707444163,3.870480248325331e-05,0.16458884615384617,3.6723116835663268e-06
2023-10-14,2023-10-14T12:00:00.000,3.93056778732958,0.0361200161251421,-4.937661678347813,0.0002301218897135,60231.99863014516,62.0,7097.574162487643,0.07220268348123221,-64.4480895801757,0.07220268348123221,56.31716990440114,0.0005804538749335594,0.1704889262305961,4.259247554974094e-05,0.16436000000000006,1.0284169677443065e-06
2023-10-27,2023-10-27T12:00:00.000,3.319722430458406,0.0466852704036753,-4.94442484883593,0.0003008874784345,60245.01749082857,35.0,7096.144374798498,0.0933021172759371,-65.8117505340073,0.0933021172759371,56.34074923652113,0.0007526139753521731,0.16925242131639592,5.486100325827298e-05,0.16312485714285713,1.122999755734853e-05
2023-10-28,2023-10-28T12:00:00.000,3.2551042168869464,0.0677762828640119,-4.94019191329922,0.0004354864806216,60246.03302252941,17.0,7095.829297310392,0.1354907706589792,-65.91522215335125,0.1354907706589792,56.33284099718454,0.0010908396185235715,0.17002007851407305,8.009531784855314e-05,0.16429294117647059,2.6370726666390777e-05
2023-10-30,2023-10-30T12:00:00.000,6.727642606198267,0.1600850771553209,-4.935962022158139,0.0010090803474142,60247.991000333335,3.0,7098.381408247498,0.3199699262892836,-64.62064412747561,0.3199699262892836,56.2964490644838,0.00255915643468705,0.17079411305434103,0.00018661788125471125,0.16486333333333333,3.3333333333274155e-06
2023-11-01,2023-11-01T12:00:00.000,6.680330873642482,0.0336922113551849,-4.930837458269928,0.0002113258725101,60250.03294897059,68.0,7101.500640225919,0.06733250113659926,-61.586171690468184,0.06733250113659926,56.26757214162794,0.0005407880674474695,0.17176639926312265,3.967343564207659e-05,0.16584617647058822,1.3591347716017543e-05
2023-11-02,2023-11-02T12:00:00.000,5.360381085207399,0.032386206753406,-4.929967623491889,0.0002015688140281,60251.030244547954,73.0,7101.162724233325,0.06470275400035895,-62.140148510079584,0.06470275400035895,56.28445771781195,0.0005214140509691096,0.1719336101323036,3.8035706442816304e-05,0.16677027397260277,4.87270455945515e-06
2023-11-03,2023-11-03T12:00:00.000,4.825430515810756,0.0328415745040709,-4.92815396550403,0.0002042428819365,60252.03286140845,71.0,7100.549305391901,0.06562335182197214,-62.25944773808952,0.06562335182197214,56.29758522430321,0.0005287065377431662,0.17226815324119113,3.8684918742561525e-05,0.16681830985915488,3.457042591667036e-06
2023-11-04,2023-11-04T12:00:00.000,4.498375733423673,0.0344380506281679,-4.928993390659649,0.0002147599062222,60253.03217134375,64.0,7098.4968727670885,0.0688400467150833,-63.23813658700034,0.0688400467150833,56.318837097743575,0.0005547204302781269,0.17211124714983944,4.061652497270198e-05,0.16625078124999998,6.814960373753636e-06
2023-11-05,2023-11-05T12:00:00.000,4.793668507421198,0.0379405433376572,-4.933412418002267,0.0002391103683105,60254.0008784151,53.0,7097.32610860259,0.07583427668422536,-64.04891040395088,0.07583427668422536,56.3336121326325,0.0006101023006839242,0.1712838040640053,4.4638681164588346e-05,0.1652788679245283,1.0031374502488515e-05
2023-11-06,2023-11-06T12:00:00.000,4.0328856754711175,0.0845805487726269,-4.937578853465478,0.0005365912361317,60254.941543636356,11.0,7095.129856270502,0.16907685783518345,-64.60000174226968,0.16907685783518345,56.34303241534598,0.0013621369209541104,0.17050181818181823,9.9498743710662e-05,0.1641618181818182,4.8276065626734895e-06
2023-11-07,2023-11-07T12:00:00.000,6.085053688812742,0.0638708507800753,-4.939413850051708,0.0004097773313585,60256.100184526316,19.0,7099.088864130708,0.12772961669889893,-64.70905341117557,0.12772961669889893,56.315405897270736,0.001023580744835841,0.17016351674769706,7.564255144323207e-05,0.16336789473684207,2.2398500587362802e-06
2023-11-08,2023-11-08T12:00:00.000,5.6446821296556005,0.0601582523888187,-4.938852530775011,0.0003823217274798,60256.96700442856,21.0,7099.070118933244,0.12028355474142047,-62.899110954095626,0.12028355474142047,56.30433675480885,0.0009672702131846637,0.1702678831267618,7.063742683008318e-05,0.1632090476190476,6.563832739078928e-07
2023-11-09,2023-11-09T12:00:00.000,5.005626814967607,0.0471023329273109,-4.93945176231198,0.0003003847092825,60257.96959397142,35.0,7098.477890039859,0.09412323739556835,-62.62748180479584,0.09412323739556835,56.30257783940735,0.0007562380640198643,0.17016820610848246,5.5366288793853765e-05,0.16298085714285715,2.60482514684188e-06
2023-11-12,2023-11-12T12:00:00.000,1.0101986435508834,0.1130461493124272,-4.945886277699347,0.0007276139974183,60261.0806046,5.0,7097.243798849456,0.24632456679978573,-62.597394715049816,0.24632456679978573,56.329440000000005,0.001967739820199815,0.16905399999999998,0.00014310835055998656,0.16126999999999997,4.472135955004051e-06
2023-11-13,2023-11-13T12:00:00.000,0.9999949421220542,0.0346901415546627,-4.951961104343385,0.0002307755321607,60262.031780852936,68.0,7095.768907283549,0.0693200743612373,-64.30781330237494,0.0693200743612373,56.35197936564285,0.000556655845146716,0.16789562133406685,4.124721662666152e-05,0.16003514705882352,1.1573888763075043e-05
2023-11-15,2023-11-15T12:00:00.000,1.368202894170108,0.0365998863672005,-4.960654687881597,0.0002476315471424,60264.03507568255,63.0,7093.678721478848,0.07309435885582305,-65.24240642913858,0.07309435885582305,56.371560120027404,0.0005893977868597608,0.16635111913910045,4.3345031519112264e-05,0.15832920634920636,1.62074346694414e-06
2023-11-16,2023-11-16T12:00:00.000,2.1262925313892413,0.0356505245873254,-4.960019289074746,0.0002400455590319,60265.03519915385,65.0,7093.7341987264335,0.07121013635517794,-65.355717473698,0.07121013635517794,56.36930317777091,0.0005728558118348641,0.16645142469950341,4.2166247015294215e-05,0.15825630769230775,6.032456592836082e-07
2023-11-20,2023-11-20T12:00:00.000,1.2950041829113312,0.0749958308538428,-4.948882918168225,0.0005039269668159,60269.1144295,16.0,7098.535629752551,0.1491591603253384,-67.15927353309816,0.1491591603253384,56.34513965285474,0.0011982799522254394,0.1684500005873338,9.012282081392383e-05,0.162949375,2.4125863542403e-05
2023-11-23,2023-11-23T12:00:00.000,7.102499688393732,0.0638328292742383,-4.922531888959175,0.0004046548566773,60272.00860763637,22.0,7101.672375402204,0.12730759454546617,-65.38409925435822,0.12730759454546617,56.308670626697506,0.0010220487093494863,0.1733541348905862,7.75065756890309e-05,0.16884909090909087,1.0422027349475252e-05
2023-11-24,2023-11-24T12:00:00.000,9.083291205463484,0.0478744637071968,-4.9185838174517365,0.0002968038018447,60272.99591054286,35.0,7103.329882677288,0.09570374896605642,-65.19207810439295,0.09570374896605642,56.28915913653321,0.0007680176718446658,0.1741057335560984,5.732402060032582e-05,0.16944714285714285,6.604956485857641e-06
2023-11-26,2023-11-26T12:00:00.000,12.043431603311086,0.0434243666565636,-4.91372386356638,0.0002675223022757,60275.07514506976,43.0,7107.677650273222,0.08677183797996978,-61.17550304788657,0.08677183797996978,56.231892478898075,0.0006946570701671485,0.17505313850084955,5.248418102739198e-05,0.16995372093023253,3.852531575007579e-06
2023-11-27,2023-11-27T12:00:00.000,10.484264258080325,0.0786598100641423,-4.915321137223369,0.0004838671516849,60275.975966615384,13.0,7105.726808603414,0.1573151909708961,-59.65802720391608,0.1573151909708961,56.239573677595835,0.0012585272666348912,0.17473935734106966,9.450398952598215e-05,0.16981692307692312,1.3323467750543152e-06
2023-11-28,2023-11-28T12:00:00.000,8.050825604592033,0.0362363934929354,-4.917174373540281,0.0002240545717979,60277.03287252459,61.0,7104.935339311788,0.07242932942674334,-59.49715149575797,0.07242932942674334,56.24915393889618,0.000582410387817118,0.17437526362048375,4.338518475083571e-05,0.16946901639344264,7.230418886174538e-06
2023-11-29,2023-11-29T12:00:00.000,5.220714783970062,0.0516963338488645,-4.9222972876586955,0.0003234597333912,60278.028340125,32.0,7104.511724011287,0.10326490132822155,-59.882626919830514,0.10326490132822155,56.25746006123189,0.0008266634633121271,0.1733817941415107,6.194424132579233e-05,0.168455625,1.6269761557227636e-05
2023-12-01,2023-12-01T12:00:00.000,3.873531865919011,0.0482249822016849,-4.933684423141264,0.0003095741402782,60280.04639208108,37.0,7099.537661046306,0.09632257281181031,-61.71521741836449,0.09632257281181031,56.321953397648436,0.0007750434075876024,0.1712293088668439,5.7845922601568344e-05,0.16500972972972974,3.4069542214119234e-05
2023-12-02,2023-12-02T12:00:00.000,2.683188741763128,0.0441443597105083,-4.940640993001542,0.0002872217267186,60280.99691202325,43.0,7095.761164631937,0.08818032563229643,-62.45294973775039,0.08818032563229643,56.35050565620817,0.0007103634006027958,0.169945158205616,5.284402077590153e-05,0.16299139534883722,1.6750337248382023e-05
2023-12-03,2023-12-03T12:00:00.000,3.009176451284934,0.0432805871562085,-4.946713063961084,0.0002846968382094,60282.02948934089,44.0,7097.023949401017,0.08655067336853185,-63.87787716914858,0.08655067336853185,56.34590399102487,0.000696817784373565,0.16882666998568926,5.1716631719902264e-05,0.16138886363636365,9.379343442555986e-06
2023-12-08,2023-12-08T12:00:00.000,2.4810634262859503,0.0379536798292862,-4.949376261158596,0.000250214977397,60287.03642331034,58.0,7097.490020555415,0.07584694952836907,-63.312428483497726,0.07584694952836907,56.34177666718727,0.0006107690577546272,0.16834954694496854,4.5053237904972236e-05,0.16060051724137933,3.4471413741745324e-06
2023-12-09,2023-12-09T12:00:00.000,2.5450194877077603,0.0531193943273826,-4.950436260424123,0.0003510431174227,60288.04012146667,30.0,7096.131755658543,0.1061441753807726,-63.962042119109306,0.1061441753807726,56.353435493646224,0.0008544828583742774,0.1681631346921001,6.32396732389871e-05,0.15998233333333334,1.2490762870542723e-05
2023-12-10,2023-12-10T12:00:00.000,2.644796375897463,0.0557789838457775,-4.953603177973711,0.0003713035827619,60289.03816399999,27.0,7094.676544931844,0.11137239728975908,-64.8070108146939,0.11137239728975908,56.36042345524872,0.0008963490586087493,0.1676002436223878,6.63364146495616e-05,0.1590985185185185,1.2074126509595534e-05
2023-12-11,2023-12-11T12:00:00.000,2.169947646018496,0.0418918943194456,-4.956936131185446,0.0002811058997173,60290.03904224,50.0,7094.670871502048,0.08368416170520068,-65.206547788024,0.08368416170520068,56.357511301931574,0.0006730498543922355,0.167005769014977,4.979477085683096e-05,0.15836360000000002,6.903178800452862e-06
2023-12-12,2023-12-12T12:00:00.000,2.670415442115448,0.0404579848600067,-4.958383245753062,0.0002722263338705,60291.05039428302,53.0,7095.891375677945,0.08077599305999704,-64.99908882711102,0.08077599305999704,56.35168394427448,0.0006496394132571021,0.16674586577677813,4.79931543928188e-05,0.15884660377358495,1.4720283578709434e-05
2023-12-13,2023-12-13T12:00:00.000,2.4834096107677097,0.0375708014917056,-4.9543942069417115,0.0002523812733109,60292.02998334921,63.0,7097.81260366261,0.07498547928464946,-64.36416274120435,0.07498547928464946,56.34833680188521,0.0006031685763202008,0.1674546322523496,4.487097348678953e-05,0.15960349206349203,2.7635874834602304e-06
2023-12-14,2023-12-14T12:00:00.000,2.32167108153925,0.085691854442743,-4.954740378199751,0.0005796122314372,60293.14266158334,12.0,7097.274543165214,0.17129023797052606,-65.17294021692803,0.17129023797052606,56.353016428662535,0.0013779553026924652,0.16738739546028192,0.00010313895521306453,0.15986166666666668,1.1236664374398609e-06
2023-12-15,2023-12-15T12:00:00.000,1.8732774007597608,0.040910050254922,-4.952062694129674,0.000273981602794,60294.06156068627,51.0,7096.863388325443,0.08169453415595675,-65.280547780891,0.08169453415595675,56.34929399301962,0.0006576221117890415,0.16787147929110782,4.895201640479849e-05,0.16060392156862743,1.23766967349305e-05
2023-12-16,2023-12-16T12:00:00.000,2.3262563611807967,0.0376845434139552,-4.948285212164632,0.0002519342784974,60295.03311368853,61.0,7096.9145919989105,0.07525846350013117,-65.04058894026106,0.07525846350013117,56.343212130874306,0.0006050776652170002,0.16855135030027005,4.534340459392415e-05,0.16189229508196723,1.319751889793552e-05
2023-12-21,2023-12-21T12:00:00.000,9.643841109100968,0.0920387798659283,-4.923534779925581,0.0005404051796978,60300.14723360001,10.0,7104.65590635532,0.18391969077524822,-63.11359892219626,0.18391969077524822,56.25087247951284,0.0014723201274455713,0.17314947038070805,0.00010290158867400922,0.17010099999999997,1.000000000001e-06
2023-12-22,2023-12-22T12:00:00.000,9.681804995347338,0.1042138438645092,-4.9227928920690545,0.0006111885640761,60300.926080875,8.0,7107.291590601298,0.20837692699679897,-61.65375442432412,0.20837692699679897,56.2306234387384,0.0016700456109512937,0.17328626947553213,0.00011752718789568457,0.17009,0.0
2023-12-26,2023-12-26T12:00:00.000,5.738912837102139,0.0387676616666505,-4.934660999672125,0.0002305181866347,60305.060655960784,51.0,7102.127973424894,0.07749512082681642,-59.914321472850396,0.07749512082681642,56.25664206368498,0.0006219777045807544,0.17104475131619234,4.2805125622445e-05,0.16646764705882355,7.605922539056602e-06
2023-12-28,2023-12-28T12:00:00.000,3.360768222980853,0.0688426701830696,-4.945282268573997,0.0004193820940552,60307.12908741176,17.0,7097.928095672164,0.1374941962192837,-61.631493652948244,0.1374941962192837,56.300909343653935,0.0011046509326358817,0.1691048428395042,7.634661306974726e-05,0.1637129411764706,2.4849025100453273e-05
2023-12-31,2023-12-31T12:00:00.000,4.344775453805175,0.0473619500140581,-4.955941136247383,0.000296050689393,60309.99222535135,37.0,7096.987461147087,0.09467070549077364,-64.68732937472863,0.09467070549077364,56.30779528473342,0.000760237804776522,0.16716883004626468,5.2512230579109105e-05,0.16074837837837835,1.6672752723705843e-06
2024-01-01,2024-01-01T12:00:00.000,3.25412152494316,0.0556196914351542,-4.955078590511785,0.0003416958655069,60311.037752439996,25.0,7096.848925965291,0.11116769369427776,-65.278716449368,0.11116769369427776,56.29939580404418,0.0008930913887741407,0.1673255958283527,6.0913403634379465e-05,0.16100559999999997,3.7004504230334013e-06
2024-01-02,2024-01-02T12:00:00.000,3.1107246418195382,0.0626591287987101,-4.955873604432527,0.0003909859077583,60311.95340709524,21.0,7099.11449538906,0.12518831376893916,-65.24992492130298,0.12518831376893916,56.30385878337513,0.0010061677914451632,0.16717734120576383,6.933194361703141e-05,0.16133428571428574,2.6341555592273457e-06
2024-01-04,2024-01-04T12:00:00.000,3.4186373974713047,0.0620237334335377,-4.948865672402773,0.0003800021725735,60313.96602742857,21.0,7098.171000096061,0.1238380073212808,-64.58595369150541,0.1238380073212808,56.31106872863316,0.0009952824220893725,0.1684395599258957,6.862917523107326e-05,0.16288380952380954,3.0453860867280238e-06
2024-01-05,2024-01-05T12:00:00.000,4.315906359603361,0.0490504270421501,-4.946322982447114,0.0002985266341076,60314.987269727266,33.0,7099.537121316846,0.09800960110602633,-64.89283755362978,0.09800960110602633,56.30010701994964,0.0007869173942986839,0.16890193270248452,5.400006896601541e-05,0.16374212121212123,1.1237430484478403e-05
2024-01-07,2024-01-07T12:00:00.000,4.852757598095435,0.0379313735409996,-4.938701611041872,0.0002266177805048,60317.03048166666,54.0,7101.632780239286,0.075809013419137,-63.833851820201815,0.075809013419137,56.27212777506107,0.0006084639256417665,0.17029725225602269,4.1761406623672025e-05,0.16475907407407414,1.1603909832455086e-06
2024-01-17,2024-01-17T12:00:00.000,5.63468211037186,0.1288195419548111,-4.928596663197937,0.0007627925220456,60326.963621999996,5.0,7102.577536719195,0.2574405264680701,-63.44850907072898,0.2574405264680701,56.26014558276946,0.002064717008033577,0.17217200005331973,0.00014388481735621355,0.16792800000000002,3.7416573867717486e-06
2024-01-19,2024-01-19T12:00:00.000,5.220256693073059,0.0863181443481886,-4.930424462801896,0.0005040600117062,60329.062488699994,10.0,7102.21889258177,0.1726596665065184,-62.25273951996242,0.1726596665065184,56.26885999999999,0.0013914021704740868,0.171839,9.486832980505135e-05,0.16753500000000002,1.6666666666637073e-06
2024-01-22,2024-01-22T12:00:00.000,6.692090942239,0.0393447422480292,-4.929708231494793,0.0002283064924109,60332.02646271428,49.0,7104.852194323222,0.07865235005636394,-60.98332559250465,0.07865235005636394,56.250787446933174,0.0006333448032575649,0.17197479341927924,4.318296419670071e-05,0.1664757142857143,1.1667881375053379e-05
2024-01-23,2024-01-23T12:00:00.000,5.858127331660742,0.0351976752771623,-4.934650057642495,0.0002059636460044,60333.04426846031,63.0,7104.391355599312,0.07036866678272079,-60.51923515503573,0.07036866678272079,56.26640428229565,0.0005636866110389003,0.1710469418707071,3.8417205806472614e-05,0.1652861904761905,7.80401439171799e-06
2024-01-24,2024-01-24T12:00:00.000,4.069175105371167,0.0479942244736686,-4.939751653410716,0.0002850699485671,60333.99584555883,34.0,7100.88471292775,0.09588978472965085,-60.732835805979605,0.09588978472965085,56.28977370953222,0.0007695677693430809,0.1700961434014636,5.254021432827629e-05,0.16396264705882355,1.7708819436487686e-05
2024-01-25,2024-01-25T12:00:00.000,2.522135784147724,0.0553449912969998,-4.948275028848572,0.0003336730177115,60335.09216543999,25.0,7098.083440814384,0.1106602248236701,-61.0853199234681,0.1106602248236701,56.32155032581379,0.0008900766829904561,0.1685448215950504,6.054040893199928e-05,0.16252680000000003,8.361020671345171e-06
2024-01-29,2024-01-29T12:00:00.000,1.9090683133988,0.0507430317744491,-4.953359520378097,0.0003112486075453,60339.00510135483,31.0,7095.441096243911,0.10147216064971039,-65.81333773454378,0.10147216064971039,56.33211584774972,0.0008127104719495197,0.16762714736450135,5.589428365817561e-05,0.16143354838709673,2.2503709178989005e-06
2024-07-31,2024-07-31T12:00:00.000,3.111714381076162,0.0408644704770186,-4.920543585187851,0.0002397337777929,60523.0882825,44.0,7111.543366167745,0.0817178539981534,-60.62721973555358,0.0817178539981534,56.26458643118034,0.0006525961730479247,0.17372195110414507,4.616557094090493e-05,0.16940159090909093,5.312070719560699e-06
2024-08-01,2024-08-01T12:00:00.000,2.693922875261938,0.0433542035605028,-4.921774891676184,0.0002544487402355,60524.06731076922,39.0,7109.551855143561,0.0867056458265945,-61.73642969572266,0.0867056458265945,56.289042026253874,0.0006917467224099609,0.17348357101207823,4.9005095400991796e-05,0.16951974358974362,2.1573456565109744e-06
2024-08-02,2024-08-02T12:00:00.000,3.8134968889458944,0.0366559618018999,-4.922835823872767,0.0002184557050289,60524.99190900001,60.0,7106.462573210376,0.07326665767480706,-63.642301619541385,0.07326665767480706,56.31430948388211,0.0005868674782033753,0.17327895180370945,4.185080647580182e-05,0.16933066666666668,1.0324308068811078e-06
2024-08-03,2024-08-03T12:00:00.000,5.522834488120859,0.0504974872993031,-4.924697636269508,0.000307717054789,60526.042745833336,36.0,7103.870033279071,0.10093386215697686,-65.04951622527292,0.10093386215697686,56.32823700015589,0.0008101631922688321,0.17293008936437315,5.87022011112585e-05,0.1694711111111111,6.220521309469101e-06
2024-08-04,2024-08-04T12:00:00.000,5.638470305449667,0.0359094421474298,-4.921339141632274,0.0002138232125053,60527.03099392307,65.0,7107.867296900121,0.07178008472265109,-65.8877566945408,0.07178008472265109,56.295573147379635,0.0005760468396670431,0.17356686511279057,4.122076601914376e-05,0.17044184615384617,1.5184589081108767e-05
2024-08-05,2024-08-05T12:00:00.000,7.726668975786517,0.0409295619498769,-4.916940343968522,0.0002503864593984,60528.05065612698,63.0,7110.821527118204,0.0817359851505949,-65.59812829129909,0.0817359851505949,56.26705982019956,0.0006543390231339483,0.17441973800940383,4.846902352360616e-05,0.17237809523809525,2.016681220556236e-05
2024-08-06,2024-08-06T12:00:00.000,10.18923608449052,0.0377567210106287,-4.907737081464665,0.0002221383285846,60528.99490280952,63.0,7115.376349112031,0.07510553777437746,-64.586491004398,0.07510553777437746,56.23112542180209,0.0006019390889241081,0.1762474506010999,4.3690182350498433e-05,0.1743053968253968,1.638131357838167e-05
2024-08-07,2024-08-07T12:00:00.000,13.10198324697615,0.0323929487690812,-4.897457349511743,0.0001834559830338,60530.090015550006,80.0,7117.07999970131,0.06260409638855374,-62.73620277246399,0.06260409638855374,56.21370368150034,0.0005016850688920914,0.1783800946701855,3.601178113858633e-05,0.176937875,7.221423247418364e-05
2024-08-08,2024-08-08T12:00:00.000,14.506444115324818,0.0307940997638783,-4.889347546888338,0.0001743686454676,60531.03469488097,84.0,7117.5569924380225,0.06341696051209791,-61.2517088976171,0.06341696051209791,56.20154286333591,0.0005076630714407101,0.17999278266827792,3.7041519562067414e-05,0.17921880952380956,2.0212869432689247e-05
2024-08-09,2024-08-09T12:00:00.000,14.862116242291412,0.0377470248414658,-4.883684009624322,0.0002105709763991,60531.98544952458,61.0,7118.604422859808,0.07531681614945733,-60.027240979037906,0.07531681614945733,56.17079929302487,0.0006022105712845104,0.18116007246402435,4.3933124777971715e-05,0.18038295081967215,4.280750293608946e-06
2024-08-12,2024-08-12T12:00:00.000,11.547282569988395,0.0549623970832165,-4.887553307649818,0.0003114737882362,60535.064478700006,30.0,7118.951432695334,0.10993479832122532,-57.565785274098275,0.10993479832122532,56.161410873378244,0.0008775386359446453,0.18032760173802456,6.48554658760997e-05,0.17925866666666668,9.380014623096567e-06
2024-08-13,2024-08-13T12:00:00.000,12.571702986655716,0.0451844805402177,-4.893062654324946,0.0002684075180502,60536.03497021429,56.0,7114.6550881048925,0.09029876754804829,-57.4796824806889,0.09029876754804829,56.19106587509743,0.0007228571379077444,0.17919462904694008,5.504752171575007e-05,0.17736696428571427,2.138988661812357e-05
2024-08-14,2024-08-14T12:00:00.000,9.10408619320788,0.0331737008243163,-4.898964374383842,0.0001899830105717,60537.0117829054,74.0,7112.5437072868335,0.06607462699395084,-57.83752711389325,0.06607462699395084,56.19812473633011,0.0005283544531636573,0.17799020642027308,3.827955198019576e-05,0.1751035135135135,2.126369796757597e-05
2024-08-15,2024-08-15T12:00:00.000,7.893777763606884,0.0335237996816421,-4.907156589449009,0.0001933670274982,60538.019451573535,68.0,7109.5486963949315,0.06703309202484763,-59.06010247976531,0.06703309202484763,56.21429369956814,0.0005364776069649832,0.17634359690220586,3.8279445621743984e-05,0.17279,2.116970187405456e-05
2024-08-16,2024-08-16T12:00:00.000,6.0858794027107805,0.0596826584410624,-4.914537139249521,0.0003480815481791,60539.057256238084,21.0,7108.916945598604,0.11934133433067147,-59.557768589496014,0.11934133433067147,56.2353523809524,0.0009601587170383666,0.17488651184611775,6.794679929621444e-05,0.17056666666666667,1.1261678241958133e-05
2024-08-17,2024-08-17T12:00:00.000,4.188894182043115,0.0316253016536152,-4.918382351829915,0.0001856383486797,60540.045014906675,75.0,7107.227097073697,0.06323967175554082,-61.32502624272982,0.06323967175554082,56.2642894679036,0.0005086120414558396,0.17414195603419627,3.598508774370613e-05,0.16908506666666662,1.0547829003956066e-05
2024-08-18,2024-08-18T12:00:00.000,5.182192572829729,0.0378120490243552,-4.92055394902643,0.0002267292299248,60541.02999663793,58.0,7105.965682305039,0.07555071887373153,-62.94042087247395,0.07555071887373153,56.29630292951363,0.000606471607920572,0.17372501157220804,4.365583978495734e-05,0.16948637931034483,1.4618972407684029e-05
2024-08-19,2024-08-19T12:00:00.000,6.89482130755404,0.0567055314381699,-4.922215265731342,0.0003593285371108,60541.9479048108,37.0,7104.270814939196,0.11277467420468325,-63.380956219542796,0.11277467420468325,56.312082168893795,0.0009065411880785025,0.17341149204172188,6.819437011117946e-05,0.17028999999999994,9.25185853854297e-18
2024-08-21,2024-08-21T12:00:00.000,9.563052577051929,0.0412112104276155,-4.919462153573324,0.0002455872440702,60543.998692877554,49.0,7109.377043753433,0.0823613635784025,-64.76203494334675,0.0823613635784025,56.27588064797963,0.0006611468348870879,0.17393964695307007,4.7404784940178504e-05,0.16981979591836735,2.533614085292765e-06
2024-08-22,2024-08-22T12:00:00.000,10.530153347670066,0.0369745928993728,-4.917182836174355,0.0002201284675833,60545.07089280953,63.0,7111.342871818,0.07293810039571597,-64.01045978050969,0.07293810039571597,56.262868709136924,0.0005840667079647328,0.17436080046797733,4.209604488333863e-05,0.17035825396825396,1.074667498212888e-05
2024-08-23,2024-08-23T12:00:00.000,9.969924820156718,0.0387461158890366,-4.91458276125579,0.0002286011321874,60546.05664520754,53.0,7111.549283108681,0.07778543038137159,-62.825122607969334,0.07778543038137159,56.263933827184864,0.000623748032249477,0.17494270651763172,4.477590196013333e-05,0.17077566037735845,3.282860380205957e-06
2024-08-24,2024-08-24T12:00:00.000,9.387262002841862,0.0378305155408448,-4.913222719132917,0.000223417613214,60546.97901090741,54.0,7110.663300017984,0.07622565468150762,-61.150940596622625,0.07622565468150762,56.26055753344471,0.0006126123050737339,0.17514629695975287,4.4159789302406504e-05,0.1708898148148148,1.851851851848564e-07
2024-08-25,2024-08-25T12:00:00.000,8.26942216768608,0.0345140172307456,-4.913233527718078,0.0002031262071075,60548.02434189231,65.0,7110.884311975639,0.06902167238812881,-60.909842038454784,0.06902167238812881,56.25317869284115,0.0005520871281504025,0.1751410998023318,3.984387756718015e-05,0.17098861538461538,1.485133428946912e-06
2024-08-26,2024-08-26T12:00:00.000,6.273248306309455,0.043167361694689,-4.916873715038246,0.0002617225993665,60549.15692067796,59.0,7110.775088585578,0.08140107711785657,-60.86059320823687,0.08140107711785657,56.25326584333407,0.0006519408576394722,0.17435638382120722,4.793826501624094e-05,0.17088830508474576,1.3250613479777617e-05
2024-08-27,2024-08-27T12:00:00.000,4.381239567823241,0.0414591916565534,-4.919541863658206,0.0002523336286928,60550.013187127675,47.0,7108.490555286245,0.0876757858369171,-61.47757001046797,0.0876757858369171,56.25320981240793,0.000702500349547119,0.17396798866282623,5.123165005363519e-05,0.17052723404255318,8.383180639669626e-06
2024-08-28,2024-08-28T12:00:00.000,2.724494517314596,0.033163179282529,-4.919700151788939,0.0001989721347758,60551.022940842115,76.0,7105.544778385204,0.06626658760810958,-62.022471859683485,0.06626658760810958,56.27951303400326,0.0005316483417469943,0.1738872607751263,3.851991761913185e-05,0.1701505263157895,1.945708159018748e-06
2024-08-29,2024-08-29T12:00:00.000,3.141343386224867,0.0406004487985091,-4.921373599659029,0.0002455504803629,60552.136229054544,55.0,7103.551253839128,0.0779344022663899,-62.71648457831542,0.0779344022663899,56.29703447584321,0.0006275465379186899,0.1735714985730248,4.5398284548100944e-05,0.17038927272727275,2.313313035956481e-05
2024-08-30,2024-08-30T12:00:00.000,3.978604137760693,0.0564699599259519,-4.920499318615158,0.0003441204263986,60552.91612145455,22.0,7101.502588786851,0.12319477825203691,-63.69012161555325,0.12319477825203691,56.304121622399286,0.0009894409470718073,0.17374926590511033,7.209400101302519e-05,0.1709745454545454,5.763269001088337e-06
2024-09-01,2024-09-01T12:00:00.000,7.441880646109277,0.0360543823463508,-4.9113900147165985,0.0002119198393177,60555.04790808334,60.0,7106.376371821712,0.07210205218332301,-64.10956898543361,0.07210205218332301,56.25198610414185,0.0005793958450925697,0.175509674238313,4.1581571114629114e-05,0.1733615,1.1122900995409032e-05
2024-09-02,2024-09-02T12:00:00.000,6.999091658853443,0.0339862616212515,-4.905077314300143,0.0001984213604866,60556.07741380821,73.0,7109.024069119914,0.06594235283398235,-63.30430566670198,0.06594235283398235,56.23430749945268,0.0005297435371069507,0.1767556463246396,3.8408601979846554e-05,0.1744272602739726,2.966791098024918e-05
2024-09-03,2024-09-03T12:00:00.000,8.778753086211157,0.0569336075565962,-4.9028816453482245,0.0003351324206393,60556.9188824762,21.0,7109.311595410244,0.12496500174986075,-62.90532850036155,0.12496500174986075,56.22811620438171,0.0010010662467083405,0.1773174998651179,7.350674310374677e-05,0.17542047619047618,8.687050857898347e-06
2024-09-04,2024-09-04T12:00:00.000,10.337231160800236,0.0357744578098722,-4.896527149250388,0.0002046974325634,60558.024340262295,61.0,7111.804629493597,0.07153579764359864,-62.02497329667585,0.07153579764359864,56.21037082923722,0.0005735367767673849,0.17848266369944413,4.1642436967510304e-05,0.17700540983606552,1.1258448607787675e-05
2024-09-05,2024-09-05T12:00:00.000,9.630531999945983,0.0339552981397455,-4.894728516147467,0.0001940710373647,60559.0393907353,68.0,7112.412734289955,0.06789952173179083,-61.4891146379103,0.06789952173179083,56.20248021530875,0.0005448977164632906,0.1788508273253429,3.971489653655392e-05,0.17781029411764712,3.9972037429608766e-06
2024-09-06,2024-09-06T12:00:00.000,9.352899592009638,0.0473743898226694,-4.8944172810111075,0.0002686029930743,60560.024384235294,34.0,7110.605480960655,0.09474158929253591,-60.77413855713074,0.09474158929253591,56.206414431145554,0.0007550819665412548,0.1789149295203052,5.492778192043087e-05,0.1779532352941177,8.143748885221944e-07
2024-09-07,2024-09-07T12:00:00.000,9.681052979815314,0.0375799371835259,-4.893550333084138,0.0002141818138374,60561.05164630909,55.0,7110.153751710826,0.07514883754876997,-60.32441746457938,0.07514883754876997,56.207477015437355,0.0006012767912295739,0.17909441033146797,4.3819690819161094e-05,0.17723054545454547,1.0478190213777706e-05
2024-09-08,2024-09-08T12:00:00.000,10.08876002300384,0.0336961695557543,-4.897834594824866,0.0001948584251659,60562.023049434785,69.0,7108.005465476368,0.06737824094326508,-60.004536628828994,0.06737824094326508,56.22073150374195,0.0005396594368624084,0.1782144179648132,3.9474906295359935e-05,0.1760002898550725,1.2385831588842898e-05
2024-09-09,2024-09-09T12:00:00.000,9.979513809997572,0.0328510797237716,-4.90224357659998,0.0001909709484077,60563.04070214665,75.0,7107.280121152441,0.06499074822182685,-59.56853952929871,0.06499074822182685,56.22871866491373,0.0005214849472556226,0.17728437156784682,3.792639997373627e-05,0.17399306666666667,4.227195237930161e-05
2024-09-10,2024-09-10T12:00:00.000,8.144426201079504,0.0457003908017696,-4.912027556164846,0.0002749833291065,60564.060177175,40.0,7108.058044458202,0.09320436467617546,-59.67635700601325,0.09320436467617546,56.238447210731294,0.0007464326124600686,0.17538502912084292,5.508941602445696e-05,0.17187675,2.255587790809986e-05
2024-09-11,2024-09-11T12:00:00.000,6.506138247209998,0.0330587160734002,-4.915421843919627,0.0001963458161777,60565.01840067605,71.0,7106.539869739356,0.06609392944540761,-60.12189768600331,0.06609392944540761,56.253721040957224,0.0005291679478920889,0.1747159800362644,3.8391814190759245e-05,0.17051732394366195,1.1923562298510894e-05
2024-09-12,2024-09-12T12:00:00.000,5.727524683096717,0.0339878720490544,-4.921779972629168,0.000205602490984,60566.02179081159,69.0,7104.0832987012955,0.06794506450939461,-60.75607473044222,0.06794506450939461,56.27162898465401,0.0005466457530356568,0.17348330315367017,3.937646327182548e-05,0.16911652173913042,1.523589181090203e-05
2024-09-13,2024-09-13T12:00:00.000,4.5058919181461246,0.0331783218837518,-4.926800615351588,0.0002022075784335,60567.05039689189,74.0,7102.760453242442,0.06513560738624391,-62.31295701110762,0.06513560738624391,56.28734952273882,0.0005224472749742728,0.17249018521264056,3.7770973187693944e-05,0.16775432432432433,2.1315563387881776e-05
2024-09-14,2024-09-14T12:00:00.000,3.787485179841416,0.0358294905760408,-4.930845561324509,0.0002216498793707,60568.00069244068,59.0,7102.159175614309,0.0732042349663147,-63.541954059461965,0.0732042349663147,56.306058584978345,0.0005898644095012625,0.17176670506984182,4.252932157319794e-05,0.1669,7.110220169526611e-06
2024-09-15,2024-09-15T12:00:00.000,4.295825687543551,0.036002217807615,-4.932968010778007,0.0002207495719609,60569.01966996774,62.0,7101.005641615421,0.07096960498292813,-63.756207797133904,0.07096960498292813,56.321795582315225,0.0005689666226538369,0.1713404123951824,4.081400130717352e-05,0.16611870967741932,9.722440666323995e-06
2024-09-16,2024-09-16T12:00:00.000,3.903308312207291,0.0884202085636394,-4.933861089475215,0.0005536961074818,60569.887177000004,9.0,7099.934228690745,0.19425186796009591,-65.34450225413887,0.19425186796009591,56.32512789925562,0.0015623857551634536,0.17131874786836476,0.00011365663309368837,0.16586444444444445,1.756820922312647e-06
2024-09-17,2024-09-17T12:00:00.000,5.147262161495512,0.0474226089278423,-4.933625656835866,0.0002934598426462,60570.966210114275,35.0,7101.653740022227,0.09477987952940992,-64.92112655898558,0.09477987952940992,56.307600040292606,0.0007601640700090148,0.17123897986947145,5.509152950071757e-05,0.1662137142857143,9.245225236631138e-07
2024-09-18,2024-09-18T12:00:00.000,5.073934752920601,0.0893831378121483,-4.932723879257017,0.0005499446028163,60571.957172799994,10.0,7101.15503654894,0.17877719406957224,-64.85620574635077,0.17877719406957224,56.31059238282185,0.001432294459923053,0.17140902069614306,0.00010242295133195709,0.16630000000000003,9.25185853854297e-18
2024-09-20,2024-09-20T12:00:00.000,5.419434664884794,0.0367997798455704,-4.931400719667942,0.0002274887572511,60574.00423683929,56.0,7103.307137179278,0.07567362639834697,-63.63921294979351,0.07567362639834697,56.293108902667875,0.000607799347613137,0.17167056181534204,4.3845499974544206e-05,0.16666375000000003,3.3182151750678574e-06
2024-09-21,2024-09-21T12:00:00.000,6.3974302146607664,0.1134059658983936,-4.9312660962884785,0.0006993541774289,60575.29638211111,9.0,7102.959141551576,0.19135152703305766,-62.918469267562365,0.19135152703305766,56.29060599798325,0.0015384870973909654,0.17148829630468046,0.00011116670618297858,0.1667811111111111,4.060119197909776e-05
2024-09-22,2024-09-22T12:00:00.000,4.677808215725041,0.0392198668697479,-4.931249698238708,0.0002437472611525,60576.002922839994,50.0,7104.084463091982,0.08026653340121752,-63.03241163489271,0.08026653340121752,56.28549163565945,0.0006444364115013645,0.17172928431968654,4.680024499935701e-05,0.16697579999999998,2.588672341142764e-06
2024-09-23,2024-09-23T12:00:00.000,3.790443702388781,0.033411939193278,-4.930869864406144,0.0002061222147116,60577.03251928573,70.0,7103.212708301267,0.06679815469496547,-63.28968554232913,0.06679815469496547,56.28770621277778,0.0005359384882753393,0.17175439329368786,3.887218235315769e-05,0.16747871428571426,6.9452798472174195e-06
2024-09-24,2024-09-24T12:00:00.000,3.8560678051419863,0.0416451745571925,-4.928492802857065,0.0002542986490174,60578.0155498889,45.0,7103.242083807137,0.08328005287365456,-63.87624375976954,0.08328005287365456,56.28825134225112,0.0006683034756852749,0.17220205222546411,4.8175286235998315e-05,0.16804133333333338,4.7311561360657355e-06
2024-09-25,2024-09-25T12:00:00.000,4.098622740306504,0.037301897850875,-4.926492245731124,0.0002270585153182,60579.00218817857,56.0,7101.598775708488,0.07456690448639826,-64.01837911882626,0.07456690448639826,56.302078279244725,0.0005993992297750546,0.17258874211095152,4.30971106613114e-05,0.1688675,1.1594473605205973e-05
2024-09-26,2024-09-26T12:00:00.000,5.41208153649643,0.03993002823547,-4.922922179390153,0.0002406162769697,60580.03699254167,48.0,7101.522713292608,0.07984695086397614,-64.40822677766526,0.07984695086397614,56.295927671224256,0.0006418801531844516,0.17326492505109656,4.616826839975322e-05,0.1702908333333333,1.2940238158294435e-05
2024-09-27,2024-09-27T12:00:00.000,6.477157045830858,0.0405477539149164,-4.918563288075866,0.0002437622325143,60580.966676791664,48.0,7102.603426739,0.08101734365924947,-65.00418718697954,0.08101734365924947,56.277913119968304,0.0006508425339058952,0.17411587979424675,4.714382207120275e-05,0.17151729166666665,8.566280916198519e-06
2024-09-30,2024-09-30T12:00:00.000,9.920311881656756,0.0377998687471924,-4.905547356985958,0.0002212430330064,60583.978847272716,55.0,7107.501034332777,0.0755049993788361,-62.87337270752489,0.0755049993788361,56.229562634741264,0.0006062583652346012,0.1766785610301527,4.417657968810998e-05,0.17390690909090906,1.0920196367521689e-05
2024-10-01,2024-10-01T12:00:00.000,10.015564339717816,0.0362840755430523,-4.901597167268266,0.0002097258295972,60585.03703190322,62.0,7110.6682590538985,0.07105775579639988,-62.16539204732971,0.07105775579639988,56.210335863185385,0.0005693530308777684,0.17748820845979416,4.140424927767658e-05,0.1753666129032258,3.0490389595115332e-05
2024-10-02,2024-10-02T12:00:00.000,10.376414856497162,0.0817648058969278,-4.897152991092729,0.0004717183832672,60586.11445429999,10.0,7116.839035823739,0.18378669987017585,-60.887077414834806,0.18378669987017585,56.18139808903192,0.0014728015756658715,0.17843197344245867,0.00010874951643203953,0.176529,2.1158134763411652e-05
2024-10-03,2024-10-03T12:00:00.000,8.723028707410876,0.030967803525051,-4.894438888848179,0.0001800300861759,60587.0378157816,87.0,7115.63357583812,0.06184075825016748,-59.60863826423324,0.06184075825016748,56.20987617686066,0.0004953358375141831,0.17892969368819756,3.679218402850935e-05,0.1763244827586207,9.598681496221672e-06
2024-10-04,2024-10-04T12:00:00.000,6.587368925799699,0.0694105778142632,-4.899053600594342,0.0004095234433988,60588.16311173685,19.0,7117.0220679107815,0.1386777096328658,-59.24317828861864,0.1386777096328658,56.231713823643695,0.0011085997559833677,0.177986047118808,8.283176731748373e-05,0.17492842105263157,7.143604586491465e-06
2024-10-05,2024-10-05T12:00:00.000,6.237485360468534,0.0608423580344211,-4.904519242292935,0.0003613952725335,60589.16696483333,24.0,7111.938083141565,0.12137630823750474,-60.503104222946405,0.12137630823750474,56.270021621588825,0.0009736476312399135,0.17688572939301334,7.192648448195457e-05,0.17319916666666665,1.0070704152421825e-05
2024-10-06,2024-10-06T12:00:00.000,7.060213536917262,0.040168530140672,-4.909959956221243,0.0002432142106813,60590.013194107145,56.0,7107.000468090387,0.07957595316592687,-61.79565201851598,0.07957595316592687,56.298637790519386,0.0006382403785084679,0.17577479694021553,4.7422607728034815e-05,0.17190035714285715,2.2232485132711455e-05
2024-10-07,2024-10-07T12:00:00.000,8.336731603145868,0.0404157666217959,-4.914676576862369,0.0002475696274657,60591.004669528316,53.0,7105.065621342822,0.08131056995424084,-63.00323636148486,0.08131056995424084,56.29489044195259,0.0006534526435294215,0.17487141443474932,4.861869258447462e-05,0.1707054716981132,1.0466499317508748e-05
2024-10-08,2024-10-08T12:00:00.000,10.021527275746529,0.0409611860542132,-4.917366055449325,0.0002467897088334,60592.03724225532,47.0,7107.346450945068,0.08184392987444766,-63.344321029556305,0.08184392987444766,56.26645884795023,0.0006555378989628411,0.17433375944741292,4.7785765422473786e-05,0.16939063829787235,1.4616289416631615e-05
2024-10-09,2024-10-09T12:00:00.000,7.540758872470138,0.0364160788774747,-4.92080955322638,0.0002228712455441,60593.04768958065,62.0,7108.723163589938,0.07180336221380941,-62.752832047921,0.07180336221380941,56.25962321679198,0.0005761944716411733,0.1736577240594451,4.2339747196055485e-05,0.16846258064516123,6.913897759209799e-06
2024-10-10,2024-10-10T12:00:00.000,7.269811815408942,0.0448137371030775,-4.922945512474411,0.0002750612588499,60593.95624358974,39.0,7107.874699587675,0.09146541944721867,-62.78068897223177,0.09146541944721867,56.27095081425193,0.0007331999040264603,0.17327105948707988,5.380097310806298e-05,0.16823000000000005,9.005097841339324e-18
2024-10-11,2024-10-11T12:00:00.000,6.664610577952038,0.0384904735835971,-4.923872116813488,0.000235364835194,60594.99154192593,54.0,7107.335080483452,0.0769297044199161,-61.771611443503375,0.0769297044199161,56.28036527465926,0.0006191439960037832,0.17308393674801256,4.4906325176927635e-05,0.1681755555555555,7.319534696064382e-07
2024-10-13,2024-10-13T12:00:00.000,5.493178104908273,0.0476595594191442,-4.92650314695799,0.0002955763975521,60596.95808058333,36.0,7104.210102163888,0.09519806951329456,-62.58800582429522,0.09519806951329456,56.30159496262485,0.0007654773556787287,0.1725780667904912,5.6150839017586746e-05,0.16717888888888888,8.717595578089979e-06
2024-10-14,2024-10-14T12:00:00.000,4.097896897445288,0.036038638802934,-4.929864327237444,0.0002240525761775,60598.01733706667,60.0,7103.335164377574,0.07203687377147809,-63.17639403879682,0.07203687377147809,56.295173237202306,0.0005784970987845939,0.17194742879390051,4.219686362954128e-05,0.16631500000000002,5.571821761337195e-06
2024-10-17,2024-10-17T12:00:00.000,5.28849597271926,0.0417163307267071,-4.930243326801301,0.0002582865985806,60601.02417693334,45.0,7104.2656233380285,0.08337143576341242,-62.66942818934874,0.08337143576341242,56.29813465092225,0.0006686662488504514,0.17186462908529943,4.874515788480314e-05,0.1656111111111111,1.4713500370535814e-05
2024-10-18,2024-10-18T12:00:00.000,4.856767582250067,0.0359210082137526,-4.934477993712561,0.0002244762432948,60602.03531552542,59.0,7102.106469493766,0.07182462880513252,-63.059772523067885,0.07182462880513252,56.30054828327455,0.0005771466559359486,0.17107610305319282,4.2066705583806084e-05,0.16505661016949155,6.215574738122134e-07
2024-10-19,2024-10-19T12:00:00.000,5.142425445403076,0.0359794182010702,-4.935864074442497,0.0002253353564028,60603.02797774577,59.0,7103.345997361657,0.07194635509189001,-63.58038493010616,0.07194635509189001,56.29185300346413,0.0005781842261494396,0.17082555487841006,4.208250474917997e-05,0.16532864406779663,4.538668377837995e-06
2024-10-20,2024-10-20T12:00:00.000,3.863706150860596,0.0611887761505259,-4.935348346468647,0.0003870223157391,60603.92022038095,21.0,7102.546640416979,0.12534316432986795,-64.44182451232514,0.12534316432986795,56.293724998912495,0.0010067875574235655,0.17092403600741257,7.373067030991763e-05,0.16598047619047618,7.69898541479569e-06
2024-10-21,2024-10-21T12:00:00.000,3.797082560110413,0.0446172876201512,-4.931520866185023,0.0002782213850034,60605.047246410264,39.0,7102.689957571934,0.08922824136380797,-64.23697549557976,0.08922824136380797,56.301040247358166,0.000715923196167457,0.17163204199359594,5.220881915758521e-05,0.1672871794871795,1.514637852587941e-05
2024-10-22,2024-10-22T12:00:00.000,4.439533093376066,0.0394980136403222,-4.928812689602722,0.0002447970312871,60606.06656888001,50.0,7102.650970911787,0.07888074868085178,-64.58664625496954,0.07888074868085178,56.306293118561975,0.0006348306050498893,0.17214876703547344,4.636326707750055e-05,0.1681674,5.641030445742392e-06
2024-10-24,2024-10-24T12:00:00.000,6.119215411331357,0.0318571145715613,-4.921277117880755,0.0001934720549071,60608.02757483116,77.0,7104.818477027046,0.06364318725936552,-65.3916637818698,0.06364318725936552,56.28428374702137,0.0005110785437820851,0.1735827277669778,3.725358369466163e-05,0.17032571428571427,1.9794249746209933e-05
2024-10-25,2024-10-25T12:00:00.000,7.539823174807925,0.0384139606389767,-4.913141418427525,0.0002310465847519,60609.06002853847,52.0,7106.870207146971,0.07680160010669633,-65.34280458104314,0.07680160010669633,56.264531859983464,0.0006158550560244479,0.17516395320284675,4.5148719245310935e-05,0.1720807692307692,1.157585694844936e-05
2024-10-26,2024-10-26T12:00:00.000,9.861677301187507,0.040389543338051,-4.908182887605048,0.0002408777992727,60610.08187129166,48.0,7108.519385150274,0.08070412656009893,-64.68767832594726,0.08070412656009893,56.2603300063467,0.0006457381486807735,0.1761396201127801,4.7976081088902495e-05,0.17320458333333333,6.8994702061312896e-06
2024-10-29,2024-10-29T12:00:00.000,11.983387538241931,0.056504163580181,-4.899085450240107,0.0003375566014824,60613.00215846153,26.0,7114.843179956897,0.1129875433231501,-60.24372839187427,0.1129875433231501,56.20874145769895,0.0009040400842566858,0.1779652730567297,6.830211296129618e-05,0.1754953846153846,8.579595996061148e-06
2024-10-30,2024-10-30T12:00:00.000,11.03520758001448,0.0403978376398207,-4.896300946098327,0.0002365496427528,60614.000720693875,49.0,7114.494028211045,0.08069691408685382,-59.272645562792675,0.08069691408685382,56.211574359239165,0.0006441361248038467,0.17853659150330536,4.8179426490032845e-05,0.17552979591836737,3.7285645402050666e-06
2024-10-31,2024-10-31T12:00:00.000,8.666708905085732,0.0327093958922399,-4.898097013087935,0.0001917645250618,60615.030339459445,74.0,7112.952828957936,0.06536067700772263,-59.155684113481634,0.06536067700772263,56.22889725704925,0.0005230297304370049,0.17817056631907505,3.897203069203136e-05,0.17521635135135133,2.772199777741609e-06
2024-11-01,2024-11-01T12:00:00.000,7.693193521443529,0.0349055430875201,-4.899907961137465,0.0002056148351518,60616.024824593755,64.0,7109.275534265587,0.06978259914873577,-59.75152081162816,0.06978259914873577,56.25582134499758,0.0005591298768219438,0.17779490618015226,4.1637976099540437e-05,0.17446062499999998,1.0571175525178265e-05
2024-11-02,2024-11-02T12:00:00.000,8.958008547689023,0.0453523209877712,-4.9038300404067465,0.0002720767628514,60616.96825966666,39.0,7107.137675796763,0.0905894906550713,-61.361946950498485,0.0905894906550713,56.26564903640386,0.0007276256801755101,0.17700987155252731,5.447101646765845e-05,0.1734874358974359,9.977829328044614e-06
2024-11-04,2024-11-04T12:00:00.000,9.174418836110515,0.0466118196644746,-4.912049015794018,0.0002836460003763,60618.96058384211,38.0,7109.374264721,0.09310527963376886,-63.339212220127195,0.09310527963376886,56.25355241712614,0.0007455198869166078,0.1753848338242313,5.5844939613584756e-05,0.17161263157894732,2.763411896473617e-06
2024-11-05,2024-11-05T12:00:00.000,9.84298643130706,0.0508805649139846,-4.910714026144254,0.0003053523443415,60620.089642516126,31.0,7111.613896345596,0.10172904744973191,-61.939057173000045,0.10172904744973191,56.243557903991054,0.000815539199890132,0.1756431646214842,6.009859233483217e-05,0.17119838709677412,2.899639361838628e-06
2024-11-06,2024-11-06T12:00:00.000,8.568494382055345,0.0435480851073334,-4.909983876535507,0.0002607298773436,60620.967371476196,42.0,7109.352713668547,0.08700910325339184,-62.29766505002089,0.08700910325339184,56.258638454549335,0.0006959147425952142,0.1757914231102483,5.127965831699297e-05,0.1712964285714286,4.30839911915883e-06
2024-11-09,2024-11-09T12:00:00.000,8.068629213115738,0.0363273586320829,-4.9163690673634495,0.0002248335158963,60624.03099371015,69.0,7107.298213456859,0.07250295517337121,-62.31951528226728,0.07250295517337121,56.26341047943874,0.0005814490920659778,0.17454181824389092,4.367382842414846e-05,0.17008405797101445,1.994438565349425e-06
2024-11-11,2024-11-11T12:00:00.000,7.508299666058447,0.0816927583642605,-4.924859816154191,0.0005117261891148,60626.10317146154,13.0,7105.769151825115,0.16333125339113558,-62.364323245751,0.16333125339113558,56.27020124974018,0.0013093884440028138,0.1729038719842269,9.742862723314105e-05,0.16723923076923078,8.27891502100784e-06
2024-11-12,2024-11-12T12:00:00.000,6.849746249621838,0.0352714493460829,-4.929618696415325,0.0002212228887146,60627.02815193939,66.0,7103.584247115801,0.07047726343384028,-62.72820371863731,0.07047726343384028,56.28464295218794,0.0005650848028385147,0.17199309773509192,4.16737501884949e-05,0.16588333333333333,1.3732939546711438e-05
2024-11-13,2024-11-13T12:00:00.000,6.760264504089788,0.0500520353765156,-4.934275155783661,0.0003134872976118,60628.099930375,32.0,7105.23876565079,0.10000797551474756,-62.2011137599199,0.10000797551474756,56.27916703536051,0.0008043502282155191,0.17113226912748553,5.834867292033409e-05,0.1643503125,9.883233348013711e-06
2024-11-14,2024-11-14T12:00:00.000,3.778791610303721,0.1263055417454432,-4.940660198625501,0.0007985324948637,60629.100604399995,5.0,7102.917695166828,0.2525855740217959,-62.5733480179119,0.2525855740217959,56.299260000000004,0.0020124611797498106,0.169934,0.00014758048651498611,0.16326599999999997,2.449489742785628e-06
2024-11-20,2024-11-20T12:00:00.000,4.1651345957596915,0.0806664824448477,-4.936943809406225,0.0005125885533067,60635.015414461544,13.0,7101.344424507207,0.16121780030215013,-64.904532760727,0.16121780030215013,56.3131078656713,0.0012965822042088542,0.17063141305059593,9.526381268863058e-05,0.16631999999999997,1.6092680291808367e-05
2024-11-22,2024-11-22T12:00:00.000,6.467022740321782,0.03811991350831,-4.92938397088295,0.00024730802617,60637.03855392424,66.0,7103.460410837776,0.0760297110140701,-64.43253011690618,0.0760297110140701,56.288162963683135,0.0006098474369994647,0.17205809181251527,4.6436536005357375e-05,0.16783242424242426,1.045817645806385e-05
2024-11-26,2024-11-26T12:00:00.000,9.962653850098668,0.0744559617002714,-4.912347500568919,0.0004526801792631,60641.09943046667,15.0,7108.512823935731,0.14872024718447596,-63.388162458419984,0.14872024718447596,56.27020230800459,0.001189959100631103,0.1753164752484683,8.828860507161551e-05,0.17139333333333334,1.2598815766973868e-05
2024-11-27,2024-11-27T12:00:00.000,9.113013012440277,0.0570104377380698,-4.911115368882017,0.0003563041183598,60642.11851267858,28.0,7107.929970709803,0.11373765919299686,-63.07467413578478,0.11373765919299686,56.25933532290898,0.0009129884848053368,0.17556343309745184,6.992440698951416e-05,0.1719232142857143,2.0608193924762323e-06
2024-11-28,2024-11-28T12:00:00.000,9.02840028637022,0.056830688487893,-4.911888952612183,0.0003499130237366,60643.094369357146,28.0,7107.963391497591,0.113471962554537,-62.82701066947447,0.113471962554537,56.253861817161656,0.0009109539400751689,0.17541720644517908,6.887782244957262e-05,0.17145321428571428,1.2817951732680238e-05
2024-12-02,2024-12-02T12:00:00.000,6.812683600898747,0.0817532084633947,-4.9241531156590925,0.0005098897315994,60647.026752466656,15.0,7105.57693732876,0.16343814636438192,-62.36643068863265,0.16343814636438192,56.27199829650304,0.0013129805672868332,0.1730269861928395,9.739333162964746e-05,0.16834466666666667,5.76249505043957e-06
2024-12-03,2024-12-03T12:00:00.000,6.738866747437221,0.0399066633005536,-4.926093278140289,0.00025264452966,60648.02473126316,57.0,7103.825980233025,0.07967370336303552,-62.2222377949429,0.07967370336303552,56.27494074132544,0.0006383154574676238,0.1726680176054952,4.7849026372692e-05,0.16807087719298244,1.7572032517094377e-06
2024-12-04,2024-12-04T12:00:00.000,6.4475428281349005,0.0591950251205916,-4.925765722755101,0.0003712969373708,60648.95466936,25.0,7103.1056340671585,0.11820740690692033,-62.872448115568595,0.11820740690692033,56.279525570046516,0.000948598631474145,0.17272709625716873,7.051510956053759e-05,0.16809000000000002,1.632993161854819e-06
2024-12-05,2024-12-05T12:00:00.000,5.395219802036137,0.0956682582696835,-4.926564531485472,0.0006128735989724,60649.922251,11.0,7102.426593305368,0.19116878872997484,-63.27787208722904,0.19116878872997484,56.28623383376045,0.0015337686365204722,0.17256976566048188,0.00011640195730169104,0.16839181818181823,1.81818181818023e-06
2024-12-07,2024-12-07T12:00:00.000,6.2097391935922905,0.0371466616631735,-4.9231330026027,0.0002310887508196,60652.03968658333,60.0,7104.424039061594,0.0742568353445279,-63.69153912124353,0.0742568353445279,56.27518620918139,0.0005954509971414711,0.1732192999952753,4.4372971750919215e-05,0.16801983333333328,5.459101489916889e-06
2024-12-08,2024-12-08T12:00:00.000,6.801409934284752,0.0478898512687579,-4.925400135088981,0.0003000806322696,60652.99347033332,36.0,7103.716661809953,0.09564812069738203,-63.21805749771402,0.09564812069738203,56.27291482483529,0.0007657982534701082,0.17280010232708545,5.699602776668157e-05,0.1672463888888889,8.339547947264794e-06
2024-12-09,2024-12-09T12:00:00.000,5.245886017202236,0.0548356922426021,-4.9280705699284155,0.0003445515602186,60654.01472192858,28.0,7104.662445481116,0.10953368958403906,-63.855452422627465,0.10953368958403906,56.26643870496696,0.0008779495967846775,0.17229033331597188,6.516970429364318e-05,0.16686857142857145,2.608202654786419e-06
2024-12-16,2024-12-16T12:00:00.000,3.255106957848476,0.0719440366725417,-4.93800979733141,0.0004732098694641,60661.11165580952,21.0,7101.923273419108,0.14358398790025,-63.18952427211648,0.14358398790025,56.32130092335032,0.0011533858929959843,0.17044039456889165,8.74296057860351e-05,0.16467809523809523,3.8184419422346625e-06
2024-12-17,2024-12-17T12:00:00.000,2.944102550185588,0.0453914923133418,-4.93916925224991,0.0002970600314809,60662.042361591826,49.0,7101.801806236236,0.0906712515144273,-63.95885917447413,0.0906712515144273,56.31527805775566,0.0007281905040403126,0.17020511276426903,5.4675902394611205e-05,0.16431346938775507,2.19288856050449e-06
2024-12-18,2024-12-18T12:00:00.000,3.7618334738487262,0.0433306429106096,-4.9392699160484455,0.0002817853403722,60663.033500714286,49.0,7101.942474707971,0.08658453181120396,-63.787226180478534,0.08658453181120396,56.31739325414094,0.000695300641509065,0.1701942497186523,5.192807068588803e-05,0.16462775510204083,8.734876659032346e-06
2024-12-19,2024-12-19T12:00:00.000,4.155310065027033,0.0504425342159939,-4.935716922243536,0.0003247555714505,60664.08583335294,34.0,7102.911720781103,0.10082918136943339,-65.19220101754688,0.10082918136943339,56.307761918842864,0.0008085793402017558,0.17085109727113829,6.069271865995138e-05,0.16519147058823533,2.0740460918073596e-06
2024-12-20,2024-12-20T12:00:00.000,4.0912053901116705,0.0388336893948765,-4.933898126632398,0.0002503490239941,60665.03845713334,60.0,7104.132375842002,0.07757299110060992,-65.00832919535857,0.07757299110060992,56.30150247197375,0.0006219110819680666,0.17119965849370128,4.667849721546614e-05,0.1660845,1.2948016448224835e-05
2024-12-26,2024-12-26T12:00:00.000,11.983395555436744,0.0774787689980536,-4.902619766399702,0.0004667020965517,60671.013477500004,14.0,7114.483894937683,0.15493344044677862,-61.83096773981741,0.15493344044677862,56.20595688353937,0.0012331155035733253,0.17725,9.354143466934853e-05,0.17257857142857144,1.4285714285716374e-06
2024-12-27,2024-12-27T12:00:00.000,11.394822642445268,0.0976351659684155,-4.902554308480157,0.000588116931186,60671.987088222224,9.0,7114.783122676832,0.19528743201906548,-59.762926818140336,0.19528743201906548,56.20758092177457,0.0015628552686980375,0.17726151717387434,0.00011885734673744417,0.17309555555555553,5.030769521186355e-06
2025-01-02,2025-01-02T12:00:00.000,5.728417141709358,0.0363249897892366,-4.92142072455698,0.0002268415019764,60678.04586015873,63.0,7104.882394587562,0.0725870363128847,-63.89730398592586,0.0725870363128847,56.28958075676787,0.0005818565627189957,0.17355662321437956,4.365406225176607e-05,0.168549365079365,9.830362453920003e-07
2025-01-03,2025-01-03T12:00:00.000,6.514038683511201,0.060728414123755,-4.9216975279756605,0.0003786265243249,60678.99884552173,23.0,7106.483635286022,0.12130442555942304,-64.40576888430506,0.12130442555942304,56.28520491590403,0.0009736216920479948,0.1735172760135741,7.232977035813878e-05,0.16862782608695648,8.793911249529343e-07
2025-01-08,2025-01-08T12:00:00.000,7.115780552910272,0.0357127309183906,-4.925318349126366,0.0002241799705969,60684.04855204615,65.0,7103.10722767759,0.07135213365092075,-61.42681604008632,0.07135213365092075,56.27217377515388,0.0005721216643876072,0.17281429440366908,4.259667177900236e-05,0.16752076923076922,4.87984321699833e-06
2025-01-09,2025-01-09T12:00:00.000,5.0347143218805055,0.0343885833872851,-4.924243865972879,0.0002150031420379,60685.048158357145,70.0,7103.924870817992,0.06868342478422469,-60.94439144063093,0.06868342478422469,56.27691740354221,0.0005512620911898484,0.17302077502888358,4.0905357428107106e-05,0.166987,1.32257825874977e-05
2025-01-10,2025-01-10T12:00:00.000,4.569671144349,0.0407761083957116,-4.929912396576557,0.0002580177429023,60686.05540045834,48.0,7101.8331444631685,0.08153893227843781,-61.492600732368174,0.08153893227843781,56.30099483169412,0.0006548018760468258,0.17193789538199816,4.85384015519315e-05,0.16514479166666665,1.7624907784410657e-05
2025-01-11,2025-01-11T12:00:00.000,3.6767600299449006,0.0727939431222737,-4.936901875957072,0.0004653884364116,60687.094521000006,15.0,7099.500143649657,0.14556751067047946,-62.17217481346937,0.14556751067047946,56.32456428003942,0.0011669242777477638,0.1706261576007057,8.604081961720194e-05,0.163176,8.035634920244183e-06
2025-01-12,2025-01-12T12:00:00.000,3.194303145540745,0.0439100703284476,-4.942746340454399,0.0002846051321353,60688.005754690465,42.0,7100.598939815695,0.08775543359814528,-63.69450226983064,0.08775543359814528,56.321762625688635,0.0007045870902960434,0.16954873344907348,5.196764823009312e-05,0.16222714285714285,3.7993476163156495e-06
2025-01-15,2025-01-15T12:00:00.000,2.8263093752468316,0.0385708241399869,-4.939710747750217,0.0002455427389054,60691.04498292593,54.0,7100.947388743356,0.07711018692787631,-66.34468578804217,0.07711018692787631,56.33321017992934,0.0006196939005400861,0.17010900691927963,4.536603079351515e-05,0.16447907407407408,1.826367272308679e-05
2025-01-17,2025-01-17T12:00:00.000,8.225772001889814,0.0391293066430344,-4.922831492918568,0.0002422158185708,60693.05876573077,52.0,7106.81946071196,0.07824435971632468,-65.46323978861386,0.07824435971632468,56.31103584250711,0.0006284547263448694,0.17328058645907138,4.635414661379248e-05,0.16852865384615387,1.5906563635124677e-05
2025-01-20,2025-01-20T12:00:00.000,10.61575577708782,0.07356878893941,-4.902996904575404,0.0004393253227903,60695.9808612,15.0,7112.188443044121,0.14709670152077156,-63.00676424872521,0.14709670152077156,56.22471259058941,0.0011770725402954812,0.17717537654014037,8.845444693017277e-05,0.17233200000000004,1.999999999998828e-06
2025-01-24,2025-01-24T12:00:00.000,5.603358481767207,0.0449456443078646,-4.912707578890941,0.0002782136708178,60700.02175759524,42.0,7105.628548034045,0.08976718569521865,-58.58737626682094,0.08976718569521865,56.234511013216945,0.0007196478973584324,0.1752562669422073,5.4469337642394495e-05,0.16978166666666664,3.177650734257554e-05
2025-01-26,2025-01-26T12:00:00.000,2.712340581225258,0.0353594237453758,-4.930925066327922,0.0002246626801544,60702.06377867187,64.0,7099.070671588528,0.07066280938472211,-61.55679094066275,0.07066280938472211,56.30386307792392,0.0005692346806727864,0.17175057632274224,4.20984788941052e-05,0.16503734374999998,1.5304842493310404e-05
2025-01-27,2025-01-27T12:00:00.000,3.685909551065984,0.0457714035736737,-4.9366198431358095,0.0002914870583177,60702.984560499994,38.0,7096.935354878195,0.09144015266587242,-62.78126576421312,0.09144015266587242,56.32217279847512,0.0007347958510875276,0.17068059631831647,5.399445359858379e-05,0.16431000000000007,9.125977046573324e-18
2025-01-29,2025-01-29T12:00:00.000,2.963355939896522,0.0340370334730883,-4.936201247580679,0.0002183727614104,60705.05230360868,69.0,7099.495960039884,0.06800668984995893,-65.97645932930257,0.06800668984995893,56.33032621198262,0.00054705985696113,0.17076198805518908,4.055077207036819e-05,0.16516304347826083,5.100458614963389e-06
2025-02-02,2025-02-02T12:00:00.000,10.568565405904057,0.0362763986873507,-4.9146929022179755,0.0002237164727179,60709.04835940984,61.0,7104.612464422316,0.07252391483597284,-63.92442024560368,0.07252391483597284,56.26133990589948,0.0005826711434665445,0.17486279878937178,4.3605802880864094e-05,0.16960836065573767,6.096582971408019e-06
2025-02-03,2025-02-03T12:00:00.000,11.059128219578684,0.0543567494840228,-4.911413966809846,0.0003360335306912,60709.96179042857,28.0,7108.3965939395985,0.10858915569836519,-62.645813677840074,0.10858915569836519,56.23302890088186,0.0008705577518070648,0.17550348624539247,6.592462628572512e-05,0.16988857142857144,6.734350297021473e-07
2025-02-05,2025-02-05T12:00:00.000,8.413679186865657,0.0444494856142168,-4.9150806504766695,0.0002750470065047,60712.055119975004,40.0,7107.470539700046,0.08888011823929388,-59.11373197908216,0.08888011823929388,56.247792877546914,0.0007126627219950497,0.17478225,5.375872022286245e-05,0.16890149999999998,4.33456589965573e-06
2025-02-06,2025-02-06T12:00:00.000,5.1797774874315,0.0428782881533584,-4.9200515695019655,0.0002678576721744,60713.05419755815,43.0,7105.021499878643,0.08575973064134235,-59.00383196874552,0.08575973064134235,56.279242246473665,0.0006879658638423375,0.17381679532562797,5.181246056763691e-05,0.16731093023255814,1.8950345893074098e-05
2025-02-07,2025-02-07T12:00:00.000,3.4749562390130784,0.0435253167521429,-4.927891795757285,0.0002766483365463,60714.00770830953,42.0,7099.877946040914,0.08701232080625619,-60.299890203926246,0.08701232080625619,56.31873007257646,0.0007007172699421061,0.17231711839567246,5.223106820405921e-05,0.16491904761904763,1.9686301515048657e-05
2025-02-08,2025-02-08T12:00:00.000,3.7549781085145417,0.0454943778157398,-4.939882087679746,0.0002965956609801,60715.08127047368,38.0,7098.450135228774,0.09096838212358682,-62.24889452227026,0.09096838212358682,56.34420470507028,0.0007333236353867693,0.17008191434453068,5.465224004143155e-05,0.16242684210526318,1.630132888297932e-05
2025-02-09,2025-02-09T12:00:00.000,2.023197712677884,0.0425605881887265,-4.946522381903961,0.0002795266327895,60716.08283953489,43.0,7096.406701527059,0.08510947312294062,-63.95863673653601,0.08510947312294062,56.35990837221646,0.0006883118820293544,0.16886175231453154,5.066715071431787e-05,0.16112860465116277,5.330509309249211e-06
2025-02-10,2025-02-10T12:00:00.000,1.7881679911681074,0.0810868826412518,-4.949376369228502,0.000543421212919,60716.93874961537,13.0,7098.091096099517,0.1619235078365811,-65.77834505072029,0.1619235078365811,56.34630605484649,0.001297383730181293,0.1683573771092806,9.79856293136812e-05,0.1610223076923077,4.689574655941616e-06
2025-02-11,2025-02-11T12:00:00.000,2.1179330149341533,0.038244340611712,-4.946734746419886,0.0002551919660551,60718.03745583928,56.0,7100.552495967438,0.07641741002344787,-66.40402284465432,0.07641741002344787,56.336638951459214,0.0006142324401156792,0.1688230841351709,4.62391710956325e-05,0.16191982142857145,1.4438609565905582e-05
2025-02-12,2025-02-12T12:00:00.000,2.5910654073337143,0.0479149098128109,-4.94294415272957,0.0003155745520685,60718.98493020001,35.0,7101.249553730614,0.09572686559291664,-66.00668511807741,0.09572686559291664,56.33750626594472,0.0007712867271213318,0.16952103609237107,5.752716807495372e-05,0.1635997142857143,1.9322498378249072e-05
2025-02-13,2025-02-13T12:00:00.000,4.706399032451419,0.0370505249821283,-4.93308215490797,0.0002372026967586,60720.07622607018,57.0,7101.422346651236,0.07406915974447463,-65.35347119548828,0.07406915974447463,56.32829684445167,0.0005960357629585253,0.17133756378310708,4.427289925847254e-05,0.16581947368421054,1.4784206020568636e-05
2025-02-16,2025-02-16T12:00:00.000,8.32485820172323,0.0366745136748444,-4.915193366469395,0.0002270932529998,60723.04708496551,58.0,7106.669429115026,0.07332279837979733,-63.32013785517015,0.07332279837979733,56.25205373112027,0.0005879114628372251,0.17475773627902286,4.425254201266355e-05,0.1694701724137931,5.120988562204059e-06
2025-02-17,2025-02-17T12:00:00.000,8.14952141559352,0.036968013718523,-4.913548463178195,0.0002284005231891,60724.03405354386,57.0,7105.936574414996,0.07391907565133167,-62.59810381167361,0.07391907565133167,56.25180645502062,0.0005919039276857064,0.17508322230785056,4.4605001719574526e-05,0.16958719298245614,1.951067858193715e-06
2025-02-18,2025-02-18T12:00:00.000,8.975837851846421,0.0463952248659654,-4.914307869587052,0.0002865305480452,60725.096655555564,36.0,7105.82228818835,0.09278842708719473,-62.38312148899605,0.09278842708719473,56.2582503144447,0.0007423936722635331,0.17493234980112943,5.580686247322473e-05,0.16902055555555556,5.147729418470134e-06
2025-02-19,2025-02-19T12:00:00.000,9.16857482599502,0.0332062524404437,-4.917159656485336,0.0002058380412864,60726.05288499999,71.0,7104.647651616376,0.06635889316042744,-61.374461525190206,0.06635889316042744,56.2587436786339,0.0005325191653223232,0.17437718506257394,3.9947456042442933e-05,0.16849450704225355,3.841888852570995e-06
2025-02-20,2025-02-20T12:00:00.000,8.00041100622791,0.0348473373198601,-4.917241660931915,0.0002092628148402,60727.026457578126,64.0,7104.124292454631,0.06963446380183155,-61.21717211408714,0.06963446380183155,56.26379647063253,0.0005587387273372661,0.17437787631242366,4.043361478732595e-05,0.16778296875,9.54749948435553e-06
2025-02-21,2025-02-21T12:00:00.000,6.913290314900216,0.0582915535010482,-4.922267115202095,0.0003680042834846,60727.99323356522,23.0,7105.072446372599,0.11654192703189425,-60.5717320726122,0.11654192703189425,56.26905952748068,0.0009325010430160937,0.17339590731258298,7.03941096697299e-05,0.16676260869565218,6.3562670609675005e-06
2025-02-22,2025-02-22T12:00:00.000,5.122136559568052,0.0470561774135871,-4.925984873884561,0.0003001046602802,60729.109344342854,35.0,7106.7646039641195,0.0940803978188211,-61.358409949005924,0.0940803978188211,56.27467362564981,0.0007545255793101691,0.17267797857841272,5.6848971354419014e-05,0.16640514285714286,2.332504283059897e-06
2025-02-23,2025-02-23T12:00:00.000,4.29374225492206,0.0358853892012531,-4.9249513278635595,0.0002258739455904,60730.022193799996,60.0,7104.3257029575725,0.07172491015601741,-61.424283731213585,0.07172491015601741,56.29518739634942,0.0005756647160074668,0.172882311736146,4.3128644867523616e-05,0.16620100000000004,5.577902325272511e-06
2025-02-24,2025-02-24T12:00:00.000,3.57343905979537,0.0331285713351479,-4.927152792877272,0.0002099258270703,60731.04845443662,71.0,7104.480941287645,0.06620785742039187,-62.41894778764864,0.06620785742039187,56.31385927813029,0.000531507352043834,0.17245984569109457,3.983207668610824e-05,0.1665143661971831,1.0859876485408002e-05
2025-02-25,2025-02-25T12:00:00.000,3.711072098837193,0.036761163340372,-4.926011329022134,0.0002323799538255,60732.05109019642,56.0,7101.2257433195855,0.07350921959797727,-62.961905694392655,0.07350921959797727,56.329520488318934,0.0005917015616130222,0.17267573493601973,4.430272927989255e-05,0.16658464285714286,6.496573950809016e-06
2025-02-26,2025-02-26T12:00:00.000,5.2721795247590775,0.0308528324711965,-4.928376526386358,0.0001967753082457,60733.0460245366,82.0,7100.01288945989,0.06163010052767155,-64.29405496018077,0.06163010052767155,56.32608011585986,0.0004957969907626624,0.1722347194566043,3.721403843230989e-05,0.16601707317073172,3.901403807286955e-06
2025-02-28,2025-02-28T12:00:00.000,5.767742898870139,0.0428147247085519,-4.930212277811548,0.0002771374745047,60735.11593151163,43.0,7102.064584400317,0.08556782123195314,-64.41168292372096,0.08556782123195314,56.28791463929464,0.0006864014465544273,0.17188769480287355,5.217873648997678e-05,0.16503116279069766,5.081934458783092e-06
2025-03-01,2025-03-01T12:00:00.000,6.0030184205000685,0.0662965065359119,-4.932928827205518,0.0004316037906644,60735.94057252632,19.0,7100.936838634524,0.1324102905919458,-62.67745303171709,0.1324102905919458,56.286401176171026,0.00106621662705748,0.17137253880579095,8.063353663657049e-05,0.1649368421052632,2.6548677106008684e-06
2025-03-06,2025-03-06T12:00:00.000,4.28526077087084,0.0718876178299146,-4.933801925550715,0.0004593470065558,60741.10493733333,15.0,7100.180747215227,0.14375186816377455,-64.42390872209654,0.14375186816377455,56.316284317594246,0.0011548380132505819,0.1712052600749766,8.587181768289845e-05,0.16287399999999996,1.9118676981523678e-05
2025-03-08,2025-03-08T12:00:00.000,4.252131101192552,0.0375607090063636,-4.942588365391013,0.0002445760061061,60743.05066685454,55.0,7098.905285217596,0.07509418394838019,-64.46457189526083,0.07509418394838019,56.328597957192486,0.0006033356431854231,0.16957687255354265,4.494333158317096e-05,0.1617636363636364,2.9170765814530267e-06
2025-03-10,2025-03-10T12:00:00.000,3.658697011641838,0.0510958674468643,-4.942938862062858,0.0003322387967584,60745.08897944827,29.0,7101.004464276203,0.10218234115942247,-65.57084379318083,0.10218234115942247,56.32206813879039,0.0008214282774499063,0.1695135616300649,6.074420165782102e-05,0.16275965517241378,9.063035390955325e-06
2025-03-11,2025-03-11T12:00:00.000,3.91135207448514,0.038694629787159,-4.936859439455583,0.0002523480350586,60746.00688753847,52.0,7100.756376765237,0.07735803324967619,-65.41429886447447,0.07735803324967619,56.32084964306098,0.0006210386408709964,0.17064273430150226,4.670526813534908e-05,0.16403807692307693,1.150460089464135e-05
2025-03-14,2025-03-14T12:00:00.000,7.063567090079407,0.0545902092684829,-4.921293744025376,0.0003438465944642,60749.023375192315,26.0,7103.941009181066,0.10913994837880772,-63.67794347788411,0.10913994837880772,56.277991570089114,0.0008746755188776352,0.17357917185631044,6.588499401881173e-05,0.16846615384615388,1.1781039827124242e-05
2025-03-16,2025-03-16T12:00:00.000,7.923430875792945,0.0565033457838544,-4.912029344114718,0.0003534883346366,60750.99243496,25.0,7104.856871835262,0.11298718236581036,-61.90161603472704,0.11298718236581036,56.25301485969322,0.0009069988367016687,0.1753854629134374,6.939550735651832e-05,0.1705248,9.365183749754298e-06
2025-03-18,2025-03-18T12:00:00.000,6.684310513156097,0.0381667466351047,-4.910906273542152,0.0002361852668474,60753.01133685455,55.0,7106.262897179686,0.07624348325658861,-60.29400140138378,0.07624348325658861,56.245464508349656,0.000613968589415213,0.1756083553756194,4.656986934845847e-05,0.17018036363636363,7.680328785942414e-06
2025-03-20,2025-03-20T12:00:00.000,4.718819553845257,0.0489645575564212,-4.920679229423296,0.0003060378204572,60755.03564256251,32.0,7103.242387168654,0.09793339431778103,-61.0091363048044,0.09793339431778103,56.261118562855486,0.0007837605284510784,0.17369577682685977,5.8763593947842284e-05,0.16704249999999998,6.302201356310221e-06
2025-03-21,2025-03-21T12:00:00.000,3.829164365580319,0.0693425686031538,-4.925811477333398,0.0004373426902933,60756.1111698125,16.0,7102.813155471478,0.13866617186470223,-62.57802522598253,0.13866617186470223,56.27956454809392,0.0011122893413560244,0.17271638290843017,8.325742555323018e-05,0.166269375,2.9536347664085093e-06
2025-03-22,2025-03-22T12:00:00.000,3.627516607008032,0.0429606238954305,-4.926964480912984,0.0002728699278856,60757.10821293022,43.0,7102.343540596294,0.0858345702245881,-62.1499817392143,0.0858345702245881,56.29746254049623,0.0006895191767648385,0.17249858706824722,5.1711445393074086e-05,0.16572953488372089,3.9227519942545665e-06
2025-03-24,2025-03-24T12:00:00.000,2.887301012449855,0.0393906186916665,-4.929271098327241,0.0002455758084324,60759.03490271428,49.0,7098.4286801673425,0.0787739322595421,-63.86178419930342,0.0787739322595421,56.32535042228267,0.0006319817716414232,0.1720540758930284,4.625266044668344e-05,0.16559408163265307,2.5740457472804643e-06
2025-03-26,2025-03-26T12:00:00.000,4.815193618727157,0.0320877629151146,-4.932122076672717,0.0002004130316531,60761.033729346665,75.0,7098.471769556832,0.06414737829179942,-64.84648695107208,0.06414737829179942,56.30573031508147,0.0005151903930837198,0.17152561422022097,3.7557108884352414e-05,0.16478533333333337,1.3732756044894036e-06
2025-03-27,2025-03-27T12:00:00.000,5.164145119949304,0.0362474851344748,-4.931336059320676,0.0002250403908212,60762.04705284483,58.0,7100.53940651126,0.07248827421543584,-64.84587710241681,0.07248827421543584,56.29018074286997,0.0005817292752287552,0.17166341065347293,4.23240543887403e-05,0.1650260344827586,5.082142295023007e-06
2025-04-03,2025-04-03T12:00:00.000,7.6187295810817215,0.0555528054381927,-4.930439139988193,0.0003551912187577,60769.10704364,25.0,7104.622079055623,0.11110291050171746,-63.10698564034443,0.11110291050171746,56.29450700157113,0.0008886342722165771,0.17183665249734326,6.677861659566972e-05,0.164574,1.5275252316517179e-06
2025-04-04,2025-04-04T12:00:00.000,7.069325173590395,0.0337572303871283,-4.931196138466238,0.0002174055452089,60770.032924304345,69.0,7104.190677685767,0.06749222985976498,-61.06633594140503,0.06749222985976498,56.290601796503616,0.0005433287651442992,0.17169368510883648,4.0826729478307416e-05,0.1641869565217392,5.108809017261721e-06
2025-04-07,2025-04-07T12:00:00.000,5.297919706824739,0.0377487046334739,-4.935690193370773,0.0002440960704302,60773.04316323637,55.0,7101.533325108969,0.0754983975893043,-62.264707001710114,0.0754983975893043,56.320265040006156,0.0006074928119039258,0.17085331661943584,4.543388283165133e-05,0.1634440000000001,3.0218062696525214e-06
2025-04-09,2025-04-09T12:00:00.000,4.359088752329741,0.0550919072868787,-4.937436643184211,0.0003670918143065,60774.917109782604,23.0,7098.749580978621,0.12127102807172764,-62.723243159319274,0.12127102807172764,56.328737213591836,0.0009737020639447265,0.17061108184942408,7.430682782266726e-05,0.1635334782608695,2.0477207663218086e-06
2025-04-11,2025-04-11T12:00:00.000,4.041956614675981,0.073488316954908,-4.934264102060461,0.0004800966784114,60776.90681173334,15.0,7099.385106461529,0.1512348939786013,-62.25345289546497,0.1512348939786013,56.31786271274326,0.001215895762530165,0.17116313691440488,9.230287577928129e-05,0.16441999999999996,1.4835979218054374e-17
2025-04-14,2025-04-14T12:00:00.000,4.338531183628315,0.0336268614308804,-4.937528949000721,0.0002181840985826,60780.02097617392,69.0,7098.402211006945,0.06721482824645923,-63.74914332656122,0.06721482824645923,56.304610224034015,0.0005393566475021096,0.17050896825535602,4.041195651235659e-05,0.1633130434782609,1.5214346303556704e-06
2025-04-15,2025-04-15T12:00:00.000,3.6651190527798585,0.037599038859019,-4.936544887463412,0.000243948960689,60781.06100267743,62.0,7099.74883574301,0.07190942088980114,-63.19007946007764,0.07190942088980114,56.29661529509632,0.000576750707697416,0.1706622152198878,4.3399331698038755e-05,0.16349161290322584,2.0073048563192523e-06
2025-04-16,2025-04-16T12:00:00.000,3.987280782303315,0.0371618743822862,-4.936153794547301,0.0002421706673998,60781.973203038455,52.0,7100.156244146298,0.07768261076591176,-63.36077468046714,0.07768261076591176,56.304095158050416,0.0006226468366237039,0.1708350011623907,4.6890624943890054e-05,0.16342057692307693,3.401417741172137e-06
2025-04-17,2025-04-17T12:00:00.000,3.326994286329634,0.0303627782852193,-4.93641050617012,0.0001952393278086,60783.05941322354,85.0,7099.703219302642,0.06065769401003558,-63.7225927678183,0.06065769401003558,56.31319432499314,0.0004866409766417027,0.17071959147519494,3.630356880029075e-05,0.162986,4.14445057736658e-06
2025-04-18,2025-04-18T12:00:00.000,3.4004317243705837,0.0374755942012748,-4.9382668233134135,0.000245079652195,60783.98433133929,56.0,7098.84448342026,0.07487780058042334,-64.83693413489566,0.07487780058042334,56.334555159343246,0.0006003225446074087,0.17038720956890274,4.521536114780589e-05,0.16299392857142855,3.2601347616613258e-06
2025-04-21,2025-04-21T12:00:00.000,6.415781392070241,0.02924425669877,-4.930781685180268,0.0001880116540113,60787.04798387355,87.0,7101.2002337377735,0.06009430286105448,-63.851196417552515,0.06009430286105448,56.300418620559704,0.0004819969401894551,0.17180654606841145,3.624465602583299e-05,0.1656150574712644,1.3320503279685853e-05
2025-04-22,2025-04-22T12:00:00.000,7.4674236011269555,0.0339753473729768,-4.926186470168661,0.0002157538538643,60788.05599498612,72.0,7102.873266713834,0.06630529561138486,-63.34047236319475,0.06630529561138486,56.28552924549715,0.0005316127825051129,0.1726355338130785,4.0057458629824534e-05,0.16508916666666668,2.0415049758720175e-05
2025-04-23,2025-04-23T12:00:00.000,8.182322744258913,0.0295766115951542,-4.923055696207203,0.0001877614061076,60789.05380853932,89.0,7103.862587987706,0.06016270849211454,-62.63789593835483,0.06016270849211454,56.27214834181771,0.0004828456799251737,0.17327600141917224,3.646251617740102e-05,0.16600943820224717,3.887309423400571e-05
2025-04-24,2025-04-24T12:00:00.000,8.194291732536918,0.0338762455423929,-4.919681432734193,0.0002120538437759,60790.06320266667,69.0,7105.1949006327795,0.06771155354919663,-61.994015149093784,0.06771155354919663,56.26678452907457,0.0005433973543689145,0.1738857451893207,4.092202890997603e-05,0.16796347826086952,5.798646426691132e-06
2025-04-26,2025-04-26T12:00:00.000,6.966362639908141,0.0309687290600814,-4.918144408712729,0.0001971538591186,60792.032042414634,82.0,7102.426863236209,0.06246643724370587,-61.306005417891285,0.06246643724370587,56.26137684706985,0.0005009990891504596,0.1742152819270024,3.8542325091163344e-05,0.16816890243902438,8.128014642477962e-06
2025-04-27,2025-04-27T12:00:00.000,6.272406797385052,0.0634045335031885,-4.921546954361783,0.0004011492798313,60793.18583233333,21.0,7100.896788978739,0.12670006543315704,-61.83148329035274,0.12670006543315704,56.276750153014376,0.0010164852832003977,0.17352907011572463,7.700483596006172e-05,0.16706285714285715,5.2618508939274986e-06
2025-04-29,2025-04-29T12:00:00.000,5.716759137955825,0.037429254938735,-4.93044727963989,0.0002385008110713,60795.031226036364,55.0,7100.655935841109,0.07484693475713634,-62.189088074198395,0.07484693475713634,56.28887728060442,0.0005995569650127521,0.17183382753349608,4.4964945771170756e-05,0.1655436363636363,7.272306385127492e-06
2025-04-30,2025-04-30T12:00:00.000,4.428187295522425,0.0436843049674511,-4.932279978879093,0.0002819615697903,60795.95627666667,42.0,7100.171410961156,0.08732030572283161,-62.283350064377125,0.08732030572283161,56.30171011377898,0.0007021367970482719,0.17148205065102679,5.281647176294616e-05,0.1646571428571429,8.152764110092608e-06
2025-05-02,2025-05-02T12:00:00.000,5.778717468005362,0.0325230413722265,-4.937264271889872,0.0002121809873176,60798.05015568001,75.0,7101.415703292994,0.06501364066104301,-64.13471367649827,0.06501364066104301,56.31091474268157,0.0005234843707980046,0.17056547744997805,3.9258983337562706e-05,0.16182973333333336,1.0833670126434987e-05
2025-05-03,2025-05-03T12:00:00.000,5.230973852668703,0.0580840226736942,-4.941476302003472,0.000378558691944,60799.17490157142,28.0,7102.659098523573,0.10694221317341678,-63.69342061736002,0.10694221317341678,56.32698670673812,0.0008630624592388045,0.16970080963593534,6.422053697172708e-05,0.16158750000000005,1.2977646634476709e-05
2025-05-04,2025-05-04T12:00:00.000,5.618421615148078,0.0379354966833803,-4.940503267542154,0.0002503484242015,60799.98875899999,51.0,7102.090382378877,0.07879463943066492,-63.55899597752164,0.07879463943066492,56.32518778260006,0.0006335663889635247,0.170042148911991,4.7648256843965606e-05,0.16172058823529412,9.460657319079908e-07
2025-05-07,2025-05-07T12:00:00.000,4.094075665441729,0.0446648377539241,-4.9411321643829575,0.0002896509218044,60802.96790039025,41.0,7102.951589968533,0.08925822388574838,-61.97881867430283,0.08925822388574838,56.3220340839732,0.000717175723091361,0.16984724820850075,5.313670570892721e-05,0.1619873170731707,1.0490640569555784e-06
2025-05-08,2025-05-08T12:00:00.000,2.842568676404228,0.0497783514100422,-4.940361650991369,0.0003222889569351,60803.99462309375,32.0,7100.070459420399,0.09954916479443623,-61.82127729667072,0.09954916479443623,56.323094770392935,0.0007998062735699494,0.16998829603105706,5.9140621274976004e-05,0.16187656250000002,3.098171124149106e-06
