date,bjd,rv,rv_corrected,rv_err,rv_std,n_binned_rvs,delta_fwhm_sq,v_diff_ext,airmass,num_obs,num_binned_obs,CaIIHK,σ_CaIIHK,CaIRT1,σ_CaIRT1,CaIRT2,σ_CaIRT2,CaIRT3,σ_CaIRT3,CaI_1,σ_CaI_1,CaI_2,σ_CaI_2,Ha06_1,σ_Ha06_1,Ha06_2,σ_Ha06_2,Ha16_1,σ_Ha16_1,Ha16_2,σ_Ha16_2,HeI_2,σ_HeI_2,Mn539,σ_Mn539,NaI,σ_NaI,NaINIR,σ_NaINIR,PaDelta,σ_PaDelta
2021-01-01,2459216.2963698152,-1.1255684996496018,-1.572954396372992,0.07950102438623231,0.6887555692105671,16.0,-0.6178726184235306,-0.016205716051335143,1.9393386362492375,183,35,0.1397292099965681,0.0001964850692981,0.2420353740505025,8.562722008366227e-05,0.1732098376482766,7.925041062841413e-05,0.1779653014064393,8.293952544226056e-05,0.4751523236192634,0.0001653344405424,0.4751523236192634,0.0001653344405424,0.1014974206278002,5.834393579862871e-05,0.1014974206278002,5.834393579862871e-05,0.1874644908611685,4.913465554182897e-05,0.1874644908611685,4.913465554182897e-05,0.5155885380560772,0.0001651485415132,0.3724336930006249,0.0002102149698751,0.321547268026381,0.0001153495852557,0.6182543926559075,0.0001821903222217,0.4379010377265288,0.0006793270500438
2021-01-02,2459217.271976257,-0.8434913284268285,-1.3059122004053176,0.10508368279330549,0.5118319379139211,9.0,-0.6187254679595281,-0.030700816190799826,1.9100661579947886,120,20,0.1396553303180836,0.0001935916580804,0.242027781354426,8.521628472376107e-05,0.1731888830046957,7.886522602380525e-05,0.1780900385472126,8.2656895878721e-05,0.4747517278370317,0.0001639706955966,0.4747517278370317,0.0001639706955966,0.1013973298360614,5.787840952737504e-05,0.1013973298360614,5.787840952737504e-05,0.187452578746991,4.8763292612911895e-05,0.187452578746991,4.8763292612911895e-05,0.5158990455124853,0.0001637408941854,0.37242614546423,0.0002083797315679,0.3223527870812061,0.0001144955507705,0.6178209732577743,0.0001806075091661,0.4381335259754996,0.0006791431544943
2021-01-03,2459218.289509726,-1.4923853027735243,-1.9443924524356515,0.08616163879610585,0.2697178184797575,13.0,-0.6198029033936248,-0.0186371730238466,1.952042120743778,183,32,0.1393335975030985,0.0001910473272548,0.2424189540000146,8.413434060647769e-05,0.1734222696623225,7.786286945159223e-05,0.1779826610133886,8.14553080594357e-05,0.476215258616097,0.0001618868413392,0.476215258616097,0.0001618868413392,0.1016037392455228,5.709449290925089e-05,0.1016037392455228,5.709449290925089e-05,0.1871251614160431,4.80138375858685e-05,0.1871251614160431,4.80138375858685e-05,0.5145186714529639,0.0001614244636129,0.3723666110557209,0.0002049786871331,0.3189647765580555,0.0001121545220222,0.6163352144151137,0.0001808171975785,0.4387188074875354,0.0006730727168507
2021-01-04,2459219.309758138,-2.1797639451945443,-2.6194428687473357,0.07509610689599651,0.6718043778562792,17.0,-0.6208242868887721,-0.006687085348894317,1.9505589408395048,198,36,0.1390767377035109,0.0001911403250797,0.2417633483303021,8.34883494682543e-05,0.1731365357062891,7.734339429911896e-05,0.178054416865589,8.107977878651804e-05,0.4747826370249433,0.0001604623358517,0.4747826370249433,0.0001604623358517,0.1014356652163998,5.663280999440193e-05,0.1014356652163998,5.663280999440193e-05,0.1875641234746091,4.772564042664648e-05,0.1875641234746091,4.772564042664648e-05,0.5160649682482339,0.0001606663747097,0.372331125240266,0.0002039878543777,0.3219888869509659,0.0001121248218064,0.6203670526830033,0.0001782439786745,0.4390459825022612,0.0006722794859005
2021-01-05,2459220.2671897938,-1.5565515358494637,-2.0245237274798713,0.09821297867555258,0.6127591401797267,10.0,-0.621749585847473,-0.031129179507662752,1.9325775177764524,118,21,0.1389550886062311,0.0001915703070903,0.2413670219670966,8.343884161715125e-05,0.1730624493157038,7.732533633243892e-05,0.178103030701681,8.116567987934773e-05,0.4735082632747238,0.0001604506243208,0.4735082632747238,0.0001604506243208,0.101318521048127,5.666915198204472e-05,0.101318521048127,5.666915198204472e-05,0.1878819028322215,4.783245069725414e-05,0.1878819028322215,4.783245069725414e-05,0.5169896872348257,0.0001614901213354,0.3723264819435194,0.0002050116701021,0.3247437077169324,0.0001132039204548,0.6188812537054982,0.0001752380914539,0.4383254559192898,0.0006736364101012
2021-01-06,2459221.272000334,-1.5245910179976427,-1.9884624742499315,0.10512153159828032,0.5647334970445289,9.0,-0.6230057773863119,-0.0292524302909585,2.02087291163695,133,21,0.1388224296637458,0.000195029589305,0.2411725892965326,8.371080790592319e-05,0.1728464176238687,7.756769024994456e-05,0.1781106933331936,8.153244040314732e-05,0.4730745449893579,0.0001613371187276,0.4730745449893579,0.0001613371187276,0.1012620525988857,5.700583292307967e-05,0.1012620525988857,5.700583292307967e-05,0.1879603636010407,4.81308294365037e-05,0.1879603636010407,4.81308294365037e-05,0.518029732158599,0.0001630190871316,0.3723087660670506,0.0002069230936129,0.3265960101285248,0.0001145947817284,0.6158374264495834,0.0001740180443451,0.4377196177239119,0.0006790577173205
2021-01-07,2459222.283982732,-2.1338307907846663,-2.592665717459953,0.0892113611824987,0.3235931756626804,12.0,-0.6237322881568588,-0.02445298834882098,1.8891890810342822,138,26,0.1388238183571925,0.0001904475526082,0.2416812383924791,8.310551305534358e-05,0.1730458896410851,7.693195917947345e-05,0.1779986408268031,8.079791955758209e-05,0.4742947306962265,0.0001598267847604,0.4742947306962265,0.0001598267847604,0.1014396595035231,5.6433199558211075e-05,0.1014396595035231,5.6433199558211075e-05,0.1877321000854578,4.7588880946703605e-05,0.1877321000854578,4.7588880946703605e-05,0.5164530001492134,0.0001607500638285,0.3721396345101419,0.0002039170072395,0.3228808546370428,0.0001122754961763,0.6198061922583347,0.0001768901449508,0.4382106045187661,0.0006756081832982
2021-01-08,2459223.336321209,-2.5613288217934227,-2.9849271766207486,0.12493520569310562,0.30949027496524223,6.0,-0.6246511128280519,0.008278102049531099,1.7907595167693557,80,14,0.138642904184182,0.0001883190531161,0.2415348137592991,8.28341848566039e-05,0.1730902318730069,7.676798748354818e-05,0.1781160085453612,8.058233249063155e-05,0.473670361848754,0.0001589959745511,0.473670361848754,0.0001589959745511,0.1014466240532899,5.61831483034866e-05,0.1014466240532899,5.61831483034866e-05,0.1879503352587362,4.7408883945079674e-05,0.1879503352587362,4.7408883945079674e-05,0.5166104209527606,0.0001600203082812,0.3720662803581936,0.0002028676635813,0.323786856880465,0.0001119438958644,0.6187241069306831,0.0001754218648954,0.4377742630126597,0.0006749115304874
2021-01-09,2459224.3088888796,-1.895021080398722,-2.3366289068387442,0.07546509010875639,0.49583670364977955,17.0,-0.6259819430466753,-0.00799376512751393,1.9153967840581738,205,38,0.13856385307199,0.0001915944416291,0.2414615502116117,8.327414581517447e-05,0.1730823994815695,7.717630672202493e-05,0.1780467768342196,8.103159820458422e-05,0.4735572694886735,0.0001603237802061,0.4735572694886735,0.0001603237802061,0.1014457708077285,5.6670111551969814e-05,0.1014457708077285,5.6670111551969814e-05,0.1880181061962453,4.781302821789239e-05,0.1880181061962453,4.781302821789239e-05,0.517412241322938,0.0001620708007361,0.3721770220111507,0.0002055474931591,0.3248201885799302,0.0001134959259994,0.6171273504608484,0.0001752508169888,0.4381518177289207,0.0006798167596574
2021-01-10,2459225.311822161,-1.4169097831765505,-1.8565766387499312,0.07633671118816453,0.5166938162021816,17.0,-0.6270538865793384,-0.0068837748625959405,1.9149367625531322,200,37,0.1384160500057426,0.0001937029870071,0.2414057749969407,8.402852319709837e-05,0.1729911171986176,7.786256582194608e-05,0.1780795671527645,8.18045965210712e-05,0.4735072489175388,0.0001620093530302,0.4735072489175388,0.0001620093530302,0.1014547086732983,5.727087541672222e-05,0.1014547086732983,5.727087541672222e-05,0.1880536167927651,4.833057272157923e-05,0.1880536167927651,4.833057272157923e-05,0.5171849610163187,0.0001639721440471,0.3720839134332662,0.0002078577092311,0.3244810786286753,0.0001147529753397,0.6173291702103951,0.0001773790442918,0.4373909318629445,0.0006857584691804
2021-01-11,2459226.326754341,-1.7253165029887239,-2.1527769087238537,0.08715960786941433,0.36399194317395717,13.0,-0.6279635537674785,0.00405693092258826,1.8384864740579383,185,32,0.1383803131910539,0.0001928616287214,0.2413748759481724,8.394668657710012e-05,0.1729719347202609,7.779065279530861e-05,0.1779609755126145,8.165159674347796e-05,0.4735576559910454,0.0001624054164291,0.4735576559910454,0.0001624054164291,0.1013925090947909,5.740271627627391e-05,0.1013925090947909,5.740271627627391e-05,0.1880115757924476,4.843777879218627e-05,0.1880115757924476,4.843777879218627e-05,0.5173370083955383,0.0001649179363689,0.3721817139113841,0.0002088563061945,0.3250147841684963,0.0001155083313852,0.6171665831588202,0.0001768634761303,0.4373043656243706,0.000686320645803
2021-01-12,2459227.3099441146,-1.4719021508959944,-1.9148119077551782,0.0845893142855158,0.6353429652004683,14.0,-0.6291480994128481,-0.01180433781714646,1.901278669330957,187,27,0.138316358913511,0.0001950975832949,0.2412062719042888,8.384094622772154e-05,0.1728591356319772,7.767831122497632e-05,0.1781266857042358,8.165495275105021e-05,0.4730913593422922,0.0001624040790701,0.4730913593422922,0.0001624040790701,0.1012261802115179,5.7354840305906773e-05,0.1012261802115179,5.7354840305906773e-05,0.1881138782104496,4.845239294980313e-05,0.1881138782104496,4.845239294980313e-05,0.518100700791844,0.0001654366737715,0.3722279575891176,0.0002096677139216,0.3270888887124252,0.0001162818076632,0.613192631600085,0.0001737960134762,0.4366447008459282,0.0006875800650847
2021-01-15,2459230.3109702496,-2.359706795104264,-2.800138754056545,0.0725881559492756,0.5015727200872095,18.0,-0.6322982713539143,-0.007403055598954118,1.893670395587767,213,39,0.1385809939439187,0.0001889104726579,0.2414045862009541,8.200680346841265e-05,0.1730346765281208,7.592414411189832e-05,0.1783095709042798,7.984154596338169e-05,0.4731692947946702,0.0001579736703981,0.4731692947946702,0.0001579736703981,0.1012762907985048,5.581478843277294e-05,0.1012762907985048,5.581478843277294e-05,0.1880002474483318,4.711974739386218e-05,0.1880002474483318,4.711974739386218e-05,0.5176687699042548,0.0001608836882872,0.3721986826255033,0.0002035876547744,0.3260718573103349,0.0001127502989457,0.6160991469657474,0.0001718374209383,0.4371478114526299,0.0006781843117355
2021-01-16,2459231.3012593454,-1.8742818528765885,-2.3199475755829866,0.08796102709720817,0.4736520175771514,12.0,-0.6332729300633663,-0.011616309844760498,1.8715687608724483,199,32,0.1386109661112114,0.0001873402974096,0.2419144046078748,8.140469593589414e-05,0.1733387601602073,7.535627081900946e-05,0.178288612076697,7.914565265003818e-05,0.4747297573779022,0.0001568273206601,0.4747297573779022,0.0001568273206601,0.1016039667606499,5.540483221404006e-05,0.1016039667606499,5.540483221404006e-05,0.187756669837518,4.6677513472049866e-05,0.187756669837518,4.6677513472049866e-05,0.5157545140885432,0.0001591682409182,0.3721450279341504,0.0002012942273212,0.3220073982481049,0.0001107325278766,0.6183312130501103,0.0001750148624664,0.4387244835459529,0.0006764366260078
2021-01-17,2459232.306626699,-2.8921019007234348,-3.3360548953405913,0.10149279491267588,0.6795337474535537,9.0,-0.6341745193783566,-0.012858631797446344,1.8219654037741424,190,29,0.1388277649606356,0.0001880958552731,0.2414333712929524,8.183203594631926e-05,0.1730687299193397,7.576398748914579e-05,0.1780778838690382,7.961773255014387e-05,0.4732836039650565,0.0001573859147178,0.4732836039650565,0.0001573859147178,0.101375768263532,5.562269932617844e-05,0.101375768263532,5.562269932617844e-05,0.1878810426432313,4.6926471489201906e-05,0.1878810426432313,4.6926471489201906e-05,0.517304212387813,0.0001602449235818,0.372234478652773,0.0002027506966851,0.3254629357109043,0.0001121373368814,0.6163533523080396,0.0001726024682431,0.4374942032096038,0.000681474345209
2021-01-23,2459238.2283264403,-0.797152328120678,-1.2990270908740364,0.18543936535198235,0.19412575615798972,3.0,-0.6406250880486153,-0.07880214529056347,2.019266049193932,119,8,0.1395696892134991,0.0001998527357514,0.2419807218323263,8.428209475778281e-05,0.1732004769913702,7.777330481460242e-05,0.1780339543017912,8.14404426321615e-05,0.4745262376596262,0.0001633409036573,0.4745262376596262,0.0001633409036573,0.1015281643107505,5.769582406756179e-05,0.1015281643107505,5.769582406756179e-05,0.1876325118632044,4.857513314583906e-05,0.1876325118632044,4.857513314583906e-05,0.5164534008946262,0.0001673479581505,0.3723190539141032,0.0002123156813729,0.3225001965636843,0.0001162299643344,0.6184623687562776,0.0001800516459471,0.4380246806755945,0.0007003387778372
2021-01-29,2459244.311948818,-1.119279583810686,-1.5540990805335437,0.2102985805395962,0.01749779564082199,2.0,-0.6454832128685527,-0.0034343094455279,1.548551951884709,59,7,0.1394361055677754,0.0001766416822217,0.2418694733326912,8.097602896708137e-05,0.1731981868502802,7.475938392928723e-05,0.1779699011671826,7.8275468695228e-05,0.4741862336985636,0.0001557396012069,0.4741862336985636,0.0001557396012069,0.1016798548412476,5.506210144432045e-05,0.1016798548412476,5.506210144432045e-05,0.1875714816480694,4.631223638568876e-05,0.1875714816480694,4.631223638568876e-05,0.515986749312215,0.0001582953198751,0.3722760016299119,0.0002004394773493,0.3224334083262473,0.0001098617578175,0.6176821191753179,0.0001749737063752,0.4387599068228782,0.0006840470677473
2021-01-30,2459245.3355185026,-1.6377720792453436,-2.057254627255739,0.08163599731149583,0.3536236692571232,14.0,-0.6469564315059403,0.008332283145224979,1.6742103475429038,194,28,0.1389185505601882,0.0001828742188303,0.241698297664244,8.217947727678896e-05,0.1731663247178084,7.588732975389871e-05,0.1779759837437529,7.937424602775798e-05,0.4742130602588374,0.0001587200733512,0.4742130602588374,0.0001587200733512,0.1014991589131268,5.606523373047755e-05,0.1014991589131268,5.606523373047755e-05,0.1875826590729803,4.720156809276021e-05,0.1875826590729803,4.720156809276021e-05,0.5160989352331521,0.000161636403591,0.3722215367156127,0.0002048789996912,0.3223475068711056,0.0001121694745686,0.6192205175523976,0.0001780281723228,0.4377494284121309,0.0006911653449998
2021-01-31,2459246.3488804866,-2.281926552416508,-2.696384677855444,0.12058003062378543,0.3864242056780849,6.0,-0.647760567272426,0.012795981700084134,1.601047920092177,121,15,0.1388700470173124,0.0001776813609107,0.2419463770572139,8.00360079968058e-05,0.1732102910772208,7.383194627919596e-05,0.1779786352631025,7.729557182458711e-05,0.4743132898848669,0.0001540614280487,0.4743132898848669,0.0001540614280487,0.1015303186972335,5.44102872558118e-05,0.1015303186972335,5.44102872558118e-05,0.1876361221114513,4.580183633920055e-05,0.1876361221114513,4.580183633920055e-05,0.5162265076344233,0.0001567450317349,0.3721294413131028,0.0001987731653918,0.3229471869264954,0.0001088497983374,0.6170171398664662,0.0001726643135977,0.4390499743216213,0.0006780359540756
2021-02-03,2459249.3408034667,-2.0718192136967097,-2.492312009232876,0.13248740505471848,0.4372295288020902,5.0,-0.6506541588577345,0.00978148419514024,1.6301563951310183,143,16,0.1384436030547698,0.0001769809168868,0.2429542194845811,8.028301843341681e-05,0.1739771002091426,7.396429666406418e-05,0.1780471675565089,7.709594403779427e-05,0.477399661845913,0.00015488908264,0.477399661845913,0.00015488908264,0.1020643952864484,5.467399163030017e-05,0.1020643952864484,5.467399163030017e-05,0.1873727990820095,4.585676826666687e-05,0.1873727990820095,4.585676826666687e-05,0.5128019866799467,0.0001563765882232,0.3719833948098521,0.0001982925240398,0.3158724115053855,0.0001072691260724,0.6109256311329561,0.0001771339676801,0.4400444352770103,0.000679484763101
2021-02-04,2459250.3264716663,-3.075965998682118,-3.5020704734975823,0.08631057913314018,0.6020251711599421,12.0,-0.6515677114861835,0.004371715627930801,1.6588419080464176,186,26,0.1385036950258418,0.0001787161630245,0.2415065954850715,8.036113722410134e-05,0.1729266734293866,7.402245527477429e-05,0.1779997935975754,7.74705211169241e-05,0.4735479866046457,0.0001549725357966,0.4735479866046457,0.0001549725357966,0.1014226879158221,5.4766761604950625e-05,0.1014226879158221,5.4766761604950625e-05,0.1880791483161968,4.616069074365631e-05,0.1880791483161968,4.616069074365631e-05,0.5174359690867957,0.0001580739642529,0.3721521166301611,0.0002006277991375,0.3249710875064089,0.0001100789155646,0.6156777466225193,0.0001707902576407,0.4376004368800842,0.0006791309139337
2021-02-05,2459251.2791493773,-3.0575667008500558,-3.514917357583968,0.09421163966955179,0.4713479568085841,10.0,-0.6522152432104779,-0.02175365794346256,1.6561632941555644,111,21,0.1387431882871246,0.0001779347332586,0.241569486751811,8.025872248838527e-05,0.1730036706277702,7.392365524213777e-05,0.1780241721236178,7.740345791211756e-05,0.4734248033443236,0.000154898827069,0.4734248033443236,0.000154898827069,0.1015248507678097,5.47924426658902e-05,0.1015248507678097,5.47924426658902e-05,0.188048207444476,4.6155892175641736e-05,0.188048207444476,4.6155892175641736e-05,0.5168399151036215,0.0001581621554023,0.3721991664645327,0.0002007614405457,0.3241692071778572,0.000110008065741,0.61818175203674,0.0001728828463383,0.4376316903694632,0.0006806865686904
2021-02-06,2459252.308666529,-2.831016985423574,-3.2699914921877586,0.0707073658623408,0.38610563219889554,18.0,-0.6531823885685079,-0.006825831887593749,1.6550518284642264,218,33,0.1386385623735125,0.0001798219164025,0.2412063252411468,8.045642967087253e-05,0.1729210427471232,7.415586690326464e-05,0.1780357633408897,7.765395886749228e-05,0.4728936669209941,0.0001556635979656,0.4728936669209941,0.0001556635979656,0.1013629794360689,5.503648848323261e-05,0.1013629794360689,5.503648848323261e-05,0.1882548304103252,4.6420440830970183e-05,0.1882548304103252,4.6420440830970183e-05,0.5175050205560761,0.0001593270632725,0.3722318359812871,0.0002023978981208,0.3263240210413799,0.0001112324372767,0.6148909388729028,0.0001707932203365,0.4370883878303189,0.0006826355897575
2021-02-08,2459254.306497132,-1.4158785817552622,-1.8584320321985777,0.076988143461071,0.39203508260216674,15.0,-0.6548022568636722,-0.00979725405100053,1.670095345019327,206,33,0.138590452587528,0.0001773772056407,0.241380984560012,7.99057497234575e-05,0.1730593394205782,7.35934641527266e-05,0.1781449015698286,7.703266598424508e-05,0.4733430944587382,0.0001545270895892,0.4733430944587382,0.0001545270895892,0.1014536679958672,5.463231495520501e-05,0.1014536679958672,5.463231495520501e-05,0.1882798444798737,4.605692983236829e-05,0.1882798444798737,4.605692983236829e-05,0.5171761637732485,0.0001577206796507,0.3722232015416533,0.0002002938158844,0.3255029749825626,0.0001100073493267,0.6167364053656488,0.0001711639170338,0.4371524188151285,0.000679747929607
2021-02-09,2459255.233107543,-1.7351729418445043,-2.228808367936471,0.15164099100847456,0.46766243632743154,4.0,-0.6558131534412664,-0.04498260405054062,1.8640045766717481,64,10,0.1384467760333183,0.0001833689617368,0.2417838456489958,8.041262191855195e-05,0.1731255566392308,7.39588829558998e-05,0.1780947872358759,7.730015043643659e-05,0.4747213768142946,0.0001561208519571,0.4747213768142946,0.0001561208519571,0.1016123924808867,5.515221009073114e-05,0.1016123924808867,5.515221009073114e-05,0.1880339651778537,4.642208677375846e-05,0.1880339651778537,4.642208677375846e-05,0.5159919932779664,0.0001592636030048,0.3722131002468805,0.0002027855648337,0.3230605253285227,0.0001106267176535,0.6173726782027116,0.000174542955686,0.4376103710440896,0.0006817509514853
2021-02-10,2459256.2500951006,-1.734520764662935,-2.2072948916930466,0.11370113823088847,0.24880022077218766,7.0,-0.6561198079739714,-0.0367653894597342,1.6919611914299855,113,15,0.1384828058297497,0.0001807916379208,0.2421540982830799,8.065714726376283e-05,0.1732534388819929,7.410110078512024e-05,0.1782153484913645,7.736348866271531e-05,0.4753722149862003,0.000156342061559,0.4753722149862003,0.000156342061559,0.1016890771871828,5.522299943632433e-05,0.1016890771871828,5.522299943632433e-05,0.187847732998297,4.644380205354065e-05,0.187847732998297,4.644380205354065e-05,0.5151045488677355,0.0001588841034972,0.3721751790746966,0.0002021101929033,0.3207176233318988,0.0001098654859722,0.6170631903875339,0.000176486985492,0.4380595718962762,0.0006825089705095
2021-02-11,2459257.2990516797,-2.459739512946554,-2.903019864904488,0.07250473153791004,0.48922303270578416,17.0,-0.6567654086548299,-0.009235606367033928,1.630324379578036,223,40,0.1387544834740905,0.0001770781886554,0.2417435483122514,8.043914069902614e-05,0.1731122799639083,7.390919997725253e-05,0.1782296987249392,7.720956058681059e-05,0.4742914969900921,0.0001554265187071,0.4742914969900921,0.0001554265187071,0.1014274545643419,5.4876085090320045e-05,0.1014274545643419,5.4876085090320045e-05,0.188042709115329,4.622957661799855e-05,0.188042709115329,4.622957661799855e-05,0.516699820315371,0.0001579649087927,0.3722650582828635,0.000200938772356,0.3234729418110202,0.0001096551457684,0.6189380049346559,0.0001737127490024,0.4378836748636731,0.0006814369918722
2021-02-12,2459258.3031513216,-1.7605452379412898,-2.203284765061789,0.07770455990809977,0.8204440640104409,15.0,-0.6574589709889639,-0.011714491436523694,1.6511330739102645,202,34,0.1386648832438501,0.0001790627540582,0.2419752014006695,8.06700195571972e-05,0.1731456554411618,7.406689249236877e-05,0.1781590705315746,7.732814582354645e-05,0.4749113832463895,0.0001563121904828,0.4749113832463895,0.0001563121904828,0.1015595552039202,5.519140603235656e-05,0.1015595552039202,5.519140603235656e-05,0.1878393656374069,4.6439721371354205e-05,0.1878393656374069,4.6439721371354205e-05,0.5158570220362072,0.0001587940486767,0.3723742080593192,0.0002022306463188,0.3215720402125011,0.0001098691347829,0.6189931998203309,0.0001762237504082,0.4383583232582538,0.0006829899817853
2021-02-14,2459260.299851026,-2.404560188643276,-2.8454828308920543,0.0752413242336806,0.3012848986945957,16.0,-0.6582910305919367,-0.012941453470263134,1.5670880789342267,203,36,0.1390554478649522,0.0001777792476295,0.2414393193910087,8.127106609652554e-05,0.1728687276560883,7.458002820998161e-05,0.1779654526665049,7.776122033547324e-05,0.4740370906297546,0.0001575268806034,0.4740370906297546,0.0001575268806034,0.1013835570380179,5.5632907333601805e-05,0.1013835570380179,5.5632907333601805e-05,0.1878878884941565,4.683826455820073e-05,0.1878878884941565,4.683826455820073e-05,0.5169245199660542,0.000160660417846,0.3722449222734056,0.000204156352957,0.3239901353566425,0.0001115734618983,0.6167072039219708,0.0001748199287263,0.4381045614965829,0.0006873711677753
2021-02-17,2459263.199600392,-2.162551667925001,-2.6830860302344552,0.22931038054694292,0.09296161515214596,2.0,-0.6606170526034905,-0.1232274300469902,2.017487046207173,22,3,0.1388246431723641,0.0001974861324257,0.2416366382163421,8.361974186799733e-05,0.172874023396631,7.666945904978918e-05,0.1777944167694176,7.97904048595717e-05,0.4735615944444054,0.0001638767445466,0.4735615944444054,0.0001638767445466,0.1013975891720983,5.7943028783704306e-05,0.1013975891720983,5.7943028783704306e-05,0.1877640730168525,4.875409260967234e-05,0.1877640730168525,4.875409260967234e-05,0.5169318170800374,0.0001683401183523,0.3723573979722141,0.0002151224085699,0.3238824300958905,0.0001169604614084,0.6168909362121311,0.0001807187479575,0.4385991208931084,0.0007053534684
2021-02-18,2459264.297528919,-2.143189329386118,-2.5877905331651507,0.08831995346049545,0.5006137706922248,12.0,-0.6601052114342992,-0.018467992224991087,1.6023132564732976,214,29,0.1390348302325667,0.0001793207680788,0.2413390377383331,8.232461189201211e-05,0.1727329188168009,7.550851921812243e-05,0.1779906976644749,7.878642168891222e-05,0.4729321563969511,0.0001593756988071,0.4729321563969511,0.0001593756988071,0.1011661102259078,5.629887470623369e-05,0.1011661102259078,5.629887470623369e-05,0.187914045301944,4.745028972659425e-05,0.187914045301944,4.745028972659425e-05,0.5176510082693391,0.0001618598229213,0.3723253441595598,0.0002064243856587,0.3262053655104242,0.0001129367284287,0.6138230128441726,0.0001751711532283,0.4372713640712308,0.000697734485074
2021-02-20,2459266.289351808,-1.7641026898495966,-2.2103744483076095,0.08902139688208416,0.5399531520757405,11.0,-0.6604548721029909,-0.011657501972260271,1.5269880028101381,195,25,0.1390791586164116,0.000173842212749,0.2419545102293717,8.035458358293526e-05,0.1731381596672189,7.36290047330263e-05,0.1780511181365006,7.670712483737413e-05,0.474730712952393,0.0001550238172573,0.474730712952393,0.0001550238172573,0.1016211689947054,5.476719136711604e-05,0.1016211689947054,5.476719136711604e-05,0.1877551049511782,4.602759217276463e-05,0.1877551049511782,4.602759217276463e-05,0.5157471954241364,0.0001562015246671,0.372379422522825,0.0001993476698034,0.3221968314090148,0.0001082616082498,0.6177383632981173,0.0001759459317868,0.4382145028850425,0.0006821636121967
2021-02-21,2459267.274914737,-0.8006201344739549,-1.255972865848726,0.10710297410401166,0.674343525020085,8.0,-0.6607948031687955,-0.03508370642284504,1.5703002247754307,176,23,0.1391897926890619,0.000177410351599,0.2411170017086772,8.154637967867906e-05,0.1727911034457011,7.481628963195881e-05,0.178060238087351,7.80725845162337e-05,0.4727135713246017,0.0001577305569242,0.4727135713246017,0.0001577305569242,0.1012519963558295,5.575566388161676e-05,0.1012519963558295,5.575566388161676e-05,0.1880569095238289,4.697227686332836e-05,0.1880569095238289,4.697227686332836e-05,0.5178932171996941,0.0001597655334146,0.3723579779935881,0.0002041520707825,0.3268725658182872,0.0001116241378392,0.6123224206175619,0.0001730407528077,0.4371162095059995,0.0006926680573097
2021-02-22,2459268.28255913,-2.115751762493382,-2.5659304126073645,0.08223474512920272,0.4089887139705818,13.0,-0.6609678612438825,-0.0231949672211262,1.548331281755046,187,26,0.1397040274544769,0.0001741682877828,0.241394145801186,8.026276854230807e-05,0.1729153694873763,7.35709127464735e-05,0.178113464184683,7.676203652851682e-05,0.4729490257900007,0.0001547365410807,0.4729490257900007,0.0001547365410807,0.1012978141009518,5.468262061750844e-05,0.1012978141009518,5.468262061750844e-05,0.1880602106375302,4.606933921054678e-05,0.1880602106375302,4.606933921054678e-05,0.5174588300705407,0.0001563435445743,0.3722227767528014,0.000199702073394,0.3264500404040957,0.0001092357295671,0.6147304956909675,0.0001714786178269,0.4370458846851888,0.0006836412947931
2021-02-23,2459269.2627267363,-2.124426975982154,-2.5863855810770513,0.10487849168262547,0.3282915658889998,8.0,-0.6612517791688235,-0.029892476938741582,1.5960545773410506,121,17,0.1396781814643315,0.0001753547640842,0.2416365576164649,8.02658726312936e-05,0.1732557350629755,7.358728297616442e-05,0.178202798176541,7.667218283625978e-05,0.4729963910831983,0.0001547334401774,0.4729963910831983,0.0001547334401774,0.1014406404093272,5.472549624023577e-05,0.1014406404093272,5.472549624023577e-05,0.1880897431868557,4.606771103610185e-05,0.1880897431868557,4.606771103610185e-05,0.5173657824951118,0.0001563921536096,0.3721228517296517,0.0001998225178297,0.3260224109916906,0.0001091530830641,0.6138964971076888,0.0001715686636007,0.4367815228660769,0.0006821038699152
2021-02-24,2459270.30833419,-1.5692258081287662,-2.0044826060073517,0.07941430516338818,0.3640681776997314,14.0,-0.6612174694935415,-0.0036943175663322393,1.5072587166788936,218,34,0.1398686491438359,0.0001747475398893,0.2414813756505004,8.067587448348405e-05,0.1731459717173319,7.39707851866691e-05,0.1780318828994118,7.703495771432357e-05,0.4731297092149238,0.0001557300121546,0.4731297092149238,0.0001557300121546,0.1014950645404263,5.5094546118837e-05,0.1014950645404263,5.5094546118837e-05,0.1881185234851936,4.635696168413254e-05,0.1881185234851936,4.635696168413254e-05,0.5173975147106357,0.0001572576921796,0.372276229893084,0.0002009132172811,0.3257955209484818,0.0001096573287247,0.6151646865238319,0.000173391415397,0.4372362820165544,0.0006858696075516
2021-02-25,2459271.3135366687,-1.7821298898830342,-2.2134421488462745,0.07519606883365475,0.3866423020623765,16.0,-0.6613184420373996,-0.00018639551408828996,1.4956400954359192,224,32,0.1397506754013783,0.0001772583856979,0.2414307031582912,8.117570037355317e-05,0.1729710749904648,7.43449546341242e-05,0.1780756781286973,7.749444850335766e-05,0.473054787897242,0.0001571308715363,0.473054787897242,0.0001571308715363,0.1013319635145641,5.55272878430348e-05,0.1013319635145641,5.55272878430348e-05,0.1880660133741445,4.6744628986411314e-05,0.1880660133741445,4.6744628986411314e-05,0.5174574379650209,0.000158813819313,0.3723536965593036,0.0002031475766953,0.3262136828033252,0.0001108388419011,0.6145739648332498,0.0001739365619279,0.437771835042226,0.0006902453626685
2021-02-26,2459272.3486440717,-2.238246955883288,-2.6534508588540318,0.1475361366283787,0.3996914273154535,4.0,-0.6609184556120902,0.013570400563270975,1.3430253332806017,109,9,0.1396780829288844,0.0001724758298323,0.2413378955774487,8.116430166823297e-05,0.1729242609999109,7.42879441912434e-05,0.1780812151471201,7.745764889675279e-05,0.4731465791624596,0.0001567175216376,0.4731465791624596,0.0001567175216376,0.1014515843817731,5.541613355065671e-05,0.1014515843817731,5.541613355065671e-05,0.1881103391533189,4.663805502858965e-05,0.1881103391533189,4.663805502858965e-05,0.5172790842875902,0.0001578427188003,0.3723938722070262,0.0002017235075018,0.3258400582945478,0.0001100906758479,0.6134068714386879,0.000174175661084,0.4374960297203374,0.0006902193727123
2021-02-27,2459273.3693076484,-2.433298809645073,-2.8356808724972398,0.12179864198089208,0.5127795340994876,6.0,-0.6613747266211545,0.029016328531326917,1.4328890064996926,115,13,0.1394731336143724,0.0001736529971222,0.2411797217601529,8.109938695386442e-05,0.1728203551081191,7.42331998752479e-05,0.1780501235321685,7.738720677965345e-05,0.4728477295360803,0.0001567601144307,0.4728477295360803,0.0001567601144307,0.1014546216797991,5.5462999019218816e-05,0.1014546216797991,5.5462999019218816e-05,0.1881744967082608,4.6671720813064457e-05,0.1881744967082608,4.6671720813064457e-05,0.5175595049065904,0.0001580716825263,0.3721581965584122,0.0002019721842919,0.3264042759048391,0.0001103468288509,0.6135431067860778,0.0001735580820722,0.4371485540498012,0.0006897745217697
2021-03-01,2459275.292793333,-3.5840496985137977,-4.0276583317241474,0.11510070695295369,0.23065029602219447,7.0,-0.6613228695120295,-0.020211506615687047,1.4807801381710741,218,18,0.1393270847572564,0.000175856180618,0.2410578555502419,8.249910005481896e-05,0.172995572078236,7.555713672857715e-05,0.1780825131548352,7.863561249031802e-05,0.4728936804517622,0.0001598943096614,0.4728936804517622,0.0001598943096614,0.1013394208463931,5.6535991972857975e-05,0.1013394208463931,5.6535991972857975e-05,0.1882886717682563,4.762289206964248e-05,0.1882886717682563,4.762289206964248e-05,0.5177920343820179,0.0001612097748376,0.3721040859699414,0.0002060156230952,0.326723189393379,0.0001126739409455,0.6132938926878807,0.0001766186242493,0.4375437468659581,0.0007000140109899
2021-03-02,2459276.3333114577,-3.46935265317442,-3.8901297219346693,0.09963734353563562,0.5252922273963756,9.0,-0.6612731752648389,0.014538918037927371,1.4386436213661424,166,25,0.1393756747310073,0.0001746085817449,0.2411930740392492,8.140223522162033e-05,0.1728903885528859,7.443644430624691e-05,0.1781758756909739,7.753732880646202e-05,0.4729511938690492,0.000157379519694,0.4729511938690492,0.000157379519694,0.1014247400238643,5.568521239791172e-05,0.1014247400238643,5.568521239791172e-05,0.1884438677155518,4.690807324919025e-05,0.1884438677155518,4.690807324919025e-05,0.5176279914877724,0.0001585187513933,0.3721536132949803,0.0002026994263514,0.326297582634627,0.0001106746252238,0.6136398347703341,0.0001746874310421,0.437411588362992,0.0006914692362531
2021-03-03,2459277.287995466,-1.5667463700912194,-2.005514331359432,0.2069049860556092,0.153827731806653,2.0,-0.660605539715371,-0.00804190308405155,1.319297058223123,88,9,0.1394906047777684,0.0001695124149309,0.2421051142564447,8.114506170585882e-05,0.1733328222248605,7.411775676851447e-05,0.1782314326521762,7.707513734720985e-05,0.4747227248051289,0.000156387653949,0.4747227248051289,0.000156387653949,0.1016764629514948,5.527101774499595e-05,0.1016764629514948,5.527101774499595e-05,0.1881866778214952,4.647056640957449e-05,0.1881866778214952,4.647056640957449e-05,0.5157523964769897,0.0001562627646705,0.372165204049033,0.0001996055697197,0.3221564154831336,0.0001083401719889,0.6203322376602901,0.000179545406679,0.4384762012084285,0.0006876025902146
2021-03-05,2459279.324848259,-1.7505880694215143,-2.175724687248896,0.08702868974860277,0.3550669957062771,12.0,-0.6608295457246794,0.010112168092557224,1.4266177060596794,223,28,0.1394469591231504,0.000175447948524,0.2412648943364497,8.21139014165702e-05,0.1729216197865415,7.50102300324963e-05,0.1782574344868975,7.796592514044216e-05,0.4729831615727289,0.0001584799056228,0.4729831615727289,0.0001584799056228,0.1012855829366116,5.601207251855667e-05,0.1012855829366116,5.601207251855667e-05,0.1884051759681276,4.719867888456508e-05,0.1884051759681276,4.719867888456508e-05,0.5175891829435494,0.000158949364643,0.3723532276959369,0.0002037619140061,0.3259194801504068,0.0001108795992754,0.6134486911919428,0.0001754960234051,0.4371951754191947,0.0006930760046809
2021-03-06,2459280.2946051094,-2.1351376323595312,-2.5759797838231875,0.08693048360346427,0.39871928750348157,12.0,-0.6606663165890088,-0.015193228874037562,1.4498022843003417,158,27,0.1392724051536163,0.0001774563874859,0.2415675498460298,8.232551403465754e-05,0.1731695518863769,7.520516564030176e-05,0.1780842745554402,7.804584178726094e-05,0.4739716157962138,0.0001593665126592,0.4739716157962138,0.0001593665126592,0.1014917021512431,5.631427699062166e-05,0.1014917021512431,5.631427699062166e-05,0.1882023233718735,4.737447722729462e-05,0.1882023233718735,4.737447722729462e-05,0.5164998989718028,0.0001596058710235,0.3723385840148677,0.0002045920407051,0.3240832676086888,0.0001110712591765,0.618440161264054,0.0001796800114161,0.4377490430994094,0.0006943396569903
2021-03-10,2459284.3184926775,-2.287190450798769,-2.715749166293992,0.0877144718522397,0.49129579203817114,12.0,-0.6592182414154361,0.004521095827382538,1.3952789022094993,226,29,0.1394296033673406,0.0001783718329106,0.2415703268511518,8.303652471474028e-05,0.173025631144974,7.571950813721591e-05,0.1781525053156925,7.851510057251557e-05,0.4740825899721955,0.0001607315894067,0.4740825899721955,0.0001607315894067,0.1014336787349575,5.678718728710956e-05,0.1014336787349575,5.678718728710956e-05,0.1882606951925035,4.778435105509185e-05,0.1882606951925035,4.778435105509185e-05,0.516850654728913,0.000160414132959,0.3723042871249808,0.0002061222403971,0.3239443672114399,0.0001115547125209,0.6174994328449223,0.0001808526745821,0.4376492597638549,0.0006967486566677
2021-03-11,2459285.219086728,-2.074775511422769,-2.5455682413336005,0.2194723627756325,0.32787319725788056,2.0,-0.6592513641557133,-0.06782047202381035,1.5172878383527482,85,7,0.1395654736918738,0.0001794677737223,0.2416627836228858,8.373016423059352e-05,0.1729197156789218,7.627748285235742e-05,0.178011956139252,7.902990868976644e-05,0.4738271796037584,0.000162023653889,0.4738271796037584,0.000162023653889,0.1014674189902215,5.7285987898950386e-05,0.1014674189902215,5.7285987898950386e-05,0.1881590094924771,4.817243114449229e-05,0.1881590094924771,4.817243114449229e-05,0.5165408270575002,0.0001616882528892,0.3723914870538442,0.0002079034194455,0.3238416564603465,0.0001125510504717,0.6171151623273534,0.0001825305542184,0.4375232482135195,0.0007000718891466
2021-03-12,2459286.2945086355,-1.5755692612801464,-2.010145280084303,0.3075222276114425,0.0,1.0,-0.657594659871015,-0.0031468612534204,1.232850004365464,54,4,0.139912038177054,0.000180020345125,0.2414590643832078,8.484124269350826e-05,0.1730409289208883,7.731478043688746e-05,0.1779957692120795,8.005124755802804e-05,0.4738097347971015,0.0001639821586232,0.4738097347971015,0.0001639821586232,0.1013934973856259,5.794296969501257e-05,0.1013934973856259,5.794296969501257e-05,0.1882140167486753,4.874466494917255e-05,0.1882140167486753,4.874466494917255e-05,0.5171988742159661,0.0001635492001559,0.3722243833347129,0.0002102408981495,0.3247116416972805,0.0001138911560461,0.6157584600689596,0.0001832183890351,0.4373389825383751,0.0007091372038099
2021-03-14,2459288.28893377,-1.3676535667511192,-1.8073663432429503,0.08198323584881693,0.2731964562459791,14.0,-0.6569186639604266,-0.01429565374749417,1.3338544622516493,192,34,0.1397989752931621,0.0001792748801493,0.2415963450346716,8.472951094487531e-05,0.1728999318211892,7.709305384338762e-05,0.1781859493816551,7.989767981443734e-05,0.4733404280277928,0.0001634861781243,0.4733404280277928,0.0001634861781243,0.1013329862194262,5.780281985075106e-05,0.1013329862194262,5.780281985075106e-05,0.1881369733658333,4.862908279330234e-05,0.1881369733658333,4.862908279330234e-05,0.5173601896179495,0.000162969197639,0.3721838531535963,0.0002093197926965,0.3246322707018476,0.0001135460166058,0.6162800639170143,0.0001832895905393,0.4374494110540256,0.0007074823353909
2021-03-17,2459291.261191483,-1.3195822038486613,-1.7676665347757503,0.11289171194889995,0.38234498502978975,7.0,-0.6549056921269931,-0.031145042122251016,1.32524185007977,169,19,0.1396513948485537,0.0001738513164166,0.241621976003333,8.273220900378222e-05,0.1729107927747468,7.525284491140502e-05,0.1780446109349029,7.790885498454761e-05,0.4734697122578589,0.0001593856151723,0.4734697122578589,0.0001593856151723,0.1014446363688892,5.6361343207298415e-05,0.1014446363688892,5.6361343207298415e-05,0.1881835428190893,4.7392356970463554e-05,0.1881835428190893,4.7392356970463554e-05,0.5168858068150133,0.0001579327490116,0.3721570433244618,0.0002030385903346,0.3247365087623095,0.0001101772408193,0.6157263865000991,0.0001791194584721,0.4377865315852616,0.00069117136809
2021-03-20,2459294.2992683537,-2.3722735063065366,-2.8067979232245643,0.07902315912246423,0.3680891112948761,14.0,-0.6524405776363665,-0.005710088041081242,1.318916854075408,210,34,0.1398715050414629,0.000172437838323,0.2422837880746787,8.268803904753766e-05,0.1732039499841098,7.510899973225951e-05,0.1781525020758065,7.769617311884708e-05,0.4752128932723872,0.0001591015329555,0.4752128932723872,0.0001591015329555,0.1017653083870442,5.624352978419604e-05,0.1017653083870442,5.624352978419604e-05,0.1876423236783072,4.714897539360847e-05,0.1876423236783072,4.714897539360847e-05,0.5152503634543423,0.0001566347096223,0.3722674779876793,0.0002012161295032,0.3211800898995019,0.000108627354096,0.621077859865783,0.0001841965243784,0.4388992795029807,0.0006903382449009
2021-03-21,2459295.1962283854,-1.656538686422018,-2.1386400488022996,0.3143308391922048,0.0,1.0,-0.652763572507125,-0.0361681953567325,1.5932206068127184,25,4,0.1399524261673138,0.0001859594158382,0.2418527412056298,8.52927539426471e-05,0.1729893072295606,7.749414607119355e-05,0.1780830760571876,8.004031406763857e-05,0.4739176353700724,0.0001651143539682,0.4739176353700724,0.0001651143539682,0.1014390906011879,5.837352481547705e-05,0.1014390906011879,5.837352481547705e-05,0.1878113325824932,4.9027491997714376e-05,0.1878113325824932,4.9027491997714376e-05,0.51667439325772,0.0001640809155501,0.372174278185881,0.0002114415725177,0.3240609482151455,0.000114396012442,0.6178150765240922,0.0001862154829412,0.4373252558439863,0.0007071709671001
2021-03-22,2459296.3088440425,-1.2240027442112167,-1.6543351347821824,0.0742935563269385,0.2632829778294885,17.0,-0.6505591745283766,0.0013445877847792114,1.300999804583883,217,38,0.1398999566623274,0.0001777091531562,0.2415861638168818,8.518587040955681e-05,0.172900524431797,7.743990738074677e-05,0.1781422444428924,8.013198813230807e-05,0.4733438757614552,0.000164613007231,0.4733438757614552,0.000164613007231,0.1014589051994813,5.823469145838692e-05,0.1014589051994813,5.823469145838692e-05,0.1881223481761921,4.895321700859306e-05,0.1881223481761921,4.895321700859306e-05,0.517219747920974,0.000162896453508,0.3724084518573112,0.0002093503646511,0.3255048685215631,0.0001138685825337,0.6155924013399091,0.0001843786872767,0.437949890054889,0.0007094762140615
2021-03-23,2459297.266937602,-0.8144548625562138,-1.2579145784738106,0.10593605823174607,0.30797613965090714,8.0,-0.6494123001361704,-0.04358903815844398,1.2423276448477938,100,18,0.1400583088027635,0.0001730966697303,0.2418789568585403,8.400772177843614e-05,0.1731347952833398,7.636909216884538e-05,0.178114447218341,7.897405120193347e-05,0.4740369107385362,0.0001618603324224,0.4740369107385362,0.0001618603324224,0.1015863903046401,5.724919834002551e-05,0.1015863903046401,5.724919834002551e-05,0.1879345570309763,4.807413574677726e-05,0.1879345570309763,4.807413574677726e-05,0.5161724269035486,0.0001595104669203,0.372154422507875,0.0002047316505481,0.3234721165793209,0.000111183290728,0.618773715303192,0.00018511822647,0.437864021356608,0.0006988747305444
2021-03-26,2459300.2355842823,-2.651228040543831,-3.107181867482592,0.10865975217219238,0.12594678043267288,8.0,-0.6468997141811292,-0.05599477007615368,1.3358166909584974,116,20,0.1400782192130314,0.0001786676334209,0.2416951717852124,8.445630895631749e-05,0.1729154144169265,7.666513962163493e-05,0.1781538330539199,7.918633788387212e-05,0.4740101300405903,0.0001636311603039,0.4740101300405903,0.0001636311603039,0.1014832925420377,5.783930179872482e-05,0.1014832925420377,5.783930179872482e-05,0.1879087794867027,4.8587241554433933e-05,0.1879087794867027,4.8587241554433933e-05,0.5163650059540519,0.0001617125114835,0.3724095878494675,0.0002082242584579,0.3236743968142518,0.000112742381756,0.6186439137262759,0.0001853175768209,0.4381764240902029,0.0006978969562538
2021-03-27,2459301.305575394,-2.1498067132824668,-2.58111298884419,0.07157239182379876,0.30758764437227576,18.0,-0.6454456804022862,0.00047121537757805924,1.2762246593953446,226,35,0.1401265838153312,0.0001763949213555,0.2415128840805966,8.429594432569021e-05,0.1728156239255718,7.652927310753089e-05,0.1780556346121097,7.904642030080862e-05,0.4736702585256024,0.0001629271422257,0.4736702585256024,0.0001629271422257,0.1014271646080999,5.759856234886342e-05,0.1014271646080999,5.759856234886342e-05,0.1881108423914481,4.8415314735364496e-05,0.1881108423914481,4.8415314735364496e-05,0.5172557639543359,0.0001609070944944,0.3723984513356447,0.0002069761855058,0.3248399281258559,0.0001123645973243,0.6170920313773014,0.0001832247353742,0.4375126331850607,0.0006961121745025
2021-03-28,2459302.3015494905,-1.7555942533307984,-2.1881483174971192,0.07169801416604188,0.34939254478503934,17.0,-0.6443145525756402,-0.0015905665032098586,1.2595733256015067,223,38,0.1399902826429057,0.0001716612273136,0.2412911219845935,8.278293373373591e-05,0.1729071081563486,7.52323136584594e-05,0.1780755110642495,7.770022559969803e-05,0.4732213440517967,0.0001592889945066,0.4732213440517967,0.0001592889945066,0.1013411608245347,5.632043075832888e-05,0.1013411608245347,5.632043075832888e-05,0.1881522854530684,4.736861276616744e-05,0.1881522854530684,4.736861276616744e-05,0.5175236940050155,0.0001568716300358,0.3723382242174053,0.0002017206549904,0.3256696999050446,0.0001097218460687,0.6160595471272975,0.0001791163108203,0.4374603217843666,0.0006863931195686
2021-03-30,2459304.301785144,-2.7033556145853836,-3.1360843081551364,0.07222311829707302,0.4075708881271327,17.0,-0.6421038660251828,-0.0015591274082819768,1.253296092803806,213,37,0.1395653162169307,0.0001730225466862,0.2412781120089959,8.338844732672068e-05,0.1729313949983824,7.576020945844453e-05,0.1780430437664939,7.830024476605589e-05,0.4731608479936324,0.0001606032760823,0.4731608479936324,0.0001606032760823,0.1013580538972425,5.676794762112637e-05,0.1013580538972425,5.676794762112637e-05,0.1882133771394386,4.776118083947038e-05,0.1882133771394386,4.776118083947038e-05,0.5173535129787624,0.000157897486387,0.3723124103684992,0.0002029598660828,0.3258997345820167,0.0001105651580131,0.6160114233280315,0.0001808470789078,0.4371482787322773,0.0006913351403494
2021-03-31,2459305.2973252386,-3.2264251041895218,-3.660431959076599,0.07532232631257992,0.20942522511019496,16.0,-0.6410305671151141,-0.004627776605206,1.2573875300767323,222,37,0.139350980367246,0.0001756085889515,0.2415187746133804,8.430715805113425e-05,0.1728955234604294,7.651661944069364e-05,0.1779495592474275,7.901713623885186e-05,0.473154469454101,0.0001622627289223,0.473154469454101,0.0001622627289223,0.1013606564175438,5.73661201275386e-05,0.1013606564175438,5.73661201275386e-05,0.188066181953954,4.8233080877677464e-05,0.188066181953954,4.8233080877677464e-05,0.5173042376955808,0.000159538244233,0.3721722913277491,0.000205125830201,0.3253019038115496,0.0001116040747109,0.6169788637433824,0.0001836420168565,0.4373272121521566,0.0006969492203575
2021-04-01,2459306.2471937067,-1.4444103475873582,-1.8949333891613152,0.1047007955867058,0.5831868927574712,8.0,-0.6401332758964916,-0.030524949864191776,1.278341866094718,127,23,0.1392647784935322,0.0001711032951163,0.2421064216916698,8.332291993328124e-05,0.173230780587003,7.560913388139162e-05,0.1780439455719533,7.795367675169302e-05,0.475139517428558,0.0001598951778955,0.475139517428558,0.0001598951778955,0.1017180857042703,5.65185545244293e-05,0.1017180857042703,5.65185545244293e-05,0.1877656887500885,4.739554680165315e-05,0.1877656887500885,4.739554680165315e-05,0.5151315835742128,0.0001559862934183,0.3722621135607066,0.0002005326197241,0.3208724100682425,0.0001083490418408,0.6193579957894928,0.0001862156726819,0.4389262451074143,0.0006899021009733
2021-04-02,2459307.3021831666,-1.450737546790025,-1.8835556661469288,0.07477091431972034,0.3392192903181147,16.0,-0.6386742849946042,-0.0016827318459871551,1.242046447320708,201,35,0.1391291240111991,0.0001746258841907,0.2416892828463479,8.406731024731912e-05,0.1730229831963997,7.627650407194095e-05,0.1779256012364022,7.865021975434485e-05,0.4740280244400831,0.0001615233635301,0.4740280244400831,0.0001615233635301,0.1014862401856014,5.7095668457315035e-05,0.1014862401856014,5.7095668457315035e-05,0.1881478974076908,4.798636097455808e-05,0.1881478974076908,4.798636097455808e-05,0.5162840125431151,0.0001580716498546,0.3723233593518391,0.0002035244472155,0.3230675181394899,0.0001101549701484,0.6215660969237381,0.0001861060327564,0.4387362491846103,0.0006937525964979
2021-04-03,2459308.304780284,-2.0431911904264024,-2.474426172162047,0.0731449765086341,0.557837108988972,17.0,-0.6375320207773205,0.0013162674528909054,1.2472422466969941,222,39,0.1391448238487145,0.0001762088965786,0.2417606773995075,8.450026214651147e-05,0.1730234858353792,7.663188778253206e-05,0.1779557174632837,7.901983664909482e-05,0.4741431086239473,0.0001622832922009,0.4741431086239473,0.0001622832922009,0.101560243849119,5.73830878790545e-05,0.101560243849119,5.73830878790545e-05,0.1880691241288111,4.8194985240113296e-05,0.1880691241288111,4.8194985240113296e-05,0.5162125233431034,0.0001586282419097,0.3723064711579134,0.0002043593932919,0.3224590783325797,0.0001104228821333,0.6218359439207892,0.0001877096016397,0.4389752181995718,0.0006967332142128
2021-04-04,2459309.3021886554,-2.49430301045221,-2.9264683255795676,0.0801083098031355,0.2968010012982164,14.0,-0.636428932055911,-0.0003164778229136916,1.2611427944438565,218,35,0.1392151262368965,0.0001746793051865,0.2414938152383691,8.44253301310866e-05,0.1728899871671503,7.656143547024972e-05,0.1779912237834941,7.903478118970945e-05,0.4735679739838608,0.0001617295657064,0.4735679739838608,0.0001617295657064,0.1015093103481246,5.72007336227978e-05,0.1015093103481246,5.72007336227978e-05,0.1881794895354084,4.806304048656884e-05,0.1881794895354084,4.806304048656884e-05,0.516677750101892,0.0001580132890034,0.372183605450674,0.0002033479784202,0.3238394364191606,0.0001102935531194,0.6208173305220461,0.0001860631325215,0.4381487607726319,0.0006960551792471
2021-04-13,2459318.263298813,-2.1344211685965346,-2.5774236640477715,0.08599241728974198,0.37267632569311937,12.0,-0.6245737585492181,-0.017695696619573837,1.1852987773564063,148,26,0.1397605432454591,0.0001735273481131,0.241598443742823,8.478129150023743e-05,0.1729386879103616,7.67989875959149e-05,0.1780836697392259,7.905317927654934e-05,0.4740779571558319,0.0001621858297609,0.4740779571558319,0.0001621858297609,0.1014890021747021,5.731686083373066e-05,0.1014890021747021,5.731686083373066e-05,0.1879638048802109,4.813152295093842e-05,0.1879638048802109,4.813152295093842e-05,0.5165150060818253,0.0001574786959407,0.372201434476279,0.0002026661749761,0.3233968307874625,0.0001099279701018,0.6195956906157001,0.0001865177520013,0.4379228343771914,0.000691108038519
2021-04-17,2459322.3133889493,-2.231120926281291,-2.660158027290767,0.07125944951302605,0.3098972326151439,18.0,-0.6186572829867303,0.003867463567109696,1.1744088079994457,224,33,0.139810131831503,0.0001766563645476,0.241398796171528,8.62058388258653e-05,0.1729468169824796,7.813279572035486e-05,0.1781991457275106,8.045678211916531e-05,0.4735381281778638,0.0001650163873467,0.4735381281778638,0.0001650163873467,0.1014797285298202,5.8359233818675354e-05,0.1014797285298202,5.8359233818675354e-05,0.1880501446009266,4.90253546055632e-05,0.1880501446009266,4.90253546055632e-05,0.5170148927626955,0.0001601019648541,0.3725056381584082,0.0002061572764377,0.3247175088376419,0.0001120975311887,0.6185325186527564,0.0001887903023101,0.4382902268342919,0.0007015796599175
2021-04-18,2459323.263178618,-1.6629674946894648,-2.1055861307309893,0.1077671027811262,0.40371194163194896,8.0,-0.6175384196328585,-0.021039671812056814,1.1833547096852595,194,22,0.1398556981288057,0.0001780110847423,0.2415274107146889,8.634506635155277e-05,0.1729355681602793,7.818731755657666e-05,0.1781151175899959,8.045715165432196e-05,0.4737534169617869,0.000165386088593,0.4737534169617869,0.000165386088593,0.1015664581107116,5.8510136808738506e-05,0.1015664581107116,5.8510136808738506e-05,0.1880048921900489,4.9125529134789974e-05,0.1880048921900489,4.9125529134789974e-05,0.5164787597440753,0.0001604593058401,0.3722554806218037,0.0002066764236433,0.3238038155305512,0.0001122334932894,0.6196831444100132,0.0001902443127734,0.4372653759087064,0.0006991205281631
2021-04-19,2459324.292456716,-2.2428258067952567,-2.6772708987406415,0.07820245912328717,0.41310990290942434,15.0,-0.6159637758630109,-0.004467105172094723,1.1867746392190155,226,37,0.1402411179648013,0.0001772962722099,0.2416265557894617,8.62304349755102e-05,0.173051022359181,7.808632087566566e-05,0.1782152238260383,8.030588930260744e-05,0.4740297312237579,0.0001648432539382,0.4740297312237579,0.0001648432539382,0.1016561728388635,5.8322109742004954e-05,0.1016561728388635,5.8322109742004954e-05,0.1880872586268075,4.8954031640221367e-05,0.1880872586268075,4.8954031640221367e-05,0.5165030220455034,0.0001599643262355,0.3724595080987429,0.0002060785621105,0.3230200036672101,0.0001116240128262,0.6214432591317871,0.0001904891220679,0.4378562654150826,0.0006961495978687
2021-04-20,2459325.2007533642,-2.1745990915809683,-2.6354663361670574,0.2170659227810233,0.20882654227051556,2.0,-0.6157938782472654,-0.02256864826085985,1.330042007040872,25,4,0.140092030179232,0.0001815989025454,0.2415454499608701,8.650473409872436e-05,0.1727710014031392,7.826197538864957e-05,0.178029448900597,8.046260348888856e-05,0.4734427967508088,0.0001658704536674,0.4734427967508088,0.0001658704536674,0.1014167780959109,5.8640153758861947e-05,0.1014167780959109,5.8640153758861947e-05,0.1880958771943858,4.9280370422115225e-05,0.1880958771943858,4.9280370422115225e-05,0.5170607218394904,0.0001613472249605,0.3723673731176961,0.0002081223541479,0.325065843758838,0.0001131354106455,0.6174355991285815,0.0001881619498083,0.4380841520850758,0.0006993829969927
2021-04-21,2459326.295515472,-1.2825352340573115,-1.7163437175424443,0.0868073920771098,0.35699205365107145,12.0,-0.6129035702252511,-0.005192234948556376,1.1544945230475463,171,25,0.1400577667765583,0.0001756628331908,0.241313945702177,8.646292525276643e-05,0.1730324234144314,7.836403504200877e-05,0.1780181802699132,8.056245555717475e-05,0.4735721125962648,0.0001651398883986,0.4735721125962648,0.0001651398883986,0.1014256198026086,5.836358179602379e-05,0.1014256198026086,5.836358179602379e-05,0.1880155869435112,4.904821655883923e-05,0.1880155869435112,4.904821655883923e-05,0.516987693967436,0.0001598963991484,0.3723482294179083,0.0002057491705108,0.3245826095192541,0.0001120379511292,0.6186066939702034,0.0001894423305961,0.4378451906511009,0.0006997620541198
2021-04-22,2459327.3826525323,-1.5551900130654637,-1.9689414556332698,0.2990407391381351,0.0,1.0,-0.6110981565081798,0.0191627050919494,1.1692198128523137,47,4,0.1399666152078109,0.0001774940411382,0.2412478415468546,8.595250580085215e-05,0.1728760117271047,7.780538853635805e-05,0.1781032092361152,8.015074703928691e-05,0.4729758567791477,0.0001644391994918,0.4729758567791477,0.0001644391994918,0.1013997367282585,5.816844229239577e-05,0.1013997367282585,5.816844229239577e-05,0.1880618619303597,4.889190828036936e-05,0.1880618619303597,4.889190828036936e-05,0.5170046843161108,0.0001596668711311,0.372320307830817,0.000205662040485,0.3249744217948134,0.0001119410740105,0.6183972649311537,0.0001878959808249,0.4373198259397824,0.0006935252997914
2021-04-23,2459328.2820613,-1.4116864633090176,-1.8490925836619438,0.0918978184221507,0.46843414289052776,11.0,-0.6102338264356034,-0.00920015068433337,1.1770771675384124,197,29,0.1401620260088419,0.000178795289401,0.241666797462326,8.666541055969842e-05,0.1731036779170504,7.846616720802041e-05,0.1781143027892548,8.057738406242474e-05,0.4740752896423232,0.0001656505246589,0.4740752896423232,0.0001656505246589,0.1016262081138654,5.86120548100555e-05,0.1016262081138654,5.86120548100555e-05,0.1879011449447606,4.91791891842646e-05,0.1879011449447606,4.91791891842646e-05,0.5163396184654494,0.0001603716241126,0.3723802120440782,0.0002066136612267,0.3225720591693377,0.0001119106307885,0.621475847665073,0.0001919749668698,0.4384639697123945,0.0006974692681197
2021-04-24,2459329.255974656,0.6658785210338175,0.22261181939779148,0.09085243345940244,0.32104655223993955,11.0,-0.6088474692853674,-0.015380329949921445,1.1535711181392185,176,25,0.1402877433531239,0.000176958836875,0.241783570360375,8.637476375899031e-05,0.1731789639131129,7.81977564072988e-05,0.1780831540634962,8.024571648418417e-05,0.4742393187659461,0.0001647268062018,0.4742393187659461,0.0001647268062018,0.1015967012122504,5.824446491832459e-05,0.1015967012122504,5.824446491832459e-05,0.1879612205346968,4.888799172225113e-05,0.1879612205346968,4.888799172225113e-05,0.5163602135242722,0.000159122048777,0.3723199323864045,0.0002049506095807,0.3228420434139372,0.0001111424717871,0.62138806200975,0.0001907868422528,0.4387250167881157,0.0006951620470652
2021-04-25,2459330.2350624967,1.3815623374433386,0.9336358734822543,0.12150772038153576,0.29414424499697855,6.0,-0.6077665140739913,-0.028901320798186303,1.1836642864663443,94,12,0.1402012392446892,0.0001736910655201,0.2412943222182408,8.562795762296259e-05,0.1729245854019095,7.754741159995718e-05,0.1781410974521026,7.970584534938238e-05,0.4729482030909858,0.000162736357194,0.4729482030909858,0.000162736357194,0.1014255152417322,5.7571233805716e-05,0.1014255152417322,5.7571233805716e-05,0.1881542730035416,4.839354414135303e-05,0.1881542730035416,4.839354414135303e-05,0.5169429354304845,0.0001571569184256,0.3724296013741759,0.0002024337218281,0.32550414998433,0.0001104042849335,0.61626626910734,0.0001853323631337,0.4373855204730892,0.000690627410695
2021-04-29,2459334.2979916073,-2.6223821487605434,-3.0558067928489705,0.07674482534682202,0.35921204140603774,15.0,-0.6017280836099826,-0.0014447436246009804,1.1337721069373312,223,35,0.1397033443474193,0.0001733903903517,0.2414344951687273,8.595272706300097e-05,0.172993923450101,7.776460187327977e-05,0.1779468845845393,7.97813117784821e-05,0.474487260267348,0.0001635830152142,0.474487260267348,0.0001635830152142,0.1015771164207105,5.782219121340649e-05,0.1015771164207105,5.782219121340649e-05,0.1880488238711895,4.855759920431996e-05,0.1880488238711895,4.855759920431996e-05,0.5163574307927995,0.000157675359859,0.3723102543095669,0.0002028308068439,0.3225366456549035,0.0001101309815087,0.6221311783881597,0.000190566245665,0.4383541247697617,0.0006877063073003
2021-04-30,2459335.3102722457,-1.859846110263166,-2.290760531714751,0.11212959526968778,0.19426585846065572,7.0,-0.6004937837792756,0.0012304685656304426,1.1555201943096993,219,22,0.1394381083574526,0.0001733086149345,0.2414417511296483,8.562113471054312e-05,0.1730296045128952,7.74575498130133e-05,0.1780179167517878,7.94742135040628e-05,0.4744465204421317,0.0001625860776031,0.4744465204421317,0.0001625860776031,0.1016198153871134,5.749965873162365e-05,0.1016198153871134,5.749965873162365e-05,0.1879509381554744,4.825696805261358e-05,0.1879509381554744,4.825696805261358e-05,0.5158896397027434,0.0001564916218877,0.3723062758216269,0.0002014791625593,0.3219202581717394,0.0001092290925288,0.6225088463029606,0.0001905444363846,0.4387920765502133,0.000685777255639
2021-05-03,2459338.300621672,-3.1701246706153015,-3.60293186361759,0.07171060414684668,0.26798344076366304,18.0,-0.596746101559289,-0.001032382898810166,1.1398445990872559,224,39,0.1389019933614585,0.0001779762672903,0.2415526243840796,8.760460081657544e-05,0.1728736297432279,7.923637501516935e-05,0.1779675606967447,8.140595408950187e-05,0.4738560402830272,0.0001667296004222,0.4738560402830272,0.0001667296004222,0.101627234815595,5.902087936296532e-05,0.101627234815595,5.902087936296532e-05,0.1880837838395693,4.954990207300835e-05,0.1880837838395693,4.954990207300835e-05,0.5161837723163769,0.0001605062853477,0.3722123099684583,0.0002066459495036,0.3230966007810015,0.0001123609879646,0.6221002500913853,0.0001945125076131,0.4387946171514491,0.0006997373924633
2021-05-04,2459339.3006675723,-3.9699552982778474,-4.40299309585312,0.08327907065644084,0.27307638156887953,13.0,-0.5953341982019975,-0.0020352930519878004,1.1046272599645262,213,27,0.1389127276336483,0.0001761463113349,0.2414595685516717,8.709578224399678e-05,0.1728324546872051,7.878880540507982e-05,0.1780044514598265,8.09441958556015e-05,0.4742577971120235,0.0001654381163621,0.4742577971120235,0.0001654381163621,0.1015064325148366,5.84755745680693e-05,0.1015064325148366,5.84755745680693e-05,0.1880863351304104,4.912451509554863e-05,0.1880863351304104,4.912451509554863e-05,0.516274549283528,0.0001587839800391,0.3722844351574818,0.0002044388503308,0.3233723707635412,0.0001112116702019,0.6218231115949368,0.0001926322107288,0.4380802971012993,0.0006951362029482
2021-05-06,2459341.277051461,-3.105309991205318,-3.543041727715076,0.08606597951351642,0.4874328706954478,12.0,-0.5932771274080553,-0.003457571642269933,1.13177052056378,197,31,0.1388837895382543,0.0001748300863904,0.2414565639528582,8.692141149274244e-05,0.1728814416421925,7.867443084420492e-05,0.1779020395103802,8.071178777125992e-05,0.4740876636756376,0.0001645878379671,0.4740876636756376,0.0001645878379671,0.1015412295467919,5.8207583072630394e-05,0.1015412295467919,5.8207583072630394e-05,0.1880359788510548,4.889026265285567e-05,0.1880359788510548,4.889026265285567e-05,0.5162741208246985,0.0001579460760028,0.3720270137753025,0.0002029270454139,0.3229327007190571,0.0001105329793798,0.622559295939395,0.0001928543951756,0.4380780085652812,0.0006929361385282
2021-05-07,2459342.301924853,-2.9506026652486663,-3.3832348602164206,0.07012023951820598,0.36100609118114535,18.0,-0.5919750257550338,-0.0005168115479084782,1.1328266408803758,225,39,0.1390832087989885,0.0001738463426355,0.2413802527972343,8.621817988577292e-05,0.1727793302362177,7.800366467668056e-05,0.1780869297078242,8.017788225978491e-05,0.4731714451289312,0.000163109986904,0.4731714451289312,0.000163109986904,0.101435127224515,5.7697233667297744e-05,0.101435127224515,5.7697233667297744e-05,0.1882395290185164,4.851555920509877e-05,0.1882395290185164,4.851555920509877e-05,0.5173931975989511,0.0001568154322891,0.3723547270554073,0.0002017406904283,0.3252100202634402,0.0001101432002724,0.6187151523247479,0.0001878300626447,0.4375163278974443,0.0006870102953486
2021-05-10,2459345.317644392,-2.1939208845022504,-2.623764728647167,0.08625963081456739,0.3505536381510765,12.0,-0.5883503155322091,0.0028542487798586,1.1078583975779008,205,34,0.1396854923150034,0.0001746860395611,0.241874050512276,8.724067951889546e-05,0.1730127186103602,7.888146299801717e-05,0.178148875855354,8.098505403621617e-05,0.4739439353709797,0.0001650631580879,0.4739439353709797,0.0001650631580879,0.1016408414221258,5.83984969578013e-05,0.1016408414221258,5.83984969578013e-05,0.1880137532042665,4.902038751492341e-05,0.1880137532042665,4.902038751492341e-05,0.5162996807545509,0.0001583641856191,0.3723372501069147,0.0002035907137278,0.3237102093981505,0.0001110980853921,0.6213059592673807,0.0001924767575024,0.4389600739271775,0.0006931088872416
2021-05-11,2459346.290713146,-2.5481288493892906,-2.983286571878162,0.07588397834732889,0.38927199023135456,16.0,-0.5874514500443714,-0.0037190592210621055,1.1109313257555686,190,35,0.1396395683528655,0.0001778901498974,0.2414927307363389,8.792663003160317e-05,0.1729072926913898,7.957263680845107e-05,0.1782152462794524,8.175678244826724e-05,0.4728967417510947,0.0001663320563938,0.4728967417510947,0.0001663320563938,0.101429415152803,5.887125706470832e-05,0.101429415152803,5.887125706470832e-05,0.1880556575931729,4.9478946321320536e-05,0.1880556575931729,4.9478946321320536e-05,0.5169020362864121,0.0001599680275623,0.3723636741919784,0.0002058379389959,0.324838566639587,0.0001124185885615,0.6191263402633075,0.0001923303979887,0.4379968933886977,0.0006976632117251
2021-05-12,2459347.296307722,-1.7658288576396306,-2.1998341163894453,0.0758532516292992,0.3924515513236844,16.0,-0.5863895451115826,-0.0020595894308773613,1.118907838244001,209,33,0.1397459849275472,0.0001784400196228,0.2415641483016624,8.812657455197519e-05,0.173111014734988,7.983045208930707e-05,0.1783059628343139,8.195142951301454e-05,0.4734305401075813,0.0001666991864913,0.4734305401075813,0.0001666991864913,0.1015326570134502,5.898566610941599e-05,0.1015326570134502,5.898566610941599e-05,0.1879495330876627,4.953316260214739e-05,0.1879495330876627,4.953316260214739e-05,0.5163263868230287,0.0001600354566139,0.3724209423509117,0.0002059347756017,0.3236773403334316,0.0001122658554373,0.6217081759837604,0.0001947246195411,0.4387071679704212,0.0006996866597389
2021-05-13,2459348.308821749,-2.436091984491696,-2.867538427302279,0.12398477933608122,0.21787611901989426,6.0,-0.585550925712671,0.0008827055693624008,1.1567215621376576,124,16,0.139625480623563,0.0001781552971196,0.2413634984084452,8.770279263454538e-05,0.1729176454896431,7.943542440797224e-05,0.1781643679105302,8.159064321207857e-05,0.4730810726517984,0.0001659886667241,0.4730810726517984,0.0001659886667241,0.1014775782020918,5.874666061156146e-05,0.1014775782020918,5.874666061156146e-05,0.1880285864765009,4.935701607876328e-05,0.1880285864765009,4.935701607876328e-05,0.5168811800505491,0.0001595707896659,0.3723322505965772,0.0002052388043982,0.3250544258379942,0.0001121907491897,0.6188590614064364,0.0001916965137329,0.4384989879216673,0.0006964158159988
2021-05-14,2459349.3181664725,-1.9377489013789349,-2.3675617482519935,0.07797182092524295,0.2852501336609117,15.0,-0.58402116553253,0.004645065391084295,1.0947676927929149,192,32,0.1398136320546276,0.0001773714858525,0.2417547030151103,8.780902506756029e-05,0.1731793793831254,7.951309269908621e-05,0.178108372353767,8.155878061703578e-05,0.4747106846682376,0.0001662477773451,0.4747106846682376,0.0001662477773451,0.1017366880427822,5.878767844964331e-05,0.1017366880427822,5.878767844964331e-05,0.187829249112636,4.9308568410732046e-05,0.187829249112636,4.9308568410732046e-05,0.5155769295398849,0.0001591971153292,0.3723518548160706,0.0002047166168596,0.3222660909791374,0.0001114315611323,0.6234722712721915,0.0001960199847597,0.4389314667365648,0.0006951598335036
2021-05-16,2459351.3042149744,-2.771085156714546,-3.203577987773326,0.07054052296645533,0.30016990140573646,18.0,-0.5821960622866622,-0.0005457288911575919,1.1056022048363308,218,39,0.1396220558677942,0.00017520464358,0.24169069824341,8.751201655784698e-05,0.1728930566927287,7.914021099076282e-05,0.1779753082124721,8.118520117127265e-05,0.4738497499284959,0.0001651087313054,0.4738497499284959,0.0001651087313054,0.1015688814743447,5.837621757008197e-05,0.1015688814743447,5.837621757008197e-05,0.187887216291447,4.901082051328037e-05,0.187887216291447,4.901082051328037e-05,0.5165055250895926,0.0001580893577895,0.3723237455755336,0.0002032296993888,0.3237304411346677,0.0001109707515265,0.620903158047326,0.0001925167085727,0.4388259781297283,0.0006911404154449
2021-05-17,2459352.3105960838,-2.707696032118729,-3.1390859414536583,0.07271386254809235,0.43421479937445073,17.0,-0.5811599349623652,0.0007840865498126177,1.0999322780430014,218,33,0.1394817524114807,0.0001753947961096,0.2416852177760557,8.752262966042663e-05,0.1729545699162045,7.915504352874763e-05,0.1779157316184865,8.109372809160883e-05,0.4742139411666301,0.0001653684228433,0.4742139411666301,0.0001653684228433,0.1017051334832925,5.848880813185317e-05,0.1017051334832925,5.848880813185317e-05,0.1878439805353056,4.907692714221169e-05,0.1878439805353056,4.907692714221169e-05,0.5157997679169057,0.0001583588590683,0.3723134136818897,0.0002034896319606,0.3220498762673436,0.0001108287104246,0.6217379122594492,0.0001942977756412,0.4386536869310236,0.0006881832902395
2021-05-19,2459354.3032749915,-2.7174621455088572,-3.1502229358769505,0.0806818162357095,0.38352771936122765,14.0,-0.5794468834846551,-0.0009762625227290855,1.1072036841156645,212,35,0.1400058952360751,0.0001767236351626,0.2419401532768931,8.840473339113918e-05,0.1731352363285362,7.992122202227505e-05,0.1781186272072381,8.181277600664141e-05,0.4749020619038769,0.0001663567824816,0.4749020619038769,0.0001663567824816,0.101706913472678,5.882042280254755e-05,0.101706913472678,5.882042280254755e-05,0.1878125206107712,4.934507572432246e-05,0.1878125206107712,4.934507572432246e-05,0.5155025284575973,0.0001591149464103,0.3723221864482202,0.0002043767759372,0.3209034153625235,0.0001110850159872,0.6232104011837686,0.000196663012666,0.4384639954539472,0.0006931279082322
2021-05-20,2459355.246123598,-1.4144885634104305,-1.8558291586505498,0.11188304861552016,0.333471461025338,7.0,-0.5789417293800333,-0.008749214377253628,1.1074792072651638,94,16,0.1397725977058309,0.0001726408823336,0.2422829008748676,8.742612378652514e-05,0.1731939167164755,7.899172442843188e-05,0.1779554229915595,8.071238728367819e-05,0.4752591097564797,0.0001640569628195,0.4752591097564797,0.0001640569628195,0.101658555770168,5.7966318985909817e-05,0.101658555770168,5.7966318985909817e-05,0.1877047301983786,4.863163922827534e-05,0.1877047301983786,4.863163922827534e-05,0.5150857817283483,0.0001565153521619,0.3722826598393544,0.0002008711738151,0.3196495164245326,0.000109024212472,0.6198111230329156,0.0001944609241653,0.4390965246974351,0.0006851838606468
2021-05-21,2459356.3088529897,-0.8183109960872431,-1.2501639954490626,0.07154307423381451,0.33433856111901256,17.0,-0.5775789587277262,9.156324614435855e-05,1.0884156361159603,210,34,0.1399685846128426,0.0001726427353112,0.2418079128512624,8.721779439963802e-05,0.1730615968292986,7.884461235238364e-05,0.178065765644336,8.07105978846818e-05,0.4747592232850036,0.0001639197018587,0.4747592232850036,0.0001639197018587,0.1015744589302837,5.793054160678351e-05,0.1015744589302837,5.793054160678351e-05,0.1878558301018013,4.864152853920477e-05,0.1878558301018013,4.864152853920477e-05,0.5157675864472404,0.0001567231994572,0.3723361603678747,0.0002010144597708,0.3210822738013207,0.0001094242521758,0.623021969580409,0.0001938438834677,0.4385946096530389,0.0006823326506777
2021-05-22,2459357.304286618,-1.4134312706788343,-1.8460032636824417,0.07461175218570881,0.2784636929708748,16.0,-0.5768581497376253,-0.0005036211291513755,1.0937198911097163,212,37,0.1398442751522292,0.0001739524437243,0.2420858083633382,8.811503890700383e-05,0.1730658373038411,7.965517839013839e-05,0.1780913784947829,8.158910057938543e-05,0.4741287096619275,0.0001655408698556,0.4741287096619275,0.0001655408698556,0.1014693926821505,5.847809324152088e-05,0.1014693926821505,5.847809324152088e-05,0.1879676554338854,4.914848355759386e-05,0.1879676554338854,4.914848355759386e-05,0.5162860054737829,0.000158239658884,0.3723640679189969,0.0002031046773673,0.3234850221659391,0.0001110809660592,0.6202858352923745,0.000193243217029,0.4386776242201325,0.0006899658643523
2021-05-26,2459361.2530212486,-1.3121404433415809,-1.751350207831843,0.17042390077938532,0.20735114951511432,3.0,-0.5743796534171685,-0.0098729921978911,1.082550473725516,88,9,0.1401313125198091,0.0001726451963696,0.2419969574779727,8.72641697005485e-05,0.1732621330054788,7.897558704252869e-05,0.1780601236827937,8.085426953979648e-05,0.474504707140131,0.0001633941136237,0.474504707140131,0.0001633941136237,0.1017674157146768,5.780048739720366e-05,0.1017674157146768,5.780048739720366e-05,0.1880458327198574,4.85221231771145e-05,0.1880458327198574,4.85221231771145e-05,0.5154442608399111,0.0001558248768129,0.3723050495763869,0.000199955526197,0.3218481993271813,0.0001090842169853,0.6186304851370763,0.0001929881605072,0.4392330792537058,0.0006840510418862
2021-05-27,2459362.306918776,-1.9891437409944328,-2.4214389669726732,0.07429597113888362,0.23750292878306367,16.0,-0.5734638617387624,-0.0005755826464242373,1.0755564938253581,203,36,0.1397464795945736,0.0001741159751221,0.2415208225510146,8.766786427143804e-05,0.172892714624474,7.935880052970545e-05,0.1780157469529239,8.140056338843108e-05,0.4731298610794018,0.000164124104752,0.4731298610794018,0.000164124104752,0.1014941930030847,5.807369342429831e-05,0.1014941930030847,5.807369342429831e-05,0.1881310980668915,4.88248169221385e-05,0.1881310980668915,4.88248169221385e-05,0.5168596044013813,0.0001571578999327,0.3723057352039183,0.0002016854657893,0.3246942468521704,0.0001105496610468,0.6199524222190054,0.0001913314093032,0.4382504551685877,0.0006863954827311
2021-05-28,2459363.310735067,-1.7174220407553273,-2.149232204519545,0.08635062316527027,0.33476213565475393,12.0,-0.5730187778924691,0.00035824113166231693,1.0852655016845507,193,27,0.1392571843307912,0.0001748486909215,0.2415031932940444,8.826077992689086e-05,0.1727336564345257,7.986781285871254e-05,0.1780632968613205,8.197182723048834e-05,0.4731478499915375,0.00016507337652,0.4731478499915375,0.00016507337652,0.1014045654362817,5.839603262710633e-05,0.1014045654362817,5.839603262710633e-05,0.1880936017127553,4.912092704810848e-05,0.1880936017127553,4.912092704810848e-05,0.5164356606116342,0.0001578022729477,0.3724648795346991,0.0002027006668407,0.3242067024675084,0.0001109790044602,0.6210007733413525,0.0001932903267488,0.4385181391766955,0.0006902784697718
2021-05-29,2459364.3102868036,-2.8612168245556098,-3.2931550802694627,0.07662759778100675,0.32703239189937744,15.0,-0.572512220367041,3.0804089383187096e-05,1.077425830233842,203,35,0.1390099085378172,0.0001728236865888,0.241326088194086,8.794578505825347e-05,0.1728262197448941,7.964569116492542e-05,0.1780244926534655,8.171732211583336e-05,0.4734060304638807,0.0001644329056111,0.4734060304638807,0.0001644329056111,0.1014570120269036,5.813670427546704e-05,0.1014570120269036,5.813670427546704e-05,0.188157242634412,4.889135349953769e-05,0.188157242634412,4.889135349953769e-05,0.5167876778215005,0.0001570555976321,0.372210603758479,0.0002014145885317,0.3245827588071968,0.0001105105928574,0.6201535883994578,0.0001920224020829,0.4379055340819325,0.0006872393225166
2021-05-30,2459365.308207304,-3.8125871014835586,-4.244749076360268,0.07717375286152253,0.5193035499104194,15.0,-0.5721294833019819,-0.00019957883431768648,1.0783537288688037,192,31,0.1392112788652753,0.0001743689328925,0.2418700582003609,8.875874453479389e-05,0.1730638275934622,8.022668545538039e-05,0.1781313320800164,8.211161764909632e-05,0.4745726733409702,0.0001658443214298,0.4745726733409702,0.0001658443214298,0.1016289002362004,5.862119846106898e-05,0.1016289002362004,5.862119846106898e-05,0.1879365953253523,4.922593308723343e-05,0.1879365953253523,4.922593308723343e-05,0.515870323149415,0.0001585775174876,0.3722207911601582,0.0002031374238464,0.3215145754282555,0.00011086963698,0.6229148798795092,0.0001963139660768,0.4388648851459302,0.0006895089877996
2021-05-31,2459366.312701244,-2.3720681891796085,-2.8036594548055875,0.0869400098822409,0.40409517652134924,12.0,-0.5718848827910299,0.0006870075926757418,1.0964153733709516,198,25,0.1393877442803789,0.0001757755704079,0.2417782613688501,8.894462825333516e-05,0.1730172201897192,8.03899996499041e-05,0.1780761932400102,8.226251994148129e-05,0.4746375297098324,0.00016618402997,0.4746375297098324,0.00016618402997,0.1015925651318186,5.874170467397157e-05,0.1015925651318186,5.874170467397157e-05,0.1879656128830234,4.9343865673180056e-05,0.1879656128830234,4.9343865673180056e-05,0.5159164408508412,0.0001590569016996,0.3722824827992324,0.0002037803377476,0.3215863634288826,0.000111228386427,0.6234777651830767,0.0001970284960101,0.438243082255319,0.0006890124544558
2021-06-01,2459367.2807726073,-2.4246797941946925,-2.860008832646932,0.08947430258428073,0.18625137661286748,11.0,-0.5714468477684194,-0.010408856645277896,1.0596599929875437,150,24,0.1393604775993713,0.0001730035187789,0.2419961967626083,8.840823445126748e-05,0.1730587844930657,7.989773450623399e-05,0.1781158046971582,8.176613789443039e-05,0.4750333210525797,0.0001650590417246,0.4750333210525797,0.0001650590417246,0.1016932847578006,5.835404659226793e-05,0.1016932847578006,5.835404659226793e-05,0.1879173277323995,4.8984178267977905e-05,0.1879173277323995,4.8984178267977905e-05,0.5150589110013651,0.000157446352312,0.3722036503651182,0.0002014813758103,0.3200586441327406,0.000109863956778,0.623051681373144,0.0001968820010894,0.4383702893485657,0.000685508778015
2021-06-02,2459368.2922292426,-1.8704231729476826,-2.30437306839371,0.0907247831249607,0.36955100628253,11.0,-0.5712366796166098,-0.004333078747018281,1.075224134956667,183,24,0.139578254360166,0.0001773570565394,0.2421512659557524,8.922180022841864e-05,0.1732414217808663,8.069419882687313e-05,0.1780697577258822,8.248633306747227e-05,0.4757104169826647,0.000166959749383,0.4757104169826647,0.000166959749383,0.1017869898647346,5.900295491729275e-05,0.1017869898647346,5.900295491729275e-05,0.1877827877206132,4.9485725430345024e-05,0.1877827877206132,4.9485725430345024e-05,0.5147510727624297,0.0001593327503508,0.372242461328474,0.0002040639240646,0.3188883864470974,0.0001109124836892,0.6210692335794186,0.0001991361703645,0.4395257065775169,0.0006919674056996
2021-06-03,2459369.319738657,-2.551821921554286,-2.9827008997635223,0.08164677665013802,0.268100692614716,14.0,-0.5709355402183627,0.0017542830488022716,1.085111639754379,188,30,0.1396646978778867,0.0001803552748079,0.2422031830541835,8.984645607257126e-05,0.1731164337389375,8.120606375552176e-05,0.1780801257398915,8.303933655227019e-05,0.4758079970227188,0.0001680962428573,0.4758079970227188,0.0001680962428573,0.1018068511763385,5.942253793501233e-05,0.1018068511763385,5.942253793501233e-05,0.1876970246698231,4.982641668545531e-05,0.1876970246698231,4.982641668545531e-05,0.5143812877637376,0.0001603525472195,0.3721512708995068,0.0002055539281027,0.3182682610367091,0.0001115013941229,0.6213155181956664,0.0002010370911078,0.4390322893593627,0.0006951165574371
2021-06-04,2459370.2437478625,-0.6126571555677232,-1.051550786842632,0.17935318022287022,0.1438860598136354,3.0,-0.5711202289118383,-0.007409075355042066,1.0868962923408767,78,12,0.1394947614506482,0.0001859163956034,0.2422702120655263,8.979582394049502e-05,0.1730139175717721,8.115094545326167e-05,0.1780546382444541,8.30357815931379e-05,0.4754819657967082,0.000168962227866,0.4754819657967082,0.000168962227866,0.1018667272252384,5.97648376330969e-05,0.1018667272252384,5.97648376330969e-05,0.1877537746110326,5.011053999463618e-05,0.1877537746110326,5.011053999463618e-05,0.5145629592829346,0.0001617818854558,0.3722961353591626,0.000208179340108,0.3191215076468839,0.0001127014600329,0.619015649721069,0.0002004545074918,0.4397363219709805,0.0006949526508549
2021-06-05,2459371.3133629397,-0.43928059150411547,-0.8709497579356036,0.07675656597194912,0.30022370738712106,16.0,-0.5704932712967795,0.000656118156909088,1.0717257791774841,197,34,0.13956766110949,0.0001829283420596,0.2421641877777428,8.967864814220952e-05,0.1732447022984837,8.115792524760735e-05,0.1780768773138529,8.302617783424176e-05,0.475653514271967,0.0001683700438684,0.475653514271967,0.0001683700438684,0.1017990352713477,5.949760826298396e-05,0.1017990352713477,5.949760826298396e-05,0.1876475306596047,4.990023769251423e-05,0.1876475306596047,4.990023769251423e-05,0.5144926402601198,0.0001608673580147,0.3723459012143365,0.0002066908209972,0.3190626459095482,0.0001120621700383,0.6202845592531476,0.0002007542239158,0.4391528673163526,0.0006930651820486
2021-06-06,2459372.313655009,-0.6651490304936019,-1.0966241457049353,0.11331487142888617,0.16243629400876686,7.0,-0.5705152068696904,0.0011702097625548992,1.0907671745177001,127,20,0.1396914155684326,0.000176184663666,0.2419688748747892,8.821566017690774e-05,0.1729223579570951,7.972914197586704e-05,0.1780999487185302,8.168295673623195e-05,0.474260930748304,0.0001646114313091,0.474260930748304,0.0001646114313091,0.1016397748237561,5.823697451453069e-05,0.1016397748237561,5.823697451453069e-05,0.1879196288347649,4.889710926636571e-05,0.1879196288347649,4.889710926636571e-05,0.5159679632182952,0.0001574616479597,0.3723012385094196,0.0002019501344729,0.3218163573107921,0.0001101509178628,0.6233285710931814,0.0001947447227495,0.4393178267123403,0.0006814421431467
2021-06-08,2459374.3138472983,-2.72734254912977,-3.1590460819994233,0.14651481154388846,0.23414057418855527,4.0,-0.569889567187886,0.0010463849311873252,1.0327338377671447,101,12,0.1395959653152123,0.0001702343662455,0.2413292417406883,8.756521849055385e-05,0.1726882627771781,7.923984649530409e-05,0.1781567644456625,8.13911489997691e-05,0.4728499727599017,0.0001624594416859,0.4728499727599017,0.0001624594416859,0.1014453806825504,5.748329604358903e-05,0.1014453806825504,5.748329604358903e-05,0.1882068627350956,4.836517131965213e-05,0.1882068627350956,4.836517131965213e-05,0.5170689199480537,0.0001552085364689,0.3723004328082808,0.0001986833018627,0.3251994516098446,0.0001092611968936,0.6184187606638086,0.0001896727075234,0.4380862188853245,0.000678636727491
2021-06-10,2459376.3491194174,-2.8099813090834806,-3.238775984216716,0.11226215894947332,0.22415979774606565,7.0,-0.5699008464146263,0.0050880002117952,1.0531786636212128,144,19,0.1397373699382144,0.0001734415656211,0.2418465926838872,8.915125852866668e-05,0.1726146959589196,8.059145072584574e-05,0.1781209953883656,8.275757916995121e-05,0.4740499698603016,0.0001653658548618,0.4740499698603016,0.0001653658548618,0.101613316639688,5.849980875767491e-05,0.101613316639688,5.849980875767491e-05,0.1879718899342456,4.9156558887046216e-05,0.1879718899342456,4.9156558887046216e-05,0.5161881243588219,0.0001576469548171,0.3723157181029577,0.0002017672896839,0.3232290453927417,0.0001106305273974,0.6228884947904415,0.0001963293744536,0.4383048943638674,0.0006887369194742
2021-06-11,2459377.314779532,-2.850447158810739,-3.282098312204603,0.086625047378484,0.3914128491253752,12.0,-0.5702794878418967,0.0005547834929678165,1.0796219144225694,194,33,0.1396318584339482,0.0001756812637861,0.2416102070596429,8.963009538695175e-05,0.1728269364839599,8.117843898766946e-05,0.178134355282344,8.325327561360842e-05,0.4742652818650028,0.0001664377109363,0.4742652818650028,0.0001664377109363,0.1015799206700847,5.883612805133632e-05,0.1015799206700847,5.883612805133632e-05,0.187816332471206,4.942135140770253e-05,0.187816332471206,4.942135140770253e-05,0.5159997408609913,0.0001586035741925,0.3723713924815085,0.0002031961323385,0.3232216019430157,0.0001113482744215,0.6228422803716978,0.0001971267026225,0.4384560929847972,0.0006924601863001
2021-06-12,2459378.317993487,-2.7002724911652205,-3.1316630371482694,0.08941093594728867,0.3364063120448483,12.0,-0.5703340679548953,0.000626650063652875,1.0799776053635826,186,26,0.139469782940489,0.0001838723718557,0.2414773761740274,9.074920671366988e-05,0.172765290304748,8.220330282308783e-05,0.1780618330132198,8.432005746170815e-05,0.4738108797811809,0.0001692710892252,0.4738108797811809,0.0001692710892252,0.1016217105774375,5.991238264548912e-05,0.1016217105774375,5.991238264548912e-05,0.1879494073920777,5.032911027567631e-05,0.1879494073920777,5.032911027567631e-05,0.5164824244778304,0.000162375640148,0.3723729670309609,0.0002085057481688,0.3231435822770824,0.000113830819249,0.6223361404010762,0.0001997823797834,0.4376254886974687,0.0006987207927547
2021-06-13,2459379.3439323427,-1.857126338419968,-2.2864315268443614,0.11834166543622607,0.5106355981698215,8.0,-0.5704325232545931,0.004062001434529949,1.0894895357738514,177,22,0.1395791277192771,0.0002030682826971,0.2421509189264107,9.46278276482311e-05,0.1729821455069802,8.556639948168725e-05,0.1779156626027383,8.757111855916417e-05,0.4755358104643701,0.0001783312754897,0.4755358104643701,0.0001783312754897,0.1018164468107537,6.3051819326445e-05,0.1018164468107537,6.3051819326445e-05,0.18754994385181,5.285935373412041e-05,0.18754994385181,5.285935373412041e-05,0.5150480747943885,0.0001713602621731,0.3723296994390446,0.000221100837019,0.3199145972206664,0.0001194962716176,0.6224503231887404,0.0002113325295024,0.438628709757749,0.0007264526867398
2021-06-14,2459380.3278295277,-2.324895318368988,-2.755762706900704,0.1470085348965441,0.10439529849938343,5.0,-0.5700503380987614,0.0018845876200983599,1.0206439751724568,67,9,0.1397075406446475,0.0002000264023668,0.2422186834584818,9.288008697226764e-05,0.1729865615933708,8.395157095112776e-05,0.1781262330829763,8.59951668862194e-05,0.4763131086023244,0.0001751868059656,0.4763131086023244,0.0001751868059656,0.1019875259065344,6.195001876543258e-05,0.1019875259065344,6.195001876543258e-05,0.1873157812582641,5.186580291487489e-05,0.1873157812582641,5.186580291487489e-05,0.5140483096660158,0.0001682364428566,0.3723453881368903,0.0002172186667741,0.317866178571704,0.0001168602870935,0.6196858762553837,0.0002082090300293,0.4386117633276427,0.0007111669903999
2021-06-16,2459382.2510473137,-1.1851529867047015,-1.6214209925696137,0.15650220207917984,0.1947591021806422,4.0,-0.5711284817942659,-0.006111258368823475,1.078241761907317,85,10,0.1402679462647991,0.0001869860230479,0.2427033984142641,9.14243765952817e-05,0.1731857642231774,8.262163109478747e-05,0.1779998526313954,8.42881864636598e-05,0.47566965519948,0.0001701554979061,0.47566965519948,0.0001701554979061,0.1019712676855138,6.0188055098964535e-05,0.1019712676855138,6.0188055098964535e-05,0.1875604130956334,5.0435946402503865e-05,0.1875604130956334,5.0435946402503865e-05,0.5146320870045066,0.0001629150438466,0.3724158310855491,0.000209113081373,0.3181167866903606,0.0001131397007234,0.623756853913074,0.0002041518197685,0.4392571520781023,0.0006979905106897
2021-06-17,2459383.2584393634,-1.3036311285479982,-1.739161047268676,0.1484051369356563,0.23366578684005326,5.0,-0.5712175440692097,-0.01040245632312744,1.0644218252725703,107,17,0.1402087130095347,0.0002045269169123,0.2426616355170778,9.434369679773892e-05,0.1731062421760007,8.52730129802807e-05,0.1778833970693605,8.695396486865303e-05,0.4767817315172474,0.0001779961904616,0.4767817315172474,0.0001779961904616,0.1019522270211583,6.288721669852636e-05,0.1019522270211583,6.288721669852636e-05,0.1872121280817851,5.2645540337699655e-05,0.1872121280817851,5.2645540337699655e-05,0.5138501961566047,0.0001711553183636,0.3722431930674129,0.0002208509413672,0.3164511858678582,0.0001184920870301,0.6219959106107505,0.0002115924643018,0.4387954207588745,0.0007164245727765
2021-06-18,2459384.2839499647,-1.3653663619820062,-1.799080239857188,0.1473213394880013,0.37293262592356435,5.0,-0.5711926703345158,-0.007230715554508639,1.0381328149397238,131,16,0.1398922844132424,0.0002018717543092,0.2422468276218019,9.348931734326524e-05,0.1728997849144716,8.456462483880648e-05,0.1781273588223894,8.646937764387922e-05,0.476340847166637,0.0001759867285723,0.476340847166637,0.0001759867285723,0.1017769070102531,6.213183555266996e-05,0.1017769070102531,6.213183555266996e-05,0.1873183616461384,5.2076612188274304e-05,0.1873183616461384,5.2076612188274304e-05,0.5149250970553566,0.0001692059645943,0.372270579281555,0.0002181522702113,0.3178652878678805,0.0001173604962937,0.6230135011881557,0.0002089068717008,0.4392904793523065,0.0007118727522739
2021-06-19,2459385.3141039666,-2.210409361100136,-2.6422942398916502,0.17238151866992135,0.430989742385308,4.0,-0.5713401576807495,5.81740484507248e-05,1.0282638174216414,109,11,0.1396411716118877,0.0002125429977543,0.2427487803375065,9.513372906076931e-05,0.1732237870889599,8.602919096334084e-05,0.177963310566439,8.769782018365122e-05,0.4770916331341953,0.0001800125117915,0.4770916331341953,0.0001800125117915,0.1019524330874889,6.357793246588744e-05,0.1019524330874889,6.357793246588744e-05,0.1871840158266094,5.321839281954182e-05,0.1871840158266094,5.321839281954182e-05,0.5134514665187851,0.0001734395161273,0.372320890850006,0.0002243606304582,0.3147135834875074,0.0001196175387418,0.6203959225757224,0.0002142565715856,0.4399307993524604,0.00072121536838
2021-06-21,2459387.327158695,-2.193233717657318,-2.624259560046501,0.08504044203414868,0.2600338839644814,14.0,-0.5724288137129097,0.0018289219809323857,1.0732823197796166,189,28,0.1395875827132756,0.0001921032514623,0.2421898145081045,9.198196017176688e-05,0.1733334885752994,8.33321515975004e-05,0.178016392549725,8.495313348823438e-05,0.4760957722759892,0.0001720199264412,0.4760957722759892,0.0001720199264412,0.1018943593829012,6.0790309736808425e-05,0.1018943593829012,6.0790309736808425e-05,0.1874183588548823,5.095006265404247e-05,0.1874183588548823,5.095006265404247e-05,0.5141635581679244,0.0001652653732833,0.3722533848313328,0.000212454621248,0.3170027740094673,0.0001145088109369,0.6220986184296099,0.0002062270147666,0.4395092926977141,0.0006976368719841
2021-06-24,2459390.4139772328,-3.015582652686258,-3.441932148753864,0.3103777666618598,0.0,1.0,-0.5747602425185419,0.0159379357798664,1.1996779574006695,48,3,0.1395918455622885,0.0001804951434661,0.2421003412455031,9.040996130178196e-05,0.1730884286595589,8.183706459028692e-05,0.1780706678772144,8.36346261131898e-05,0.4766961513947905,0.0001681038149387,0.4766961513947905,0.0001681038149387,0.1022839595278989,5.9489870190801245e-05,0.1022839595278989,5.9489870190801245e-05,0.1875277082915238,4.978960368057409e-05,0.1875277082915238,4.978960368057409e-05,0.5136552231223113,0.0001606373344529,0.3722681032759463,0.0002055357697126,0.3162574234046019,0.0001113340332383,0.6233094227652053,0.0002045367615225,0.439614363026723,0.0006862059142822
2021-06-25,2459391.370496807,-2.4172544117433077,-2.8464097936734785,0.09936946447605582,0.3443719869957468,9.0,-0.5745665223527079,0.0025101647536179116,1.0908442618273277,147,19,0.1401898051084771,0.0001743575327576,0.2420288844738412,8.947954529521319e-05,0.173291077015551,8.107991960218207e-05,0.1780524944380755,8.28069239109522e-05,0.4752122835345654,0.0001648687230784,0.4752122835345654,0.0001648687230784,0.1020170040717812,5.836431330517511e-05,0.1020170040717812,5.836431330517511e-05,0.1877450803848367,4.8932583063557246e-05,0.1877450803848367,4.8932583063557246e-05,0.5148556626799582,0.0001576736627497,0.3725221156427636,0.00020162013593,0.3194007696036887,0.000109838697393,0.6255811551282269,0.0001994345527141,0.4389730997235285,0.0006794630116482
2021-06-26,2459392.3487613527,-1.834495060526223,-2.2649359878884523,0.1507866900365718,0.13841282124420426,4.0,-0.5748106273816431,0.0033931868995835503,1.0382103268292755,60,9,0.1402805585268377,0.0001769608036998,0.2422166196248405,9.060812672950348e-05,0.1731553505685443,8.208289419333913e-05,0.178016496325772,8.387357602408932e-05,0.4753200829081249,0.00016730645101,0.4753200829081249,0.00016730645101,0.1019204257337094,5.917598825337693e-05,0.1019204257337094,5.917598825337693e-05,0.1877515299250842,4.9641261058316547e-05,0.1877515299250842,4.9641261058316547e-05,0.5149837033267586,0.0001597022673774,0.3722954209327751,0.000203911952347,0.3195389187380708,0.0001112333206343,0.6247572397087403,0.0002012016433678,0.4388120637133548,0.0006884520594357
2021-06-27,2459393.319526806,-1.0973151901195226,-1.5288076577897072,0.0885019433133218,0.24296812663651876,12.0,-0.5756932930543417,0.0016079771805338249,1.0612134293904225,168,27,0.1406383625788054,0.0001826936808166,0.2425214594167944,9.093607598072686e-05,0.1734684789068336,8.243457568260435e-05,0.178232944059386,8.415784134725609e-05,0.4761472913799799,0.000168591017057,0.4761472913799799,0.000168591017057,0.1020270955642445,5.960927694891155e-05,0.1020270955642445,5.960927694891155e-05,0.1874752242278071,4.995046254992844e-05,0.1874752242278071,4.995046254992844e-05,0.5139224373495597,0.0001611940267904,0.3723520217286787,0.0002062620695953,0.3172831965559704,0.0001118078699973,0.6213692730721755,0.000202937562721,0.4392241121010283,0.0006893509724976
2021-06-30,2459396.2483946737,0.5633819735786894,0.12959132277550078,0.1812295470062696,0.06842286036209079,3.0,-0.5781686330409349,-0.0039380988514456,1.0850915834245667,62,8,0.1412583408540864,0.0001884497566453,0.2436547531469242,9.12674875260578e-05,0.1740511806096027,8.262754971819758e-05,0.1784787784570923,8.413709055885227e-05,0.478051213679632,0.000169873595349,0.478051213679632,0.000169873595349,0.1024100158695124,6.008397642069967e-05,0.1024100158695124,6.008397642069967e-05,0.1870736160947841,5.017174833813631e-05,0.1870736160947841,5.017174833813631e-05,0.5114312461857732,0.0001626296593853,0.3724672980455683,0.0002087761307795,0.3128843824632972,0.0001120337923276,0.6151042459334811,0.0002053482877608,0.4405107617397659,0.0006878060982862
2021-07-01,2459397.3751482437,0.5144741229386562,0.0844930353096204,0.3152899625225211,0.0,1.0,-0.5789061254442163,0.0028755058574496,1.0769555985658268,48,5,0.1411882258754188,0.0001909066446073,0.2435175210718528,9.166910303195096e-05,0.1740136296823456,8.299624528542565e-05,0.1784592882546257,8.452014378143402e-05,0.479114268692366,0.0001715742926545,0.479114268692366,0.0001715742926545,0.1026249710129207,6.065622250750881e-05,0.1026249710129207,6.065622250750881e-05,0.1869353410173342,5.061032545538986e-05,0.1869353410173342,5.061032545538986e-05,0.511104068375211,0.0001642049320526,0.3723066602678295,0.0002107009675364,0.3113827410129988,0.0001127455685306,0.6112612161433087,0.000207198868303,0.4406471735637879,0.0006887402141769
2021-07-10,2459406.3275176818,-2.311164046153531,-2.7423824049234864,0.08607260612151445,0.3394292796103783,13.0,-0.5872888784358496,0.0011061025982906925,1.0827900710509097,188,27,0.1391380643170126,0.0001845930305709,0.2435550615783487,9.190391660435236e-05,0.1739890333680313,8.323930982012308e-05,0.1780487953122116,8.467989430710928e-05,0.4792517140691463,0.0001702514901472,0.4792517140691463,0.0001702514901472,0.1025664899924631,6.0173278323856544e-05,0.1025664899924631,6.0173278323856544e-05,0.1870219784482645,5.0231358671949184e-05,0.1870219784482645,5.0231358671949184e-05,0.5106032810693123,0.0001626268835497,0.3723544596926975,0.0002079694051277,0.3107860643806396,0.000111588858569,0.6102709509820061,0.0002070450662697,0.4416329324393549,0.000690468406961
2021-07-11,2459407.283759442,-2.2067602348232644,-2.6381428543816705,0.09825967705272814,0.3079757720949924,10.0,-0.5880880541023796,0.00093426173942195,1.0650434686854677,144,21,0.1392814717536277,0.0001850385693503,0.2429672214145817,9.1250607598832e-05,0.173772413033819,8.272355082167667e-05,0.1780248600780835,8.425094049676847e-05,0.4781797064680784,0.0001692634262572,0.4781797064680784,0.0001692634262572,0.1023769392853589,5.9843914449865144e-05,0.1023769392853589,5.9843914449865144e-05,0.187058985889357,5.000827612633069e-05,0.187058985889357,5.000827612633069e-05,0.5118793119630347,0.0001623014634627,0.3722374704947553,0.0002076838097335,0.3125338551991435,0.0001116547522517,0.6160135856687133,0.0002057063066095,0.4405824084239598,0.0006849134018503
2021-07-28,2459424.29496575,-0.6709808966487361,-1.0998378355757605,0.08240787344234878,0.49648722510480564,14.0,-0.6073855114319809,0.0028601909132535664,1.1147051921234885,206,33,0.1411241888188712,0.0001820061332771,0.2435944213603318,9.27372752519008e-05,0.1737698325306032,8.412130129980434e-05,0.1782052987502845,8.580248346791347e-05,0.4784037023873477,0.0001699412063084,0.4784037023873477,0.0001699412063084,0.1023380216856377,6.003474266015186e-05,0.1023380216856377,6.003474266015186e-05,0.1865143914607664,5.012165880885536e-05,0.1865143914607664,5.012165880885536e-05,0.5114009587577828,0.0001632224994266,0.3724522219248219,0.0002081541876578,0.3125446635514853,0.0001123154324819,0.6129147587742239,0.0002065096677912,0.4407800851731969,0.0006894537675813
2021-07-29,2459425.4050090592,-0.6239332828158027,-1.0565428538552584,0.22129352636499555,0.1311180655008029,2.0,-0.6095067925376692,-0.00095680288385475,1.1833361255989683,50,7,0.1405662302106639,0.0001854299339425,0.243640713226877,9.378969574082742e-05,0.1739622317930293,8.507686516824528e-05,0.1780625282112139,8.657761269982459e-05,0.4798758137612559,0.0001725644092053,0.4798758137612559,0.0001725644092053,0.1024848412028364,6.09117456645313e-05,0.1024848412028364,6.09117456645313e-05,0.1861240745774084,5.078166881239392e-05,0.1861240745774084,5.078166881239392e-05,0.5098460828864718,0.0001657007820183,0.3726054195507866,0.0002112190162926,0.309221529098127,0.000113347250963,0.6060998410376616,0.0002097499766792,0.4419273777434045,0.0006968500155718
2021-07-30,2459426.219331351,-0.6650644766760891,-1.0895765811112277,0.15474651268622583,0.3378074997447839,4.0,-0.6101919404578544,0.0058604740326202,1.2072103689977438,59,9,0.1402971289355933,0.0001820667385836,0.2438831681964096,9.285668845303744e-05,0.1738567362623952,8.419385464087784e-05,0.1781656851296088,8.571225400953508e-05,0.4794510776592094,0.000170532756749,0.4794510776592094,0.000170532756749,0.1025296491819045,6.0289114079853947e-05,0.1025296491819045,6.0289114079853947e-05,0.1862315224267718,5.024113454891596e-05,0.1862315224267718,5.024113454891596e-05,0.5098024763663583,0.0001638489445849,0.3722600490198016,0.0002086779315545,0.308782943249722,0.0001120270581267,0.605751906640986,0.0002071413671512,0.4406647563277918,0.0006880353894026
2021-08-02,2459429.2941118386,-2.434393087895277,-2.8621165798991175,0.08418337193742528,0.38970174971992166,13.0,-0.6136035712498396,0.007492119200037754,1.1391348322788337,178,30,0.1395034018974398,0.0001771462797594,0.2428994470240461,9.178912893550264e-05,0.1737899946048157,8.346544351032618e-05,0.178113521119492,8.513345795091895e-05,0.4777213158867324,0.0001677012788239,0.4777213158867324,0.0001677012788239,0.1022225459002514,5.927271584700105e-05,0.1022225459002514,5.927271584700105e-05,0.1869349873729485,4.957954381177712e-05,0.1869349873729485,4.957954381177712e-05,0.5119737311854836,0.000161301971192,0.3723365562011652,0.0002054549070062,0.3129717877823257,0.0001110390430057,0.6168523628671313,0.0002050754250787,0.4399290120085862,0.0006812286630698
2021-08-07,2459434.221382168,-2.5886146227734113,-3.010223312404764,0.12691521516582494,0.2630538323137843,6.0,-0.6196658411930782,0.011416588424269868,1.220264499117201,90,14,0.1391931633803456,0.0001828603043276,0.2434905415816138,9.261506944302866e-05,0.1738376272988592,8.41132993469922e-05,0.1782790957614517,8.586156474581467e-05,0.4785695065384353,0.0001697478396898,0.4785695065384353,0.0001697478396898,0.1021839929163769,5.990820355752489e-05,0.1021839929163769,5.990820355752489e-05,0.1869306364315572,5.014576323912845e-05,0.1869306364315572,5.014576323912845e-05,0.5113348601875886,0.0001639800138494,0.3720365409871736,0.0002087858113875,0.3108462162198703,0.0001123411768919,0.6129854546619897,0.0002066458311391,0.4416240493762319,0.000686322961303
2021-08-13,2459440.3342771754,-1.347457063830084,-1.7765255348829048,0.3089204485072142,0.0,1.0,-0.6252938772448482,0.0026959246082999,1.056901011496762,13,2,0.1396914491033156,0.0001785841268771,0.2433732197899059,9.53174124834722e-05,0.1740928819554304,8.675604536066591e-05,0.1784269178673476,8.873341323775235e-05,0.4792535128838309,0.0001726118407865,0.4792535128838309,0.0001726118407865,0.1022240686196799,6.091168910164303e-05,0.1022240686196799,6.091168910164303e-05,0.1867073011155245,5.093241555681711e-05,0.1867073011155245,5.093241555681711e-05,0.5102056393949164,0.0001656999549173,0.3723823364394653,0.0002106136840813,0.31069663269594,0.0001136510694953,0.6096517740921987,0.000211888765317,0.4400544265963236,0.0007037841420081
2021-08-21,2459448.283384906,-0.6208862250562736,-1.0447446723228413,0.09082283256255547,0.5606820892878739,11.0,-0.6325942745338231,0.01827340768909482,1.1132531671099448,153,24,0.1395830015533667,0.0001749725776709,0.2419193208213055,9.083028623909908e-05,0.1731235189571214,8.28533545448757e-05,0.1782502932196419,8.506912505387472e-05,0.4747661421854938,0.0001647329430892,0.4747661421854938,0.0001647329430892,0.1014705138571177,5.814036274494456e-05,0.1014705138571177,5.814036274494456e-05,0.187291521068329,4.890283763575929e-05,0.187291521068329,4.890283763575929e-05,0.5150904994300749,0.0001603839311532,0.3723638482263643,0.0002041617863296,0.3196637238800198,0.0001115273194731,0.6246364327351762,0.0001987098664969,0.4393742946704011,0.0006725547471698
2021-08-22,2459449.3004907784,-0.9705896513600056,-1.3945554741184436,0.07103793331109326,0.42185639823551907,18.0,-0.6337779946464158,0.009522057780323395,1.1631843354608447,219,40,0.1401349370495717,0.0001756799183516,0.2420684657497712,9.104757162150856e-05,0.1731887924390751,8.300618374469804e-05,0.1782262382012266,8.51017846134612e-05,0.4757642843405842,0.0001648824361106,0.4757642843405842,0.0001648824361106,0.1017979264438744,5.825560399436482e-05,0.1017979264438744,5.825560399436482e-05,0.1870633761803889,4.888741647126494e-05,0.1870633761803889,4.888741647126494e-05,0.5137891192984759,0.0001603816354822,0.372253364210161,0.000203978177503,0.3166515299540901,0.0001109091674675,0.6226695330094494,0.0002001198530809,0.4400971638277077,0.0006738265269582
2021-08-23,2459450.301351994,-0.8245450464106214,-1.2481869837091755,0.0722012183965475,0.6647813264178906,18.0,-0.634673497540349,0.011405493535823546,1.1800847551667768,227,40,0.1403012084210819,0.0001797307790719,0.2425592379273171,9.174161580693148e-05,0.1734811372376964,8.363099165416094e-05,0.1783276323920585,8.566221600204501e-05,0.4774585153367915,0.0001670920282318,0.4774585153367915,0.0001670920282318,0.1019303852400737,5.8958333230229814e-05,0.1019303852400737,5.8958333230229814e-05,0.1866378800695041,4.9382243267147816e-05,0.1866378800695041,4.9382243267147816e-05,0.5128262483542667,0.0001622046550871,0.3724011923864762,0.0002064274836996,0.3134907897082467,0.0001115147260407,0.6183978055242206,0.0002029381807546,0.4395897975298616,0.0006766399466087
2021-08-24,2459451.328374924,-1.9407393902429917,-2.3665012559047063,0.2215038363772944,0.5133367455732426,2.0,-0.6357275515723573,0.0076568387271366,1.2057983799547722,239,44,0.1407455988610049,0.0001848637136654,0.243397273396255,9.294546389360852e-05,0.1739679527159262,8.466800408195904e-05,0.1781313037562802,8.642302100263516e-05,0.4790840162590191,0.0001697931128739,0.4790840162590191,0.0001697931128739,0.1022463508579016,5.989819314488051e-05,0.1022463508579016,5.989819314488051e-05,0.1862429499985033,5.004226578018672e-05,0.1862429499985033,5.004226578018672e-05,0.5107447218301684,0.0001648701887472,0.3723567666095269,0.0002100843667754,0.3092953760180502,0.000112499707074,0.6101758862707808,0.0002061284233169,0.4408241370040082,0.0006833814524817
2021-08-25,2459452.3855195,-0.6810026507057145,-1.1106975737984448,0.3072620356763266,0.0,1.0,-0.6366023992110084,0.0028018294230351,1.1889255255104785,222,39,0.1406751815449549,0.0001783663516826,0.2434098113070704,9.195959800028452e-05,0.1738988614157175,8.374573067622739e-05,0.1783509618762262,8.571240901059233e-05,0.4793505196699749,0.0001670370709878,0.4793505196699749,0.0001670370709878,0.1022564060925263,5.887374334516696e-05,0.1022564060925263,5.887374334516696e-05,0.1862539718886229,4.918949730721445e-05,0.1862539718886229,4.918949730721445e-05,0.510476758239752,0.0001617833254097,0.3723073198415495,0.0002057229129006,0.3104728390475995,0.0001107786760934,0.6095258262863523,0.0002035537461336,0.440897724386316,0.0006769151014692
2021-08-26,2459453.3630825453,-0.9848006634536689,-1.4132156251321013,0.3038974324316221,0.0,1.0,-0.6368969146644712,0.0048964558158415,1.1313909866567766,196,36,0.1411647022081628,0.0001804875888591,0.2431178226762068,9.20226895546749e-05,0.1740556495403252,8.398349355933347e-05,0.1783510443128235,8.590475966260056e-05,0.4783184150748968,0.0001672513003444,0.4783184150748968,0.0001672513003444,0.1022317275170598,5.9009827195852224e-05,0.1022317275170598,5.9009827195852224e-05,0.1864336348862498,4.9335574599496064e-05,0.1864336348862498,4.9335574599496064e-05,0.5111919531872171,0.0001623170487801,0.3724761616455735,0.0002067392199564,0.3120415383912946,0.0001114682405088,0.614869657490606,0.0002041398755359,0.4403747592915088,0.0006779272823902
2021-08-29,2459456.277929023,-1.1969958803527905,-1.6192432447281897,0.3090271887264643,0.0,1.0,-0.6384812447526691,0.0147303725029416,1.1066813753047822,178,33,0.1408224347349823,0.0001810689330423,0.2434214008429652,9.310423371646794e-05,0.1742768351860032,8.501065086189118e-05,0.1785588491511487,8.694189800609407e-05,0.4790776312499825,0.0001689972110371,0.4790776312499825,0.0001689972110371,0.1023475390459952,5.962987558941067e-05,0.1023475390459952,5.962987558941067e-05,0.1867614466469748,4.986960195008355e-05,0.1867614466469748,4.986960195008355e-05,0.5101570424710602,0.000163673985695,0.3723499690349089,0.0002083549290476,0.3104953360496342,0.0001121226655629,0.608694991565326,0.0002054103638599,0.4409966834533003,0.0006854082538205
2021-09-04,2459462.2797917873,-0.7347055928915985,-1.1556770406301535,0.21557574339068142,0.2473552852376814,2.0,-0.6418013028206951,0.01799709240232765,1.122566304895252,161,21,0.1404800835743417,0.0001820153890836,0.2433255888216254,9.264030571220042e-05,0.1742355693522869,8.460332268110661e-05,0.1784845712365788,8.664031846152486e-05,0.4791956911637371,0.0001684757485791,0.4791956911637371,0.0001684757485791,0.1023573365492052,5.9414000742937474e-05,0.1023573365492052,5.9414000742937474e-05,0.1868573786921981,4.9718836044520534e-05,0.1868573786921981,4.9718836044520534e-05,0.5105378502160149,0.0001637710526743,0.3722473462345379,0.0002084275926912,0.3101674350602655,0.0001120104367578,0.6116211747880559,0.0002055122620429,0.4412177572034966,0.0006804783954986
2021-09-16,2459474.331842916,-2.0009825217783175,-2.422435824101796,0.16113980000834066,0.22483442340280663,4.0,-0.6442762442127551,0.021027542643986902,1.2064474579581885,113,14,0.1407312032693146,0.0001953424610498,0.2425602885098155,9.387493384190807e-05,0.173662197151203,8.598112838512336e-05,0.1780028629932535,8.813340178656381e-05,0.477938789402055,0.0001718595734673,0.477938789402055,0.0001718595734673,0.1016405871431647,6.040840389187993e-05,0.1016405871431647,6.040840389187993e-05,0.1866787327735901,5.070489505191666e-05,0.1866787327735901,5.070489505191666e-05,0.5133804809086164,0.0001692447258894,0.3720851966818125,0.0002162626545972,0.3143492246877555,0.0001163114453951,0.6506374050040307,0.0002168736035269,0.4380530690618009,0.0006820815856946
2021-09-17,2459475.3480660575,-1.8046324635093718,-2.2271051397781516,0.18323080150027765,0.33305256616126816,3.0,-0.6441768345947416,0.020417963855187866,1.1977012368086786,51,8,0.1409995369370977,0.0001903136047078,0.2429963972905607,9.31926957381087e-05,0.1742018498082949,8.539549465089177e-05,0.1782778063982656,8.741204173636359e-05,0.4795863571689479,0.0001701959753737,0.4795863571689479,0.0001701959753737,0.1019512539488243,5.979306801949234e-05,0.1019512539488243,5.979306801949234e-05,0.1863277654590591,5.006883310190004e-05,0.1863277654590591,5.006883310190004e-05,0.5114283202257265,0.0001670343310147,0.3721143678145208,0.0002130602948285,0.3112633066963796,0.0001142535360224,0.6426272820294074,0.0002159933057304,0.4390864154555877,0.0006774892888486
2021-09-20,2459478.3016204666,-1.6160584322547225,-2.031859831435259,0.06769906225322046,0.3805382929845969,20.0,-0.6442827878816654,0.016741951204805552,1.3080184568433828,243,43,0.1418959437098224,0.0001794282161636,0.2421135739514583,9.08915922379861e-05,0.1738103351638349,8.344401267001222e-05,0.1783306329487175,8.567075893999857e-05,0.4778423083969602,0.0001642267850239,0.4778423083969602,0.0001642267850239,0.101705647485464,5.773080144032262e-05,0.101705647485464,5.773080144032262e-05,0.1868441376581487,4.84761693927119e-05,0.1868441376581487,4.84761693927119e-05,0.51400611874679,0.0001608309639629,0.3723513179234724,0.0002043344814705,0.3163532044694883,0.0001110224249465,0.6545291169955689,0.0002094149972957,0.4373090185843684,0.0006637662947906
2021-09-21,2459479.3278840324,-0.6543588410353011,-1.073371682658444,0.06893152750736746,0.32381493973698294,19.0,-0.6439645333272538,0.015136266372645275,1.276005836561438,227,41,0.1426602996205075,0.0001779648148862,0.2416848842479322,9.051442632198044e-05,0.1737916655289171,8.324132582483922e-05,0.1784370976548453,8.558223299467307e-05,0.4768179207775705,0.0001632545355003,0.4768179207775705,0.0001632545355003,0.1016500357546747,5.742379021761864e-05,0.1016500357546747,5.742379021761864e-05,0.1870725756795966,4.826779115104415e-05,0.1870725756795966,4.826779115104415e-05,0.5149031789569057,0.0001601306281894,0.3724284533814819,0.0002034078825892,0.3189312809874852,0.0001110573662307,0.6553424154594583,0.0002069225288466,0.4373228155671785,0.0006624252476066
2021-09-23,2459481.3880958958,-1.144443052331279,-1.5659787621297898,0.12562328438772383,0.33377050904457095,6.0,-0.6440442350152663,0.010658426986726866,1.3931607133136101,78,14,0.1429845789460728,0.0001841149175753,0.2429830669006679,9.154396859863136e-05,0.1744669968746331,8.399167041228404e-05,0.1783734170725091,8.607574267513482e-05,0.4789165876663475,0.0001657031729248,0.4789165876663475,0.0001657031729248,0.1021877118007685,5.832290781561176e-05,0.1021877118007685,5.832290781561176e-05,0.1866308365219196,4.8834506937940987e-05,0.1866308365219196,4.8834506937940987e-05,0.5122919796691223,0.0001629009640656,0.3724214542124802,0.0002071486771847,0.3140182288713832,0.0001120435531177,0.6447652606441112,0.000210417044348,0.4382139657576678,0.0006668232501345
2021-09-24,2459482.2924075024,-0.27139574913647,-0.6808830421191804,0.22472209996136758,0.5599623549425398,2.0,-0.6440556896420935,0.0353385747990886,1.4496427452163139,29,5,0.1435576438754538,0.0001919658459262,0.2432668325993082,9.291455528525236e-05,0.1748252962909477,8.532730900252085e-05,0.1784399471917464,8.725183915708e-05,0.4804244188329138,0.0001692939196723,0.4804244188329138,0.0001692939196723,0.1022235808952505,5.950312325986027e-05,0.1022235808952505,5.950312325986027e-05,0.1862363745225027,4.974822626504525e-05,0.1862363745225027,4.974822626504525e-05,0.5105081318434536,0.0001666259164058,0.3724646677911879,0.0002122548815426,0.3099037887435446,0.0001137399658986,0.6382645665563647,0.0002141352103985,0.439403779356981,0.000674539502302
2021-09-25,2459483.2180107846,-0.4231303776634493,-0.8275006207925255,0.12701746771858305,0.38439652525658685,6.0,-0.6436811076161296,0.032898863146507085,1.4109151765561574,64,12,0.1429877306109602,0.0001875759397766,0.2431414407100914,9.21223077020694e-05,0.1745833843781784,8.456695444073225e-05,0.1784207627600374,8.665278994440921e-05,0.4798451947772215,0.000167307766505,0.4798451947772215,0.000167307766505,0.1020640773600423,5.880595280915533e-05,0.1020640773600423,5.880595280915533e-05,0.1864717089505109,4.924692718959753e-05,0.1864717089505109,4.924692718959753e-05,0.5113930487643811,0.0001645214101547,0.3725031332568598,0.0002093264097831,0.3117740555147792,0.0001127803425378,0.6418498493468644,0.0002123426535541,0.4395489731886683,0.000672485332713
2021-09-28,2459486.310736817,-1.171940474811675,-1.5874245833911593,0.0786633346602048,0.4743689758597035,16.0,-0.6421674906979137,0.03609449496612176,1.304874711823873,220,37,0.1430557839889014,0.0001902231670943,0.2425378913135862,9.263112849562582e-05,0.1740200927195291,8.504111250813322e-05,0.178331727179053,8.733732422156623e-05,0.4786134931566376,0.000168686188733,0.4786134931566376,0.000168686188733,0.1022240449606745,5.939579164332476e-05,0.1022240449606745,5.939579164332476e-05,0.1869066396781845,4.97562259239125e-05,0.1869066396781845,4.97562259239125e-05,0.5123804502519059,0.0001663522474739,0.3724214908699371,0.0002122409784737,0.3148689601209823,0.0001146244906202,0.6475762587818469,0.0002131092150875,0.4373396869344581,0.0006728066303145
2021-09-29,2459487.266650129,0.06764718842914919,-0.3454077982512583,0.1678121914519127,0.18730098151623878,4.0,-0.6416775318253249,0.018195611372637123,1.2657208463991088,80,12,0.1433502759429631,0.0002080329596001,0.2419826296243886,9.39916457058006e-05,0.1741445157058485,8.649983745870561e-05,0.1784098985084486,8.868040292789408e-05,0.4773123115678339,0.0001746345996813,0.4773123115678339,0.0001746345996813,0.1020555924082808,6.155668252387664e-05,0.1020555924082808,6.155668252387664e-05,0.1871296676977563,5.163856250084035e-05,0.1871296676977563,5.163856250084035e-05,0.5137821372657612,0.0001743342155119,0.3724348576880087,0.000224251071634,0.3163555138747384,0.0001202441493724,0.6518931255529049,0.0002153582099417,0.4376383663444854,0.0006770487800955
2021-09-30,2459488.2131559593,-0.42677670807291357,-0.8287672990118029,0.14072425973507305,0.41632115075836934,5.0,-0.6421932358601138,0.03999914514230378,1.4668791109431292,95,14,0.1429109823802424,0.0001891502054147,0.2425998641325221,9.106655487873793e-05,0.1739830308372178,8.354785838538906e-05,0.1782406805708238,8.584666644842095e-05,0.4772525493807221,0.0001658348409093,0.4772525493807221,0.0001658348409093,0.1020649442705381,5.845833635367412e-05,0.1020649442705381,5.845833635367412e-05,0.1871825915828685,4.9056441221659895e-05,0.1871825915828685,4.9056441221659895e-05,0.513821423068924,0.0001646990104259,0.3726208210478044,0.0002103468644756,0.3169941056194997,0.0001138460980309,0.6516340194614914,0.0002080931841341,0.4378774513813593,0.0006619929300505
2021-10-01,2459489.267861986,-0.36298311694237484,-0.7697957766290282,0.18095107238259783,1.1961052842199107,3.0,-0.6416491695454539,0.0399952577250263,1.4606868269200832,72,10,0.1428449116086197,0.000189531604626,0.2424915411076973,9.160935565400485e-05,0.1740297983700167,8.416914940805769e-05,0.1781931943925002,8.637729678919313e-05,0.4767616987121894,0.0001663076708941,0.4767616987121894,0.0001663076708941,0.1018664316533056,5.859716581544869e-05,0.1018664316533056,5.859716581544869e-05,0.187044956619739,4.91954901591486e-05,0.187044956619739,4.91954901591486e-05,0.5137182820479682,0.0001650094150992,0.372399436361065,0.0002104639533344,0.3166640324663102,0.000113925743214,0.6525464403073209,0.0002091620130554,0.4386885780269832,0.0006667167873418
2021-10-28,2459516.299193679,-0.35402404687960665,-0.7624226201425781,0.07012871589738702,0.3980608866737301,19.0,-0.6220749893466097,0.01775962571107319,1.6122259822257066,235,44,0.1446227353356853,0.0001857898769549,0.2425613481305652,9.011439082937103e-05,0.1742998694169575,8.312565175388592e-05,0.1786576264684147,8.60174066776283e-05,0.4756049478569221,0.0001613630377869,0.4756049478569221,0.0001613630377869,0.1020580521604888,5.692861908200341e-05,0.1020580521604888,5.692861908200341e-05,0.1875451122800646,4.784270894239574e-05,0.1875451122800646,4.784270894239574e-05,0.5153051606795812,0.0001610148560087,0.3725520652474358,0.0002050647039328,0.3212554063015027,0.0001119639920949,0.6528511438096737,0.0002013914049101,0.4371603809517621,0.0006605925342924
2021-10-29,2459517.302909537,0.8875776945269152,0.47911640180635434,0.06407534645493959,0.5206803381160559,23.0,-0.6212899835227091,0.020597511771278613,1.6260251112972588,239,47,0.1444126622685646,0.0001876764836422,0.2425116302475677,9.012135801170104e-05,0.1741565325293229,8.30830176808809e-05,0.1783844713618683,8.590786643737507e-05,0.475667654862535,0.0001614870536304,0.475667654862535,0.0001614870536304,0.1019308019531374,5.695430865483943e-05,0.1019308019531374,5.695430865483943e-05,0.1875225138040297,4.7882551951019286e-05,0.1875225138040297,4.7882551951019286e-05,0.5153584369753473,0.0001612876751291,0.3725100707765249,0.0002054680195942,0.3208714735939772,0.0001120333996038,0.6525031943363488,0.0002016270778495,0.437009074305056,0.0006602554083486
2021-10-30,2459518.3070904217,1.1935019587183822,0.7851297723550567,0.06507168862650443,1.0268535559245486,22.0,-0.6205261783718126,0.01985253358014827,1.6408054362118139,238,46,0.1443068964912763,0.0001855683912855,0.2426474693989871,8.956013913478982e-05,0.1740440231005869,8.248225762274645e-05,0.1783548133449198,8.529744614098655e-05,0.476133689594359,0.0001605516032589,0.476133689594359,0.0001605516032589,0.1017716064420685,5.653059635503028e-05,0.1017716064420685,5.653059635503028e-05,0.1873628903293285,4.753590737098135e-05,0.1873628903293285,4.753590737098135e-05,0.5151910330449193,0.0001603754407015,0.3725550959542699,0.0002041912832277,0.3203977893043516,0.0001112991367368,0.652481003729669,0.0002005953490874,0.4369927980420522,0.0006550162226525
2021-10-31,2459519.306367876,0.20216095309203252,-0.20635406649840426,0.06401429172017406,0.4903181940952708,23.0,-0.6197633298861155,0.02036750236060476,1.6464583796533605,239,47,0.1440783680780955,0.0001869424988219,0.2422420107950495,8.95323413243446e-05,0.1738077709800327,8.25051089948397e-05,0.1782356052335009,8.537375194055747e-05,0.4756815855938253,0.0001608441561556,0.4756815855938253,0.0001608441561556,0.101575691120339,5.662021693354766e-05,0.101575691120339,5.662021693354766e-05,0.1874160311245372,4.7668322538331714e-05,0.1874160311245372,4.7668322538331714e-05,0.5157662570517649,0.0001611825126094,0.3725705547499465,0.0002053121136499,0.3218268499692039,0.0001121030786266,0.65259379463699,0.0001993423142668,0.4373945918842423,0.0006557909759329
2021-11-01,2459520.2782266294,0.050450388550368444,-0.3602439586631881,0.12301541166096792,0.47033637152370367,6.0,-0.618944288123867,0.016143936446589582,1.5722347295027639,110,17,0.143974477157833,0.0001813925157429,0.2420941670636545,8.884092371930734e-05,0.1736445804077948,8.181838753499338e-05,0.1782319106720518,8.477479459354616e-05,0.4755213671414171,0.0001589138615095,0.4755213671414171,0.0001589138615095,0.1015467310845978,5.594565457913734e-05,0.1015467310845978,5.594565457913734e-05,0.1873491804174589,4.7101276714207614e-05,0.1873491804174589,4.7101276714207614e-05,0.5154147772204897,0.0001588845386683,0.3724744515841873,0.0002021195052336,0.3215057170694081,0.0001104879266611,0.6509203883151371,0.0001974629512597,0.4372095230510637,0.0006516286078371
2021-11-02,2459521.2434188263,-0.49858739847786604,-0.908455458200458,0.09551170008023901,0.3389936576879503,10.0,-0.6185582760681009,0.01281145754970307,1.6366600173977228,141,23,0.1435050972499051,0.000183234217596,0.2422292805367789,8.870740711354923e-05,0.1738813729097957,8.178404154310597e-05,0.17821990791452,8.465029927435542e-05,0.4754552613009478,0.0001589368390902,0.4754552613009478,0.0001589368390902,0.101492123859394,5.593479089418026e-05,0.101492123859394,5.593479089418026e-05,0.1872068156028468,4.708482596385309e-05,0.1872068156028468,4.708482596385309e-05,0.515619234105393,0.0001591063730516,0.372478524264388,0.0002024963367135,0.3218499108607271,0.0001107203321011,0.6509929283037729,0.0001970968803427,0.4369325485087483,0.0006503881315434
2021-11-03,2459522.300134881,-1.195946732191957,-1.6051139637756533,0.06496401173484584,0.5727075083751891,22.0,-0.61751852727641,0.017346875534609046,1.6639736450271734,238,46,0.1428611001666054,0.0001847144566587,0.2424886314975859,8.93109532581987e-05,0.1738422505815285,8.225042568270791e-05,0.1779505081735001,8.505363108943777e-05,0.4767023254667117,0.00016037564919,0.4767023254667117,0.00016037564919,0.101653125571959,5.641726018869386e-05,0.101653125571959,5.641726018869386e-05,0.1870471342487571,4.7442071812229385e-05,0.1870471342487571,4.7442071812229385e-05,0.5144658606865,0.0001602882008073,0.3724266419933036,0.0002038924121729,0.3187961536204388,0.0001109292262343,0.6482711437138037,0.0002005567031255,0.4378214136244182,0.0006551216953432
2021-11-04,2459523.2970603122,-1.4645449963663117,-1.8735220093077796,0.06681006037081172,0.3291546832186958,21.0,-0.6168134652599395,0.018194984422158417,1.6905222684602388,221,43,0.1427276383506303,0.0001861295273507,0.2421781125946636,8.935832727887819e-05,0.173790738817714,8.240108411553711e-05,0.177894257418067,8.524111471317355e-05,0.4758595954008902,0.0001604870464678,0.4758595954008902,0.0001604870464678,0.1015541149006946,5.6467099430979685e-05,0.1015541149006946,5.6467099430979685e-05,0.1871716020223029,4.751978458902658e-05,0.1871716020223029,4.751978458902658e-05,0.5154142266129113,0.0001607550121901,0.372395543818575,0.0002045296568552,0.3207558439145738,0.0001116028129122,0.6528005305508546,0.000200394133209,0.4373901351893158,0.0006563395607093
2021-11-05,2459524.272682678,-1.1607611668945461,-1.5694466060485135,0.08503182855979488,0.68523082594261,13.0,-0.6163544899472768,0.016531306835110757,1.7480930715446379,153,28,0.1426247232751581,0.0001879447974377,0.2420259556386193,8.901498623674493e-05,0.1736336065910008,8.20464979141558e-05,0.1780446169188087,8.497786115395957e-05,0.4757982382107281,0.0001600414098322,0.4757982382107281,0.0001600414098322,0.1016665818372517,5.636362348473251e-05,0.1016665818372517,5.636362348473251e-05,0.1872440843403302,4.741941413993869e-05,0.1872440843403302,4.741941413993869e-05,0.5154893922966898,0.000160675094576,0.3722060090446086,0.0002043957668961,0.320673519173512,0.0001115277512415,0.6523099970270673,0.0001995419876486,0.4376862822892731,0.0006540993432122
2021-11-06,2459525.303365615,-1.2894120674013567,-1.6987650559107867,0.06286729666109706,0.547078855756609,24.0,-0.6152543276207774,0.020154168959335948,1.7033434833473187,243,48,0.1424899748308482,0.0001880091842508,0.2421243328019195,8.936389737628853e-05,0.1736289552046656,8.236079682321717e-05,0.1780842096871403,8.532730742425484e-05,0.4758816994628713,0.000160759046203,0.4758816994628713,0.000160759046203,0.10173276977294,5.662815428660297e-05,0.10173276977294,5.662815428660297e-05,0.1872202733484748,4.7617809322788374e-05,0.1872202733484748,4.7617809322788374e-05,0.5153511843711552,0.0001613783670819,0.3723580004054652,0.0002053880823259,0.3201134024818072,0.0001118948669082,0.6521781514097188,0.0002005399429315,0.4371209186915886,0.0006557005395108
2021-11-07,2459526.301836129,-1.7942988707611787,-2.206721055017145,0.10647165047273542,0.4044533982810416,8.0,-0.6141804455468214,0.016484883553457688,1.5935152644214026,123,21,0.1426355788161656,0.0001837768909745,0.2421527014575457,8.893757663628976e-05,0.1735707160024045,8.191002470124763e-05,0.178067952783497,8.488123114444267e-05,0.476017535499646,0.0001596490839156,0.476017535499646,0.0001596490839156,0.1017696111649312,5.624193029259279e-05,0.1017696111649312,5.624193029259279e-05,0.1873733620395956,4.730076330933513e-05,0.1873733620395956,4.730076330933513e-05,0.5154985900482452,0.0001601591657006,0.3723295702317896,0.0002036007487481,0.3206137623443761,0.0001111112888982,0.651106888592742,0.0001985254911991,0.4372624257779851,0.0006523676506655
2021-11-08,2459527.345441566,-0.35959502159909923,-0.7672934938674104,0.07921010240836954,0.45850880079453316,15.0,-0.6134946057592302,0.020250795481989423,1.7266530184510478,188,32,0.1423672991815682,0.0001863359789872,0.242309225392871,8.923370672259278e-05,0.1737770550243975,8.222889153701545e-05,0.1781137090137896,8.518649074490975e-05,0.476327604494634,0.0001603189835096,0.476327604494634,0.0001603189835096,0.1018084057692182,5.6458758743306635e-05,0.1018084057692182,5.6458758743306635e-05,0.1873833090304591,4.74728628680757e-05,0.1873833090304591,4.74728628680757e-05,0.5151634953476489,0.0001606014080625,0.3723664291997489,0.0002045405774296,0.3198895275751102,0.0001113052147926,0.6506939161135753,0.0001998365937041,0.4378360468631577,0.0006549670479722
2021-11-09,2459528.3529939516,-0.7339602611116394,-1.141626471507291,0.09314703508907042,0.4092925566713222,11.0,-0.6127037130884491,0.020740943173771217,1.724537481384735,155,29,0.142468783984649,0.0001884094078944,0.2420086832503954,8.951255237495019e-05,0.1737799335983658,8.259113705887604e-05,0.1780792179808251,8.555996534766126e-05,0.4752425850664153,0.0001609412936016,0.4752425850664153,0.0001609412936016,0.1017375582571836,5.672495417961191e-05,0.1017375582571836,5.672495417961191e-05,0.1874900093667458,4.773449547819351e-05,0.1874900093667458,4.773449547819351e-05,0.5158675178683034,0.0001617215809753,0.3723108592582961,0.000205947152818,0.3214675000987663,0.0001123911163117,0.6510986770898389,0.0001995777087879,0.4367457787241206,0.0006568395349707
2021-11-10,2459529.3037414965,-1.1097479395992749,-1.5199536836620506,0.062337143783962566,0.8499241839993806,24.0,-0.6123156307399985,0.0184604308028875,1.7485382286167495,243,48,0.1424596212466813,0.0001858747520254,0.2421583406157111,8.875011072967962e-05,0.1739691626538294,8.191544093117733e-05,0.1782651851812436,8.482816409119127e-05,0.4759261877807767,0.0001594563682828,0.4759261877807767,0.0001594563682828,0.1015922411079932,5.609075112591072e-05,0.1015922411079932,5.609075112591072e-05,0.1874247913355936,4.723115985474773e-05,0.1874247913355936,4.723115985474773e-05,0.5153612027272645,0.0001600150370728,0.3723675645589717,0.0002038973519612,0.3209657681415217,0.0001111174840344,0.6511893127959869,0.0001980102083562,0.437513553090406,0.0006505840413685
2021-11-11,2459530.30294535,-0.8183132589371437,-1.2287051229156196,0.06418450936824252,0.7228884634289359,23.0,-0.6116394646831431,0.01581000903618831,1.7659961991728614,241,47,0.1422951461248544,0.0001875008253889,0.2419703727182885,8.916827398734102e-05,0.1738636947160469,8.231820769416622e-05,0.1782489935020418,8.531463191406993e-05,0.4756073233084249,0.0001603089450583,0.4756073233084249,0.0001603089450583,0.1015739749255093,5.641939517820139e-05,0.1015739749255093,5.641939517820139e-05,0.1874442968439522,4.750130553018202e-05,0.1874442968439522,4.750130553018202e-05,0.5159437312266931,0.0001611579130077,0.3722334586521346,0.0002051625152699,0.3218528923750454,0.0001120709347196,0.6537143298795446,0.0001990152820037,0.4371866138028628,0.0006543441800714
2021-11-12,2459531.305350377,-0.37395935097188804,-0.7839956796228938,0.0675860620569791,0.7662004965227525,21.0,-0.6110097133926041,0.018096855219054717,1.8004836004857467,238,45,0.1422518375734698,0.0001892398853655,0.2417676937450939,8.908442498062672e-05,0.1735937861532474,8.223526032845834e-05,0.1782614038150066,8.537592241343772e-05,0.4740383547845287,0.0001600111805269,0.4740383547845287,0.0001600111805269,0.1013901759837671,5.638756219124369e-05,0.1013901759837671,5.638756219124369e-05,0.187695262540606,4.7548622202403294e-05,0.187695262540606,4.7548622202403294e-05,0.5173632048622375,0.0001615755698118,0.3722977068438525,0.0002058026247742,0.3246889998000529,0.0001128838114354,0.650929137119146,0.0001956051408192,0.435902504807743,0.0006543163828432
2021-11-13,2459532.3030317468,-2.034421230718709,-2.4456662753367464,0.06353968596601549,0.813993389087608,24.0,-0.6102850983965723,0.017802584824538444,1.778477122584006,243,48,0.1418719181976688,0.0001906598671713,0.2418933075293186,8.960468107953276e-05,0.1736070928287416,8.268934383685903e-05,0.1782069290543138,8.588941237685137e-05,0.4754223265957812,0.000161406480904,0.4754223265957812,0.000161406480904,0.1014366779485613,5.6768810728600826e-05,0.1014366779485613,5.6768810728600826e-05,0.1874912235390483,4.784107050374335e-05,0.1874912235390483,4.784107050374335e-05,0.5162639251039313,0.000162525557015,0.3724389560290653,0.0002071999155855,0.3227921122459022,0.0001132359190125,0.6537813379966736,0.0001995925760932,0.4369978582021698,0.0006589184113941
2021-11-14,2459533.302327072,-2.837604758274588,-3.2487346293273838,0.06626887821844313,0.7551984708024753,22.0,-0.6097194885001352,0.017615344242986483,1.8117564825816272,238,46,0.1416223573704225,0.0001905215976772,0.2417536380261278,8.919049055966946e-05,0.1734390433377257,8.228833884575165e-05,0.177964337869774,8.543443657060278e-05,0.4743183821608704,0.0001605041203799,0.4743183821608704,0.0001605041203799,0.1014534302242845,5.655555718069767e-05,0.1014534302242845,5.655555718069767e-05,0.187572453378298,4.766201613275625e-05,0.187572453378298,4.766201613275625e-05,0.5170187244945847,0.0001622064211521,0.3721854939425903,0.0002066394991123,0.3239017959651243,0.0001132012362617,0.6531005258999134,0.000197222104481,0.436830617886167,0.0006561685252724
2021-11-15,2459534.311966943,-3.468060608050543,-3.879403883466182,0.07128006726745988,0.4990308958665858,19.0,-0.6089506946470258,0.017323981859602204,1.773995085240504,205,40,0.1415935116859684,0.0001905386187316,0.241732584757328,8.94959964236342e-05,0.1734838619752718,8.261031810633498e-05,0.1780037797581105,8.581552579343962e-05,0.4746158831014361,0.0001610391724701,0.4746158831014361,0.0001610391724701,0.1015105542865297,5.673031493574853e-05,0.1015105542865297,5.673031493574853e-05,0.1875458534317034,4.779242681371514e-05,0.1875458534317034,4.779242681371514e-05,0.5168226635640485,0.0001625005343448,0.3722422313351287,0.0002070945238702,0.3236792443413089,0.0001133724462183,0.652290386947167,0.0001979281314869,0.436970146609544,0.0006589953032257
2021-11-16,2459535.232710663,-1.6331767817262235,-2.053493512810442,0.3133991819800839,0.0,1.0,-0.6089338836145902,0.0115649019453346,1.7816619712542987,56,4,0.1416113857151272,0.0001903482869932,0.2419877356573135,8.990880507054604e-05,0.1733581250324764,8.287449833678298e-05,0.1780850160384772,8.616058652697682e-05,0.4745927895655727,0.0001613219121338,0.4745927895655727,0.0001613219121338,0.1016680781422671,5.690646567031364e-05,0.1016680781422671,5.690646567031364e-05,0.1875861531384777,4.791073448532256e-05,0.1875861531384777,4.791073448532256e-05,0.5161618591356029,0.0001626410033306,0.3723263103941793,0.0002073660632758,0.3227121698086436,0.0001133095203919,0.6531165677178183,0.0001997961254829,0.4383019213461171,0.0006630486535951
2021-11-18,2459537.276169208,-1.0253523323982663,-1.441987744876344,0.08259313660959137,0.7639758423674021,14.0,-0.6076878665967772,0.012076410742315438,1.8482883519683053,210,34,0.1414286515168049,0.0001898709745361,0.2418359747992818,8.875650941843631e-05,0.1735410739939535,8.196237243247514e-05,0.1778894141703217,8.504502817247883e-05,0.4748707566661809,0.0001598553496155,0.4748707566661809,0.0001598553496155,0.1013834548886293,5.626367675605462e-05,0.1013834548886293,5.626367675605462e-05,0.1874417125815352,4.7424244311388366e-05,0.1874417125815352,4.7424244311388366e-05,0.5163338481526597,0.0001615461141055,0.3722638052668834,0.000205963603482,0.3230630489718438,0.00011260708526,0.6524087162545127,0.0001969520819549,0.4363273473000696,0.0006514311545547
2021-11-19,2459538.275773471,-0.8996076217045555,-1.317266632141222,0.0974942355168836,0.5168583921943324,10.0,-0.6071687816738751,0.01092660876809889,1.8325363419161236,166,26,0.1414325562839361,0.0001890036488806,0.2421662225700339,8.88230763069876e-05,0.173503146786551,8.190953255451476e-05,0.1779229732112994,8.503031199835763e-05,0.4757320127414461,0.0001598496669448,0.4757320127414461,0.0001598496669448,0.1015606122486445,5.6262409351878855e-05,0.1015606122486445,5.6262409351878855e-05,0.1871527967697913,4.733046372987124e-05,0.1871527967697913,4.733046372987124e-05,0.5155109815149506,0.0001610470821354,0.3722666920954542,0.0002052989501841,0.3211862507843988,0.0001118752631016,0.6489361418164581,0.0001978092838552,0.4370183891151872,0.000652551292835
2021-11-24,2459543.1985556595,0.47893670046317044,0.041729713094325174,0.22980361219763568,0.09817694920798611,2.0,-0.6066503962530904,-0.00307784296437345,2.235473371264992,52,6,0.1424855810404602,0.0002021561749372,0.2429450754592856,8.953782354858545e-05,0.1739172138825697,8.247689511823237e-05,0.1779087034768135,8.538843551323515e-05,0.4783089154504145,0.000162890160997,0.4783089154504145,0.000162890160997,0.1020898006878748,5.733289522324306e-05,0.1020898006878748,5.733289522324306e-05,0.1866257907448078,4.803682045822268e-05,0.1866257907448078,4.803682045822268e-05,0.5124486662594679,0.0001649688930903,0.3724359110077155,0.0002109505500861,0.3147963568510211,0.0001133707514618,0.6429597910133008,0.0002023798867248,0.4392060048112407,0.0006560946745068
2021-11-25,2459544.3846288817,-2.575260482744554,-2.9742136073858263,0.3210494566639992,0.0,1.0,-0.6049165505059568,0.0295956766325523,2.013478021011282,60,4,0.142593540429463,0.000204660129034,0.2430426492824379,8.992053716437085e-05,0.1740556378116136,8.283215846109857e-05,0.1778726263810036,8.568176227414612e-05,0.4784276963613932,0.0001641176987598,0.4784276963613932,0.0001641176987598,0.1022364433535459,5.7819763192378215e-05,0.1022364433535459,5.7819763192378215e-05,0.1865283196922415,4.83920001951435e-05,0.1865283196922415,4.83920001951435e-05,0.5122519367398165,0.0001665976874074,0.3727820624408394,0.0002131855775366,0.314912349083378,0.0001145460366029,0.640865083072974,0.0002035652406745,0.4395124836405955,0.0006580233703524
2021-11-26,2459545.3004360404,-0.5391588410201386,-0.9580040950715064,0.07044175203956742,0.48069799576749156,20.0,-0.6048516230850988,0.012374194360096121,1.9147809082616505,232,44,0.1430521625751274,0.0001957411020891,0.2426470032282481,8.93066196837902e-05,0.1739523201570036,8.234804554951024e-05,0.1781738825011008,8.54026290922492e-05,0.4773127297955256,0.0001616784476846,0.4773127297955256,0.0001616784476846,0.1019547789884298,5.691174008870682e-05,0.1019547789884298,5.691174008870682e-05,0.1869279588794455,4.7759282808398696e-05,0.1869279588794455,4.7759282808398696e-05,0.5141399201133028,0.0001635336349213,0.3725757976137394,0.0002090133160581,0.3187304280617262,0.0001131697587496,0.6487341985686793,0.0002007384119603,0.4383777646910747,0.0006545073045016
2021-11-27,2459546.297244572,-0.7417395631705427,-1.162142447783495,0.06859219423241904,0.9492272033285872,21.0,-0.6046395010152934,0.010224533862548494,1.9031276174947602,232,44,0.1431276165903058,0.0001951053393628,0.2423301566416475,8.91257843464996e-05,0.1738685075764732,8.226772029915817e-05,0.1781691238869185,8.53779879614837e-05,0.4765392794098266,0.0001610540500165,0.4765392794098266,0.0001610540500165,0.1017794565513785,5.6701533832382594e-05,0.1017794565513785,5.6701533832382594e-05,0.187043078755405,4.7628791285088856e-05,0.187043078755405,4.7628791285088856e-05,0.5147291508303523,0.0001630107976056,0.3725696992090798,0.0002083591362888,0.3202489274416918,0.0001130794616567,0.6508321810666774,0.0001994014183723,0.4380378193763043,0.0006547484888486
2021-11-28,2459547.3005737253,-3.0023514321288713,-3.4226455444188293,0.06657288307275273,0.6731722783548366,22.0,-0.60449675635234,0.008640166410085593,1.9180766394876239,231,45,0.1428933793394701,0.0001936180526168,0.2419538583065618,8.869955410928665e-05,0.1736743296645779,8.195053709986495e-05,0.1781004842312705,8.51596851428696e-05,0.4757256240929729,0.0001599624121247,0.4757256240929729,0.0001599624121247,0.1016836053151482,5.63350643572928e-05,0.1016836053151482,5.63350643572928e-05,0.1873563714922605,4.738942400687585e-05,0.1873563714922605,4.738942400687585e-05,0.5157327100357392,0.0001619304719408,0.3723661931080851,0.0002067574919055,0.3220952050149923,0.0001126462268354,0.6523200538689521,0.0001970054468864,0.4376887247792309,0.0006534122644907
2021-11-29,2459548.297608365,-2.136306870855267,-2.558154073403797,0.06832045565958889,0.6944671523086516,21.0,-0.6044018860852954,0.007645325104421681,1.926693188813721,231,44,0.1426799550376101,0.0001940617902634,0.2421304566610256,8.89703333859044e-05,0.1738303880085684,8.223137190279207e-05,0.1780788286684932,8.543646181684316e-05,0.4750664142736243,0.0001602959071737,0.4750664142736243,0.0001602959071737,0.101711495275979,5.650504039254637e-05,0.101711495275979,5.650504039254637e-05,0.187378980336468,4.753079686072054e-05,0.187378980336468,4.753079686072054e-05,0.516221069432984,0.000162345024352,0.3725282939144619,0.0002073842652906,0.3229980727136214,0.000113070080446,0.6519272018740943,0.0001969949124527,0.4377033424299812,0.0006561959701119
2021-11-30,2459549.315006417,-2.2372375990350037,-2.6552591863164032,0.07406821608038194,0.6282042742420607,18.0,-0.6041755238548474,0.012647044958637728,1.9095434731104772,194,37,0.1425769734635244,0.0001949363563774,0.2421556889135154,8.93116519462314e-05,0.1738314260278665,8.253430501588507e-05,0.1779165288821604,8.56886727068662e-05,0.4753780307219199,0.0001609557612144,0.4753780307219199,0.0001609557612144,0.1017058834010984,5.671877326302425e-05,0.1017058834010984,5.671877326302425e-05,0.1873363847622157,4.770771606155305e-05,0.1873363847622157,4.770771606155305e-05,0.5155954864893464,0.0001629474092133,0.3723832092194464,0.0002081640607773,0.3219788631013249,0.0001133106997629,0.6529431437024201,0.0001986213104682,0.4375331887898043,0.0006576614474218
2021-12-01,2459550.2711414485,-2.00790159116156,-2.4383933525424295,0.15402028248463334,0.16157643856318932,4.0,-0.6039518316213371,0.00134787572408495,1.7536373626056894,85,10,0.1424108526176978,0.0001906505265162,0.2424807916063927,8.866714037609378e-05,0.1741017074286913,8.193009790914947e-05,0.1779304115236994,8.490312904043163e-05,0.4772463683131555,0.0001596805531183,0.4772463683131555,0.0001596805531183,0.1019176929239729,5.6213282272997306e-05,0.1019176929239729,5.6213282272997306e-05,0.1870663193689699,4.720086601286216e-05,0.1870663193689699,4.720086601286216e-05,0.5135580380292206,0.0001607845481438,0.3725964802438342,0.0002053660395065,0.3170389078615519,0.0001108678287002,0.649664615492294,0.000200256339432,0.4382763534201155,0.0006522567588662
2021-12-02,2459551.2892158185,-1.7459955646531107,-2.1732107223482635,0.09092172474147366,0.7065951122966233,12.0,-0.6042476997701961,0.0030625621179375165,1.9253071561005104,185,29,0.142186426813333,0.0001975380191511,0.2426855623969681,8.937967320069565e-05,0.173961123838444,8.244264466443374e-05,0.1779266807290745,8.551883346397139e-05,0.4770676436757231,0.0001614931708492,0.4770676436757231,0.0001614931708492,0.1018713800790629,5.6863189062392695e-05,0.1018713800790629,5.6863189062392695e-05,0.1870889194097481,4.77493439715522e-05,0.1870889194097481,4.77493439715522e-05,0.5141302596593685,0.0001635069970381,0.3723019372048796,0.0002089350928119,0.3184252223526466,0.0001130141951746,0.6513047710154014,0.000201836555359,0.439233953155611,0.0006583152949692
2021-12-03,2459552.3019655524,-0.7831131228264298,-1.2072593592130991,0.06787260436124136,0.8251998771291619,22.0,-0.6041730121722767,0.006860826766051731,1.9376067341445227,230,45,0.141901056733554,0.0001988058189847,0.2422093596122517,8.950504796599846e-05,0.1737332106955118,8.26525272614518e-05,0.1778390854604932,8.578452127997787e-05,0.4759878065841171,0.0001618247119216,0.4759878065841171,0.0001618247119216,0.1016283306530324,5.695834352737572e-05,0.1016283306530324,5.695834352737572e-05,0.1872962119687863,4.791973133847035e-05,0.1872962119687863,4.791973133847035e-05,0.5154772514940115,0.0001643943216042,0.3723715175496845,0.0002101759623602,0.3211831530243744,0.0001141100552142,0.6540280335209454,0.0002006071185232,0.437907591291546,0.0006586929677138
2021-12-04,2459553.2312413356,-0.49348926280481686,-0.9409379392897818,0.2223131366740743,0.6097975591185971,2.0,-0.604781623212759,-0.012747165836683099,2.046770577835178,35,5,0.1418332802827738,0.0001954184991753,0.2425196146108603,8.819200541157929e-05,0.1734262195406394,8.127861998371793e-05,0.1780359716938233,8.450461763713134e-05,0.4770965031457151,0.0001593894753323,0.4770965031457151,0.0001593894753323,0.1017098968370061,5.605033532229165e-05,0.1017098968370061,5.605033532229165e-05,0.1871812633538034,4.712953931571301e-05,0.1871812633538034,4.712953931571301e-05,0.5145947232359207,0.0001613482133435,0.3724353497332499,0.0002064826485076,0.3191618825613018,0.0001116524418537,0.6469331027710752,0.0001968576463233,0.4382097439841079,0.0006490029275914
2021-12-05,2459554.3011767985,-1.568445376749523,-1.9947382080925526,0.06792225992996928,0.8926573704348197,21.0,-0.6041981551811658,0.004637587897168982,1.9321087690756846,223,44,0.1414919189673086,0.0001926315511069,0.2420412102334179,8.846055482189347e-05,0.1736036456140141,8.176203890104755e-05,0.1779733245791601,8.503622818877391e-05,0.4761291215745974,0.000159723895546,0.4761291215745974,0.000159723895546,0.1016733755682915,5.623018382549286e-05,0.1016733755682915,5.623018382549286e-05,0.1872657664015508,4.728731334176641e-05,0.1872657664015508,4.728731334176641e-05,0.5154636666071981,0.0001614457351003,0.3724424227329809,0.000206460409749,0.3212520533132132,0.000112121149934,0.6522491240723102,0.0001975448964837,0.4370453187651545,0.0006521128812512
2021-12-06,2459555.287579242,-2.129966350963441,-2.561924260450922,0.07597397855635508,0.6737072693591307,17.0,-0.6042948117620388,3.4891928253404625e-05,1.9290749129626927,211,39,0.1412069603801554,0.0001944344560924,0.2419103550166188,8.895883102834432e-05,0.1735467700000966,8.223885115300697e-05,0.1778490661651946,8.556265263996043e-05,0.4759254381837395,0.0001606166940054,0.4759254381837395,0.0001606166940054,0.1015314097768323,5.651186179108368e-05,0.1015314097768323,5.651186179108368e-05,0.1873843358478281,4.75732322908343e-05,0.1873843358478281,4.75732322908343e-05,0.5158896872803503,0.0001626346654933,0.3722642306705233,0.0002079114941877,0.322057520922745,0.0001130888448208,0.6526380832070854,0.0001980851591615,0.4362852476680021,0.0006550485820468
2021-12-10,2459559.270795544,-0.920242173264108,-1.360489121494825,0.10467481994641409,0.30929056662707816,9.0,-0.604779365064296,-0.008138462975490802,1.8979617905223993,146,21,0.1410860689580421,0.0001930228621627,0.2416103578764567,8.894104127981576e-05,0.1733287712076147,8.220888519379425e-05,0.1781786786456295,8.565977152373849e-05,0.4752049468980364,0.0001606576729668,0.4752049468980364,0.0001606576729668,0.1013182834218703,5.652671362724912e-05,0.1013182834218703,5.652671362724912e-05,0.1874683187448139,4.764631670046659e-05,0.1874683187448139,4.764631670046659e-05,0.5168234518972726,0.0001636725351266,0.3722944637441219,0.0002091100147191,0.3240294100022735,0.0001141840293351,0.6490831507592185,0.0001956106484853,0.4366513610764584,0.0006548515038837
2021-12-11,2459560.3010470388,-1.525257655759064,-1.9563480291615711,0.07067690739566734,0.6689293496004723,19.0,-0.6049982979665135,0.000720315344241829,1.9613809909929283,221,42,0.1408727901211171,0.000190045262847,0.2414557390429816,8.692892348564362e-05,0.1733051742353123,8.048044708468605e-05,0.1781847610756718,8.39670175024464e-05,0.4748498526024248,0.0001573094732266,0.4748498526024248,0.0001573094732266,0.1011916016974951,5.530859522438035e-05,0.1011916016974951,5.530859522438035e-05,0.1875044657843893,4.666018174713717e-05,0.1875044657843893,4.666018174713717e-05,0.5174309403259028,0.0001599987036495,0.3722340532849396,0.0002044569099629,0.3252493005387747,0.0001118125362788,0.6498086010165577,0.0001902472468131,0.435466120854228,0.000641878638526
2021-12-12,2459561.2993352655,-2.0556189212990508,-2.4882995742405645,0.07524003420960222,0.38179493604735976,17.0,-0.6053016586239464,-0.0003683725331499233,1.9845571618831537,217,41,0.1411425692529293,0.0001916924804555,0.2417073662325936,8.734482414035664e-05,0.1733271450206781,8.080438951615344e-05,0.1781755671625244,8.433913622345665e-05,0.4749856310004942,0.0001580917014164,0.4749856310004942,0.0001580917014164,0.1013732347642671,5.5643827160533755e-05,0.1013732347642671,5.5643827160533755e-05,0.1874614921038498,4.688738917127224e-05,0.1874614921038498,4.688738917127224e-05,0.5171615759249639,0.0001608985842464,0.3723834007665105,0.0002056008083262,0.3246312430087105,0.0001123439507765,0.6507288124322275,0.0001917235547831,0.435993401272667,0.0006466506666294
2021-12-16,2459565.3085851856,1.443581797891522,1.0119871207872704,0.07066312601710809,0.41975573717848363,19.0,-0.6065582970856588,0.0004135508586000161,1.9463820046576081,216,41,0.1436085362805313,0.0001915909733084,0.2426132597078189,8.71393513999786e-05,0.1743147819749716,8.072146296382146e-05,0.1787644328894822,8.412382197797654e-05,0.4754589787510202,0.0001575454274937,0.4754589787510202,0.0001575454274937,0.1018265759477696,5.553775891637511e-05,0.1018265759477696,5.553775891637511e-05,0.1876858445501433,4.672819872126712e-05,0.1876858445501433,4.672819872126712e-05,0.5158672307042591,0.0001602213769548,0.3724697614670464,0.0002047440855331,0.3236216029541108,0.000111737339265,0.6513611837214968,0.0001922219403544,0.4363499821312347,0.0006439285794559
2021-12-17,2459566.2099484205,3.2017144847536287,2.7128930008607064,0.22549412909203945,0.1493514422690041,2.0,-0.6081609780360147,-0.039120368914451406,2.347061656351005,68,9,0.1442407349257785,0.0001959173813741,0.2424994606691749,8.676716577882477e-05,0.1743523274670421,8.039633484558222e-05,0.178834625551102,8.382714251311883e-05,0.4753858733345777,0.000157438698974,0.4753858733345777,0.000157438698974,0.1018845053887728,5.55217289439616e-05,0.1018845053887728,5.55217289439616e-05,0.1876276400277651,4.669220279297287e-05,0.1876276400277651,4.669220279297287e-05,0.5155276444958387,0.0001604188392235,0.3726084014329342,0.0002056111113575,0.3236977120777268,0.0001120130335979,0.6482458499031244,0.0001909504061567,0.4362521740317671,0.0006399290559405
2021-12-19,2459568.3063758193,1.7368474350480136,1.3026369882089752,0.07318110158352426,0.6996054466076924,18.0,-0.6081636505840541,-0.0013366240648634614,1.9995815302599,191,37,0.1454207099157423,0.0001948624392218,0.2429232584598137,8.717681989162548e-05,0.1746723025651106,8.08416579383791e-05,0.1788643181007152,8.417261670045683e-05,0.4751702648845357,0.0001574501910874,0.4751702648845357,0.0001574501910874,0.1021108421379984,5.5608031144649834e-05,0.1021108421379984,5.5608031144649834e-05,0.1875394668349544,4.669276125238135e-05,0.1875394668349544,4.669276125238135e-05,0.5159899682667641,0.0001601510516295,0.372625341494022,0.000205178058851,0.3240575112043884,0.0001117646192227,0.650898360530876,0.0001915521647553,0.4358528805336435,0.0006425428431519
2021-12-20,2459569.291386611,0.7797907682499946,0.3360435137120369,0.09322007450016956,0.621600181321165,11.0,-0.6088231006365284,-0.008076182568552219,2.0239255762042103,190,31,0.1457222626734229,0.0001951704988305,0.2426752308047933,8.696322274450299e-05,0.174619577237963,8.064179209760681e-05,0.1789189000844466,8.404144885455262e-05,0.4755647143223463,0.0001571442580798,0.4755647143223463,0.0001571442580798,0.1021764637476283,5.549263229241066e-05,0.1021764637476283,5.549263229241066e-05,0.1873255548937745,4.655232924936117e-05,0.1873255548937745,4.655232924936117e-05,0.5154651785723328,0.0001596239131168,0.3726723322862453,0.0002045336701465,0.3229540898252169,0.0001111873579354,0.6519879284983852,0.0001924464709104,0.436567247588835,0.0006432521789605
2021-12-23,2459572.2580286586,0.16570360365417988,-0.29802114003732116,0.1018990481074122,0.6651095816791655,9.0,-0.6107364347101869,-0.021691816901700967,1.9971103245897746,165,25,0.1455648857426749,0.0001927972052157,0.244686615135486,8.71082132380266e-05,0.1753120072006586,8.050587200064517e-05,0.1789027368212373,8.357834213504327e-05,0.4805312445791816,0.0001575608950194,0.4805312445791816,0.0001575608950194,0.1028465042660116,5.551144220446433e-05,0.1028465042660116,5.551144220446433e-05,0.186363670581209,4.630933747756064e-05,0.186363670581209,4.630933747756064e-05,0.5089842594118477,0.0001580403343557,0.3726504160712728,0.0002024003904405,0.3103257616877548,0.0001078222344816,0.6337131531196539,0.0001971421199608,0.4391250372777616,0.0006449731687526
2022-01-01,2459581.3150494676,-2.931561531359518,-3.364727182255043,0.09059188406767862,0.3065543487222522,12.0,-0.6178026085397716,-0.000611865663459552,1.8504836340155844,160,29,0.1426195516702127,0.0001935311005546,0.241498644662108,8.868481345269112e-05,0.1734032595747885,8.22472999391071e-05,0.1783760976012169,8.590866512158669e-05,0.47435317329019,0.0001605665060679,0.47435317329019,0.0001605665060679,0.1014821010113243,5.65779155381663e-05,0.1014821010113243,5.65779155381663e-05,0.1877531053226823,4.769563656019744e-05,0.1877531053226823,4.769563656019744e-05,0.5173156011887101,0.0001638328620669,0.372255963385965,0.0002094969963081,0.3255358331620446,0.00011448041004,0.6474070993782799,0.0001919187284474,0.4353574003686256,0.0006577501100555
2022-01-02,2459582.310997014,-1.8449322195162396,-2.2838972787492837,0.07051014172181753,0.4845550613524235,19.0,-0.6190069721224125,-0.0053832903835039055,1.9618486078717607,222,43,0.1418880535088601,0.0001902201884219,0.2413778771739876,8.610167119863927e-05,0.1732902995052455,7.987343257447053e-05,0.1783271457912728,8.361985438003775e-05,0.4742208003779184,0.0001560503925879,0.4742208003779184,0.0001560503925879,0.1013930282766796,5.494502662087707e-05,0.1013930282766796,5.494502662087707e-05,0.1876222270015244,4.632062700125895e-05,0.1876222270015244,4.632062700125895e-05,0.5172741249932304,0.000159077652176,0.3723875721506157,0.0002038988514951,0.3262977872622817,0.0001114014229044,0.647219921713584,0.0001868035754436,0.4352376780606465,0.000642553281119
2022-01-03,2459583.358253553,-2.5113303798816466,-2.9153946751651554,0.1594776065834413,0.6529846401776179,4.0,-0.620675631258947,0.028026435289499926,2.2641802221449527,65,9,0.1411752414263078,0.0001997730248354,0.2413531300144832,8.682356077364916e-05,0.1730468767141677,8.045045124354846e-05,0.1782029916697765,8.426631235236256e-05,0.4738957847690795,0.000158039423381,0.4738957847690795,0.000158039423381,0.1012858857241647,5.564106866316472e-05,0.1012858857241647,5.564106866316472e-05,0.1874615071380868,4.6903300207379214e-05,0.1874615071380868,4.6903300207379214e-05,0.5175852965296781,0.0001620456116866,0.3723775953685566,0.000207886980495,0.3267990677249199,0.0001135668496411,0.6473435663328575,0.0001880376715318,0.4361494014009568,0.0006501869612818
2022-01-04,2459584.3119786163,-1.399670744985151,-1.8383894776262946,0.07015124695851938,0.6358478706520626,19.0,-0.620856558387407,-0.005229536191449521,1.9596030280496357,221,43,0.1411902520752873,0.0001887109180386,0.2417951229341639,8.592160063293127e-05,0.1736158736027965,7.972396976200182e-05,0.1783224441985217,8.33300698856451e-05,0.4758225908091333,0.0001559330637973,0.4758225908091333,0.0001559330637973,0.1015673440872411,5.484795293422451e-05,0.1015673440872411,5.484795293422451e-05,0.1872846039442894,4.6147736449198333e-05,0.1872846039442894,4.6147736449198333e-05,0.516011352160611,0.0001584889031914,0.3723537283444154,0.0002029396991037,0.3228889052204161,0.0001103301304016,0.6494165452008462,0.0001901222015048,0.437134752729964,0.0006426683158182
2022-01-05,2459585.311880133,-0.9540083224551879,-1.3931060285619696,0.07029214015431128,0.6071170752728845,19.0,-0.6217775318005789,-0.005633216103237225,1.9522403900848777,222,43,0.141264842066614,0.0001892713108731,0.2417232532718697,8.59514503296013e-05,0.1735528510382388,7.9756552117056e-05,0.1782209739614621,8.335363101787097e-05,0.4755411596673101,0.0001560088031972,0.4755411596673101,0.0001560088031972,0.1015755461780239,5.491588025649328e-05,0.1015755461780239,5.491588025649328e-05,0.1873657765885353,4.620488375613383e-05,0.1873657765885353,4.620488375613383e-05,0.5161081456021148,0.0001586991448675,0.3723080474272721,0.0002031863686436,0.3231631235630895,0.0001105321819795,0.6523032605327755,0.0001907194548391,0.4362613127818264,0.0006424983913447
2022-01-06,2459586.238521879,0.15097641335161618,-0.34454101660292213,0.15470978921564202,0.7060610892722069,4.0,-0.6230640357147397,-0.03973784527732996,2.1366752941277287,64,10,0.1414556055547518,0.0001915440127667,0.2416961466437604,8.558783116774026e-05,0.1737947273426616,7.94622699923779e-05,0.1784939504666672,8.308937534243621e-05,0.4751959533895634,0.0001553675989094,0.4751959533895634,0.0001553675989094,0.1016239715076581,5.47251678650699e-05,0.1016239715076581,5.47251678650699e-05,0.1874993296952578,4.605971747117555e-05,0.1874993296952578,4.605971747117555e-05,0.5162924678534094,0.0001584560024311,0.3721798657897631,0.0002027876673692,0.3234416242444277,0.0001104077231976,0.6506205066373336,0.0001891759588023,0.4360651199386718,0.0006392044545844
2022-01-07,2459587.313368751,-0.3331027578411377,-0.7709678676650502,0.07022683793668687,0.4887877580900085,19.0,-0.6236968232060782,-0.0041674089434369085,1.959771801592901,227,44,0.1420227460210566,0.0001888879103112,0.242073502374603,8.60347939037688e-05,0.1739320636125513,7.986202536144481e-05,0.1785891921759835,8.342012286857616e-05,0.4758238187141663,0.0001558279583414,0.4758238187141663,0.0001558279583414,0.1017162928130939,5.486760531464723e-05,0.1017162928130939,5.486760531464723e-05,0.1875956030057254,4.617137312328765e-05,0.1875956030057254,4.617137312328765e-05,0.5157013655292028,0.000158279452066,0.3724230217222897,0.0002025642353899,0.3217724698789109,0.0001099266255061,0.6512081248450484,0.0001910527766379,0.4374177901171085,0.0006435271726426
2022-01-09,2459589.3726866795,-1.5882104573004985,-1.9901103372420903,0.13816692573165276,0.4650321960346646,5.0,-0.6255686030476479,0.032052942841798736,1.8779244562389519,98,15,0.1433379215984209,0.0001942817641015,0.2421938192468165,8.701846835251709e-05,0.1741327713954137,8.079479006996645e-05,0.1784257411245663,8.414777506040651e-05,0.4760459806914826,0.0001580627447744,0.4760459806914826,0.0001580627447744,0.1018375438950383,5.5668261728758454e-05,0.1018375438950383,5.5668261728758454e-05,0.1875115993305815,4.680119759168538e-05,0.1875115993305815,4.680119759168538e-05,0.515649251674187,0.0001611457763302,0.3724493756195649,0.0002063862210109,0.3218765144066158,0.0001119288914327,0.6513630656449562,0.0001928190001703,0.4364306256669187,0.0006474594585458
2022-01-10,2459590.277543469,-0.8760293029781157,-1.3447959555263895,0.10897785523211628,0.6429370359048763,8.0,-0.6266895066674623,-0.028623072969873375,2.0043344109315315,166,25,0.1436858034025209,0.0001918918050136,0.2418700908939194,8.597743852280927e-05,0.1738350875417495,7.977830509044375e-05,0.1784557888854499,8.333966168912435e-05,0.4752496392486748,0.0001557649059871,0.4752496392486748,0.0001557649059871,0.1017245781402174,5.486414070849327e-05,0.1017245781402174,5.486414070849327e-05,0.1877273579174186,4.6178544452536106e-05,0.1877273579174186,4.6178544452536106e-05,0.5165058413171045,0.0001588294561139,0.3724797515856764,0.0002037096906081,0.3248797974538893,0.0001109671921724,0.6509458219487044,0.0001879377843655,0.4361419676642137,0.000641357701662
2022-01-14,2459594.233845208,1.0504178343696895,0.5567986400652974,0.21428040540893004,0.14508396638882318,2.0,-0.6307692564149158,-0.03544372988798905,2.0217996889921617,31,4,0.1442463391625082,0.0001899764705787,0.244525449657261,8.565271990406896e-05,0.1751478006257878,7.930721998849894e-05,0.1782970435291995,8.234764168576198e-05,0.4822867253017215,0.0001557754617329,0.4822867253017215,0.0001557754617329,0.1028366992833568,5.477067673932856e-05,0.1028366992833568,5.477067673932856e-05,0.1857517423781705,4.558754140487984e-05,0.1857517423781705,4.558754140487984e-05,0.5078864398583092,0.0001558871832666,0.3726716185998639,0.0001999972248397,0.3080018934772605,0.0001058963763728,0.6240024125225715,0.0001933063861977,0.4402741431842875,0.000641118083224
2022-01-16,2459596.316115354,-0.32209827351530324,-0.7590001405053314,0.13726588257094724,0.19326397291443986,5.0,-0.6324871322707658,-0.0034132456788166796,1.8028617767084942,68,11,0.1446011229940627,0.0001901077876103,0.2431042660433692,8.757460214479626e-05,0.1742688362145814,8.119379128491013e-05,0.1783753454855783,8.468610469465228e-05,0.4777842650367763,0.0001585744334528,0.4777842650367763,0.0001585744334528,0.1023430100380056,5.5880374709208344e-05,0.1023430100380056,5.5880374709208344e-05,0.1867242221157541,4.6755129870938767e-05,0.1867242221157541,4.6755129870938767e-05,0.5134245681228401,0.0001598601630011,0.3727571613472495,0.0002046863753629,0.3176464579516985,0.0001102721292462,0.6479806423963415,0.0001970189117924,0.437724196056815,0.0006563353373954
2022-01-17,2459597.3400367587,-0.6997275937468711,-1.1188951472201054,0.08751609709424138,0.3862372881771064,12.0,-0.6334981511360029,0.012153830048531785,1.7661238009994689,179,31,0.1447082371837761,0.0001885361714025,0.242995336025261,8.656671922120894e-05,0.1742239207657619,8.020836292044476e-05,0.1782948788326828,8.352728077743898e-05,0.477851933871108,0.0001567751840447,0.477851933871108,0.0001567751840447,0.1022705531625407,5.522743664219465e-05,0.1022705531625407,5.522743664219465e-05,0.1866500480517883,4.62057410815175e-05,0.1866500480517883,4.62057410815175e-05,0.5136847889165018,0.0001585376049189,0.3726378684571179,0.0002030238391781,0.3181437210912163,0.0001094243514197,0.6483702879423747,0.0001941361702552,0.4380151596991147,0.0006464684031823
2022-01-20,2459600.3129645544,-1.398441986211313,-1.8378539734695523,0.06913795828108452,0.7872574321670214,20.0,-0.6369447628487475,-0.006572975553609301,1.869920283462759,225,41,0.1440811515057366,0.0001927004287856,0.2421381478457677,8.633602132018385e-05,0.1734331623131519,7.999784730024829e-05,0.1781418361108047,8.359972619209334e-05,0.4753831487980934,0.000157088160142,0.4753831487980934,0.000157088160142,0.1017198277073559,5.5351156921815297e-05,0.1017198277073559,5.5351156921815297e-05,0.1869629656649815,4.6470358661590845e-05,0.1869629656649815,4.6470358661590845e-05,0.5161587815142552,0.0001604322985946,0.3725844700623442,0.0002055665513625,0.323305178018325,0.0001116914857338,0.651265378398386,0.0001894840018823,0.436223523284412,0.0006447645005298
2022-01-21,2459601.308585956,-1.0374663599637968,-1.4803040519790074,0.06806888584049377,0.4335925287438628,20.0,-0.6379704395812508,-0.009284670525798733,1.849112632300115,228,42,0.143781559996435,0.0001885782805352,0.2419703578731313,8.570041984609406e-05,0.1734064162289333,7.954893067648455e-05,0.1781004808301579,8.324676633289692e-05,0.4749390353677649,0.00015571712366,0.4749390353677649,0.00015571712366,0.1015229313672098,5.481951874236665e-05,0.1015229313672098,5.481951874236665e-05,0.18717133376828,4.611017730126968e-05,0.18717133376828,4.611017730126968e-05,0.5164429849925423,0.000158411217833,0.3725978470878167,0.0002030251480543,0.3253682363637397,0.0001107930936932,0.64874521498133,0.0001871555050293,0.4362963665332203,0.0006439731697469
2022-01-23,2459603.219643842,0.6657457682297849,0.15217391366577898,0.1877904663123029,0.37262028339095393,3.0,-0.6405632188935781,-0.08189918770999007,2.1102365284917286,101,12,0.1429732582476379,0.0002036492417658,0.2426189389730803,8.717673213981646e-05,0.173730092547146,8.083035485660182e-05,0.1779255583484349,8.43646817789875e-05,0.4767002903321423,0.0001608772405676,0.4767002903321423,0.0001608772405676,0.101868071729513,5.665078952195213e-05,0.101868071729513,5.665078952195213e-05,0.1868667699181465,4.75164826696978e-05,0.1868667699181465,4.75164826696978e-05,0.5147082276569778,0.0001649906539298,0.3726115043054749,0.0002118036411602,0.3210021764008295,0.0001145599757611,0.6495436925002158,0.0001950911637559,0.4369987450817755,0.0006498939848005
2022-01-24,2459604.3154793307,-0.8779582749591802,-1.316091723320808,0.0684195961000151,0.6865887367638019,20.0,-0.641205983620019,-0.006546147828622566,1.826558044013116,228,41,0.1433005699775836,0.0001886235361089,0.2422739866089571,8.609299850494846e-05,0.1736944443031724,7.991778717013088e-05,0.1781804558034812,8.352049308921943e-05,0.4754207890178732,0.0001567263123356,0.4754207890178732,0.0001567263123356,0.1016945195821103,5.519708298600504e-05,0.1016945195821103,5.519708298600504e-05,0.1871743841059011,4.638771045846363e-05,0.1871743841059011,4.638771045846363e-05,0.5158273086035083,0.0001594213612828,0.3726069803399328,0.0002041919960442,0.3233739518894721,0.0001110762925864,0.6512155448178814,0.0001903115886334,0.4368394819041826,0.0006455261313887
2022-01-25,2459605.340681102,-0.21334893041568115,-0.6413208019367813,0.10943317497767299,0.49248454301054206,8.0,-0.6426259416341281,0.0021532352770348012,1.9193960800847192,112,19,0.1435198916608699,0.0001915212641595,0.2423302585162391,8.639644774861324e-05,0.1735736493561118,8.01463060670553e-05,0.1780580554165725,8.379203209151956e-05,0.4750036538651683,0.0001571973960246,0.4750036538651683,0.0001571973960246,0.1017771058158425,5.54088368583636e-05,0.1017771058158425,5.54088368583636e-05,0.1873428567064862,4.655051471710024e-05,0.1873428567064862,4.655051471710024e-05,0.5163965872034281,0.0001602484907928,0.3726934848623096,0.0002055273766976,0.3247074677219633,0.000111925356504,0.6498191746047027,0.0001895564690488,0.4366963062286623,0.0006495134906345
2022-01-27,2459607.2966468167,-1.5566754275680679,-2.0078238952814993,0.07331548825395542,0.22835471905572535,17.0,-0.6443183031728011,-0.018852213586619388,1.8129907040220123,222,39,0.1436407345456078,0.0001867087382267,0.241930039018837,8.539385843257826e-05,0.1737119064402755,7.936610586150427e-05,0.1784538550632889,8.31514162462743e-05,0.4738747652712363,0.0001547347968571,0.4738747652712363,0.0001547347968571,0.1015920690043847,5.4570829234121786e-05,0.1015920690043847,5.4570829234121786e-05,0.1877545810778044,4.5950670342127034e-05,0.1877545810778044,4.5950670342127034e-05,0.5172275291137788,0.0001575652810667,0.3725708561228094,0.0002020614112994,0.3268259655966637,0.0001104497138585,0.6465599691404896,0.0001842319452618,0.4360803550284618,0.0006450999205441
2022-01-29,2459609.316381431,-0.050746699602190644,-0.48947921504059055,0.07203548991564136,0.6504772126731875,18.0,-0.6463833431403512,-0.006793927706764351,1.792671764609918,215,38,0.1434555532758038,0.0001881061188832,0.2426951426390393,8.639529471735592e-05,0.1740696651327439,8.018440677496133e-05,0.1783994327728708,8.38698012609305e-05,0.4757329246041925,0.0001569523799249,0.4757329246041925,0.0001569523799249,0.1018421545711073,5.530681684066637e-05,0.1018421545711073,5.530681684066637e-05,0.1877314253607599,4.650585335126402e-05,0.1877314253607599,4.650585335126402e-05,0.5153055384910301,0.0001593832675138,0.3724831657357579,0.0002040817705542,0.322730429533996,0.0001109668117331,0.6497348139021749,0.0001911164962692,0.4370993120787179,0.0006507116443992
2022-01-30,2459610.309581779,-0.9098221737828506,-1.350634793826371,0.06376989452978928,0.5606909105358797,23.0,-0.6472480457069528,-0.010117164033490346,1.7574282105759411,250,47,0.1435329322188159,0.0001884321258967,0.2425621178156923,8.631884333742283e-05,0.1741461555781585,8.019878810463798e-05,0.1785157802934405,8.386902709444937e-05,0.475406817562814,0.0001570448444852,0.475406817562814,0.0001570448444852,0.101773216389472,5.533857533212709e-05,0.101773216389472,5.533857533212709e-05,0.1878241918838789,4.655067802397604e-05,0.1878241918838789,4.655067802397604e-05,0.5161062650076905,0.0001598442699275,0.3726254653355484,0.0002046098117985,0.3233621065555312,0.0001113610869307,0.6502838371734516,0.0001904377053325,0.4365840273363484,0.0006493246160411
2022-01-31,2459611.212577967,-0.6526703995013555,-1.1765857905439483,0.1554679147701547,0.4076834158699004,4.0,-0.6488231333945238,-0.11007881286247298,2.135835710236478,86,14,0.1437503076964663,0.0001906561054126,0.2421416142400625,8.533335897382952e-05,0.1740416762897305,7.935251335961878e-05,0.1786843797630843,8.316512402908737e-05,0.4745324734675475,0.0001552633574708,0.4745324734675475,0.0001552633574708,0.1017782967068018,5.478783242303718e-05,0.1017782967068018,5.478783242303718e-05,0.1880694509072004,4.611191857264973e-05,0.1880694509072004,4.611191857264973e-05,0.5168132149190992,0.0001583013560796,0.3725919874374865,0.0002032163449916,0.3260502133206202,0.0001108753585897,0.6475004274922387,0.0001851461782023,0.4362119952457768,0.0006432189486977
2022-02-02,2459613.3695239923,0.332635239972245,-0.071130757679023,0.3051444073084772,0.0,1.0,-0.649858070230401,0.0363073391402469,1.6089929716940687,130,10,0.1443870106061794,0.0001851754585744,0.2421994845433876,8.684092891776111e-05,0.173976202944064,8.074543600097676e-05,0.1787779968103599,8.453067977206205e-05,0.4738787860932783,0.0001574835719293,0.4738787860932783,0.0001574835719293,0.1016783620473143,5.5551199770293194e-05,0.1016783620473143,5.5551199770293194e-05,0.1879826095770191,4.677075991721954e-05,0.1879826095770191,4.677075991721954e-05,0.5172259470311179,0.0001603120460262,0.3726588631610384,0.000205075162159,0.3260049835538211,0.0001121069789701,0.6470302656093214,0.0001873111153805,0.4361400094561395,0.0006544652347668
2022-02-03,2459614.3072483796,0.8828937035627371,0.4416590982386063,0.06246175015846168,0.40576924134003933,24.0,-0.6507677874157712,-0.011400826244835386,1.7218301911224911,254,48,0.1447925030973713,0.0001882642665664,0.2423938052335212,8.663897258294392e-05,0.1739950303412318,8.05358440138149e-05,0.1787052686711228,8.437239976751216e-05,0.4744264636499568,0.0001575427530831,0.4744264636499568,0.0001575427530831,0.1016577572894584,5.5531145398595827e-05,0.1016577572894584,5.5531145398595827e-05,0.1879577224444079,4.6757048572600314e-05,0.1879577224444079,4.6757048572600314e-05,0.5167991440892522,0.0001604210067261,0.3725278639038334,0.0002055758801598,0.3260166004835859,0.0001123012863338,0.6472772940754808,0.0001878620786938,0.4354086256407329,0.0006517742247367
2022-02-04,2459615.3074098825,2.0812732961462683,1.6405093095999352,0.062445987557228466,0.511492498784203,24.0,-0.6515727951097929,-0.01090423579185503,1.7138164572250034,253,48,0.1451985185965398,0.0001886577531667,0.242228882029446,8.640555850830248e-05,0.1740750962196528,8.03928933896988e-05,0.1788650792239074,8.427161047999434e-05,0.4738935035310987,0.000157109833586,0.4738935035310987,0.000157109833586,0.1016625951503376,5.541892685580716e-05,0.1016625951503376,5.541892685580716e-05,0.188050684964567,4.667256486179328e-05,0.188050684964567,4.667256486179328e-05,0.5171627093244615,0.0001601692706375,0.3727189281091143,0.0002055018625831,0.327481092314436,0.0001124256416677,0.6447899503239373,0.0001853292802069,0.435069725561062,0.0006514508962003
2022-02-05,2459616.285840371,1.0207062359250314,0.5653567879528851,0.06958498057336036,0.5239080283655064,19.0,-0.652205158772693,-0.02562273960168744,1.6894931112486944,207,39,0.1449994795241803,0.000186450778837,0.2422796638244136,8.629638635597116e-05,0.1739639395392379,8.021392687710052e-05,0.1787508821881762,8.415460399366678e-05,0.4742900468682786,0.0001561771078968,0.4742900468682786,0.0001561771078968,0.1016755743588091,5.5075036216418465e-05,0.1016755743588091,5.5075036216418465e-05,0.1879895492304647,4.636833310262298e-05,0.1879895492304647,4.636833310262298e-05,0.5170364962445404,0.0001586177013369,0.3727063717295278,0.0002034634330701,0.3263960438179109,0.0001110650249878,0.6464120186265624,0.000186206861657,0.4358861871825484,0.0006525934081893
2022-02-06,2459617.305858118,1.6269346582945905,1.1855477106390595,0.06502748946231778,0.30398414440337257,22.0,-0.6531204112309285,-0.010810289676704493,1.7070396641720142,250,45,0.145150485123586,0.0001881307637828,0.2422969080648924,8.616348275436432e-05,0.1740056257291811,8.012479628318774e-05,0.1788076753551253,8.400761014108063e-05,0.4742755359494058,0.0001564009713102,0.4742755359494058,0.0001564009713102,0.1016229507316556,5.511667802838907e-05,0.1016229507316556,5.511667802838907e-05,0.1877011098809463,4.638737622942315e-05,0.1877011098809463,4.638737622942315e-05,0.5170511003100613,0.0001591729864899,0.3728225547311966,0.0002041941758277,0.3264580221600767,0.0001114911284854,0.6476492777448775,0.000186227725683,0.4360627505408902,0.0006510525484661
2022-02-07,2459618.270119552,0.5885404658735458,0.1245434862731998,0.07497696973462989,0.38731103585040816,16.0,-0.6536400288485275,-0.035267019769415736,1.6883012425919866,178,34,0.1453518433124239,0.0001844250368301,0.2424575367163287,8.552660612229142e-05,0.1740691860511111,7.954260133532888e-05,0.1788224407170593,8.341032831067935e-05,0.4748413692425631,0.0001546325391317,0.4748413692425631,0.0001546325391317,0.1019394437037375,5.455723094135997e-05,0.1019394437037375,5.455723094135997e-05,0.187688668504281,4.583532154031723e-05,0.187688668504281,4.583532154031723e-05,0.5163634668911619,0.0001564090968118,0.37277286914759,0.0002009883282909,0.3253523903623341,0.0001094102823614,0.6491530972131304,0.0001861382171024,0.435756986058593,0.0006460860312628
2022-02-08,2459619.30025461,0.5424766883848585,0.09752869714127257,0.0712671244913065,0.8182320888193482,18.0,-0.6545017309190659,-0.013788548887916058,1.6941043164199052,235,41,0.1452949628465974,0.0001863656639126,0.2422954770502222,8.615769318337906e-05,0.1739030305788234,8.008886106947298e-05,0.1787409200798138,8.404126225027815e-05,0.4740836787303226,0.0001556590798546,0.4740836787303226,0.0001556590798546,0.1017262856482088,5.4903322694574945e-05,0.1017262856482088,5.4903322694574945e-05,0.1876227201318457,4.616985276078436e-05,0.1876227201318457,4.616985276078436e-05,0.5167684932946363,0.000157659218422,0.3728136341217674,0.0002026582693855,0.326444101763142,0.0001105114318746,0.6463792704076653,0.0001857125813622,0.4364300450005303,0.0006538986822813
2022-02-09,2459620.3067712123,-0.042811902922342736,-0.48233538102070833,0.06258374788868926,0.3684239246603262,24.0,-0.6550961722853889,-0.009732687370024336,1.6552719919628975,253,48,0.1452128416893734,0.0001898855828636,0.2422918560143381,8.64469876764583e-05,0.1739490670021853,8.039896270999638e-05,0.1787691872281623,8.430472513576771e-05,0.4737478200868451,0.0001569863922956,0.4737478200868451,0.0001569863922956,0.1017539286275652,5.54282010094867e-05,0.1017539286275652,5.54282010094867e-05,0.1875629280797191,4.659275800469435e-05,0.1875629280797191,4.659275800469435e-05,0.5171993657475004,0.0001596898168483,0.3727396047226077,0.0002052631576492,0.3269223997937215,0.0001119568974196,0.6460025154288129,0.0001856670282413,0.4355826005191488,0.0006543882807798
2022-02-10,2459621.305368963,0.6686329672565002,0.22828736947209088,0.0656065115204969,0.5365961665788717,22.0,-0.65577232884749,-0.010189682895331923,1.6620947503422718,243,45,0.144661362010899,0.0001898274838581,0.2422249197441604,8.670643444442116e-05,0.174083412342699,8.072491433019007e-05,0.1786424365284458,8.452342576524805e-05,0.4745920758258116,0.0001579052270652,0.4745920758258116,0.0001579052270652,0.1018196583535731,5.573532986955e-05,0.1018196583535731,5.573532986955e-05,0.1873964481870856,4.681024090468864e-05,0.1873964481870856,4.681024090468864e-05,0.5166016658699515,0.0001607362244534,0.3727134384531774,0.0002061222907505,0.3255434919368598,0.0001124256879957,0.6494486660381317,0.0001890546997433,0.4363324616481357,0.0006569770045711
2022-02-11,2459622.3094199523,-0.20817212628712872,-0.6454080916050894,0.0632894427720813,0.4826613005969089,23.0,-0.65631995854838,-0.005931808347144243,1.632517872649439,243,46,0.1442695755737559,0.0001861931385081,0.2419786074919962,8.616756257027033e-05,0.1738575736765264,8.021725779568993e-05,0.178615362708142,8.406577865992604e-05,0.4744067609234788,0.0001565547101351,0.4744067609234788,0.0001565547101351,0.1017940085756159,5.5261668903857175e-05,0.1017940085756159,5.5261668903857175e-05,0.1873112618503308,4.640852396187211e-05,0.1873112618503308,4.640852396187211e-05,0.5166069233633214,0.0001589415552984,0.3725666600897305,0.0002037395098907,0.3254980045993184,0.0001111216078665,0.6497581844465037,0.0001878498536857,0.4360399731358793,0.0006532532982129
2022-02-12,2459623.305817767,-0.17589696547583297,-0.6149809933188196,0.06460639004312899,0.46551096988050106,22.0,-0.6569148806345887,-0.008423539432470921,1.6334689683229895,235,44,0.143720651513432,0.0001854766058456,0.2416685274006019,8.613699215966748e-05,0.1734275284314746,8.014389057318266e-05,0.1782894670496058,8.40532788382123e-05,0.4738357604071848,0.0001563630459548,0.4738357604071848,0.0001563630459548,0.1015868429562225,5.516157249104621e-05,0.1015868429562225,5.516157249104621e-05,0.1873193962268584,4.637243005077601e-05,0.1873193962268584,4.637243005077601e-05,0.5174320330842712,0.0001588185139722,0.3727455698450788,0.0002037176771517,0.3272788240219625,0.0001114089710347,0.6454214662451799,0.0001849625029207,0.4355366059586931,0.0006552822499426
2022-02-13,2459624.3030796163,-1.7968233226557782,-2.2375385158428616,0.0645699257194509,0.5977336919230156,22.0,-0.6574091600032909,-0.010172193199410345,1.6129332685302216,248,46,0.1435823926872005,0.0001855368847683,0.2416581353992178,8.624166030631847e-05,0.1735054309731706,8.02736772194391e-05,0.1782346845745294,8.418060961898355e-05,0.4737434037742657,0.0001563843839037,0.4737434037742657,0.0001563843839037,0.10155160338804,5.516612739453391e-05,0.10155160338804,5.516612739453391e-05,0.1873212116813882,4.639605914075988e-05,0.1873212116813882,4.639605914075988e-05,0.5172791988211112,0.0001588020864128,0.3725923752438315,0.0002036568054655,0.3270764919775444,0.0001113596023995,0.645804963997985,0.0001856542267251,0.4357645826597981,0.0006572382980167
2022-02-14,2459625.305824085,-1.2502131029844397,-1.6887523719458244,0.06258050159600262,0.28285495909512387,23.0,-0.6579381543776439,-0.008120748948939722,1.606265953094484,243,46,0.1435826081826675,0.0001830843509505,0.2417122511776792,8.578765267892448e-05,0.1735169826926297,7.986616635972089e-05,0.1783594175989803,8.377901219913455e-05,0.4740128774673673,0.0001553947007918,0.4740128774673673,0.0001553947007918,0.1017524037175072,5.484763012251605e-05,0.1017524037175072,5.484763012251605e-05,0.1874083015495278,4.608476195898029e-05,0.1874083015495278,4.608476195898029e-05,0.517385127075853,0.0001574273826915,0.3726379112392518,0.0002018391542232,0.3270438043490532,0.0001103510906948,0.6453925713425772,0.0001843704710569,0.4358004260264102,0.0006552176700195
2022-02-15,2459626.2781682746,-0.4884348150931309,-0.9436450444106518,0.07488387313968767,0.3636964180589881,16.0,-0.6582697061983372,-0.03345455970011127,1.587623667072521,183,34,0.143898795077754,0.0001824403902458,0.2420922796153918,8.558669187234765e-05,0.173550192726344,7.95469906159158e-05,0.1783818142748873,8.35118825855418e-05,0.474547222754135,0.0001549325309809,0.474547222754135,0.0001549325309809,0.1018539266363409,5.468276134089045e-05,0.1018539266363409,5.468276134089045e-05,0.1873851637847502,4.5914497824697584e-05,0.1873851637847502,4.5914497824697584e-05,0.5170646649835124,0.000156719688006,0.372617628748531,0.0002010221588343,0.3262871310848889,0.0001096776767148,0.6468179613438658,0.0001850308857331,0.4367280834593273,0.0006525879865881
2022-02-17,2459628.38411837,-0.5401112492870522,-0.9312103195909264,0.1381620911776695,0.5485452042365289,5.0,-0.6596107010405762,0.034673066998112546,1.574807535679202,110,13,0.1435563730463916,0.000187609588542,0.2417536379037529,8.805648081983411e-05,0.1734143450840892,8.187789080753986e-05,0.1781679550051245,8.571907559426306e-05,0.474353435958326,0.0001597753575058,0.474353435958326,0.0001597753575058,0.1016221366175,5.636581152473774e-05,0.1016221366175,5.636581152473774e-05,0.1870982288204547,4.733343803287101e-05,0.1870982288204547,4.733343803287101e-05,0.5169710431670215,0.0001619870329206,0.3726890750572823,0.0002077055272299,0.324891268739701,0.0001129796925859,0.6493269664239871,0.0001911610180519,0.4363698088336897,0.0006679229393776
2022-02-18,2459629.3080398887,-1.3707775526151595,-1.8072692930583012,0.06565916068153313,0.42235085917285103,21.0,-0.6597337087471968,-0.005608149229603258,1.5709757825817328,243,44,0.1431628780167301,0.0001823733457569,0.2417631898186,8.616512734602608e-05,0.1731900162186598,8.005713336908461e-05,0.1782882009114239,8.403410906164306e-05,0.4740498488652214,0.0001559888982994,0.4740498488652214,0.0001559888982994,0.1015812878504528,5.5016693784234194e-05,0.1015812878504528,5.5016693784234194e-05,0.1873423359538154,4.624971186314548e-05,0.1873423359538154,4.624971186314548e-05,0.5171860624240049,0.0001578780006457,0.372754049325757,0.0002027530902449,0.3262474642703885,0.0001104950162051,0.6459698893112261,0.0001850849994017,0.4355138213639772,0.0006548848684421
2022-02-19,2459630.306943743,-1.201374874859064,-1.637606728791249,0.06205877247198002,0.364496208111786,24.0,-0.6600726447686507,-0.004720647735312483,1.5513522168267524,252,48,0.1429104268933788,0.0001850198741516,0.2419600597036079,8.69775108286324e-05,0.1732210741324557,8.078131505634261e-05,0.1782992386790678,8.489345987783254e-05,0.4742905596169006,0.0001574970862583,0.4742905596169006,0.0001574970862583,0.1015869130097176,5.5546031565605096e-05,0.1015869130097176,5.5546031565605096e-05,0.187310140199774,4.668871610104806e-05,0.187310140199774,4.668871610104806e-05,0.5170567481990387,0.0001593062656002,0.3724614634707277,0.0002042724930538,0.3255389912272156,0.000111333080574,0.6491269476261333,0.0001889683172675,0.4360590329899895,0.0006631579026835
2022-02-20,2459631.224821155,-1.196036598323138,-1.6782476770467436,0.21189300226547794,0.14275854198573712,2.0,-0.6607323685072168,-0.0964622079965424,1.6996174827129924,60,8,0.1429984320416342,0.0001820052991924,0.2418658090158096,8.488433961902378e-05,0.1734738983195029,7.89627215306332e-05,0.178093778370683,8.282953840594123e-05,0.4742875402984966,0.0001539239346061,0.4742875402984966,0.0001539239346061,0.1015519726602932,5.425201337018849e-05,0.1015519726602932,5.425201337018849e-05,0.1873738876012387,4.5639050478361055e-05,0.1873738876012387,4.5639050478361055e-05,0.5167930673943233,0.0001557783704536,0.3725498110450549,0.0001999316725714,0.3258873217935882,0.0001090392360045,0.6483593618657383,0.0001840894777376,0.4366314292134944,0.0006484725377312
2022-02-21,2459632.2225623494,-0.683407535935388,-1.1691954381866128,0.1349679682430865,0.12875009846538926,5.0,-0.6611304532418487,-0.06246575492425392,1.7280123724099827,82,11,0.1428483366335744,0.0001851921919987,0.24203870063919,8.545854534458849e-05,0.1732831308192631,7.937427641297362e-05,0.1781247199852701,8.332645675400122e-05,0.4747085601648498,0.0001555463825038,0.4747085601648498,0.0001555463825038,0.1017218629879932,5.4880103797124754e-05,0.1017218629879932,5.4880103797124754e-05,0.1873341591954159,4.610524251692057e-05,0.1873341591954159,4.610524251692057e-05,0.5163683400357699,0.0001576574641657,0.3726822487266745,0.0002024020824832,0.324870406450904,0.0001101188957125,0.649066577081351,0.0001867427325133,0.43683237483729,0.0006507273126158
2022-02-22,2459633.292938987,-2.0058027832751706,-2.448710748716233,0.06939956655873614,0.4539045994053045,19.0,-0.661038863444797,-0.015299597382160472,1.5434497287419364,245,43,0.1432880042705142,0.0001832077388766,0.2419183510181236,8.650634917602117e-05,0.1735339430088977,8.048283753625772e-05,0.1784168354332097,8.440066806620136e-05,0.4742571355442449,0.0001573422609744,0.4742571355442449,0.0001573422609744,0.1016994203630837,5.5522757495503126e-05,0.1016994203630837,5.5522757495503126e-05,0.1873226627883455,4.664307310095904e-05,0.1873226627883455,4.664307310095904e-05,0.5169994252252884,0.0001595478344144,0.372710174037248,0.0002043827059279,0.3249941867393046,0.0001113635377424,0.6491020049617906,0.0001879078825165,0.435775237567117,0.0006569423999574
2022-02-24,2459635.401265588,-3.0257036083033095,-3.409502772392456,0.1828155892949959,0.15289354320575574,3.0,-0.6619735328539195,0.0246374655172398,1.5583887218335264,53,7,0.1428689039481201,0.0001932396879078,0.241781152037473,9.011377844911272e-05,0.1733160735186856,8.376072356843166e-05,0.1781889146440501,8.770552460791055e-05,0.4743698767401927,0.0001642634380395,0.4743698767401927,0.0001642634380395,0.1014295923813405,5.788304454950312e-05,0.1014295923813405,5.788304454950312e-05,0.1874408076460048,4.869760240754458e-05,0.1874408076460048,4.869760240754458e-05,0.5172374640311406,0.000166872462004,0.3728221780572602,0.0002140172271051,0.3259646269301128,0.0001166761558001,0.6470405290107946,0.0001939770166442,0.4360972807407473,0.0006850686347385
2022-02-25,2459636.3121152557,-2.118917225360228,-2.550758178104002,0.07681986470388426,0.4261786626363028,16.0,-0.6616074230761063,0.00038674160284991876,1.4858275557314093,225,39,0.1429172914254963,0.0001854056462041,0.2418603429283666,8.816228474475039e-05,0.1735540358105463,8.20365502625344e-05,0.1782207630691638,8.591137169931403e-05,0.4743385117230888,0.0001601536540904,0.4743385117230888,0.0001601536540904,0.1015365444425869,5.647432785068973e-05,0.1015365444425869,5.647432785068973e-05,0.1874230704657463,4.747810280810277e-05,0.1874230704657463,4.747810280810277e-05,0.5171514282195027,0.0001621022255789,0.3724922319575987,0.0002075939460308,0.3253982807227249,0.0001132358306673,0.646958120820768,0.0001904334340171,0.4356065377353499,0.0006724817938282
2022-02-26,2459637.304575668,-2.104786836975518,-2.540370206698109,0.06461075158713514,0.6643654985048919,23.0,-0.6617236121961003,-0.004627479068738103,1.486596857610018,254,47,0.1427680062440158,0.0001878387411583,0.241631823709584,8.829969121428079e-05,0.1734237983683823,8.220172726435405e-05,0.1781885573103371,8.617849635896844e-05,0.4743561189335256,0.0001609308664169,0.4743561189335256,0.0001609308664169,0.1015934973750101,5.675485201628203e-05,0.1015934973750101,5.675485201628203e-05,0.1876565268248065,4.774245569119562e-05,0.1876565268248065,4.774245569119562e-05,0.5173960432241301,0.0001630185865694,0.3726178166296688,0.0002090176331035,0.3258634898936404,0.0001139977615578,0.6477422274167736,0.0001908724839162,0.4356463797355209,0.0006746058532691
2022-03-01,2459640.304088633,-2.1662887242984445,-2.60141038429086,0.06425889214300862,0.4068561897308165,23.0,-0.6617554602554558,-0.004065601054831252,1.457984378094171,254,47,0.1433016762016625,0.000186999395174,0.2421747580417131,8.861045026503013e-05,0.1739043725432939,8.254704253349647e-05,0.1784323963739077,8.652496367390521e-05,0.4752988432687201,0.0001609523066865,0.4752988432687201,0.0001609523066865,0.1018533613582917,5.676698887744433e-05,0.1018533613582917,5.676698887744433e-05,0.1874479530987635,4.766086199026409e-05,0.1874479530987635,4.766086199026409e-05,0.5161815536557098,0.0001621583678906,0.3726042913318917,0.0002080864296633,0.3241177105291859,0.00011312394653,0.6510044458224616,0.00019479252796,0.4369818981504463,0.0006787919954685
2022-03-02,2459641.266327799,-0.3724521474533776,-0.824783107852339,0.09234260855096169,0.2900601350228613,11.0,-0.6615700669417325,-0.03583891504428674,1.4463564106777567,160,27,0.143527443339108,0.0001869942885651,0.2421111458941755,8.820313341275546e-05,0.1738803903149552,8.216710647003326e-05,0.1785162204175858,8.621729706296092e-05,0.4748731472747453,0.0001601657818457,0.4748731472747453,0.0001601657818457,0.1017956630369975,5.6500942690557266e-05,0.1017956630369975,5.6500942690557266e-05,0.187564854323234,4.7468904194180555e-05,0.187564854323234,4.7468904194180555e-05,0.5163697747353808,0.0001612889049578,0.3726189885438541,0.0002070631542363,0.3246844233865114,0.0001126432293497,0.6503220379415204,0.0001930495577009,0.4363653334786936,0.0006759853278415
2022-03-03,2459642.3455127687,0.6350374206083924,0.21936957995300146,0.10160320378152997,0.4093002597698539,9.0,-0.6611649614734466,0.02890477502765063,1.3284557448305208,132,22,0.1440627357277729,0.0001831091756952,0.2426214647155506,8.880288140719374e-05,0.173983666514647,8.263561622500657e-05,0.1783873421408218,8.659686799250922e-05,0.4748173981069117,0.0001606832912502,0.4748173981069117,0.0001606832912502,0.1019859376808461,5.675815354568863e-05,0.1019859376808461,5.675815354568863e-05,0.1874862011629026,4.762247517924956e-05,0.1874862011629026,4.762247517924956e-05,0.5159862651187859,0.0001613471359487,0.3726292134570899,0.0002066838693244,0.3232427365681418,0.0001123134817592,0.650301095772217,0.0001952805042015,0.436662257082571,0.0006806625210084
2022-03-04,2459643.21811707,1.4414640811873478,0.9619826234397918,0.12679945757048022,0.37648475096993317,6.0,-0.6618861802349728,-0.07755542320640506,1.626687837802934,95,15,0.1443522727769122,0.0001892407444864,0.2423763585221148,8.765692172598063e-05,0.1740609135002238,8.166656022013324e-05,0.1785513027906888,8.565733635944278e-05,0.4750249757412273,0.0001598633318766,0.4750249757412273,0.0001598633318766,0.1018902413279419,5.641698146442253e-05,0.1018902413279419,5.641698146442253e-05,0.1875471458602167,4.736766219735805e-05,0.1875471458602167,4.736766219735805e-05,0.5159997876348151,0.0001613514660709,0.3725309735299534,0.0002073358365389,0.3243700412961222,0.0001126432182081,0.6499815519634725,0.000192181854379,0.4365027564852379,0.0006705335316608
2022-03-05,2459644.2887144545,0.8070126794258717,0.36581679551922214,0.07029911363847348,0.530640729438012,19.0,-0.6610358164132348,-0.015298276830896854,1.4237388190205027,244,43,0.1450386812088257,0.0001865336048184,0.2423028891780936,8.800405921455026e-05,0.1739614795958765,8.19195573151484e-05,0.1785660791558536,8.582573093533427e-05,0.4745289418016359,0.0001598320609962,0.4745289418016359,0.0001598320609962,0.1018705900732542,5.6450836205401495e-05,0.1018705900732542,5.6450836205401495e-05,0.1876470003226454,4.7406113991173705e-05,0.1876470003226454,4.7406113991173705e-05,0.51665282693624,0.0001612908568484,0.3726742010399073,0.0002071947955897,0.3247459960872598,0.000112566263219,0.648217399372776,0.0001906582534244,0.4361409873094952,0.0006717349541224
2022-03-06,2459645.301142689,1.7622842828547283,1.3266985410278032,0.06551324321668672,0.47652790576020004,22.0,-0.6607545520592469,-0.005094544582450431,1.4112744169362004,243,46,0.1452924989223085,0.0001865908188448,0.24223528929613,8.861539511165351e-05,0.1738421442486678,8.24848195888535e-05,0.1786277738843672,8.652108804241238e-05,0.474405026645643,0.0001608117299499,0.474405026645643,0.0001608117299499,0.1017396149199533,5.676132646994424e-05,0.1017396149199533,5.676132646994424e-05,0.1874400305815594,4.766065730382114e-05,0.1874400305815594,4.766065730382114e-05,0.5168314391171975,0.0001621411645443,0.3727755158955711,0.0002081066140365,0.3252051654068994,0.0001132861362647,0.6474809979972196,0.00019137107829,0.4356059063504184,0.0006779135444277
2022-03-10,2459649.3041145313,-1.0999102381609607,-1.5335628520019473,0.0667625115678425,0.32464725625321716,21.0,-0.6591057453584221,-0.0025413503264559005,1.3765236494041275,249,45,0.1450837129634418,0.0001847362941389,0.2424599973659059,8.836408808029848e-05,0.1740648690543558,8.231562977457648e-05,0.1785545119863929,8.626328172153114e-05,0.4759538838560345,0.0001610939110604,0.4759538838560345,0.0001610939110604,0.1019440354466037,5.67999690203076e-05,0.1019440354466037,5.67999690203076e-05,0.1873909593331153,4.7646990174248656e-05,0.1873909593331153,4.7646990174248656e-05,0.5155698999467025,0.000161907336906,0.3727597738644934,0.000207635732562,0.3229038998207805,0.0001127496274701,0.6503495159151949,0.0001948016586784,0.4366917915431006,0.0006766140156169
2022-03-11,2459650.306557896,-0.8019502646408847,-1.234043854320509,0.06321671209843188,0.38497484508187585,24.0,-0.6585938908275778,-0.0010651115829584876,1.3687595811381588,254,48,0.144848675297063,0.0001871964724366,0.2419085452833471,8.887881317492015e-05,0.1736602055598883,8.277428992058822e-05,0.1784170832844559,8.685576487560783e-05,0.4740897661036072,0.0001622664988367,0.4740897661036072,0.0001622664988367,0.1016799032866841,5.7253247668212e-05,0.1016799032866841,5.7253247668212e-05,0.1876459607209102,4.8127745912075394e-05,0.1876459607209102,4.8127745912075394e-05,0.5171688270313413,0.0001638306443484,0.3727366873761439,0.0002102139052733,0.326247330999004,0.0001147328412686,0.6451524462746113,0.0001908082742482,0.4354815294887439,0.0006810639237074
2022-03-12,2459651.262002061,0.04101428919987682,-0.40971093481423093,0.09344252842135557,0.2638079841774204,11.0,-0.6583156250532758,-0.03328694684636867,1.435195707984265,172,27,0.1445045358111218,0.0001871642834969,0.2417305386614906,8.870269614610783e-05,0.1736717682309516,8.2683225101083e-05,0.1783932096513698,8.685277979160455e-05,0.4741018997452446,0.0001615464233052,0.4741018997452446,0.0001615464233052,0.1017087240455938,5.702691109703788e-05,0.1017087240455938,5.702691109703788e-05,0.1877038861150291,4.793283242575134e-05,0.1877038861150291,4.793283242575134e-05,0.5170318062698065,0.0001628869483711,0.3726767812477259,0.0002090938692333,0.3263085055319664,0.000114162339801,0.645842878158681,0.0001911113759418,0.4354148539876666,0.0006828873950391
2022-03-13,2459652.3055988317,-0.27415846499165797,-0.7063080639842632,0.06298871198413517,0.496319708977148,24.0,-0.6574563678810543,-6.67700059601382e-05,1.355287217026591,242,48,0.1442234624882933,0.0001863121651239,0.2419509171602241,8.898484776284496e-05,0.1735677865177241,8.28796256777588e-05,0.1781726393516439,8.69713930950965e-05,0.4745263991747587,0.0001621007681122,0.4745263991747587,0.0001621007681122,0.1017654389906385,5.719199823028389e-05,0.1017654389906385,5.719199823028389e-05,0.1877174679130796,4.805486116779668e-05,0.1877174679130796,4.805486116779668e-05,0.5167903684615464,0.0001631941985843,0.3726549763797351,0.0002093917427154,0.325692436753479,0.0001142272032692,0.648001405690793,0.000192970935563,0.4361082345986536,0.000685438790685
2022-03-14,2459653.273864461,-0.3298283745380428,-0.7767381008261943,0.11181936808425559,0.29644687398869074,8.0,-0.6573679989007193,-0.02911884820119981,1.481133984868579,131,19,0.1440002494082552,0.0001923448344681,0.2419189283307069,9.022758227214236e-05,0.1735920063719679,8.40474875780646e-05,0.178363149718775,8.826988804329785e-05,0.4747081522839405,0.0001648464017001,0.4747081522839405,0.0001648464017001,0.1018285170680248,5.818034429566295e-05,0.1018285170680248,5.818034429566295e-05,0.1875725545857102,4.884413862094211e-05,0.1875725545857102,4.884413862094211e-05,0.516804954852037,0.0001662067109628,0.3728463159564887,0.0002134931867414,0.3251273606945418,0.0001162448799276,0.6490850268528665,0.0001968214112207,0.4366215388075765,0.0006950646979193
2022-03-15,2459654.2573484806,-0.43990982913327564,-0.8919359947533833,0.08871034475494849,0.4338309736929224,12.0,-0.6563286682613881,-0.040757476614051345,1.3801778920599899,215,30,0.1438185299671723,0.0001852178098369,0.2417550680269464,8.860421331739155e-05,0.173925067516585,8.271547024362736e-05,0.1783840105982896,8.678716234015615e-05,0.4744479769097051,0.0001613836683084,0.4744479769097051,0.0001613836683084,0.1017578497342088,5.69674691156699e-05,0.1017578497342088,5.69674691156699e-05,0.1875119269082489,4.7843927327438406e-05,0.1875119269082489,4.7843927327438406e-05,0.5164851902064727,0.0001621400103757,0.372527946985438,0.0002079897361098,0.3250435119024777,0.0001134007574085,0.6504782606557249,0.0001940487146029,0.435802443948745,0.0006845472249705
2022-03-16,2459655.3018115577,-3.0171504300268115,-3.4507387377001124,0.066754513537032,0.4070678962691381,22.0,-0.6555059691592836,-0.0019957027888908904,1.3389246309661935,248,46,0.1435145221724978,0.0001896999526922,0.2418612590720044,8.951828357038337e-05,0.1738223792651646,8.349604340877689e-05,0.1783155913244573,8.757072219836764e-05,0.4747187462202442,0.0001637543425627,0.4747187462202442,0.0001637543425627,0.1017904765711648,5.780169379387857e-05,0.1017904765711648,5.780169379387857e-05,0.1874335371198021,4.8523316046761965e-05,0.1874335371198021,4.8523316046761965e-05,0.5163362774984712,0.0001649720021572,0.3726220143862154,0.0002119869610392,0.3248723263629107,0.0001152948385933,0.6499269791972005,0.0001960121470892,0.4363029520510075,0.0006898189091648
2022-03-17,2459656.3050824176,-1.882620875470657,-2.3149377258199686,0.07314705221478494,0.2866908766264238,18.0,-0.6549200761027458,-0.0006520511870355899,1.3622918949614526,244,38,0.143062483348228,0.0001868693787341,0.2415732754064407,8.888041651022943e-05,0.1734481752244907,8.282892161491394e-05,0.1783531806054182,8.69885004009315e-05,0.4743403412972298,0.0001624657264643,0.4743403412972298,0.0001624657264643,0.1015370921206202,5.727384992140385e-05,0.1015370921206202,5.727384992140385e-05,0.1874285819275859,4.813911995265601e-05,0.1874285819275859,4.813911995265601e-05,0.5171196086170277,0.000163615048822,0.3728258831801055,0.000210200176845,0.3258311878770094,0.0001145307816442,0.6465794777568977,0.0001922173825421,0.4356997917536636,0.0006847581929886
2022-03-18,2459657.3039184962,-3.127051274165208,-3.5593761921579627,0.06518121733504013,0.5813928138813791,23.0,-0.6540288781997587,-0.0001882595632217064,1.3232186102498997,254,47,0.1428960831614277,0.0001879946235653,0.2417479314343708,9.005134106194695e-05,0.1735750903302356,8.395574693847242e-05,0.1782708376845129,8.811648377973632e-05,0.4746717585874416,0.0001645278668571,0.4746717585874416,0.0001645278668571,0.1016276674966883,5.801728971687513e-05,0.1016276674966883,5.801728971687513e-05,0.1873022656874677,4.871737209579916e-05,0.1873022656874677,4.871737209579916e-05,0.5168792461854446,0.0001654241202563,0.3726472151523481,0.0002122343740806,0.3256567951213712,0.0001157893070655,0.6484779720406038,0.0001957507587004,0.4358172134979174,0.0006953283022782
2022-03-20,2459659.2259568637,-1.814851566402645,-2.2782176905812666,0.11805663632359281,0.30338846838510325,7.0,-0.6530042327718363,-0.0619870394760938,1.423373197343971,83,15,0.1422544082877022,0.0001880792164471,0.2422705705599628,8.938446964415276e-05,0.1737715435334968,8.322088376065083e-05,0.1782433604587165,8.730304082839371e-05,0.476191975695902,0.0001640238401568,0.476191975695902,0.0001640238401568,0.1018787524586905,5.781440717754645e-05,0.1018787524586905,5.781440717754645e-05,0.1870456724155834,4.846152691566936e-05,0.1870456724155834,4.846152691566936e-05,0.5151191363974654,0.0001647588788474,0.3721556931382091,0.0002111141846594,0.3216452105957985,0.000114568567702,0.6506787853102235,0.0001992679430393,0.4374057721020362,0.0006886200735331
2022-03-21,2459660.2850914598,-2.8514443275278607,-3.2909162747536334,0.07072929361696888,0.47122379163205225,19.0,-0.651586031111815,-0.017157512894124583,1.2909723828044897,251,44,0.1424853002037593,0.000184344124859,0.2416466943723452,8.892261684711047e-05,0.1733636153483548,8.275188928324303e-05,0.1781179709007294,8.680918968602917e-05,0.4748505391540001,0.0001627473584733,0.4748505391540001,0.0001627473584733,0.1017571504389949,5.7404643871377725e-05,0.1017571504389949,5.7404643871377725e-05,0.1874054479672124,4.819528507718864e-05,0.1874054479672124,4.819528507718864e-05,0.5165091998713899,0.0001640415949778,0.3724858443660874,0.000210185216977,0.3241352408141723,0.0001144377161477,0.6496103137858918,0.000194646741182,0.4361445351159221,0.0006838498739372
2022-03-22,2459661.2822384285,-2.9758522112002876,-3.415805708307953,0.07465831499654679,0.5047634815146101,17.0,-0.6508320141003578,-0.015570770519667794,1.3042754916360964,214,39,0.1424872955613684,0.000183795255945,0.2416461935461721,8.89290323049454e-05,0.1736698329590511,8.296192254079634e-05,0.1782708115661935,8.702223767029925e-05,0.4747052392235479,0.0001625060467081,0.4747052392235479,0.0001625060467081,0.1017376754068463,5.732182582771377e-05,0.1017376754068463,5.732182582771377e-05,0.1874136105955718,4.812101912832413e-05,0.1874136105955718,4.812101912832413e-05,0.5170881758524507,0.000163255294757,0.3725437299359835,0.0002093566441377,0.3252922673474275,0.0001141627566127,0.6481844386394525,0.0001931785726629,0.4363345273655567,0.0006881641032822
2022-03-23,2459662.3065602863,-1.7653712191935955,-2.1965055123384745,0.06519944530921311,0.3225100541521552,22.0,-0.649909847292772,0.0014566732466295797,1.2933781965568036,253,46,0.14284131712991,0.0001822638750164,0.2417107615159477,8.842614841977141e-05,0.1735747355909868,8.246197656205215e-05,0.1783485750018572,8.658470352060384e-05,0.4743728424932099,0.0001614664753823,0.4743728424932099,0.0001614664753823,0.1016730637680093,5.696451334058607e-05,0.1016730637680093,5.696451334058607e-05,0.187611653521275,4.78740371161127e-05,0.187611653521275,4.78740371161127e-05,0.5171904609750387,0.0001621979064656,0.3726160895700312,0.0002080593998305,0.3259558193705856,0.0001135720517947,0.6464846061011531,0.0001910863107459,0.4354451588783647,0.0006843773456566
2022-03-24,2459663.304181208,-1.1579345955234004,-1.5895209561174166,0.06531647746935815,0.4774503611136552,22.0,-0.6490192300785411,0.00047460786589730714,1.289175368828946,251,46,0.1434425583515283,0.0001835251583169,0.241838210473698,8.845987199324515e-05,0.1739211840263916,8.259328579744517e-05,0.1783850197138295,8.667151588984022e-05,0.474498136390544,0.0001615499657908,0.474498136390544,0.0001615499657908,0.1018249235004544,5.702612274276252e-05,0.1018249235004544,5.702612274276252e-05,0.1875265801106729,4.786367211456704e-05,0.1875265801106729,4.786367211456704e-05,0.5167652203701845,0.0001620410501473,0.3726534150596566,0.0002080617640579,0.3256040103756728,0.0001134258628326,0.6488358068330702,0.0001925924326622,0.4363511326509802,0.0006868552268842
2022-03-30,2459669.252268892,0.696063081159813,0.24729829266204723,0.08685418937818408,0.22905074675700798,12.0,-0.6430797277236435,-0.047196638191204544,1.2720159451288702,185,30,0.1473591827143416,0.0001817040408138,0.2430512186812307,8.681930448713675e-05,0.1747710336276516,8.089920904497926e-05,0.1790361139168859,8.473844962655951e-05,0.4758198753856061,0.0001587068088331,0.4758198753856061,0.0001587068088331,0.1027072545084376,5.619193080914239e-05,0.1027072545084376,5.619193080914239e-05,0.187624587418047,4.697342311274789e-05,0.187624587418047,4.697342311274789e-05,0.5149804707079947,0.0001589694074404,0.3729722516256951,0.0002043909671753,0.3222906356809514,0.0001106442229778,0.65181999630286,0.0001919367116063,0.4374891400884257,0.000669861110377
2022-03-31,2459670.2435516156,1.2174835733401046,0.7667205909138379,0.1129449874111022,0.20116560047470047,7.0,-0.641995045668759,-0.05295356757987683,1.2707440734713553,98,17,0.1472274375496071,0.0001799197752424,0.2432144164748342,8.64087755572639e-05,0.1746282497434337,8.041461538197283e-05,0.1790054209584579,8.432753712023686e-05,0.4761918157999372,0.0001577514399665,0.4761918157999372,0.0001577514399665,0.102781076269531,5.584472850743866e-05,0.102781076269531,5.584472850743866e-05,0.1876745906139174,4.667472682947377e-05,0.1876745906139174,4.667472682947377e-05,0.515008959341996,0.0001578476965424,0.3729624551887704,0.0002027043024229,0.3220087297108873,0.0001097969566866,0.6504811767704487,0.0001910058295907,0.4365804769048114,0.0006666429445089
2022-04-01,2459671.3088228973,2.4255982873499375,1.9957167173116865,0.06409144458725273,0.689090205633258,22.0,-0.6404909556980097,0.0021032566167348858,1.2371229757596849,245,46,0.1467303009337898,0.0001807609348512,0.2432532996219216,8.737635933259562e-05,0.174353156302546,8.1310321464562e-05,0.1789198480148428,8.533965715470399e-05,0.4753853771437361,0.0001594340496619,0.4753853771437361,0.0001594340496619,0.1027514618991699,5.651979934174948e-05,0.1027514618991699,5.651979934174948e-05,0.1875894289622031,4.7225300746990635e-05,0.1875894289622031,4.7225300746990635e-05,0.5151603685185954,0.0001593939808854,0.3729267176742987,0.0002045677274798,0.3225535028759779,0.0001110096955524,0.6522888053630359,0.0001933376614888,0.436607568027766,0.0006766217155579
2022-04-02,2459672.3028178937,2.0809645235339826,1.6492031304188501,0.06354836523040662,0.4318097064373058,22.0,-0.6393398659830916,0.0006539541094000119,1.2421909138469465,251,46,0.1462987222424138,0.0001787314078904,0.2431542144503757,8.660804972269479e-05,0.1743663373176404,8.065403005444063e-05,0.1788474695062538,8.459894084863504e-05,0.4759394696395402,0.0001582295505974,0.4759394696395402,0.0001582295505974,0.1024797128484845,5.595687268407719e-05,0.1024797128484845,5.595687268407719e-05,0.1874398926381881,4.679932257368445e-05,0.1874398926381881,4.679932257368445e-05,0.5149367128085296,0.0001579322746849,0.3730365943833996,0.0002028697223644,0.3225310495090659,0.0001100322045446,0.6526060234959645,0.0001917600344088,0.4364311713203039,0.0006706753441912
2022-04-03,2459673.327129323,1.45565995190762,1.0324178362438152,0.09067746679194343,0.3078035123660823,11.0,-0.6379413015746299,0.00710067772277169,1.2186383237545884,202,28,0.1455213252265279,0.0001797975294257,0.2427887825283757,8.724935882369895e-05,0.1738276993526072,8.116668271553969e-05,0.1786084772081188,8.528867270157365e-05,0.4749109348088742,0.0001593555926963,0.4749109348088742,0.0001593555926963,0.1021220095089489,5.632891776833888e-05,0.1021220095089489,5.632891776833888e-05,0.1875294636759668,4.7204034286544216e-05,0.1875294636759668,4.7204034286544216e-05,0.516046243475726,0.0001592621823338,0.3729121720742885,0.0002046381089719,0.3243412773198656,0.0001112584693819,0.6509014524130142,0.0001913792504661,0.4363535372769788,0.0006771084488916
2022-04-04,2459674.3152413545,-0.24100311129522028,-0.6702576063517378,0.09365836718081214,0.5636384761497306,11.0,-0.6369435633668732,0.003680601027183318,1.2661114217501117,190,29,0.1453423192080451,0.0001858876135644,0.2428656837955181,8.913746972254386e-05,0.173884045764923,8.289476331150441e-05,0.178356574649119,8.685847267507272e-05,0.4763300336308441,0.000163612985796,0.4763300336308441,0.000163612985796,0.102204064002148,5.7769763371574864e-05,0.102204064002148,5.7769763371574864e-05,0.1870896742475345,4.833454447681615e-05,0.1870896742475345,4.833454447681615e-05,0.5151687801651036,0.0001637321428668,0.3728037351611951,0.0002101721111924,0.3214011460205873,0.0001137529082261,0.6522896121681394,0.0001983337643493,0.4368989441660521,0.000688660927824
2022-04-06,2459676.3080829084,-0.717704169950076,-1.148012323619042,0.06526978898525655,0.6026126911266217,22.0,-0.6341570321087602,0.0021612867759246133,1.2201055026545762,250,46,0.1452165973869355,0.0001834798234156,0.2424124192112164,8.86002861079158e-05,0.1735845220969101,8.244388691354105e-05,0.1782685531841084,8.655931979639117e-05,0.4747162963106721,0.0001620390661939,0.4747162963106721,0.0001620390661939,0.101823395265831,5.722669360122621e-05,0.101823395265831,5.722669360122621e-05,0.1871826266749935,4.797171445531611e-05,0.1871826266749935,4.797171445531611e-05,0.5162587212778055,0.0001620950276512,0.3727641525642767,0.0002082600348022,0.3240413059187031,0.0001132367362598,0.6510663970668472,0.0001941970208026,0.4361604276342409,0.0006885427876348
2022-04-07,2459677.299135796,-0.2846129921371624,-0.717749718960735,0.06758933057708756,0.31686300462311695,20.0,-0.6328599642162602,-0.0018096858636926206,1.2181395678291473,240,44,0.1452690533825716,0.0001813501794253,0.2421500219634289,8.763247496269482e-05,0.1735285963457642,8.163385473710487e-05,0.178276940991772,8.585147871920947e-05,0.473904144113098,0.0001601827035695,0.473904144113098,0.0001601827035695,0.1018633841267707,5.661899962201913e-05,0.1018633841267707,5.661899962201913e-05,0.1873964996338717,4.74840599172865e-05,0.1873964996338717,4.74840599172865e-05,0.5160129527450316,0.0001601627743418,0.3729313089547713,0.0002059801898958,0.3267179137911098,0.0001124710353482,0.6475519811457864,0.0001902271850533,0.435464962737865,0.0006846183507597
2022-04-08,2459678.2954880344,0.27214879858085733,-0.1619242940704701,0.069111405264259,0.4004799632164827,19.0,-0.6314759016751195,-0.004995413660295266,1.2067260435226246,241,42,0.144869242056308,0.0001806143222189,0.2420383683042083,8.723530594362558e-05,0.1733367006844984,8.123766228149308e-05,0.1781209751889622,8.545890492647907e-05,0.4741599089002675,0.0001596851460784,0.4741599089002675,0.0001596851460784,0.1017195608923316,5.6355857343198346e-05,0.1017195608923316,5.6355857343198346e-05,0.1873446040238983,4.7299285814555e-05,0.1873446040238983,4.7299285814555e-05,0.5167946865188251,0.0001596126352739,0.3728416523800336,0.0002053836060825,0.3264252291626163,0.0001120430468941,0.647747624287434,0.0001893543579982,0.4362778268892284,0.0006835687899507
2022-04-09,2459679.2391925678,-0.10211485471469006,-0.5526370809764471,0.10147554000669512,0.11697222340322042,9.0,-0.6305669562426609,-0.057666934512367124,1.2474341622727578,138,21,0.1443949980228076,0.0001821413579071,0.2419509668027556,8.782776101414749e-05,0.1733583040788715,8.183601978432219e-05,0.1781772038159331,8.609700949538579e-05,0.4741568314474328,0.0001608088309611,0.4741568314474328,0.0001608088309611,0.101682769708304,5.67655205199341e-05,0.101682769708304,5.67655205199341e-05,0.1872036398571468,4.762333875525932e-05,0.1872036398571468,4.762333875525932e-05,0.516837932091729,0.0001607748770227,0.3726372091740555,0.0002067585091821,0.3261555445108142,0.0001128366614508,0.6484447027384925,0.0001914572759142,0.4361492202787143,0.0006879389465999
2022-04-10,2459680.2531568604,0.2885287047366931,-0.1573691788746664,0.08326649863850466,0.34098189526726186,13.0,-0.6289088353913195,-0.03375557470810045,1.2033019316127551,191,31,0.1438578435653287,0.0001781665665749,0.241884018169202,8.719174408696297e-05,0.1733116093603527,8.12110613874922e-05,0.1779432660920077,8.52723684906181e-05,0.4742523273113617,0.0001597687515854,0.4742523273113617,0.0001597687515854,0.1016466457405047,5.6385368317528105e-05,0.1016466457405047,5.6385368317528105e-05,0.1871566800331376,4.730830832326864e-05,0.1871566800331376,4.730830832326864e-05,0.5163009618174156,0.0001594321208846,0.3727556373928576,0.000205056224099,0.325277198542285,0.0001117615134074,0.649913835056257,0.0001912017446882,0.4362419191077571,0.0006805490848378
2022-04-11,2459681.301154527,-0.7786967360269125,-1.2109748653762562,0.06374177204563579,0.7744565977970708,22.0,-0.6273098327149715,-0.0002802811065230091,1.200205461992098,253,46,0.1436775941631937,0.0001766962349124,0.2422591454851128,8.706465888162453e-05,0.1734802917393808,8.104522671338675e-05,0.1779751795849652,8.504609243674005e-05,0.4757359331740848,0.0001597299493532,0.4757359331740848,0.0001597299493532,0.1017780380759928,5.629717875603224e-05,0.1017780380759928,5.629717875603224e-05,0.1871414736330064,4.720723836775064e-05,0.1871414736330064,4.720723836775064e-05,0.515674902722087,0.0001590402874074,0.3725893822506747,0.0002041107434292,0.3230254340674271,0.000110963819657,0.6513339906124862,0.0001927676976283,0.4368128616670979,0.0006786227882895
2022-04-13,2459683.3024901347,-1.096785252727747,-1.528567215682454,0.06394023644570324,0.44752569716238766,22.0,-0.6244782787543032,0.00038053740960241884,1.192288927688361,241,45,0.1432453296525144,0.0001775156494528,0.2415702790510828,8.667996201591172e-05,0.1731454027954884,8.072328828850642e-05,0.1778905222442497,8.493455165245234e-05,0.4742923809492222,0.0001592539912559,0.4742923809492222,0.0001592539912559,0.1015124547915694,5.614562067193978e-05,0.1015124547915694,5.614562067193978e-05,0.1874600209395744,4.7176464142633694e-05,0.1874600209395744,4.7176464142633694e-05,0.5173500000854523,0.0001591766103154,0.3726577465804177,0.0002046400948858,0.3269278785614304,0.0001118080967435,0.6450966671417657,0.000187524367926,0.4359682538803246,0.0006798703826084
2022-04-14,2459684.3120885836,-0.7873438804891022,-1.216573960632504,0.06256833545484185,0.2752999192760585,23.0,-0.6229544763996459,0.0052259945925532845,1.177217491302721,251,47,0.1431192955412656,0.0001773392728878,0.2417422497455351,8.727622841322962e-05,0.1733451600855019,8.136698464722424e-05,0.177705846223095,8.542407763257012e-05,0.4745803211485861,0.0001600861617359,0.4745803211485861,0.0001600861617359,0.1016747242326657,5.647688474518598e-05,0.1016747242326657,5.647688474518598e-05,0.187441404561904,4.742105241654443e-05,0.187441404561904,4.742105241654443e-05,0.5165566652207483,0.0001595214365024,0.3727185608947346,0.0002050763866724,0.325313504243373,0.0001117948301968,0.6497814347383739,0.0001913698949805,0.4362679448122039,0.0006858266548749
2022-04-16,2459686.345734517,-2.469512976174022,-2.890272608932717,0.08589219705045553,0.26179044185913936,12.0,-0.6198276680946729,0.013715976988955991,1.1460358791352947,195,31,0.1432646491115076,0.0001751983297326,0.2419881126161372,8.687640101432377e-05,0.1736167677342117,8.100334705718114e-05,0.1780067011433394,8.499487938082251e-05,0.4752208554035895,0.0001592269250559,0.4752208554035895,0.0001592269250559,0.1019268837531242,5.6191079790755937e-05,0.1019268837531242,5.6191079790755937e-05,0.1874371689354353,4.7110683068407976e-05,0.1874371689354353,4.7110683068407976e-05,0.5162096982353533,0.0001581274909045,0.3726195714038867,0.0002031827490011,0.3243924273302324,0.0001106604525232,0.6497285982925137,0.0001912560200515,0.4362337702077399,0.0006820942112943
2022-04-17,2459687.305713449,-1.8401775024588314,-2.2714130626175804,0.06326753103563008,0.43687806281887254,24.0,-0.6188014301974757,0.0018034467107589658,1.1746742563162587,253,48,0.1439510748677719,0.0001849249849343,0.2418977113954016,8.957533780454677e-05,0.1738353499287218,8.361354613408419e-05,0.1785671635663944,8.790253633991837e-05,0.474030413664227,0.0001644967764476,0.474030413664227,0.0001644967764476,0.101959984151821,5.814615274999512e-05,0.101959984151821,5.814615274999512e-05,0.1879335881458095,4.8813444048389233e-05,0.1879335881458095,4.8813444048389233e-05,0.5171188186024199,0.0001639469684171,0.3726343866339495,0.0002110250135644,0.3264284029847946,0.0001151489066428,0.6462323989667307,0.0001937127042232,0.4348125005869612,0.0007019755702938
2022-04-18,2459688.293932582,-1.2126782757384245,-1.6472410998520717,0.07741414925169267,0.31050959055308675,16.0,-0.6174473214403733,-0.0019128429100281437,1.167690516396824,230,37,0.1447806282910432,0.0001851174370754,0.242316360137607,9.002722888357756e-05,0.1740501644649223,8.395118735427077e-05,0.1786464681418972,8.827241396295153e-05,0.4748970955999801,0.0001650905208613,0.4748970955999801,0.0001650905208613,0.102216164543045,5.837943602583161e-05,0.102216164543045,5.837943602583161e-05,0.1878281539205548,4.892748976253385e-05,0.1878281539205548,4.892748976253385e-05,0.5163870835599849,0.0001641267610145,0.372691263262749,0.0002110755695834,0.3247957211633009,0.0001149653927956,0.6482934610865017,0.0001971207267466,0.4359412676209716,0.0007069831082086
2022-04-20,2459690.3013635445,2.0193135068325905,1.586940523244904,0.06487912529792624,0.5721286011191931,22.0,-0.6146771093015704,-0.0004872866250261397,1.164853973017221,250,46,0.1462669184458986,0.0001819769500486,0.2429030798470342,8.839387222730903e-05,0.1745043531943843,8.242027972898608e-05,0.1789960162988026,8.658857973341539e-05,0.4752341780727638,0.0001622817506452,0.4752341780727638,0.0001622817506452,0.1022822824197634,5.7375665532052305e-05,0.1022822824197634,5.7375665532052305e-05,0.187672173942799,4.805076887901125e-05,0.187672173942799,4.805076887901125e-05,0.515984857340031,0.000161324752753,0.3729932593246206,0.000207562264748,0.3243116657737385,0.00011290959557,0.6504250248918187,0.0001944416866404,0.4367453004243919,0.0006931850793612
2022-04-21,2459691.29659481,3.467415212271877,3.0337803060706667,0.06672711777145918,0.3690155845647616,21.0,-0.6133367644075828,-0.0029720476895087203,1.1609050408722033,250,45,0.1468512571204197,0.0001833052530187,0.2431096821521217,8.87763055169045e-05,0.1746127543629853,8.275624944980721e-05,0.1791709101103861,8.693596355758247e-05,0.4749483399300073,0.0001628711380361,0.4749483399300073,0.0001628711380361,0.1021510165108023,5.757288896002865e-05,0.1021510165108023,5.757288896002865e-05,0.1875205026512852,4.8224930024270694e-05,0.1875205026512852,4.8224930024270694e-05,0.5157923483936527,0.0001619017307791,0.3730561274746287,0.0002084779695269,0.324037188251492,0.0001132807042135,0.6511621706741568,0.0001952961530936,0.4356592915820327,0.0006938154758345
2022-04-22,2459692.2804309228,4.377141207685997,3.93939979674849,0.08168613180820786,0.5660678527744716,14.0,-0.6120556257766504,-0.0050618035681677725,1.155868155636681,239,36,0.1474103871619072,0.0001831910739941,0.2432194109478268,8.852496616011488e-05,0.1745122942351913,8.24546197300304e-05,0.1791429706662622,8.65846054057572e-05,0.4750301786727855,0.0001627751817098,0.4750301786727855,0.0001627751817098,0.1022084295904155,5.7556070691111414e-05,0.1022084295904155,5.7556070691111414e-05,0.1874261086441562,4.81818414067203e-05,0.1874261086441562,4.81818414067203e-05,0.5155080512363492,0.0001619755330181,0.3731487342487792,0.0002085810681232,0.3235414746636385,0.0001132033684508,0.6510140415076138,0.000195162551186,0.4355018024286374,0.0006894813305593
2022-04-23,2459693.31975407,2.6627488985620023,2.2350471945534203,0.06869365890047878,0.3321604489847441,20.0,-0.6104183024721673,0.004403839002684045,1.140524776823839,249,44,0.1480434894216019,0.0001841910696743,0.2433618650824227,8.921287362000282e-05,0.1746819811750215,8.307990931807743e-05,0.1791449994507496,8.711537522676224e-05,0.4751995123489095,0.0001636771105341,0.4751995123489095,0.0001636771105341,0.1023286820903306,5.790980763866188e-05,0.1023286820903306,5.790980763866188e-05,0.1874780282663876,4.845409650340896e-05,0.1874780282663876,4.845409650340896e-05,0.5155635385824261,0.0001629692541312,0.3729817275191864,0.0002097119705938,0.3233799178610816,0.0001138572057326,0.6503726867452203,0.0001961783056642,0.4361325625691947,0.000695436462017
2022-04-24,2459694.26530926,1.058448713625391,0.6174577935588347,0.08121758099424228,0.5537470483892346,15.0,-0.6094335383755877,-0.012484587128116786,1.1490081701430312,212,35,0.1479350199056243,0.0001921654701534,0.2429133908981242,9.063744634750016e-05,0.1744515644904216,8.445342482951967e-05,0.1790754341933924,8.867015199456979e-05,0.4743106449403999,0.0001671336444526,0.4743106449403999,0.0001671336444526,0.1021087770377402,5.911243338511648e-05,0.1021087770377402,5.911243338511648e-05,0.1876854666600327,4.9549625924213064e-05,0.1876854666600327,4.9549625924213064e-05,0.5164537040655183,0.0001668502102635,0.3730046118124983,0.0002154616040795,0.3258726493282781,0.0001171386975925,0.6458911935102436,0.0001954450561527,0.4350287575929263,0.0007067465220439
2022-04-25,2459695.2987470967,-0.042856389625940655,-0.4757717899109109,0.08319488292414444,0.4508162043543219,15.0,-0.6079127303373054,-0.0037518793411258273,1.144274180131426,236,38,0.147794875954881,0.00019421841683,0.2427793588865804,9.249783854273966e-05,0.1744926269064985,8.630104813569436e-05,0.1788763257628404,9.056378320101926e-05,0.4742461878212416,0.0001702987689676,0.4742461878212416,0.0001702987689676,0.1021635778805023,6.0253078235036864e-05,0.1021635778805023,6.0253078235036864e-05,0.1876148625168285,5.0471339604795205e-05,0.1876148625168285,5.0471339604795205e-05,0.5163446530367364,0.0001695202955503,0.3733230280950599,0.0002186749792279,0.3258497404332987,0.0001190498511659,0.6464833234500312,0.0002001203186025,0.4358438188690761,0.0007254532629334
2022-04-27,2459697.3078793017,-0.026806871185241693,-0.4578827771115022,0.06598287016521522,0.43043001843639694,22.0,-0.6052198839411612,0.001408291148013373,1.1512326328636187,250,46,0.1473300468166881,0.000185761870402,0.2428715115113363,8.956971141938355e-05,0.1742996179281262,8.348250346138391e-05,0.1787095494573255,8.758478987352101e-05,0.4748445999522438,0.0001647627872079,0.4748445999522438,0.0001647627872079,0.1023346835873145,5.8310852803685426e-05,0.1023346835873145,5.8310852803685426e-05,0.187453921123494,4.878279772751115e-05,0.187453921123494,4.878279772751115e-05,0.5153576734746145,0.0001637155444087,0.3731205773686746,0.0002107936974316,0.3250398705301684,0.0001147627664641,0.6498466136561051,0.0001958391087463,0.4359969694036787,0.0007030741168199
2022-04-28,2459698.306826901,0.9029561537278498,0.4716462893950377,0.06755419235779776,0.28097469957304944,21.0,-0.6038574893207478,0.0010221983791984814,1.1418186856860504,242,44,0.1466518237108914,0.0001849438322236,0.2423441591728491,8.943999816870539e-05,0.1739046228577858,8.330021757912475e-05,0.1785263560092191,8.751663152432034e-05,0.4743836815636056,0.000164689604935,0.4743836815636056,0.000164689604935,0.1020530165044363,5.8231612572846735e-05,0.1020530165044363,5.8231612572846735e-05,0.1874362883500574,4.877388609277357e-05,0.1874362883500574,4.877388609277357e-05,0.5165612829899349,0.0001637900082248,0.3728343128514035,0.0002109072768613,0.3259788610996684,0.0001150126235044,0.6459773207121766,0.0001932158142682,0.4359867394584562,0.0007031129126583
2022-04-29,2459699.306855916,1.0566668454414474,0.6251716771721701,0.06619905019295681,0.4144739349566108,22.0,-0.6025568367753743,0.0004863232576840685,1.145457344259648,253,46,0.1457437006346947,0.0001852616115018,0.2421320893394379,8.942662329571674e-05,0.1736480849322136,8.326752119401037e-05,0.1783738283609469,8.752382270780779e-05,0.4742173469789891,0.0001648822860249,0.4742173469789891,0.0001648822860249,0.1019531588387691,5.828576395256428e-05,0.1019531588387691,5.828576395256428e-05,0.1874678008446149,4.884859587553866e-05,0.1874678008446149,4.884859587553866e-05,0.5166439907140122,0.0001641365660232,0.3729421277733155,0.0002114796525083,0.3258531537587032,0.0001152240159203,0.6469419047345112,0.0001938428590703,0.4362647109295996,0.0007027614234818
2022-04-30,2459700.2532757185,1.5888002702672641,1.146719477131592,0.1799713972001722,0.40942995433788276,3.0,-0.601390970027215,-0.013712734598018734,1.1134917165051073,139,16,0.1452490433538913,0.0001872998137566,0.2421883176953464,9.069163873155823e-05,0.1735327638990964,8.441787391115683e-05,0.1784280963861927,8.88077431097641e-05,0.4748623136261863,0.0001672513415582,0.4748623136261863,0.0001672513415582,0.1019274390457724,5.904770975872346e-05,0.1019274390457724,5.904770975872346e-05,0.1873705021440895,4.94945162099807e-05,0.1873705021440895,4.94945162099807e-05,0.5163814817364751,0.000166057531261,0.3729484733699191,0.0002139244503173,0.3253627296862966,0.0001165324946549,0.6488396497215752,0.0001978552510434,0.4363442940869809,0.0007142551857121
2022-05-01,2459701.297012992,1.6641519983085469,1.2305621592122078,0.06808158134250668,0.4329684190453788,21.0,-0.5999407579185226,-0.0016916921673377622,1.1386053243253234,252,45,0.1447671862015419,0.000185357080048,0.2420118655458966,8.993715266306824e-05,0.1734224051873764,8.376029196686723e-05,0.1782826706272539,8.807125934345485e-05,0.4743891346420995,0.0001660717872184,0.4743891346420995,0.0001660717872184,0.1018469331400511,5.866557435415148e-05,0.1018469331400511,5.866557435415148e-05,0.1872688935009004,4.91671411733068e-05,0.1872688935009004,4.91671411733068e-05,0.5168072844330999,0.0001652215150156,0.3726478338548498,0.000212576118236,0.3260914022056062,0.0001160757209046,0.6476960494571978,0.0001954364565076,0.435369285493361,0.0007074776600954
2022-05-02,2459702.3038737727,0.019013239336045297,-0.4131697190253096,0.06599514048693049,0.43522987120646284,23.0,-0.5985878436709517,-7.720147088606522e-05,1.1375772319680748,253,47,0.1447452609302378,0.000188525414935,0.2420059742727095,9.102865599868748e-05,0.1734172578073327,8.475717591319776e-05,0.1782847126148042,8.910510022697378e-05,0.4752390446186444,0.0001685249083076,0.4752390446186444,0.0001685249083076,0.101930776113951,5.9505143667983035e-05,0.101930776113951,5.9505143667983035e-05,0.1870779747385977,4.982770087589632e-05,0.1870779747385977,4.982770087589632e-05,0.5160350753783767,0.0001673449980739,0.3729479908691686,0.0002155915552107,0.3240837519466015,0.0001171585616431,0.6513913954502399,0.0002007996435972,0.4360597805025605,0.0007154572294262
2022-05-13,2459713.3554284754,-0.6320287401078635,-1.0557515743438908,0.11391547990903719,0.37202544273277965,8.0,-0.5847163268723595,0.011135053431277275,1.0928204446651004,186,25,0.1471428004754921,0.0001942927849924,0.2424687087148911,9.199949774709576e-05,0.174078943875913,8.578749014681133e-05,0.1787923638644903,9.025069277835488e-05,0.4741829122417492,0.0001708466365295,0.4741829122417492,0.0001708466365295,0.1020568402559956,6.044444501462679e-05,0.1020568402559956,6.044444501462679e-05,0.1879550512935487,5.0678553808301706e-05,0.1879550512935487,5.0678553808301706e-05,0.5171987085534716,0.0001697884853573,0.3729363204732046,0.0002189815026099,0.3265521095383447,0.0001194221738496,0.646146695357777,0.0001995247015141,0.4357254039678719,0.0007293652832386
2022-05-14,2459714.306898077,-0.37880740873783725,-0.8108814636950232,0.07182294771212344,0.4196819169157922,20.0,-0.5841243700434327,-4.494115510669805e-06,1.1129156382451142,246,44,0.1480384266974979,0.0001946405712338,0.2426821328885394,9.184246888949612e-05,0.1742315607100882,8.563065424472398e-05,0.1790680286932946,9.016037245149948e-05,0.4741707075956611,0.0001703921394262,0.4741707075956611,0.0001703921394262,0.102175850347982,6.02998491082678e-05,0.102175850347982,6.02998491082678e-05,0.1879761527124898,5.0541154545519546e-05,0.1879761527124898,5.0541154545519546e-05,0.5171601114701563,0.0001692740373126,0.3728591530601424,0.0002184448223008,0.3262967514365573,0.0001190661378419,0.6457976127698517,0.000198925003007,0.4350057849065305,0.0007269991710709
2022-05-15,2459715.3210967337,-0.16720807513197772,-0.5970420804452676,0.0835748339911357,0.5536120906831073,15.0,-0.5829236906979248,0.002676633113610914,1.0958530469288297,233,37,0.1486390715227526,0.0001968473934635,0.2429918078181259,9.27815057123888e-05,0.1745327063009367,8.65682588462157e-05,0.1789735481212015,9.097507962858384e-05,0.4745274417555682,0.0001720777915394,0.4745274417555682,0.0001720777915394,0.102237815449194,6.0910530295075475e-05,0.102237815449194,6.0910530295075475e-05,0.1877930062543759,5.100078869447846e-05,0.1877930062543759,5.100078869447846e-05,0.5165402023323363,0.0001705499293679,0.3728843962439571,0.0002201829656025,0.3253748488330489,0.0001198383503018,0.6481746256185656,0.0002028416257668,0.4358421524614085,0.0007358115882382
2022-05-16,2459716.3084869087,1.847836445379323,1.4161527530604876,0.06717969866792535,0.49101349927707594,23.0,-0.5821458822558351,0.0005018454004885385,1.1107067112661817,241,46,0.1494663029960899,0.0001964344030917,0.2432061601105797,9.24314369577073e-05,0.1747888804237014,8.624467859918643e-05,0.1793620252871037,9.069868659008624e-05,0.4751247883884802,0.0001715371833357,0.4751247883884802,0.0001715371833357,0.102366725852837,6.069592741392792e-05,0.102366725852837,6.069592741392792e-05,0.1877675696729109,5.0796215122107166e-05,0.1877675696729109,5.0796215122107166e-05,0.5161444993414911,0.0001698164105762,0.3729884178405815,0.0002192542990634,0.3251111585748893,0.0001192912528854,0.6503584139239622,0.0002030014121923,0.4359525057457702,0.0007319406506539
2022-05-17,2459717.2971617454,4.295800653239379,3.8620643371111907,0.0728940319114577,0.2739542813646716,18.0,-0.5811195604814277,-0.0036956756762887557,1.0822854784012361,214,38,0.1501976134032545,0.0001875869066145,0.2434649452457635,8.939398366371544e-05,0.1749447833880777,8.33507468906042e-05,0.1795399375953881,8.765628570561546e-05,0.4754446634176393,0.0001654113956057,0.4754446634176393,0.0001654113956057,0.1024656629041135,5.852522301317419e-05,0.1024656629041135,5.852522301317419e-05,0.1876806657199156,4.8957250685085746e-05,0.1876806657199156,4.8957250685085746e-05,0.5158657329970773,0.0001633193810971,0.3732117270936321,0.0002109854759752,0.3245352691427972,0.0001146084735023,0.650311108342822,0.0001966727558268,0.4355603533235654,0.000707847243022
2022-05-18,2459718.306806549,5.515096659986179,5.083125147157322,0.0700654280364722,0.48335960187712496,21.0,-0.580363770223733,6.577433305601358e-05,1.1070962299990736,241,44,0.1509634164522625,0.0001960926451284,0.2438709626453801,9.252133032078891e-05,0.1752038068104529,8.622954595506046e-05,0.1797683171002331,9.065874070658196e-05,0.4755338245605536,0.0001713143672258,0.4755338245605536,0.0001713143672258,0.1027221305506812,6.073096102524757e-05,0.1027221305506812,6.073096102524757e-05,0.1876654905040604,5.070357028068623e-05,0.1876654905040604,5.070357028068623e-05,0.5153921455612135,0.0001692675753581,0.3732252337131779,0.0002187160494402,0.3239730119186111,0.0001186673291021,0.6516630796039963,0.0002038257468509,0.4348635085355228,0.0007296321668547
2022-05-19,2459719.31082883,5.600522431071232,5.16913776329485,0.06771763220847517,0.40315458238465274,23.0,-0.5794815645319961,0.0007745290505275262,1.10222184420921,241,46,0.1514436000124965,0.0001988870176592,0.2437134772533181,9.32606525189735e-05,0.1751973666373132,8.694677906674313e-05,0.179883177053244,9.13481294998795e-05,0.4748103611310202,0.0001726856812812,0.4748103611310202,0.0001726856812812,0.1026061424517889,6.122238582639873e-05,0.1026061424517889,6.122238582639873e-05,0.187679536860953,5.114977447166186e-05,0.187679536860953,5.114977447166186e-05,0.5157839978731896,0.0001710757778867,0.373476704453542,0.0002211884469024,0.3250006805509868,0.0001201276957971,0.649557966958802,0.0002034145714957,0.4353110927910325,0.000736103104261
2022-05-20,2459720.3050166895,4.438063856535229,4.005686910623359,0.0723822461445676,0.31022614550734673,20.0,-0.5787020103259326,-0.000698856232138605,1.095985834321514,238,43,0.1513043232844307,0.0001973302726409,0.2439007316834573,9.317514035940844e-05,0.1752785970431559,8.687940826844095e-05,0.1797972347410093,9.126691765050696e-05,0.4753927400238383,0.0001727258618605,0.4753927400238383,0.0001727258618605,0.102735616677204,6.123407301639059e-05,0.102735616677204,6.123407301639059e-05,0.1875580410426415,5.1108521197476446e-05,0.1875580410426415,5.1108521197476446e-05,0.5145165342397623,0.0001705981761924,0.3732822998471695,0.0002201382352369,0.3245539440403299,0.000119682934468,0.6515248842925949,0.0002053060482144,0.4350748926844004,0.0007354643510863
2022-05-21,2459721.3150498425,3.336845643564949,2.906067152476801,0.07342265386136597,0.398922246178837,19.0,-0.5779689462595691,0.0016971570836743157,1.1064634259118344,221,40,0.1513214529833496,0.0001951288715821,0.2439276343937405,9.199553849132005e-05,0.1751058977983544,8.568348681403895e-05,0.1797664244328321,9.000255030311064e-05,0.4753319202842321,0.0001704248429393,0.4753319202842321,0.0001704248429393,0.1027416160249723,6.040478124526077e-05,0.1027416160249723,6.040478124526077e-05,0.1876740445346782,5.04382776574459e-05,0.1876740445346782,5.04382776574459e-05,0.5156907284037832,0.0001685211445547,0.3732266434957715,0.0002177133994212,0.324807791751287,0.0001183275144892,0.6499207437269844,0.0002012905662252,0.4356976592182725,0.0007265445934171
2022-05-22,2459722.3574650898,1.5615940823901038,1.1369621633253941,0.10782615694682098,0.42225175260926157,9.0,-0.5769573615822569,0.00891796941541689,1.0991103179517916,149,23,0.1507470244759938,0.0001971974088234,0.2439171452567061,9.31609469938448e-05,0.1751135714842808,8.687003114242883e-05,0.1797225623555515,9.123309298830164e-05,0.4755092257718226,0.000172819323289,0.4755092257718226,0.000172819323289,0.1028815175804619,6.129107246905415e-05,0.1028815175804619,6.129107246905415e-05,0.1873273053005548,5.108892229259155e-05,0.1873273053005548,5.108892229259155e-05,0.5155530736846924,0.0001706751660906,0.3732221564497489,0.0002202606144437,0.3235178099514496,0.0001196073114908,0.650810136444488,0.0002060308692522,0.4358852529298226,0.0007374574233506
2022-05-23,2459723.2912651375,0.0041710368291992626,-0.4299242880667239,0.0828041464207967,0.3360278500204042,15.0,-0.5767059945986193,-0.002262942407334526,1.1029423347998029,220,34,0.1500900725442605,0.0001951143678528,0.2435472520151307,9.2419454581836e-05,0.1746076988919662,8.602299304362914e-05,0.1792830690601696,9.04332736815197e-05,0.4754605500178412,0.0001715323086971,0.4754605500178412,0.0001715323086971,0.1027807214174869,6.0835977303945815e-05,0.1027807214174869,6.0835977303945815e-05,0.187518934863669,5.07676518736409e-05,0.187518934863669,5.07676518736409e-05,0.5153883482771817,0.0001693421755291,0.3730377752877286,0.0002185853015498,0.3232881272960002,0.0001186441919171,0.6497563580919009,0.0002041295550073,0.4353619072600138,0.0007308973997826
2022-05-24,2459724.3444953486,-0.24331344561831098,-0.6700480204878989,0.09667432147395899,0.20809050477028398,11.0,-0.5756861145458988,0.0065546159351315605,1.0928465516858406,207,31,0.1490632951304109,0.0001944311442282,0.2430584206387861,9.215851181582176e-05,0.1743006540237964,8.581059516173842e-05,0.1792292827219666,9.027677107881615e-05,0.4749471696815141,0.0001711517322291,0.4749471696815141,0.0001711517322291,0.1025808093803997,6.066090134971598e-05,0.1025808093803997,6.066090134971598e-05,0.1874698911944973,5.066084266695631e-05,0.1874698911944973,5.066084266695631e-05,0.5152000107300123,0.0001691540686709,0.3732035587653317,0.0002182318949831,0.3243788503371613,0.0001185955428097,0.650027535635623,0.0002027837059555,0.435562381988662,0.000729853445855
2022-05-25,2459725.307894933,-0.3512982118074534,-0.7833015824615317,0.0718159834890294,0.37572370425704293,20.0,-0.5752646675080519,6.39430005235796e-05,1.0890292519515918,234,43,0.1477847810061077,0.0001941417387057,0.2433324879022568,9.266024605378168e-05,0.1740020910195594,8.610199623489267e-05,0.1788959144352053,9.05996964205927e-05,0.4758110462279656,0.000172066387205,0.4758110462279656,0.000172066387205,0.1025548860012211,6.0923196277029656e-05,0.1025548860012211,6.0923196277029656e-05,0.18726529437335,5.085228594454768e-05,0.18726529437335,5.085228594454768e-05,0.5153760119932408,0.0001696450364347,0.3729411509191099,0.0002188980054792,0.3224835902873176,0.0001186354033562,0.6513396255865992,0.0002060490383115,0.4362573252103936,0.0007344085361203
2022-05-26,2459726.3029533746,-0.15090304854658243,-0.5835712093655957,0.07862919794129823,0.3353549256668686,17.0,-0.5747328545363298,-0.000689297624841253,1.0902300779402812,214,38,0.1466707010946144,0.0001962108608212,0.2428526434055545,9.312064582405414e-05,0.1737704557339438,8.661190847471569e-05,0.1785706501258325,9.11143972960572e-05,0.4759813462077392,0.0001733426466239,0.4759813462077392,0.0001733426466239,0.1022728223475375,6.128133743871088e-05,0.1022728223475375,6.128133743871088e-05,0.187079890757533,5.119945659303097e-05,0.187079890757533,5.119945659303097e-05,0.5152942525559624,0.0001709735875631,0.3728749287624408,0.0002206551215145,0.3217480675947066,0.0001193840192254,0.6528115419265695,0.0002086152648493,0.435994720712077,0.0007387236045095
2022-05-27,2459727.314675186,0.7078486627749913,0.2767222307927436,0.07167789286728758,0.2812765804836117,21.0,-0.5741149329010098,0.0006504427590034186,1.0895834781183127,234,43,0.1459685412906073,0.0001984718132052,0.242533597388092,9.389310584961396e-05,0.1736369077876194,8.730159732368159e-05,0.178403427710233,9.178097976617244e-05,0.4764130311949989,0.0001752024683341,0.4764130311949989,0.0001752024683341,0.1021301041987109,6.187568303093059e-05,0.1021301041987109,6.187568303093059e-05,0.1868807505652574,5.169425668842307e-05,0.1868807505652574,5.169425668842307e-05,0.5151755259418308,0.0001729468130012,0.3728929470553522,0.0002234173047889,0.321782313889962,0.0001207595512688,0.6544217942541367,0.0002108072353982,0.4362032631633861,0.000745038090074
2022-05-28,2459728.3754353225,0.6897670068297305,0.26689929806250723,0.22723647854504708,0.1316479574846664,2.0,-0.5735420943258633,0.01232877839131105,1.1297838069877097,96,8,0.1450768253068918,0.0001923867749759,0.242251485797572,9.263411079783148e-05,0.1732684654517392,8.621549449092384e-05,0.1779663522864655,9.064360123763756e-05,0.475092035484239,0.0001724794602277,0.475092035484239,0.0001724794602277,0.1017744649157435,6.090666229202784e-05,0.1017744649157435,6.090666229202784e-05,0.1869959703406494,5.098002395665525e-05,0.1869959703406494,5.098002395665525e-05,0.5163093016666042,0.0001701320355929,0.3726964016155198,0.0002193871016946,0.3247387375541961,0.0001195002340485,0.6486006146499939,0.0002041423623063,0.4362763505292132,0.0007392623612877
2022-05-29,2459729.3113096296,-0.3476939198816829,-0.779466658494219,0.08119417959771419,0.47579658269922137,15.0,-0.5730751177242296,0.0003239857995026537,1.0812937630090487,224,37,0.1450310688397579,0.0001873624082313,0.2421262498359394,9.036517356287904e-05,0.1733017987579734,8.408733535892498e-05,0.1783035441820072,8.859140009648859e-05,0.4749901691722384,0.0001685583637104,0.4749901691722384,0.0001685583637104,0.1017949865170181,5.950970404721438e-05,0.1017949865170181,5.950970404721438e-05,0.1869837774804897,4.981116997589276e-05,0.1869837774804897,4.981116997589276e-05,0.5162913781488643,0.000166253951008,0.3728022257360875,0.0002146572887938,0.3251177806411157,0.0001168751868348,0.6504260870757068,0.000199861354084,0.4350790219440263,0.0007194303039103
2022-05-30,2459730.311983252,-0.3246317890497939,-0.7562174729554476,0.07027007471773263,0.30968436082121825,20.0,-0.5725992281747572,0.00047910914386439536,1.0791367629940027,227,42,0.1445643610964183,0.0001871694560958,0.2420077871384286,9.046984849239043e-05,0.1730706717479061,8.41042265658498e-05,0.1781357680566564,8.857294770554504e-05,0.4746373361093911,0.0001685980349862,0.4746373361093911,0.0001685980349862,0.1017179755811617,5.9546557969518213e-05,0.1017179755811617,5.9546557969518213e-05,0.1870893819584365,4.987804266457621e-05,0.1870893819584365,4.987804266457621e-05,0.5165214979843618,0.0001663800930621,0.3727203102269086,0.0002145511469128,0.3244939522818139,0.0001167215922192,0.6503033925824891,0.0002001434228372,0.4356713487202284,0.000720444103148
2022-05-31,2459731.3178382125,-0.9125351529680803,-1.3433949224932507,0.07462931943559802,0.43422461231120024,18.0,-0.5721682145680248,0.002266631138270878,1.0830073803320714,218,39,0.144353156043787,0.0001889188758378,0.2420110808479986,9.13909979636371e-05,0.1731185523773666,8.498767092479495e-05,0.1782042754189055,8.953647002819595e-05,0.4750481461017334,0.0001703274500124,0.4750481461017334,0.0001703274500124,0.1016796678024797,6.012339185042596e-05,0.1016796678024797,6.012339185042596e-05,0.1869842158624796,5.0353659607047744e-05,0.1869842158624796,5.0353659607047744e-05,0.516217706967637,0.0001678417635832,0.3725471487433621,0.0002162969507585,0.3236925031470254,0.0001176145327891,0.6515411669290218,0.0002033843978618,0.436363278908875,0.0007301529132378
2022-06-01,2459732.320110169,-1.1024944165063328,-1.5332663855685549,0.07308023717301326,0.34157776860509187,19.0,-0.5717716675324879,0.0014387403109472948,1.0819672020034496,217,40,0.1444542505668146,0.0001900155647358,0.2421351456405757,9.190244414794248e-05,0.1731766659881328,8.543793337635428e-05,0.1782191686699439,8.994596725437216e-05,0.4750373154212257,0.0001710441142902,0.4750373154212257,0.0001710441142902,0.1017316043234719,6.039909101398007e-05,0.1017316043234719,6.039909101398007e-05,0.1871753934901679,5.0593551161566346e-05,0.1871753934901679,5.0593551161566346e-05,0.5163859692789086,0.0001685315774793,0.3726536990923161,0.0002173873227128,0.3233808509445353,0.0001180351967038,0.6518592166083137,0.0002041289484892,0.4360967647420329,0.0007324492300957
2022-06-02,2459733.3228357644,-1.804469259534523,-2.2348677484950454,0.09300921045873482,0.3242653183351412,12.0,-0.5716784726997752,0.0010763007275163834,1.1167262415442594,153,26,0.1443969380366251,0.0001922394791339,0.2420940644035673,9.27410879225234e-05,0.1731995475841198,8.622543352650862e-05,0.178101988241602,9.074557981581324e-05,0.4756551542728132,0.00017303661809,0.4756551542728132,0.00017303661809,0.1017547927673731,6.103664843040642e-05,0.1017547927673731,6.103664843040642e-05,0.1871389656933576,5.111835968481629e-05,0.1871389656933576,5.111835968481629e-05,0.5159388301244102,0.000170251831985,0.3726797216109425,0.0002195066571488,0.322915310298275,0.0001191888791692,0.652237093174008,0.0002069494710515,0.4358601296554181,0.0007398494928551
2022-06-03,2459734.3176944586,-1.7381039124035678,-2.1691735298332637,0.06991493407411338,0.26762414572397347,21.0,-0.5710761599094353,0.0010032251367065811,1.0776951269686459,226,42,0.1445065280091444,0.0001908788203353,0.2419584369937698,9.231356181982585e-05,0.1732278824652288,8.590291198746172e-05,0.1782395222390925,9.049455629759476e-05,0.4747453527955841,0.0001721063729437,0.4747453527955841,0.0001721063729437,0.1017841627382873,6.080546609531222e-05,0.1017841627382873,6.080546609531222e-05,0.1873662646276669,5.0958755550905093e-05,0.1873662646276669,5.0958755550905093e-05,0.5165512464170865,0.0001696481831297,0.3725267328286579,0.0002185406445741,0.3237819752631792,0.0001189063324302,0.651050787516686,0.0002048899358662,0.436774142924441,0.0007385951563309
2022-06-04,2459735.2889998406,-1.8798168904431642,-2.313779486383145,0.09222265297313822,0.22529180123784107,12.0,-0.5709701229163395,-0.0024024979744755896,1.0842390161151745,161,28,0.1446148797781715,0.0001909820553029,0.2421772980200289,9.232815850515894e-05,0.1733020510741902,8.586449262168526e-05,0.17815820898626,9.040786120031564e-05,0.4750328749789525,0.000172252746521,0.4750328749789525,0.000172252746521,0.1018456878850726,6.0859379642120205e-05,0.1018456878850726,6.0859379642120205e-05,0.1871757356681056,5.0948964515053045e-05,0.1871757356681056,5.0948964515053045e-05,0.5157404911693585,0.0001694952151787,0.3727021537844219,0.0002185722401394,0.3232203068322863,0.0001188219363633,0.6502790502547245,0.0002057800296693,0.4357416051766312,0.0007373192145713
2022-06-05,2459736.325228488,-2.0995680077651215,-2.53025120592288,0.10634312219259466,0.3661759841285909,9.0,-0.5703236762178547,0.0017611297592935557,1.0543336696845758,171,23,0.1448073355679756,0.0001906801567809,0.2424503849041332,9.26508343936794e-05,0.173442695307081,8.616065440625224e-05,0.1781201983849662,9.06700784106087e-05,0.4757856834069682,0.000172746379499,0.4757856834069682,0.000172746379499,0.1019287810150299,6.0990843313673034e-05,0.1019287810150299,6.0990843313673034e-05,0.1869386108119398,5.1004824494299475e-05,0.1869386108119398,5.1004824494299475e-05,0.5154212453080258,0.0001695385591012,0.3727925641733978,0.0002185894032926,0.321968970379496,0.0001185367496458,0.6510889013366034,0.0002078494482176,0.4365317571344987,0.0007412919052155
2022-06-06,2459737.318929755,-1.4510423444308005,-1.8820847678996186,0.07122011879434859,0.420967168940446,20.0,-0.5703353070880313,0.0011857460643226198,1.0797130093086318,225,41,0.1450107617227355,0.0001900783764916,0.2425090525262704,9.205102276547378e-05,0.1733939526342534,8.548576973713419e-05,0.1781035099971326,8.984772329759429e-05,0.4762767643366041,0.0001716461923657,0.4762767643366041,0.0001716461923657,0.1019783108652646,6.062414020210999e-05,0.1019783108652646,6.062414020210999e-05,0.1868247637442398,5.066795933746408e-05,0.1868247637442398,5.066795933746408e-05,0.5144649722359176,0.0001687180707769,0.3727391060688392,0.0002175043769168,0.3199634291825072,0.0001175087449788,0.6522873371509865,0.0002084273645133,0.4371548179579899,0.0007353520017781
2022-06-07,2459738.24905057,-2.1815198364213453,-2.6194339765260732,0.13055109305017917,0.3725418849233339,6.0,-0.5704745424979333,-0.004662303816225567,1.0789382173849509,103,12,0.1450895596063544,0.0001909260589495,0.2426305898882665,9.256392336521267e-05,0.1733890810035846,8.589916524898686e-05,0.1780004127275113,9.03010294743556e-05,0.4769602658596292,0.000172833799259,0.4769602658596292,0.000172833799259,0.1018515279906693,6.093951088919084e-05,0.1018515279906693,6.093951088919084e-05,0.1868535794939753,5.096708523608402e-05,0.1868535794939753,5.096708523608402e-05,0.5148894669915696,0.0001697038841897,0.3728021560848431,0.0002188379461146,0.3205346543341456,0.0001183363429188,0.6515802594660246,0.0002086325890577,0.4374135523289084,0.000739525801142
2022-06-08,2459739.365645083,-1.8318566543063821,-2.258855774059638,0.14947446451785398,0.31551278051615284,5.0,-0.5697944145241957,0.01524342000483544,1.0733531544747534,100,16,0.1454078411347017,0.0002025616203768,0.2431159355632853,9.553652102871814e-05,0.1736553734210175,8.867153020793725e-05,0.1780556293940023,9.296449673535238e-05,0.4783759782068389,0.0001793445037689,0.4783759782068389,0.0001793445037689,0.1022210791358143,6.32435257850232e-05,0.1022210791358143,6.32435257850232e-05,0.186670950841859,5.27674314414662e-05,0.186670950841859,5.27674314414662e-05,0.5127103589927662,0.0001760069543912,0.3727948705161708,0.0002269782954498,0.3175096247858354,0.0001219130148682,0.6504650387375422,0.0002183137345676,0.4377930948467574,0.0007614309698664
2022-06-09,2459740.298634931,0.08655647768956003,-0.3464783110681857,0.1189983089330678,0.19353526693148412,8.0,-0.5695874489814211,-0.0024360850924194997,1.0264270277434584,118,20,0.1458281869589773,0.0002050424378848,0.2430687950836565,9.679300000448288e-05,0.1739243899219677,8.992891497585811e-05,0.1781650250633754,9.432034026287142e-05,0.47847187599173,0.000181640292345,0.47847187599173,0.000181640292345,0.1025149207755833,6.418440557858194e-05,0.1025149207755833,6.418440557858194e-05,0.1866151474677756,5.345558202016912e-05,0.1866151474677756,5.345558202016912e-05,0.5125588510286819,0.0001779940915747,0.3729185556315194,0.0002299584400356,0.3153058899750845,0.0001229887034712,0.646453985598552,0.0002215735810033,0.4381332406863345,0.0007730029689344
2022-12-01,2459915.282404873,-0.6810477630520697,-0.8065743498491661,0.3230922348700644,0.0,1.0,-0.6035172575584001,0.0038935355563322,1.713307769232019,44,5,0.1426075572458432,0.0001981960890983,0.2423245629390308,9.02140894107842e-05,0.1725939828125,8.27024084611093e-05,0.1776910142533146,8.684793071962098e-05,0.4696704079057243,0.0001659584523833,0.4696704079057243,0.0001659584523833,0.1000067220781981,5.8073842908468546e-05,0.1000067220781981,5.8073842908468546e-05,0.1831434113067722,4.862726666468464e-05,0.1831434113067722,4.862726666468464e-05,0.5156992601618191,0.0001666628058557,0.3727942585294097,0.000215248162484,0.3206127407923876,0.000116522304323,0.6042979951816265,0.0001867959807511,0.4283411405796896,0.0006791713134946
2022-12-05,2459919.2677612896,2.860217617378562,2.724705659913897,0.11405732994298597,0.4515434403516743,9.0,-0.6039062649333459,-0.013727048446970314,1.9389713901113201,128,21,0.1453377613704182,0.0002171266267864,0.243838634092977,9.183114146056454e-05,0.1737691439257661,8.410124180650643e-05,0.1783612454161217,8.824347438704591e-05,0.4719229992169816,0.0001714139369856,0.4719229992169816,0.0001714139369856,0.1006472947586426,5.994113794169676e-05,0.1006472947586426,5.994113794169676e-05,0.1829525518664442,5.001921226720985e-05,0.1829525518664442,5.001921226720985e-05,0.5132640839984083,0.0001719596500217,0.3731747629650642,0.0002235418038966,0.3164585789377165,0.0001194791416044,0.6017423491498163,0.0001930617374891,0.4287721538269158,0.0006907951998933
2022-12-06,2459920.3409885275,2.4508581371247775,2.3409369624144616,0.10949591160562913,0.4525263487598683,9.0,-0.6036143162868596,0.01689136753840181,1.9339015703178744,139,22,0.1459224063289789,0.0002052058040235,0.2433196441500374,8.963399544894673e-05,0.1734203747005391,8.20671561552823e-05,0.1783486375255134,8.632499082536645e-05,0.4704388993739618,0.0001664854200564,0.4704388993739618,0.0001664854200564,0.1003903327155018,5.821481130951857e-05,0.1003903327155018,5.821481130951857e-05,0.1832829921127332,4.868805113815799e-05,0.1832829921127332,4.868805113815799e-05,0.5157842010673424,0.0001673150453529,0.3727981926403456,0.0002161326246888,0.3199650630245804,0.000116502080735,0.6019887780114215,0.0001858072051824,0.4278569736540049,0.0006767289422769
2022-12-07,2459921.3345915005,3.4458973280553713,3.3308338799004473,0.1333327971517222,0.6622445236929161,6.0,-0.6035117253193268,0.014878463407795384,1.8365251366328874,149,22,0.1460173503918425,0.0002039843546854,0.2432686104295841,8.966740459927934e-05,0.1736099420428881,8.215752631206746e-05,0.1783573345328716,8.635352814772745e-05,0.4713218372569069,0.0001670264778289,0.4713218372569069,0.0001670264778289,0.1004769024048045,5.8382094127946503e-05,0.1004769024048045,5.8382094127946503e-05,0.1832528699525107,4.8803859035862965e-05,0.1832528699525107,4.8803859035862965e-05,0.5140987739633538,0.0001674640616806,0.3728962222720316,0.0002161198487322,0.3182694451771589,0.0001161187369199,0.6039087282807242,0.0001877654523678,0.4281556470217357,0.0006780144899734
2022-12-08,2459922.274905834,1.769247859039151,1.6333564276550137,0.14676611453443242,0.4105011016402966,5.0,-0.6041656883346634,-0.00403734625833118,1.9364847867389663,171,23,0.1459520862568952,0.0002067639094247,0.2431669869547966,8.957406075282445e-05,0.1733700153738955,8.199829029353853e-05,0.1782913171851146,8.634779857437207e-05,0.4700041537126432,0.0001665425643403,0.4700041537126432,0.0001665425643403,0.1001202351185971,5.817788500902032e-05,0.1001202351185971,5.817788500902032e-05,0.1832340882709005,4.8710476177021865e-05,0.1832340882709005,4.8710476177021865e-05,0.5154065295008948,0.0001673386246174,0.3727746839688013,0.0002161418197792,0.321254546619982,0.0001166404671908,0.6040813379552744,0.0001846423133649,0.4270326293912098,0.0006793213806183
2022-12-09,2459923.3004154605,-0.29985824395590976,-0.4265892573480258,0.07536405349926309,0.778203714094485,19.0,-0.6042852015161474,0.00205439143893591,1.9699422223016654,215,42,0.1458836351891853,0.000205602393279,0.2428142460577065,8.927986614031432e-05,0.1733463259466559,8.181796239215449e-05,0.1784225737995848,8.627250000034388e-05,0.4691926981554563,0.0001659885219772,0.4691926981554563,0.0001659885219772,0.1001413640906259,5.802762791575685e-05,0.1001413640906259,5.802762791575685e-05,0.1834682710193688,4.862395051710793e-05,0.1834682710193688,4.862395051710793e-05,0.5158557569618459,0.0001669158762173,0.3729153780198014,0.0002156338855251,0.3230658851239902,0.0001166822789572,0.6013363964948794,0.0001819703244808,0.426310413427602,0.0006792828974923
2022-12-10,2459924.3003849788,-0.2460801990917689,-0.3741038434293751,0.07560560539829848,0.41504011991117695,19.0,-0.60448695436984,0.001094306607582242,1.9578334038341978,222,43,0.1456312354384917,0.0002071026016428,0.2426025230870658,8.939102642086669e-05,0.173187814434382,8.190279467687962e-05,0.17844717849694,8.645188057327839e-05,0.4698035657643026,0.0001668835981808,0.4698035657643026,0.0001668835981808,0.1004208988873598,5.839034086286763e-05,0.1004208988873598,5.839034086286763e-05,0.1836521658684361,4.8875239351519137e-05,0.1836521658684361,4.8875239351519137e-05,0.515973448112316,0.0001677883307116,0.3729349199296241,0.0002167686934477,0.3225866758142168,0.0001172520328001,0.60296071159845,0.0001832557321673,0.4275286389974177,0.0006836170037431
2022-12-11,2459925.2347468864,0.0701380477597542,-0.0824528177458502,0.3284679924070072,0.0,1.0,-0.6051704803744079,-0.016317751608177,2.0084380059411577,102,11,0.1457679085709084,0.0002042968553414,0.2425454517761021,8.877063319592177e-05,0.1732007355118681,8.13304566648103e-05,0.178147543764252,8.575870637981636e-05,0.4689776596854647,0.000165616355953,0.4689776596854647,0.000165616355953,0.1002879891833092,5.794541791271726e-05,0.1002879891833092,5.794541791271726e-05,0.1835897245182623,4.855182068960068e-05,0.1835897245182623,4.855182068960068e-05,0.5158076729566965,0.0001667226201253,0.373023192248184,0.0002153222148613,0.3233190092179392,0.0001166307247888,0.6017043467456676,0.0001811229540727,0.4271307488263184,0.0006789580473203
2022-12-14,2459928.2546373187,1.2298519267167043,1.07919643231602,0.10736011588433066,0.5263703888857351,10.0,-0.6059766885185521,-0.02037971965205059,1.970627985676521,112,21,0.1455663013826695,0.0002139666935866,0.24240840044514,9.046148638909266e-05,0.1733615334790206,8.288638478674968e-05,0.178740429518503,8.75480770936089e-05,0.4693756503558298,0.0001706677550628,0.4693756503558298,0.0001706677550628,0.1006718192224797,5.979256082677386e-05,0.1006718192224797,5.979256082677386e-05,0.1838039977204934,5.001182786231338e-05,0.1838039977204934,5.001182786231338e-05,0.5164925089845147,0.00017233339611,0.3727998168097991,0.0002228632174233,0.3226653090229411,0.0001204532667537,0.6018971683503324,0.0001852968523989,0.4261836137069014,0.0006906767094448
2022-12-15,2459929.308763195,0.26282105728605293,0.1349840369023499,0.08218046521786641,0.7401266049876276,18.0,-0.6062579159952028,0.002181674104272182,1.9814529974141182,218,41,0.1453613731210845,0.000225016466021,0.243710010383156,9.0237906154054e-05,0.1738800529868961,8.251352060289601e-05,0.1787231209548598,8.693242103891451e-05,0.4716660676214561,0.0001718569689767,0.4716660676214561,0.0001718569689767,0.1009935006298238,6.015043402510174e-05,0.1009935006298238,6.015043402510174e-05,0.183354856930953,5.016995284901976e-05,0.183354856930953,5.016995284901976e-05,0.5135513116769174,0.0001731582628479,0.3726650869964698,0.0002253837167055,0.3169498560294167,0.0001198743337429,0.5992144139213076,0.0001895647613501,0.4276755150464906,0.0006882072723237
2022-12-16,2459930.2980251964,0.803434197740672,0.6708945568438838,0.1084001609926981,0.4141818280953825,9.0,-0.6064067633048922,-0.0019575474421732564,1.8335444687581186,148,23,0.1455675026622111,0.0002017929132715,0.2424580769543926,8.833000541796736e-05,0.1732945553862574,8.090117748287e-05,0.1787393780535165,8.558712092072019e-05,0.4688390075183469,0.0001658112523041,0.4688390075183469,0.0001658112523041,0.1004174247611813,5.805389668601e-05,0.1004174247611813,5.805389668601e-05,0.1837865108416485,4.861605482570109e-05,0.1837865108416485,4.861605482570109e-05,0.5164467183979113,0.0001664105835071,0.3728847322702335,0.0002149826984532,0.3235423783321449,0.0001165545432486,0.6002155247071446,0.0001805155246111,0.4274072102605424,0.0006826442740815
2022-12-17,2459931.282405119,-0.7305895654472504,-0.869686270034921,0.16172388759384224,0.31907737992761126,4.0,-0.6068912269825798,-0.00635620630528715,1.8132650967545256,114,17,0.1454025836617545,0.0001999749378842,0.2425365011863107,8.832301212057982e-05,0.1732951668907171,8.085535462758535e-05,0.1785094781279083,8.548110880625565e-05,0.4691392153583839,0.0001658066698433,0.4691392153583839,0.0001658066698433,0.1003727790622988,5.800135384345903e-05,0.1003727790622988,5.800135384345903e-05,0.183726003458772,4.85780437207136e-05,0.183726003458772,4.85780437207136e-05,0.516527074070658,0.0001659317092708,0.3727459799324272,0.0002142308963106,0.3233801989586414,0.0001161873191939,0.6006268169829267,0.000180792305713,0.427219139512037,0.00068362529973
2022-12-19,2459933.310781103,-0.47763538755350965,-0.6071200196297519,0.07404865134583673,0.41301074135148297,20.0,-0.60833751697556,-1.6984117927015472e-05,1.9884162690751104,217,42,0.1452740401110728,0.000207842363985,0.2426542363346953,8.848854355090983e-05,0.1734475417122175,8.097433839090324e-05,0.1786385016463994,8.554007538505878e-05,0.4694101532536106,0.0001673729054788,0.4694101532536106,0.0001673729054788,0.1002273002828012,5.849112010822106e-05,0.1002273002828012,5.849112010822106e-05,0.1837352855388022,4.903167990627247e-05,0.1837352855388022,4.903167990627247e-05,0.5161117755241887,0.0001682102830279,0.3727565956885058,0.0002173888120406,0.3225832417369484,0.0001176674218863,0.6033571316591548,0.000182726480187,0.4266894064548838,0.0006835950070439
2022-12-21,2459935.3030825215,0.7644087794847165,0.6287199446857394,0.07714217861041878,0.4800836843401816,18.0,-0.6094645838778717,-0.005032875636084784,1.9495589017649533,204,39,0.1449347510578046,0.0002049732370426,0.2426765666025481,8.80638700794415e-05,0.1732969785122035,8.054276793397081e-05,0.1785399143861865,8.512209738912312e-05,0.469893862249899,0.0001667922287032,0.469893862249899,0.0001667922287032,0.1000518179902227,5.82035201151856e-05,0.1000518179902227,5.82035201151856e-05,0.1834329513750521,4.8779399485347385e-05,0.1834329513750521,4.8779399485347385e-05,0.5163464016459279,0.0001673495341114,0.372841275550803,0.0002159909233898,0.3223800115738944,0.0001169491844828,0.605591121995739,0.0001834420705136,0.427637996081402,0.0006854139588026
2022-12-23,2459937.307366626,1.7571882192811747,1.6235503379448706,0.07783286627584604,0.5313055887104213,18.0,-0.6108416131329324,-0.0031555152660957993,1.992952860550498,218,42,0.144579977060425,0.000206252207858,0.2430543775055543,8.837792152369592e-05,0.1734404232565596,8.072332666754901e-05,0.1784006952761874,8.513537875420227e-05,0.4711362150521916,0.0001676994897521,0.4711362150521916,0.0001676994897521,0.1000389045704232,5.841959965765804e-05,0.1000389045704232,5.841959965765804e-05,0.1831164491267796,4.891899868986507e-05,0.1831164491267796,4.891899868986507e-05,0.5149295124723509,0.0001676155603642,0.3729252277029298,0.0002165944783578,0.3193425167956353,0.0001165214143861,0.6050427479179676,0.0001867440911504,0.4275134907635989,0.0006860958472134
2022-12-25,2459939.35204288,0.09107442143270932,-0.02000244043533806,0.10533985827926531,0.7516842278921565,10.0,-0.6122474654368031,0.017839620218203317,2.043540164241776,134,23,0.1448214763678998,0.0002096748639617,0.2430794127926274,8.891084068328265e-05,0.1736420238573827,8.120196002734944e-05,0.1786654469379267,8.561783953716988e-05,0.4705672272075571,0.0001685596686133,0.4705672272075571,0.0001685596686133,0.1003005568860437,5.886045906882699e-05,0.1003005568860437,5.886045906882699e-05,0.1835357104746902,4.927730995413129e-05,0.1835357104746902,4.927730995413129e-05,0.5152938482434287,0.0001686937104396,0.3729136430079524,0.0002180832920747,0.3197548228981743,0.0001173105929344,0.6053000470160519,0.0001872220981967,0.4282397764563508,0.0006917302069916
2022-12-26,2459940.3231909955,-2.4134826402063827,-2.53969956056881,0.09647169714329663,0.7288836468327028,12.0,-0.6126687385773703,0.0022329371879896,1.911965137593114,184,31,0.1448030643890447,0.000210772786799,0.2427363899861235,9.027567972896264e-05,0.1736152287833617,8.253715643170057e-05,0.178781599928055,8.705596650116454e-05,0.4699984117402513,0.0001711661367486,0.4699984117402513,0.0001711661367486,0.1003181090049584,5.9809067027761145e-05,0.1003181090049584,5.9809067027761145e-05,0.1837024539906405,5.008674410548494e-05,0.1837024539906405,5.008674410548494e-05,0.5161081355242105,0.0001711614365697,0.3729304604533838,0.0002210888243754,0.3217697148229394,0.0001194979718337,0.604449429803837,0.0001882040975788,0.4276631425501071,0.0007044725823198
2023-01-03,2459948.3026291993,2.024254345862903,1.8845335533364571,0.10082921127554903,0.5441112985497675,11.0,-0.6188717680973528,-0.018916140702868664,1.8080199379113528,152,25,0.1467761170151373,0.0002073731734919,0.2430161857440342,9.09771600227682e-05,0.1735582805465708,8.30457836136883e-05,0.1786821532164572,8.73961778115058e-05,0.470137388586417,0.0001726776662108,0.470137388586417,0.0001726776662108,0.1004804894605565,6.043524598441108e-05,0.1004804894605565,6.043524598441108e-05,0.1832056615631234,5.047889568335534e-05,0.1832056615631234,5.047889568335534e-05,0.5151583198463391,0.0001715568536837,0.3730268863332122,0.0002214944906058,0.3209234772903278,0.0001196677336972,0.6037570126415188,0.0001914193465077,0.4272428042876254,0.000712215781409
2023-01-04,2459949.3201808385,1.8399437936823417,1.7110914675974993,0.08188142441902677,0.6742153350318549,16.0,-0.6201443745344688,0.0017455794916790175,1.942631010629475,200,35,0.1469512736688554,0.0002054641844358,0.243871741820379,8.811977682485936e-05,0.1737409194632166,8.028797406184282e-05,0.1784882955560147,8.43583151637113e-05,0.4716589347387456,0.0001679031518579,0.4716589347387456,0.0001679031518579,0.1008227678518978,5.874513744255125e-05,0.1008227678518978,5.874513744255125e-05,0.1828531950376297,4.894631807780466e-05,0.1828531950376297,4.894631807780466e-05,0.5136805265030521,0.0001667231335646,0.372986120768864,0.0002153777115669,0.3177396330669499,0.0001156348656236,0.6013175563717934,0.0001876333126545,0.4279332903224396,0.0006901309095473
2023-01-07,2459952.310061036,2.1036878325787285,1.966608788662358,0.07765329607897765,0.5487047297785791,18.0,-0.6231184361503854,-0.005503390276329138,1.9674968741821692,210,40,0.1481829261879604,0.0002080395912795,0.2435196095905504,8.787802571071688e-05,0.1737229881752082,8.01498601863582e-05,0.1786096628268114,8.429934517230404e-05,0.4697565267470759,0.0001677123349984,0.4697565267470759,0.0001677123349984,0.1009210516233421,5.88445240100862e-05,0.1009210516233421,5.88445240100862e-05,0.1835334308101947,4.9095483002646264e-05,0.1835334308101947,4.9095483002646264e-05,0.5151953424683743,0.0001672742962179,0.37311857779162,0.0002164416046822,0.3219771209164432,0.0001169913984533,0.603984506787955,0.0001849968716958,0.4279784865762271,0.0006931183014453
2023-01-09,2459954.273457406,2.4787103809891375,2.314532400921983,0.10335619461411392,0.6541653021210937,10.0,-0.6250909396852189,-0.023501353394267472,1.9567478417497237,123,22,0.1479724477977495,0.0002061504327709,0.2437714403556885,8.788642134513259e-05,0.1741701397394562,8.016933670185967e-05,0.1789260976028727,8.423265685989608e-05,0.4711555144369309,0.0001673892638339,0.4711555144369309,0.0001673892638339,0.1012576420641303,5.876404235247426e-05,0.1012576420641303,5.876404235247426e-05,0.1836272289861878,4.894869381039542e-05,0.1836272289861878,4.894869381039542e-05,0.5142107907960315,0.0001659686416942,0.373085258396014,0.000214801924089,0.3191015143009592,0.0001154689005856,0.6001078157196518,0.0001864629122146,0.4282521272167331,0.0006939300665835
2023-01-10,2459955.3988061794,1.209835841214882,1.1342731557680246,0.1909062272906349,0.3233898490272277,3.0,-0.6267128206240511,0.059673864548268264,2.076186986501978,43,7,0.1475332969536547,0.0002109018861709,0.2434633737057509,8.781362370464028e-05,0.1739428403468228,8.016823721382792e-05,0.178822983758138,8.418017859602093e-05,0.4708667797342012,0.000167941417861,0.4708667797342012,0.000167941417861,0.1010330483914733,5.889915500079415e-05,0.1010330483914733,5.889915500079415e-05,0.183828429589881,4.914014560134006e-05,0.183828429589881,4.914014560134006e-05,0.5147079907548474,0.000167333719441,0.3730600786658889,0.0002165833073672,0.3208072462385026,0.000116739040814,0.6059024551149831,0.0001873287642785,0.4275931015906741,0.0006932508566564
2023-01-13,2459958.356633012,1.084535731460813,0.973538398946423,0.3256641515112992,0.0,1.0,-0.6290722395648751,0.0140217952185088,1.7516147698392062,84,5,0.1481731350974086,0.0002110993438034,0.2441678731408855,8.90668241405004e-05,0.1742811415206414,8.118508036660922e-05,0.1791400809336956,8.516459366677541e-05,0.4712759225651098,0.0001699364577823,0.4712759225651098,0.0001699364577823,0.1010706812642621,5.961496204732818e-05,0.1010706812642621,5.961496204732818e-05,0.1837391264901813,4.9710418558694746e-05,0.1837391264901813,4.9710418558694746e-05,0.513860350108468,0.0001687776920328,0.3732682212128414,0.0002183123112295,0.3186977961748467,0.0001173550288281,0.6044401356964575,0.000190855266094,0.4285163399239602,0.0007034791753037
2023-01-19,2459964.3111780924,5.79186813979767,5.654608577767683,0.07332508420142209,0.6858019149381925,20.0,-0.6358381842306962,-0.008717454589789723,1.8234243350736208,234,41,0.1515608292973957,0.0002072087087232,0.2442569657477898,8.824050159842273e-05,0.1752994334405775,8.062921740780713e-05,0.180099144433236,8.449253475608404e-05,0.4692582180763282,0.0001682961843099,0.4692582180763282,0.0001682961843099,0.1013055069940695,5.929582318394187e-05,0.1013055069940695,5.929582318394187e-05,0.1839339863207249,4.940985721661739e-05,0.1839339863207249,4.940985721661739e-05,0.5148884986573375,0.000168006542766,0.3732718065235061,0.0002170694175693,0.3232158972594723,0.0001177872575738,0.600200949131826,0.0001847061202997,0.4268774621168376,0.0006970107214236
2023-01-20,2459965.310023023,3.2366277671096197,3.0972740176274596,0.0735857869534549,0.9083228275241183,20.0,-0.6370229187705295,-0.009775170913592037,1.8600647927542995,236,43,0.1511167820993205,0.0002072288476385,0.2442213458666896,8.844240517476092e-05,0.1751669449122036,8.078649370356233e-05,0.180005870130975,8.464250002975238e-05,0.4693793217937036,0.0001689019461776,0.4693793217937036,0.0001689019461776,0.1015544495277681,5.957198854770219e-05,0.1015544495277681,5.957198854770219e-05,0.1840498256790459,4.959061348699009e-05,0.1840498256790459,4.959061348699009e-05,0.5154186084145943,0.0001687497702616,0.373336697178723,0.0002178216013138,0.3230835628494306,0.0001182243995617,0.6020932404116683,0.0001857273606821,0.4274341604358629,0.0006984436993997
2023-01-21,2459966.3154349914,0.6454998488946815,0.5090942269628733,0.07572872587430073,0.7007139629696625,19.0,-0.6381135141114433,-0.00773991236915178,1.859473188739418,231,40,0.1504707064035162,0.0002075100701399,0.2439821201409504,8.857501329563961e-05,0.1749231026876498,8.089251214643477e-05,0.1799768963961258,8.484081263147177e-05,0.4690435316134992,0.0001690807982891,0.4690435316134992,0.0001690807982891,0.1013299545458081,5.958380266765676e-05,0.1013299545458081,5.958380266765676e-05,0.1840132214858452,4.965773905396477e-05,0.1840132214858452,4.965773905396477e-05,0.5157484972347726,0.0001689568366411,0.3731546612562607,0.0002181508264017,0.3239071208575677,0.0001185442153602,0.6002654418277205,0.0001846048182486,0.4267968337100319,0.0007002625927164
2023-01-22,2459967.2855932787,0.5277770004549581,0.37090752721759573,0.08064091837227567,0.4442243002736641,16.0,-0.638931752399704,-0.019872834614124285,1.8128464578770016,198,37,0.1494410075454842,0.0002008938405254,0.2436291259266978,8.756101387658789e-05,0.1745604414656331,7.994607065667703e-05,0.179610900606105,8.383360360283419e-05,0.4691993910995286,0.000166684157894,0.4691993910995286,0.000166684157894,0.1012291874210568,5.8690251973175766e-05,0.1012291874210568,5.8690251973175766e-05,0.1840047973758536,4.892723644633337e-05,0.1840047973758536,4.892723644633337e-05,0.5160529761252582,0.0001660605173115,0.3730250723484819,0.0002140568709323,0.3237788174107837,0.0001164356657716,0.6010144539714697,0.0001826507091159,0.4267426394689022,0.00069531659727
2023-01-23,2459968.257595111,0.5911536282799454,0.41819277588098264,0.11504387600501934,0.3984062242066028,8.0,-0.6399592948950449,-0.048108082906173,1.8367189645413737,106,18,0.1485824822432228,0.00020375979585,0.2434179972728067,8.759890543837765e-05,0.1742647272714619,7.991105648812326e-05,0.1792835100864386,8.374418862403256e-05,0.4693382799507786,0.0001683808077155,0.4693382799507786,0.0001683808077155,0.1011941665600524,5.928368254237685e-05,0.1011941665600524,5.928368254237685e-05,0.1838799837485826,4.9418805348425873e-05,0.1838799837485826,4.9418805348425873e-05,0.5160870414600341,0.0001691170012268,0.3729794887053862,0.0002173868816326,0.3234950290832781,0.000118585117144,0.5996930937546745,0.0001832172357469,0.4266702806364394,0.0006924075811236
2023-01-24,2459969.3113247943,-0.7662640841981484,-0.9046192615972749,0.07121559960958708,0.6153752342510609,21.0,-0.6411017897952834,-0.009174655597835393,1.8194604344666454,240,44,0.1473462407293318,0.0002031841288872,0.2433218670043188,8.804380356005225e-05,0.1739575932231495,8.02720506267073e-05,0.1788894957135228,8.404313525325961e-05,0.4696012351134246,0.0001682423771267,0.4696012351134246,0.0001682423771267,0.1010303765519383,5.917773017442543e-05,0.1010303765519383,5.917773017442543e-05,0.183641679349743,4.9325239788644994e-05,0.183641679349743,4.9325239788644994e-05,0.5160165142143118,0.0001678021380683,0.3729697342177674,0.0002163498712864,0.3225109881813071,0.000117330664827,0.602590986507177,0.0001857629015897,0.4276849939872012,0.0006986284831722
2023-01-25,2459970.315778219,-0.8493579713257294,-0.9847929116717832,0.0720181761294116,0.4966678314226129,20.0,-0.64207420577938,-0.005743883131728521,1.8071336852656465,238,42,0.1459692169268098,0.0001987065538965,0.2429021312188113,8.74903637624031e-05,0.1736056020860329,7.977029255452596e-05,0.1787234704483681,8.354315961589594e-05,0.4694346279056294,0.0001667541740654,0.4694346279056294,0.0001667541740654,0.1007074247538955,5.8587471774485776e-05,0.1007074247538955,5.8587471774485776e-05,0.1836510149071004,4.891646029542277e-05,0.1836510149071004,4.891646029542277e-05,0.515928755078785,0.0001661880397765,0.3726491339992327,0.000213951146401,0.3223815918486248,0.0001161766393961,0.6022046501890012,0.0001848662320672,0.4277797403422954,0.0006951197652261
2023-01-26,2459971.312041716,-0.9641787219534377,-1.1016706688517908,0.0688365348360346,0.4708746329893465,22.0,-0.6430346208354806,-0.007333049532388044,1.8027848162078244,249,47,0.1454125728876732,0.0001985404051577,0.2425408454121902,8.74364271539579e-05,0.1731089895494504,7.966553022599842e-05,0.1783213724604447,8.341599661130137e-05,0.4686567063858669,0.0001668932204464,0.4686567063858669,0.0001668932204464,0.1003764176170964,5.859549209234456e-05,0.1003764176170964,5.859549209234456e-05,0.1835527389850435,4.898955588763515e-05,0.1835527389850435,4.898955588763515e-05,0.5166658254924895,0.0001669568558834,0.3726719013398482,0.0002148147609817,0.3240595299918167,0.0001170457152073,0.600152878617421,0.0001828397101871,0.4271761273983104,0.0006944337647046
2023-01-27,2459972.271711431,0.3625071789423409,0.1970350298226793,0.08617699910320434,0.3139176801406119,14.0,-0.6438187788736557,-0.02995851943262811,1.7961464866801184,174,34,0.145445479576135,0.000197921454934,0.2422558358097129,8.722601659179645e-05,0.1730783953313436,7.952063579623925e-05,0.178316019291808,8.327498352250122e-05,0.4692092493948583,0.0001668325625676,0.4692092493948583,0.0001668325625676,0.100369215613034,5.853707265618256e-05,0.100369215613034,5.853707265618256e-05,0.1833012090072479,4.8904173072894617e-05,0.1833012090072479,4.8904173072894617e-05,0.5164539177073061,0.0001667683235536,0.3732642434684381,0.0002148467017717,0.3230271437901688,0.0001166495181844,0.6025161842856377,0.0001843271558647,0.4278401853361673,0.0006965228604653
2023-01-28,2459973.3734077225,-0.4187233652798917,-0.512542581483704,0.11275878822429479,0.28293062590792556,8.0,-0.645062891021063,0.03525561593979452,1.7493789899548755,130,19,0.1453414377008023,0.0001946431736512,0.242437842106998,8.695430210460299e-05,0.1729106371119098,7.91598579035912e-05,0.1783926739644168,8.295867285618631e-05,0.4691174369056875,0.0001653267374338,0.4691174369056875,0.0001653267374338,0.1002652857781803,5.796085381660917e-05,0.1002652857781803,5.796085381660917e-05,0.1835300390664057,4.8490839898513584e-05,0.1835300390664057,4.8490839898513584e-05,0.5165175270280562,0.0001645208572747,0.372868949256818,0.0002118565649349,0.3240652718841012,0.0001152958155099,0.6001930759629218,0.0001819795642068,0.4270459132049369,0.0006930704331625
2023-01-29,2459974.3067607405,0.4517093333258329,0.31079698766183717,0.06812415937881383,0.5365310152638904,22.0,-0.6457520533203834,-0.010809046717968158,1.7598409172849327,249,46,0.1456449847553522,0.000196623495501,0.2423744416083171,8.712570668532306e-05,0.1729020135976529,7.933831603031499e-05,0.1784326234272455,8.314665143311556e-05,0.4688191198071599,0.0001657119516654,0.4688191198071599,0.0001657119516654,0.1004914291177591,5.822197184455305e-05,0.1004914291177591,5.822197184455305e-05,0.1835601246176783,4.864053198621628e-05,0.1835601246176783,4.864053198621628e-05,0.5171026608535809,0.0001652243653934,0.3728682696309472,0.000212732272224,0.324346799859462,0.0001157976260218,0.5998057424764259,0.0001819633807768,0.426993702702521,0.0006943860256175
2023-01-30,2459975.3085107324,0.7387147842535096,0.5995122756460197,0.06817820241931434,0.4442648269184198,22.0,-0.6467015786005796,-0.008654289591912244,1.766158018542243,242,45,0.145830845136091,0.0001963532971107,0.2425576960056649,8.726269936104356e-05,0.1728792067865015,7.943016062154955e-05,0.1783032419456753,8.313519467291888e-05,0.4693060499363284,0.0001660301016549,0.4693060499363284,0.0001660301016549,0.1004539378153538,5.8302399890118826e-05,0.1004539378153538,5.8302399890118826e-05,0.1834014511555501,4.868292691571095e-05,0.1834014511555501,4.868292691571095e-05,0.5164194389749532,0.0001653261184422,0.3728818756532349,0.0002127889460347,0.323435306698102,0.0001157219757644,0.6015464819547492,0.0001837269901695,0.4273699391414708,0.0006938590929185
2023-02-02,2459978.243345186,1.1420677272473096,0.9583636652736128,0.09842586594101065,0.2690851985791307,11.0,-0.6493730680698232,-0.04119139855333672,1.846907605261242,117,23,0.1466762630675697,0.0002033136021907,0.2426868197357701,8.813647135775973e-05,0.1726467590887813,8.000786640730813e-05,0.1781699455391043,8.359015766311866e-05,0.4697752844342585,0.0001678188923772,0.4697752844342585,0.0001678188923772,0.1003431808458478,5.888566094194222e-05,0.1003431808458478,5.888566094194222e-05,0.1831880536129647,4.9176916158479394e-05,0.1831880536129647,4.9176916158479394e-05,0.5161419337681661,0.0001676619101002,0.3729346483224923,0.0002159575534918,0.3224445150884235,0.0001171024418182,0.6019310826461658,0.0001852916884235,0.4271281440472173,0.0006978248335788
2023-02-03,2459979.2256230083,2.6044317262043246,2.4086269912008382,0.1887731842139294,0.39103732749295783,3.0,-0.6504436320311111,-0.054803330721807035,1.9202855361983737,45,8,0.1467252739026799,0.0002051454875802,0.2430520770233671,8.806146265392851e-05,0.1729382845153325,7.996904177121555e-05,0.1780195589549129,8.343473009250066e-05,0.4705583710795086,0.0001677591848632,0.4705583710795086,0.0001677591848632,0.1006137586892595,5.891692455291198e-05,0.1006137586892595,5.891692455291198e-05,0.1830120193434055,4.911430785722758e-05,0.1830120193434055,4.911430785722758e-05,0.5153889551262983,0.000167112726481,0.3729088785856926,0.0002152234150196,0.3207360408794923,0.0001164030759873,0.5997699778892165,0.0001868334493607,0.4272679786620397,0.0006987164918492
2023-02-04,2459980.292515669,2.6334503116851073,2.4842574794093046,0.0713399154048024,0.7611319807875656,21.0,-0.6508486315997606,-0.016908308656158232,1.6949614862348235,235,44,0.1472857440609151,0.0002032206032357,0.242707617315255,8.901604655497404e-05,0.1729714604627405,8.098701437899387e-05,0.1783452623556441,8.460975862829917e-05,0.469473412372116,0.0001694098181954,0.469473412372116,0.0001694098181954,0.1006732341379094,5.958411905847274e-05,0.1006732341379094,5.958411905847274e-05,0.1833751985757233,4.969744700918891e-05,0.1833751985757233,4.969744700918891e-05,0.5159689037732579,0.0001686206702384,0.3730749732577978,0.0002171742271902,0.3226778111870223,0.0001178518841756,0.6020598666577307,0.0001876612285904,0.4273976756999231,0.000708093829555
2023-03-01,2460005.208306386,-1.4136468267474505,-1.6032503790989319,0.16154095184992287,0.2078400821348961,4.0,-0.6622273867455815,-0.05575304151984775,1.7440832433566302,56,9,0.1467141978563736,0.0001979074770534,0.2429818766894508,8.855569297849713e-05,0.1730135321594459,8.044656308651529e-05,0.1784044468818893,8.356754262096697e-05,0.4704401276341163,0.0001673450839523,0.4704401276341163,0.0001673450839523,0.1009234250259753,5.897715966492493e-05,0.1009234250259753,5.897715966492493e-05,0.1833304978823265,4.91028726298577e-05,0.1833304978823265,4.91028726298577e-05,0.5156720995275242,0.0001672168127007,0.3729519025227554,0.0002145446910802,0.3208186962008088,0.0001164155841712,0.6025190047244018,0.0001899467388751,0.4265502700237668,0.0006993263665281
2023-03-03,2460007.3156803166,-0.1940444235127593,-0.3217138934643648,0.06991923478063478,0.5243543665205415,20.0,-0.6612170217759207,0.0016045179580906261,1.4497485624939053,248,43,0.1479119409105987,0.0001890544904958,0.2429553624537231,8.816615208199317e-05,0.1733264440313029,8.022846386630959e-05,0.1785665264344146,8.328503286466017e-05,0.4698215469827364,0.0001651753104122,0.4698215469827364,0.0001651753104122,0.1008848476648369,5.8203410924319106e-05,0.1008848476648369,5.8203410924319106e-05,0.1832967997206313,4.847853626407108e-05,0.1832967997206313,4.847853626407108e-05,0.5156919970302716,0.0001640871546036,0.3731447895753808,0.0002102184918733,0.3219288485061887,0.0001144692873976,0.6023317857803976,0.0001876801595022,0.4270520487015665,0.0007004775012127
2023-03-04,2460008.2919076034,1.938502526619927,1.8007653940674833,0.07025374063100126,0.3243762665072774,20.0,-0.6609090575153199,-0.008655623105088418,1.4235673417741013,241,44,0.1483921268277587,0.0001911843512009,0.2427539257883204,8.839513717902129e-05,0.1732255131102333,8.045596121114735e-05,0.1787063716946774,8.360590338404174e-05,0.4686578061695003,0.0001653184091522,0.4686578061695003,0.0001653184091522,0.1007744160025014,5.831013440696744e-05,0.1007744160025014,5.831013440696744e-05,0.183443790905465,4.860698464091875e-05,0.183443790905465,4.860698464091875e-05,0.516281157287731,0.0001645686476286,0.3731188399677162,0.000211116237803,0.3240782721985845,0.0001152402570879,0.5993523973628408,0.0001851166897737,0.426363580153755,0.0007032957550962
2023-03-05,2460009.2081095716,3.9240576608534203,3.7398961969720443,0.22573612520334405,0.00846989962159217,2.0,-0.6615366450346445,-0.0446878621971125,1.6820584364431,34,6,0.1491165807034974,0.0001998829670606,0.2436864383190047,8.838285759505897e-05,0.1737285611506326,8.038055898759437e-05,0.1791663906355773,8.344637046471808e-05,0.4699661183650472,0.0001658398175654,0.4699661183650472,0.0001658398175654,0.1011708711854374,5.8533826241177375e-05,0.1011708711854374,5.8533826241177375e-05,0.1833937474136462,4.8690521324023335e-05,0.1833937474136462,4.8690521324023335e-05,0.5155310544916573,0.0001656089447305,0.3731015536615209,0.0002128334848888,0.322067916999451,0.0001156408568654,0.6005716776758452,0.0001876317253086,0.425932599511343,0.0006992213516981
2023-03-08,2460012.3176532225,2.371208173488853,2.24594358993096,0.068289892343437,0.4650212586512414,21.0,-0.6597827236133665,0.003797206876886553,1.38003608838019,248,44,0.1501604401504394,0.0001910107841389,0.2432453318188433,8.816527579097385e-05,0.1735807659680681,8.023207796311193e-05,0.1788741066325058,8.326767297660538e-05,0.4692071108921612,0.000164523299001,0.4692071108921612,0.000164523299001,0.1010123712599883,5.8075110455557585e-05,0.1010123712599883,5.8075110455557585e-05,0.1835292093793384,4.836411195569676e-05,0.1835292093793384,4.836411195569676e-05,0.5156847539748808,0.0001637519967099,0.3733062508129389,0.0002100148452553,0.3230715009691635,0.0001144953978223,0.6009274052010659,0.000186047127245,0.4269823816871649,0.0007005357890488
2023-03-09,2460013.2908064206,2.294226359397625,2.1569526678851467,0.07321109294834213,0.5098757602463809,18.0,-0.6593851833860076,-0.0060061000198397725,1.3721218144403395,220,40,0.1502069007907892,0.0001891776651047,0.2437753289601771,8.839835993069426e-05,0.1737027153834493,8.03506793703041e-05,0.1788249472398735,8.332694765140404e-05,0.4700352737923845,0.000164440603614,0.4700352737923845,0.000164440603614,0.1015011137373288,5.8162934004966e-05,0.1015011137373288,5.8162934004966e-05,0.1834068230413998,4.829413879445324e-05,0.1834068230413998,4.829413879445324e-05,0.5145511423635021,0.0001630470594218,0.3732166879692451,0.0002089071085192,0.3206390286169296,0.0001135573743987,0.6027384093984263,0.0001893130222468,0.4273590880999043,0.0007018688937882
2023-03-13,2460017.311441507,0.7512418289109861,0.6209780818780642,0.10649315543574886,0.6553178192603005,9.0,-0.6581596205965147,-0.001692071399556675,1.4719743072577947,134,21,0.1477107282105895,0.0001949881453451,0.2432634080172784,8.951546157089014e-05,0.173254897054246,8.132811408008147e-05,0.1783847014335167,8.42050810462312e-05,0.47019367600087,0.0001672211286923,0.47019367600087,0.0001672211286923,0.1007936083903281,5.891313632878061e-05,0.1007936083903281,5.891313632878061e-05,0.1829992620550926,4.903388592697642e-05,0.1829992620550926,4.903388592697642e-05,0.5148798361129397,0.0001662754565895,0.3729268947269071,0.0002132606534264,0.3206259842594255,0.000115703818393,0.6034812246631671,0.0001922623054428,0.4269464612065315,0.0007071052387759
2023-03-14,2460018.2237952584,1.9125533193773054,1.743141582204853,0.18407645913990034,0.30093133408900563,3.0,-0.6577786444092443,-0.03534755202346547,1.528397694330101,92,9,0.147193442089364,0.0001935518872925,0.2433050637001986,8.973417256206166e-05,0.1733919975773785,8.159363813008723e-05,0.1783269675285756,8.437111783104184e-05,0.4708872074797167,0.0001674963049782,0.4708872074797167,0.0001674963049782,0.1007894939926897,5.8974858817689695e-05,0.1007894939926897,5.8974858817689695e-05,0.1827049325819946,4.90418945149127e-05,0.1827049325819946,4.90418945149127e-05,0.5144409600636464,0.0001662949663178,0.3731312144795202,0.0002131408372377,0.3189109435526309,0.000115340204926,0.600961764789147,0.0001939024363953,0.4280335938542572,0.0007107085263584
2023-03-17,2460021.414619872,-2.741422694254343,-2.8217820745560367,0.22687770086229517,0.07880967340743728,2.0,-0.6559350653983469,0.07700294120533055,1.4751054642180241,67,7,0.1451372887842066,0.0001921024041301,0.2424466503426519,8.963683753712766e-05,0.1728432318358433,8.158166538574236e-05,0.1780731717471607,8.438614460984057e-05,0.4696153910384807,0.0001675104833969,0.4696153910384807,0.0001675104833969,0.1005514444316256,5.896474372311672e-05,0.1005514444316256,5.896474372311672e-05,0.1832110750274374,4.916713954308554e-05,0.1832110750274374,4.916713954308554e-05,0.5155447996184249,0.0001665365007974,0.37265511750742,0.0002134165221854,0.3210369293103731,0.0001159411925686,0.6050136197081735,0.0001923393442984,0.4277996416094557,0.0007096771380079
2023-04-01,2460036.3042774037,-1.4109027658839242,-1.5402533817449668,0.06965526343591068,0.45278062335238684,20.0,-0.6404963277496418,0.0004722393706858601,1.2452836355888457,236,42,0.1454217515496252,0.0001858726468978,0.2420127051681512,8.952852478887548e-05,0.1722821419991133,8.147695270938528e-05,0.1779405165303257,8.431470426516584e-05,0.4691060825708749,0.0001651781475509,0.4691060825708749,0.0001651781475509,0.1002257001503684,5.811191881526544e-05,0.1002257001503684,5.811191881526544e-05,0.1829200981239183,4.849260830575432e-05,0.1829200981239183,4.849260830575432e-05,0.5168833036297198,0.0001643433200701,0.3728660071368517,0.000209920654098,0.323430610648659,0.000114807779116,0.6013136304765426,0.0001886492110902,0.427649295352324,0.0007104463016972
2023-04-02,2460037.298402941,0.13616125561809894,0.00503392155466366,0.07192259157520582,0.25801937637440714,19.0,-0.639245315013538,-0.0010686422229857417,1.2328175301881625,249,43,0.1458547850851254,0.0001878750525866,0.2421306901129725,9.00827396356168e-05,0.1722616827937806,8.192720209258876e-05,0.1781507390960962,8.487953733894016e-05,0.4682341246659021,0.0001659101274421,0.4682341246659021,0.0001659101274421,0.1001998225043055,5.843481543906821e-05,0.1001998225043055,5.843481543906821e-05,0.1829628867359252,4.877215866878025e-05,0.1829628867359252,4.877215866878025e-05,0.5169801782071535,0.0001653221662291,0.3729833142537046,0.0002114960144175,0.3244709045935864,0.0001157312082603,0.5997466568564727,0.0001881600145577,0.42681932722125,0.0007137106451503
2023-04-03,2460038.3055928894,-0.7770151277613179,-0.9056690391378582,0.06634990030840458,0.410765355587818,22.0,-0.6380436986787168,0.0010923722357498312,1.2406308385294376,247,46,0.1461387514584535,0.000185443551577,0.2422320621108339,8.945377587622502e-05,0.1724286301865512,8.13783531475819e-05,0.1780431533346704,8.418585892243394e-05,0.4687147262490193,0.0001648795225132,0.4687147262490193,0.0001648795225132,0.100376000701682,5.806182899906743e-05,0.100376000701682,5.806182899906743e-05,0.1828155765191078,4.839686796624775e-05,0.1828155765191078,4.839686796624775e-05,0.516382233937221,0.0001641455738087,0.3730603135238386,0.0002099288478181,0.3234220437288289,0.0001147369478829,0.6023550741398449,0.0001888033469151,0.4265413062404272,0.0007075338040555
2023-04-04,2460039.321366014,-1.5253874703298549,-1.6491806711834764,0.07436683520581788,0.5115439055202949,18.0,-0.6366657585451821,0.006355598392571751,1.2213795920446977,244,41,0.1465548391299397,0.000187285204028,0.2421038626166446,9.093271349535972e-05,0.1723241693961234,8.27120947297128e-05,0.1780388382813786,8.557897850275706e-05,0.4682290816294217,0.0001674713034868,0.4682290816294217,0.0001674713034868,0.1004332107963021,5.9042646106512904e-05,0.1004332107963021,5.9042646106512904e-05,0.1829236950434458,4.922143135568774e-05,0.1829236950434458,4.922143135568774e-05,0.5169385353044506,0.0001670170303221,0.3732278744850593,0.0002135232628977,0.3247989561424345,0.0001170295101788,0.596726233350295,0.0001885030337843,0.4257000012566875,0.0007179144722202
2023-04-05,2460040.212951469,-0.739463791512815,-0.8987236045818879,0.1442531764324993,0.2586818318373732,5.0,-0.6364465157802796,-0.02461762908462174,1.3571111060024716,92,11,0.1466904742673771,0.0001940698336079,0.2426335677624271,9.16086943672565e-05,0.1726075490086245,8.331432798816372e-05,0.1779409607810102,8.59984792512046e-05,0.4691624940706652,0.0001696040933825,0.4691624940706652,0.0001696040933825,0.1006614171573752,5.979105809493783e-05,0.1006614171573752,5.979105809493783e-05,0.1827112062450248,4.977237388793042e-05,0.1827112062450248,4.977237388793042e-05,0.5164075714458595,0.0001697326276404,0.3731121078355616,0.0002170613091866,0.3226479847521867,0.000118461674975,0.6007107274849044,0.0001935906208508,0.4271415966807849,0.0007227528890443
2023-04-06,2460041.303269979,-1.463956020305381,-1.5930126603115493,0.1175555039931172,0.31586177359516215,7.0,-0.6338990617732635,0.0017909354568218863,1.1593951674072132,142,22,0.1468962573924069,0.0001862437300833,0.2423121572977733,9.06055111160414e-05,0.17262515874671,8.249843930091735e-05,0.1781206355029465,8.528050080436577e-05,0.4692527148860064,0.0001667824130741,0.4692527148860064,0.0001667824130741,0.1008081499677432,5.885708090527162e-05,0.1008081499677432,5.885708090527162e-05,0.182722251734538,4.893739602536394e-05,0.182722251734538,4.893739602536394e-05,0.5160327726734741,0.0001660110716299,0.3731067724284865,0.0002119751944346,0.3224652372646318,0.000115873663551,0.6030212309999397,0.0001922273822976,0.4271620876891626,0.0007169094031798
2023-04-08,2460043.2605070504,-0.10340476345689924,-0.24462541478448613,0.10913507825516387,0.2790353785053264,8.0,-0.6317108871785451,-0.010849145796316326,1.1952195207385685,160,22,0.1463457626359925,0.0001846875701549,0.2421923981440375,8.983387265488378e-05,0.1725558697346614,8.180415878604034e-05,0.1781743042854281,8.456653080722427e-05,0.4689998532296439,0.0001648608322759,0.4689998532296439,0.0001648608322759,0.1005227745549395,5.809825619786462e-05,0.1005227745549395,5.809825619786462e-05,0.182833478556395,4.839785862508095e-05,0.182833478556395,4.839785862508095e-05,0.5162297593721118,0.0001640031595456,0.3731320294262862,0.0002094113292651,0.322594018585417,0.0001144857160179,0.6026725103066063,0.000190454422877,0.426960479585108,0.0007104290374142
2023-04-09,2460044.342282021,0.4320670260544749,0.31424649342151945,0.08152539889621967,0.24898668192388504,15.0,-0.6299917048805785,0.01770916670805546,1.1761862466394664,217,35,0.146543522175703,0.0001888348865887,0.2425727956036314,9.13765942486542e-05,0.1726750029857007,8.314034854603849e-05,0.1785502471035898,8.604793695127325e-05,0.4695899334686086,0.0001677380861469,0.4695899334686086,0.0001677380861469,0.1005427600895172,5.909782823944526e-05,0.1005427600895172,5.909782823944526e-05,0.1828133877144431,4.921584922029194e-05,0.1828133877144431,4.921584922029194e-05,0.5157754361151058,0.0001666958099247,0.3729805598743381,0.0002128892619007,0.3214908491239585,0.0001160697509112,0.6046127508812865,0.0001952751137839,0.4276139849478453,0.0007218958353888
2023-04-10,2460045.257301292,1.1290464768483834,0.9869236925890708,0.09581641164819578,0.24035310893196943,11.0,-0.6293999144495719,-0.008961972826725563,1.2436419289643108,204,27,0.146726152146381,0.0001916527647892,0.2425805465884332,9.204715344545588e-05,0.1728691220277877,8.38567565556102e-05,0.1786283050944561,8.667765518778219e-05,0.4695637676227407,0.0001687897950957,0.4695637676227407,0.0001687897950957,0.1003377106316963,5.93755120460935e-05,0.1003377106316963,5.93755120460935e-05,0.183069986541435,4.954734305782869e-05,0.183069986541435,4.954734305782869e-05,0.516333529679095,0.0001676678712599,0.3728842308715336,0.0002141331776017,0.3228440464548274,0.0001170730267019,0.6044633296678149,0.0001950167902785,0.427513269615644,0.0007275892055619
2023-04-12,2460047.316528736,2.54672944906436,2.420539754167977,0.1760451315769873,0.18305677458814673,3.0,-0.625730094132152,0.0045081101955148665,1.0931047540234007,102,11,0.1476386722785886,0.0001816500189603,0.2429048887909017,9.020704167207128e-05,0.1732250434996401,8.220130213298304e-05,0.1787688803138683,8.484758592945342e-05,0.4697061051112887,0.0001638765848367,0.4697061051112887,0.0001638765848367,0.1003484727229551,5.7633352029687466e-05,0.1003484727229551,5.7633352029687466e-05,0.1831886155386926,4.810930399343136e-05,0.1831886155386926,4.810930399343136e-05,0.5159834245274252,0.0001619237427991,0.3731516396933454,0.0002065140237988,0.322366275634994,0.0001129440360592,0.6024673648074853,0.0001900777311087,0.4265519653887469,0.0007104289908258
2023-04-13,2460048.325020101,1.29523420565563,1.1719459471479907,0.07475971865487473,0.4400431795652123,16.0,-0.6248565815493609,0.008771777626463143,1.1759760548992204,198,35,0.1479738799719065,0.0001781965075176,0.2431712167244215,8.768568253780782e-05,0.1735559174837942,7.987379380117522e-05,0.1787101370202422,8.2377818449784e-05,0.4699099160658725,0.0001596344097336,0.4699099160658725,0.0001596344097336,0.1007618768175604,5.624182486648212e-05,0.1007618768175604,5.624182486648212e-05,0.1834479767254073,4.687972034701913e-05,0.1834479767254073,4.687972034701913e-05,0.515755189330179,0.0001580540559966,0.3731831045107894,0.0002016312132368,0.3213936624642626,0.0001100491715135,0.6038485220361768,0.000186218736895,0.4269983943794408,0.0006905602576947
2023-04-14,2460049.3161264802,0.743940813664057,0.6175280345618016,0.07296702355772933,0.31737457052640383,17.0,-0.623559954188977,0.004074918250641193,1.1736685111946679,240,43,0.1484099986785125,0.0001797581562009,0.2430635889259935,8.824598152110919e-05,0.1735902048329099,8.036964372812152e-05,0.1788585853349161,8.290724095411355e-05,0.4696580870161547,0.000160627784011,0.4696580870161547,0.000160627784011,0.1008348388139371,5.6637985555836906e-05,0.1008348388139371,5.6637985555836906e-05,0.1836260138395511,4.722683929055807e-05,0.1836260138395511,4.722683929055807e-05,0.51554316750494,0.0001593098763139,0.3732562955453771,0.0002033104174431,0.3213593642541739,0.000110947955256,0.6033178046427691,0.0001867206445638,0.4276027741566209,0.0006937535555545
2023-04-15,2460050.301983746,1.9567895572122918,1.8267869827056427,0.0634219281063718,0.4233911860232924,23.0,-0.6223189327889073,-0.0005119770201710422,1.1766409280068888,249,47,0.1486744030079435,0.0001827741218389,0.2433518225314351,8.89750570637485e-05,0.1736528337577269,8.10111376209648e-05,0.1791455305100192,8.363368027277845e-05,0.4697091166199342,0.0001617864629646,0.4697091166199342,0.0001617864629646,0.1009521604153611,5.709761021205484e-05,0.1009521604153611,5.709761021205484e-05,0.1836001555698551,4.756072234570286e-05,0.1836001555698551,4.756072234570286e-05,0.5155262435529332,0.0001604413075984,0.373107492419699,0.0002048885620244,0.3210970554972582,0.0001116790352936,0.604262634835079,0.0001885216621386,0.4280782833636518,0.0006999766167778
2023-04-16,2460051.2845210815,2.273763316328639,2.139367003016182,0.07245155736066015,0.44540356550118854,18.0,-0.6210552430345153,-0.001921277181238775,1.1765394637972877,214,37,0.1485922705082034,0.000184731014171,0.2433571313296468,9.00839702612387e-05,0.173708608832471,8.211194588444432e-05,0.1791391797036536,8.469221308996098e-05,0.4699531408310567,0.0001636716234627,0.4699531408310567,0.0001636716234627,0.100822748761326,5.769156816095694e-05,0.100822748761326,5.769156816095694e-05,0.1837978402212743,4.81270927859325e-05,0.1837978402212743,4.81270927859325e-05,0.515617180182162,0.0001621842688169,0.3729183032423743,0.0002068288743019,0.3215294108785163,0.0001129050471548,0.6043566309919354,0.0001905682208033,0.4274689635377454,0.0007089240980242
2023-04-17,2460052.304907515,1.8686244522603326,1.7393000091199333,0.06552722955261216,0.3170765759458348,22.0,-0.6195710478406838,0.000367666889829733,1.1703287586342388,250,46,0.1484628299791752,0.0001843257727943,0.2428506086395699,9.011840255765768e-05,0.1736667182641865,8.226815547922099e-05,0.1790268192975221,8.483094714998156e-05,0.4695506786364204,0.0001637933678072,0.4695506786364204,0.0001637933678072,0.1005973469853086,5.768681986721323e-05,0.1005973469853086,5.768681986721323e-05,0.1837441972971893,4.816958778970609e-05,0.1837441972971893,4.816958778970609e-05,0.515948372108033,0.0001623217006082,0.3730836029031421,0.0002070701016738,0.3224842973540123,0.000113260666439,0.6023118532931843,0.0001895622042892,0.427690735851298,0.0007106943713385
2023-04-18,2460053.2940766215,1.9801825008779006,1.8488990127966243,0.15356994807691346,0.35830810640801525,4.0,-0.6177236842957776,-0.002200613551895925,1.0797505509820087,137,15,0.1477850591079331,0.0001834316872869,0.2426270409996341,9.07175079507506e-05,0.1732656972494735,8.278630215304403e-05,0.1785912295017206,8.539474273204442e-05,0.4695155164574929,0.0001648040789356,0.4695155164574929,0.0001648040789356,0.1005481849649555,5.8058158452750655e-05,0.1005481849649555,5.8058158452750655e-05,0.1837203530798751,4.8481508843134104e-05,0.1837203530798751,4.8481508843134104e-05,0.5163815543537541,0.0001632096060692,0.3731570258619694,0.0002081307412847,0.322810404507231,0.0001139354496789,0.6022696087495222,0.0001909274765638,0.426558396158034,0.0007143889087842
2023-04-19,2460054.301896426,0.11711553215314002,-0.012660835882318163,0.066309836353296,0.6908458144786821,22.0,-0.6168611952975709,-0.00011931878131353617,1.1746897277412076,250,46,0.1473720586536523,0.0001855687348336,0.2423848574570798,9.088963486823618e-05,0.1732164894871496,8.299492674840185e-05,0.1784304014677711,8.556785336927206e-05,0.4691500565673864,0.00016535153977,0.4691500565673864,0.00016535153977,0.1003779069682624,5.8203415292693624e-05,0.1003779069682624,5.8203415292693624e-05,0.1835753189723661,4.863253404817573e-05,0.1835753189723661,4.863253404817573e-05,0.5164243939766354,0.0001639561856325,0.3729297272768869,0.0002092455334546,0.3233645037083676,0.0001146122942298,0.6010588384080583,0.0001905583006019,0.4271247433055458,0.0007169395095075
2023-04-20,2460055.3068964835,-0.2845699139119303,-0.41323321058922763,0.0647312105223684,0.3924201453982754,23.0,-0.6154101891948276,0.0008984246243574391,1.169501890473919,252,47,0.1472744967000401,0.0001848874359828,0.2425169383098509,9.109365744833956e-05,0.1729811644346386,8.307593005655023e-05,0.1784123431061111,8.573119527168272e-05,0.4690449074445142,0.0001654261946902,0.4690449074445142,0.0001654261946902,0.1003217377339049,5.8212800930342926e-05,0.1003217377339049,5.8212800930342926e-05,0.1834189403562131,4.862935020605408e-05,0.1834189403562131,4.862935020605408e-05,0.5162125420700951,0.0001641046826226,0.3730643866696704,0.0002093146939664,0.3233523539437333,0.0001147379081447,0.601715665609991,0.0001912612679749,0.4263942162509699,0.0007169360791429
2023-04-21,2460056.305483885,-1.027345660933137,-1.1563969398355542,0.06275734184881561,0.5639961006751989,24.0,-0.6139569322122013,0.00052462431252425,1.160313997664002,254,48,0.1473728807346475,0.0001833382117597,0.242459438174848,9.030224570932543e-05,0.1729964441613756,8.2404107469526e-05,0.1785863968133615,8.506060090278092e-05,0.4694163214197657,0.0001640731569368,0.4694163214197657,0.0001640731569368,0.1006252360735258,5.780797798357507e-05,0.1006252360735258,5.780797798357507e-05,0.1832756577988288,4.819692656381289e-05,0.1832756577988288,4.819692656381289e-05,0.5163451313694577,0.000162719187967,0.3731203059843316,0.0002074660560728,0.322711775716148,0.000113559427627,0.6028288508432847,0.0001905819053863,0.4272547274682813,0.0007124638587983
2023-04-22,2460057.29805809,-1.0415679415483328,-1.1725478522555473,0.06517545877194601,0.36656936104509635,22.0,-0.6125504909393468,-0.0009137927903627,1.153997753097302,247,45,0.1466082699234464,0.0001815605260322,0.2425475375417223,9.020212659633431e-05,0.1729935159342683,8.22415768342338e-05,0.17814705597831,8.468210683397983e-05,0.4701898926276765,0.0001638949956528,0.4701898926276765,0.0001638949956528,0.1006608766219216,5.7697767760220674e-05,0.1006608766219216,5.7697767760220674e-05,0.1831683344247852,4.808542050239369e-05,0.1831683344247852,4.808542050239369e-05,0.5155941740281308,0.0001621819983547,0.3729830739800183,0.0002066237738996,0.3206725033593954,0.0001127962085136,0.6044893437077686,0.000192593711565,0.4273142255600463,0.0007100020299911
2023-04-23,2460058.339561967,-0.5455380970013884,-0.6662022090439182,0.09158388344363404,0.31106598728404017,12.0,-0.6108192342093478,0.015559638657308125,1.1393630891962012,176,28,0.1461821493823659,0.0001889860187654,0.242441867058574,9.317703131557458e-05,0.1727537819177593,8.493146213102369e-05,0.178043454473123,8.744618532825341e-05,0.4705106658905771,0.0001695572921214,0.4705106658905771,0.0001695572921214,0.1006105784793769,5.962904604419623e-05,0.1006105784793769,5.962904604419623e-05,0.1830702212597101,4.970578600822309e-05,0.1830702212597101,4.970578600822309e-05,0.5147772509652161,0.0001677463405138,0.3731221090662683,0.0002137632702645,0.3203911121382887,0.0001165929519273,0.6052731124742099,0.0001995125902786,0.4272921894075671,0.000731930907177
2023-04-24,2460059.306290668,0.06661467001461736,-0.06231738902033865,0.06545407834408984,0.6358538185206679,24.0,-0.6096815932625478,0.0012136163074726498,1.1557618658624078,252,48,0.1457382799280605,0.0001909462814299,0.2422224944980632,9.429896867053536e-05,0.172658234560521,8.594049980220283e-05,0.1780704747251744,8.860207123698422e-05,0.4696995634222649,0.0001714603651684,0.4696995634222649,0.0001714603651684,0.1004208113949992,6.031982635545737e-05,0.1004208113949992,6.031982635545737e-05,0.1830555185522319,5.030883677848328e-05,0.1830555185522319,5.030883677848328e-05,0.5160799854933168,0.0001699610422133,0.3727801909898733,0.0002165185761345,0.3221246277304163,0.0001185729934863,0.604297183262472,0.0001998383655512,0.4274788357545656,0.00074117433816
2023-04-25,2460060.297861031,0.2903950649044179,0.15941638194217245,0.07110396318522884,0.5190019251079023,20.0,-0.6083293171363378,-0.001906002940583754,1.1571475692497508,235,43,0.1455038912866233,0.0001891693428181,0.2420904115689204,9.324937714264116e-05,0.1726665920093701,8.504431287815818e-05,0.1780403894022039,8.763135298963295e-05,0.4693285534542595,0.0001695272555514,0.4693285534542595,0.0001695272555514,0.1004729136284929,5.9705495682405344e-05,0.1004729136284929,5.9705495682405344e-05,0.1831206740483662,4.978540781721361e-05,0.1831206740483662,4.978540781721361e-05,0.516099531637885,0.0001682289829038,0.3728383870932429,0.0002144493506281,0.3223111694267699,0.0001173908176708,0.6030546683569522,0.0001970754214496,0.4267771053354518,0.0007319069928693
2023-04-26,2460061.3044808996,0.6789457172519114,0.5494296957339441,0.06428193881279151,0.43430165544032534,24.0,-0.606816887824203,0.0006030012789919719,1.1472405386391167,254,48,0.1459122263381204,0.0001873633273929,0.2423116423170243,9.242209307459392e-05,0.1727601484696719,8.425941818529817e-05,0.1784093540745154,8.691294113538405e-05,0.4693554788416793,0.0001678942093405,0.4693554788416793,0.0001678942093405,0.1003952305267802,5.9081964308903215e-05,0.1003952305267802,5.9081964308903215e-05,0.1831506169563629,4.930172947746617e-05,0.1831506169563629,4.930172947746617e-05,0.5164449828904245,0.0001667418092792,0.3728533974926937,0.0002125817772423,0.3230237441056652,0.0001164872952785,0.6023907488432315,0.0001939100194081,0.4267793971297116,0.0007248943438977
2023-04-27,2460062.305583285,0.9864186042507271,0.8571382103778833,0.07448660885038991,0.6218629414111781,18.0,-0.6053904261063958,0.000706299529239384,1.1435276083499888,234,41,0.1461621196943844,0.0001883314585311,0.2423991242840884,9.25814841230473e-05,0.1730095057643905,8.449424245178732e-05,0.1785816742440768,8.712082338499856e-05,0.4693083919874022,0.0001682129538367,0.4693083919874022,0.0001682129538367,0.1004563309061924,5.922115161610351e-05,0.1004563309061924,5.922115161610351e-05,0.1831801680649624,4.9398340699182805e-05,0.1831801680649624,4.9398340699182805e-05,0.5163105613701497,0.0001670424889467,0.3727973982931626,0.000212967506717,0.3225854002221577,0.0001165933979627,0.6031587887103937,0.0001952604763763,0.4262586897658652,0.0007258197046968
2023-04-28,2460063.310157128,1.3176693901330327,1.189629150752771,0.07920228308251534,0.26846087516925377,16.0,-0.603927464356628,0.0025781592324235444,1.1352336302611552,226,38,0.146549895411872,0.0001888834226448,0.2427599425137759,9.2901739288793e-05,0.1732934067554262,8.478290877428341e-05,0.1786406001742898,8.729641857151618e-05,0.4693454301575619,0.0001685315864944,0.4693454301575619,0.0001685315864944,0.1004326629017766,5.93024185240996e-05,0.1004326629017766,5.93024185240996e-05,0.1830952502897716,4.947247648616321e-05,0.1830952502897716,4.947247648616321e-05,0.5160644816014655,0.0001671996154392,0.3729180865978941,0.0002133138056449,0.3224758470093397,0.0001167083090333,0.6043697630659427,0.0001962193428792,0.4268525973168869,0.000728481752527
2023-04-29,2460064.296592502,0.3462505618564577,0.21498135065084337,0.07517696917246748,0.27074085455246877,18.0,-0.6025767204422028,-0.0014843362258229057,1.1270831671837382,237,42,0.1464103391662625,0.0001908910884847,0.2425159215108168,9.36939307609625e-05,0.1731632899810623,8.556142577393331e-05,0.1786765862486016,8.816691330083788e-05,0.4686746490906537,0.0001698046072601,0.4686746490906537,0.0001698046072601,0.1005953778563215,5.988060814958922e-05,0.1005953778563215,5.988060814958922e-05,0.1832714365990023,4.992453029140552e-05,0.1832714365990023,4.992453029140552e-05,0.5165828946048023,0.0001687865455507,0.3728533633731485,0.0002152409378029,0.323324078463175,0.0001179528119908,0.6020270787177676,0.0001963038118875,0.4272736199603668,0.000736573223943
2023-05-02,2460067.310141848,-1.6940790560562784,-1.8225164844612018,0.0676634786692117,0.5598833225111167,21.0,-0.5984434729423435,0.002667577542457624,1.1271793797023653,248,45,0.1463282130136152,0.0001847942747417,0.2427730064596448,9.1098394413905e-05,0.1730068584979396,8.296661065895551e-05,0.1784038094479109,8.541692370749833e-05,0.4699243699091137,0.0001651996244761,0.4699243699091137,0.0001651996244761,0.1005514204614237,5.814038906598943e-05,0.1005514204614237,5.814038906598943e-05,0.1830367872594884,4.846029597062919e-05,0.1830367872594884,4.846029597062919e-05,0.5157910007227217,0.0001641145683988,0.3729227423977815,0.000209397072831,0.32139337403811,0.0001143066488936,0.6050608568895461,0.0001927229640783,0.4267008898649057,0.0007105305026044
2023-05-03,2460068.227566886,-0.8635588413344424,-1.009248727886725,0.12836590016876195,0.28742425083998563,6.0,-0.59799977784148,-0.01515096258906645,1.1761749817162408,117,16,0.1467163965100515,0.0001886497382889,0.2427008768081896,9.23325969640948e-05,0.1729676921567902,8.409958404505628e-05,0.1784941722990988,8.656186250845e-05,0.4696313842512785,0.0001673724323701,0.4696313842512785,0.0001673724323701,0.1006901838461565,5.898934489675389e-05,0.1006901838461565,5.898934489675389e-05,0.1832774674616204,4.917852971599157e-05,0.1832774674616204,4.917852971599157e-05,0.5155970637874099,0.0001664924872923,0.3728417950925266,0.0002125495896017,0.3213721352997063,0.0001159900347565,0.6042149690385407,0.0001948799509989,0.4265716797131871,0.0007188357075653
2023-05-04,2460069.306554307,0.7150042167619722,0.5856662148472741,0.06633553708280891,0.2343139605083516,22.0,-0.5959177982750503,0.00036620829726037807,1.1307827329343956,250,46,0.1468400297275637,0.0001852421383578,0.2427737948062426,9.16934381860134e-05,0.1729305786903531,8.352932181133388e-05,0.1784021551481606,8.60431118662885e-05,0.4691689938678601,0.0001657532640803,0.4691689938678601,0.0001657532640803,0.1008459249516352,5.850795536044531e-05,0.1008459249516352,5.850795536044531e-05,0.1834880869620007,4.87521166899732e-05,0.1834880869620007,4.87521166899732e-05,0.5156072863729472,0.0001645593190227,0.3728987580590382,0.000210072130727,0.3217838738597242,0.0001147259329178,0.6030958061170009,0.0001927950968975,0.425926477779105,0.0007139941357671
2023-05-05,2460070.310053292,2.4621540434814047,2.333638041283033,0.0635097824720479,0.4190345409807959,23.0,-0.5945811075026534,0.0019667954323314865,1.119473606615777,253,47,0.1473208761956569,0.0001811278005816,0.242730653779587,8.988915711714948e-05,0.1731917405947438,8.200335663589454e-05,0.1783982268272154,8.448101563606884e-05,0.4694333811427738,0.0001626672842663,0.4694333811427738,0.0001626672842663,0.1008192167394668,5.737313493844662e-05,0.1008192167394668,5.737313493844662e-05,0.1833578759983336,4.780698257507227e-05,0.1833578759983336,4.780698257507227e-05,0.5153418006149015,0.0001614347358728,0.3729059242198496,0.0002061561977498,0.3221752232470592,0.0001126937348779,0.602672886302234,0.000190109671732,0.4278918447745539,0.0007041912558982
2023-05-06,2460071.305663964,2.581761416527819,2.4521549162240683,0.06400719711128353,0.3273708135933902,23.0,-0.5934565308931169,4.950343063909439e-05,1.1301365498441975,252,47,0.1476658779936733,0.0001830481280343,0.2429705363509862,9.039719210646638e-05,0.1729992080991239,8.236301629120384e-05,0.1785507156298866,8.499184069464634e-05,0.468552427167123,0.0001631166792874,0.468552427167123,0.0001631166792874,0.1006151208352462,5.753288337446403e-05,0.1006151208352462,5.753288337446403e-05,0.1833987284240881,4.798986452790928e-05,0.1833987284240881,4.798986452790928e-05,0.5162217553386311,0.0001622541013094,0.3730749549182755,0.0002072752676084,0.3233114956541009,0.0001134017575213,0.6019748923728966,0.0001893428890752,0.4268235944716713,0.0007074416298034
2023-05-07,2460072.27713094,3.554174136935767,3.4191504131812436,0.08962496592092035,0.45103680800934814,12.0,-0.5924014789195161,-0.004390482777351116,1.12050428298523,202,30,0.147776821084235,0.0001858681508848,0.242696438621655,9.15587343348154e-05,0.1731527677283355,8.357951441985199e-05,0.1787829417390925,8.623538301724902e-05,0.4687189518249787,0.0001653916926839,0.4687189518249787,0.0001653916926839,0.1006493036623375,5.8322928075562495e-05,0.1006493036623375,5.8322928075562495e-05,0.1833500437531065,4.86329902036562e-05,0.1833500437531065,4.86329902036562e-05,0.5162263923457786,0.0001644422499852,0.3728169902467511,0.0002099027535798,0.3235849256893776,0.00011499627688,0.6019132895835014,0.0001918286311229,0.4276326387540391,0.0007183798278974
2023-05-08,2460073.3045271514,3.3424968456993045,3.2127009754684317,0.06553832852193084,0.5185914615611485,23.0,-0.5910910972742563,-7.207690964334739e-05,1.1250226275030535,250,47,0.148239625068409,0.0001880363498394,0.2429223931978094,9.253652416056257e-05,0.173358021447834,8.449714629567729e-05,0.1788901591930431,8.710105432336486e-05,0.4686661026007502,0.00016681490638,0.4686661026007502,0.00016681490638,0.1006533798242916,5.883416244845988e-05,0.1006533798242916,5.883416244845988e-05,0.1833855273094594,4.907575173286618e-05,0.1833855273094594,4.907575173286618e-05,0.5161397861560569,0.000165711197753,0.37303100252276,0.0002117152703339,0.323626300654736,0.0001159127028818,0.6025062230147433,0.000193895950611,0.4274119245602614,0.0007254556525382
2023-05-09,2460074.3059723573,1.4388291763790106,1.3093015562911468,0.06437217028541733,0.3130268856815533,23.0,-0.5899576111632612,0.00023256448054193807,1.1236105022079703,250,47,0.1489473692082683,0.0001846137649171,0.2431498439606925,9.085278063272536e-05,0.1737213196947941,8.298595553571416e-05,0.1791106569162764,8.549911173650085e-05,0.4688353757593885,0.0001638933393419,0.4688353757593885,0.0001638933393419,0.1008240933821432,5.7841821306082535e-05,0.1008240933821432,5.7841821306082535e-05,0.1833155494489382,4.819237917291471e-05,0.1833155494489382,4.819237917291471e-05,0.5158609940651568,0.0001629856362402,0.3729319271219439,0.0002079882350005,0.3231310666935734,0.0001139349600475,0.6036514356029545,0.000190972182652,0.4275406849355057,0.0007107592216235
2023-05-10,2460075.329075769,-0.2680471422097835,-0.39333868480417084,0.07329025572156674,0.515585847730341,18.0,-0.5886084748878772,0.009778166633736584,1.1070240012406205,235,40,0.1485720912267225,0.0001855587339569,0.2428959736147932,9.150386178532733e-05,0.1733312806042081,8.348692913825651e-05,0.1787553246657661,8.605430673831853e-05,0.468792983904078,0.0001653542741459,0.468792983904078,0.0001653542741459,0.1007579607972311,5.83393932352992e-05,0.1007579607972311,5.83393932352992e-05,0.1834067142227206,4.8632681195112055e-05,0.1834067142227206,4.8632681195112055e-05,0.5160508887911606,0.000164465985701,0.3731586463864607,0.0002102374337562,0.3237773571751489,0.0001151294150239,0.600147492323533,0.0001903552980725,0.4267820637027266,0.0007141312359118
2023-05-11,2460076.303485557,-0.8019060966933084,-0.9321792416780471,0.07046333865645593,0.42557600781171834,19.0,-0.5877607704899122,-0.0016285394877329367,1.1131643150045807,244,42,0.1485073307248861,0.0001834769181239,0.2431101236235034,9.112616679190576e-05,0.1732607205858666,8.307981692372998e-05,0.1787108905140927,8.563734465855124e-05,0.4694576674915801,0.0001642614667778,0.4694576674915801,0.0001642614667778,0.1008864468871797,5.794497163316535e-05,0.1008864468871797,5.794497163316535e-05,0.1831436606054429,4.823523231788797e-05,0.1831436606054429,4.823523231788797e-05,0.515308534300987,0.0001629608025284,0.3730996019643379,0.0002080459034782,0.3216626578175604,0.0001136526455288,0.6038769325423997,0.0001928227321679,0.4276365560346024,0.0007127550712982
2023-05-12,2460077.2953901207,0.4659481444865777,0.33454636356565887,0.07084520065848256,0.4201907353389799,19.0,-0.5868879398633243,-0.0027607905965722573,1.1296390159678378,242,41,0.1482086703996319,0.0001845601441609,0.2429605872422626,9.129825946106212e-05,0.173196153649938,8.32752234996287e-05,0.178731040347667,8.584018187383414e-05,0.4697267085655406,0.0001646674459972,0.4697267085655406,0.0001646674459972,0.1008038996270442,5.805091049275217e-05,0.1008038996270442,5.805091049275217e-05,0.1830140735094402,4.832868270532597e-05,0.1830140735094402,4.832868270532597e-05,0.5149259101466854,0.0001632769677739,0.3729957711401069,0.0002084618752663,0.3206526246900819,0.0001136551661672,0.6053486117869982,0.0001946186454192,0.4275359424759186,0.0007136987512179
2023-05-13,2460078.294666212,1.7644392830787632,1.6326977042471644,0.07888996988170363,0.5030624896393191,17.0,-0.5857942188445694,-0.003178625027708647,1.1149854772015582,241,41,0.1475315601185175,0.0001958467296112,0.2433120883181104,9.558920357630337e-05,0.1731148823029857,8.71019688736551e-05,0.1784504824939694,8.965315467623047e-05,0.4704490281339462,0.0001730170854752,0.4704490281339462,0.0001730170854752,0.1005580562661053,6.085449487420658e-05,0.1005580562661053,6.085449487420658e-05,0.1828030930376986,5.0693803518898794e-05,0.1828030930376986,5.0693803518898794e-05,0.5146767501582071,0.0001716229670224,0.3731592285221244,0.0002193501715547,0.3203109963864042,0.0001194060144324,0.6057667499200559,0.000204230626192,0.4279654467166809,0.0007455245608781
2023-05-14,2460079.234095029,1.4567688686278317,1.3143075663194013,0.12490048240435242,0.3791091004776831,7.0,-0.5854276804610299,-0.023938607757916414,1.1461634352134653,139,18,0.1469213125309544,0.0001978135011774,0.2432503374278874,9.672213371086877e-05,0.1732272326752202,8.815803121788179e-05,0.1783152729716162,9.05879680942892e-05,0.4707762552161163,0.0001751773695312,0.4707762552161163,0.0001751773695312,0.1006018908348337,6.162105740331681e-05,0.1006018908348337,6.162105740331681e-05,0.1826877620059384,5.130335474455447e-05,0.1826877620059384,5.130335474455447e-05,0.5143844233188865,0.0001736500658648,0.3731528338266584,0.0002218415259857,0.3185715344813327,0.0001203858421671,0.6067743562649021,0.0002081269640605,0.4279506476375824,0.0007524873907794
2023-05-15,2460080.2386855735,0.7590085515095881,0.6175875331448996,0.12351821704545439,0.5227423490987132,7.0,-0.5843645804511481,-0.010653835979460612,1.134705821551546,133,21,0.1463035635586679,0.0001975653989978,0.2435164419326114,9.495480043122888e-05,0.1733699954117972,8.644549464104967e-05,0.1784009500893109,8.870520884027862e-05,0.4723713508286362,0.0001723917761174,0.4723713508286362,0.0001723917761174,0.1006147399385105,6.054332397550435e-05,0.1006147399385105,6.054332397550435e-05,0.1824062784050601,5.035714570043121e-05,0.1824062784050601,5.035714570043121e-05,0.5126937852496128,0.0001710058339323,0.3730222472672429,0.0002190260707802,0.3151742257967254,0.0001177850431172,0.6047617439490199,0.0002063312786067,0.4286694272033062,0.0007360728885178
2023-05-16,2460081.264320501,-1.36356454418204,-1.4993568882592172,0.3328181722061386,0.0,1.0,-0.5827488619852028,-0.0078745964421172,1.0573578071294332,38,4,0.1460088945423019,0.0002033153485137,0.2437907828182528,9.743996353690657e-05,0.1733574332682476,8.863709053723628e-05,0.1779834002201207,9.068961847209792e-05,0.4723966717278989,0.0001767787725593,0.4723966717278989,0.0001767787725593,0.1004987798988059,6.206589466065038e-05,0.1004987798988059,6.206589466065038e-05,0.1823485410293271,5.165606946178568e-05,0.1823485410293271,5.165606946178568e-05,0.5127411777921468,0.0001754264008549,0.3728933512840095,0.0002245966167724,0.3141690669918232,0.0001205614526997,0.6033410534148026,0.000211717376479,0.4284899744168118,0.000754286832005
2023-05-17,2460082.3026086795,-1.9790164017307532,-2.109424603224151,0.24377747191225746,0.3522052532339618,2.0,-0.5817156928981432,-0.0014704069668444002,1.0730220198287483,58,4,0.1458478716164727,0.0002086626335984,0.2435928578850504,0.0001009469933051,0.1732165333678493,9.183375462517676e-05,0.1782818309458437,9.411965312822316e-05,0.4719675577649303,0.0001826707976898,0.4719675577649303,0.0001826707976898,0.1005513454194176,6.416694111011206e-05,0.1005513454194176,6.416694111011206e-05,0.1825617070340013,5.341035470492163e-05,0.1825617070340013,5.341035470492163e-05,0.5131031111529182,0.0001812188775514,0.372705260429897,0.0002317027411082,0.3152372923889229,0.0001248284957177,0.6035790038622546,0.0002182424084373,0.4302245577367442,0.0007827941105021
2023-05-20,2460085.2354823793,0.8001194811369263,0.6592118563002548,0.1297591634600203,0.28835484061512534,6.0,-0.5799295180457318,-0.028319861826715503,1.1303164889669917,106,16,0.1470895281602953,0.0001896645309905,0.2436594908520868,9.509942302592976e-05,0.1735748227714692,8.668254614883245e-05,0.1787349159270785,8.902118413187082e-05,0.4702319820771421,0.0001703500039991,0.4702319820771421,0.0001703500039991,0.1012292427744974,6.01328857307876e-05,0.1012292427744974,6.01328857307876e-05,0.1836056218385948,5.0047430480451704e-05,0.1836056218385948,5.0047430480451704e-05,0.5149409490919639,0.0001688045294574,0.3727649513677574,0.0002150578860374,0.3186777116174527,0.0001169769744071,0.606404546780621,0.000202595135221,0.4276932916461449,0.0007379206416224
2023-05-21,2460086.2985083265,2.9469319241996637,2.8158949143531147,0.10691808503957194,0.29516143886736274,9.0,-0.5786832207676835,-0.002838004226440612,1.1247178341794248,184,28,0.14684598785073,0.0001914962209236,0.2434273701998598,9.488432380397392e-05,0.1734772228870493,8.648195159384248e-05,0.1788690696330675,8.900231931786471e-05,0.4706868766028904,0.0001707232719649,0.4706868766028904,0.0001707232719649,0.1010713404046099,6.019986017256778e-05,0.1010713404046099,6.019986017256778e-05,0.183427756527402,5.010845582425071e-05,0.183427756527402,5.010845582425071e-05,0.5143737596859976,0.0001691677901415,0.3728727687554794,0.0002159209294856,0.3179886661622534,0.0001171090650102,0.6073646093193895,0.0002043841032809,0.4280921629632924,0.0007366797322756
2023-05-22,2460087.3077878417,3.676954800934785,3.547311682095616,0.08326365773558785,0.4874327368395544,15.0,-0.5777431529347121,1.021748762895976e-05,1.1116437568966946,231,38,0.147083505895685,0.000192237250584,0.2432915030921753,9.569215647054432e-05,0.1733838418169265,8.731019589940078e-05,0.1785457590585598,8.977637824511106e-05,0.4698521327636936,0.000171858490346,0.4698521327636936,0.000171858490346,0.1004975998601433,6.050035902338218e-05,0.1004975998601433,6.050035902338218e-05,0.1833097749564504,5.047559337650743e-05,0.1833097749564504,5.047559337650743e-05,0.5149679565899592,0.0001704461120089,0.372761567514334,0.0002175991175504,0.320858919746592,0.000118671942955,0.6059169941006551,0.0002037872032314,0.4280222310452272,0.0007454650881349
2023-05-23,2460088.3379917545,5.1688637792251715,5.043605004800205,0.07888328453578874,0.433391507330412,17.0,-0.5766387720689947,0.0064910728442393525,1.0908498456273181,199,36,0.1474171441727276,0.0001945716809638,0.2432539497032117,9.636248202166483e-05,0.1735396953241926,8.799437945935926e-05,0.1788903688211381,9.060872397176672e-05,0.4693617435312845,0.000172967144929,0.4693617435312845,0.000172967144929,0.1003524812733966,6.085792747911766e-05,0.1003524812733966,6.085792747911766e-05,0.18340046153449,5.08290583707917e-05,0.18340046153449,5.08290583707917e-05,0.5155915168514443,0.0001717589619415,0.3732200343759185,0.0002196465883597,0.322383126536732,0.0001199377833826,0.6045269011956156,0.0002031572890955,0.427759435018574,0.0007503037899244
2023-05-24,2460089.3105096766,3.6206373267770915,3.4914379640455193,0.07150587382241347,0.23518672828217294,20.0,-0.5761125720777521,0.0009518624412280802,1.09451373911164,231,42,0.1483120553234811,0.0001910087732249,0.243297282539968,9.485360818418084e-05,0.1740018502753097,8.67764070394847e-05,0.1792338525975055,8.932008576541187e-05,0.4698728822833458,0.000170377643364,0.4698728822833458,0.000170377643364,0.1008449329503932,6.003394316133923e-05,0.1008449329503932,6.003394316133923e-05,0.1834383123687828,5.003606653960407e-05,0.1834383123687828,5.003606653960407e-05,0.5148472357430375,0.0001687512460851,0.3732664076403837,0.0002157926240321,0.3210803752228461,0.0001175526046427,0.6052035118830862,0.0002016091328107,0.427739067424853,0.000737962535029
2023-05-25,2460090.306002108,2.262365353308356,2.132619222911424,0.07514540875238944,0.4252834015492858,18.0,-0.5754634164429917,-0.0001417607502720972,1.097180031807203,229,39,0.1481582521256194,0.000190008518292,0.2432197456407111,9.47836720497634e-05,0.1736040113343555,8.666742177081965e-05,0.1789378169794677,8.92405304138148e-05,0.4693037732762469,0.0001699241998704,0.4693037732762469,0.0001699241998704,0.1005817468132081,5.984017786975883e-05,0.1005817468132081,5.984017786975883e-05,0.1834970842890249,4.995155496662029e-05,0.1834970842890249,4.995155496662029e-05,0.5161386905019276,0.0001686343449631,0.3729288283638459,0.0002151877157883,0.3223432860366921,0.0001176592640527,0.6032584576652372,0.0001992536239209,0.4271230572094286,0.0007383568372419
2023-05-26,2460091.3145831535,2.014547555289852,1.8858428280446684,0.06886228438311201,0.3587801119485475,21.0,-0.5747066184118607,0.0018977020435335089,1.0904778431716937,233,43,0.1476376215738982,0.0001876386204922,0.2429349528343438,9.39052555271042e-05,0.1734394846277066,8.585748107455847e-05,0.1789280174300236,8.840254827279705e-05,0.4690065048158382,0.0001682644648417,0.4690065048158382,0.0001682644648417,0.1005009981577381,5.924105306128944e-05,0.1005009981577381,5.924105306128944e-05,0.1837103653763124,4.951175648651455e-05,0.1837103653763124,4.951175648651455e-05,0.5160301324400792,0.0001670222770068,0.3730208880876637,0.0002131110687398,0.3223752006022574,0.0001164584994832,0.6035247313808891,0.0001970669347916,0.4275515063170278,0.0007306829731188
2023-05-27,2460092.3121934393,0.7664675507009592,0.6372924071446976,0.06932379889758401,0.4496058556116233,21.0,-0.5740305086753568,0.00085134380652959,1.0813288406877744,232,43,0.1474209164268381,0.0001891662472205,0.2428515660524203,9.455609335190195e-05,0.1731431642606615,8.637296788893285e-05,0.1786413476466402,8.899471100118833e-05,0.469228792483045,0.000169648111916,0.469228792483045,0.000169648111916,0.1004923362881293,5.971001674851296e-05,0.1004923362881293,5.971001674851296e-05,0.1835810932040956,4.987213218829842e-05,0.1835810932040956,4.987213218829842e-05,0.5160998317663482,0.000168450948008,0.3730569180977788,0.0002149864526615,0.3221201205157038,0.0001174578104763,0.6038108759089308,0.0001989374896252,0.4269051396838954,0.0007357619777753
2023-05-28,2460093.315324564,-1.3168732511375045,-1.4455918216496717,0.06780783377366435,0.4820172501039821,22.0,-0.5734571359192885,0.002068468933322781,1.0860084664415506,234,44,0.1468344856338293,0.000189156615612,0.2426496538565884,9.459846813157316e-05,0.1728780627001364,8.635849958360455e-05,0.1784475475904729,8.905236298777353e-05,0.4687330863184817,0.0001696632367646,0.4687330863184817,0.0001696632367646,0.100386982413617,5.9721172554783104e-05,0.100386982413617,5.9721172554783104e-05,0.183366644541532,4.988442292919849e-05,0.183366644541532,4.988442292919849e-05,0.516042937047054,0.0001686276888897,0.37297446915049,0.0002151934205169,0.3217237619025812,0.0001175404121384,0.6045857419406729,0.0001994375022875,0.4280377578345807,0.0007381320356646
2023-05-29,2460094.313759795,-3.9038454603095065,-4.032852139259181,0.07518561625852721,0.5122819657902326,18.0,-0.5728629482982776,0.0013095295634372337,1.0775807059253941,227,41,0.147020448178115,0.0001904261071952,0.2428741426049249,9.537731178140614e-05,0.1731232118228594,8.699388030981082e-05,0.1785280475111194,8.946989772813203e-05,0.4695265496744576,0.0001706498064584,0.4695265496744576,0.0001706498064584,0.100665232641145,6.010444034113752e-05,0.100665232641145,6.010444034113752e-05,0.1835706123116399,5.016839653367441e-05,0.1835706123116399,5.016839653367441e-05,0.515784479513497,0.0001694743264423,0.3731114167822356,0.0002163598695041,0.3204981829095604,0.0001177858130579,0.6058235202943619,0.0002012043799544,0.4272734841383021,0.0007389123576745
2023-05-30,2460095.2870926093,-2.1769084545547073,-2.308904600155387,0.0853937177924717,0.30223569183184185,13.0,-0.5725818639020781,-0.0046043130347003455,1.0892345308037217,167,28,0.1467985883295677,0.0001828533394783,0.2431614054514395,9.192447234872408e-05,0.1731640095202905,8.38725576948065e-05,0.1786009084183452,8.625356227495017e-05,0.4692781146552042,0.000164461271951,0.4692781146552042,0.000164461271951,0.1007587050522323,5.795372846870223e-05,0.1007587050522323,5.795372846870223e-05,0.1835162490717473,4.834278583664988e-05,0.1835162490717473,4.834278583664988e-05,0.5156054394619306,0.0001631826517508,0.3728628784310783,0.0002082529606676,0.3206359383193831,0.0001135062336848,0.6042306750608625,0.0001938265426021,0.427681819732402,0.0007128039339184
2023-05-31,2460096.3108293856,-2.893869568736071,-3.023316703655109,0.07365748147522758,0.2952903572947929,18.0,-0.571811367605776,0.00041576230472055,1.0633165468694719,209,39,0.1464256820036506,0.0001852017308826,0.2425105958953145,9.336428678833515e-05,0.1730045410170607,8.531528823211665e-05,0.1784930072253708,8.790369530530349e-05,0.4689061245841627,0.000167263736502,0.4689061245841627,0.000167263736502,0.1005415398388568,5.8892230289069015e-05,0.1005415398388568,5.8892230289069015e-05,0.1834300908333428,4.9173311461830995e-05,0.1834300908333428,4.9173311461830995e-05,0.5159222378957143,0.0001660367262524,0.3730046257664942,0.0002120547787994,0.3222123991190708,0.0001158822723515,0.6028776560218089,0.0001955964595748,0.4271150532148277,0.000724781598991
2023-06-02,2460098.301835172,-0.8588567081666173,-0.9892679571215606,0.07794406819807399,0.264537476613334,16.0,-0.5711483567250206,-0.0014541674452377752,1.0735362425892623,222,38,0.1463960578075006,0.0001850857035636,0.2430896460038627,9.308918308514933e-05,0.1730679351280911,8.495684887985479e-05,0.1785748063693689,8.743119290638543e-05,0.4694711255749199,0.0001668567085732,0.4694711255749199,0.0001668567085732,0.1003896577253575,5.8652475791675386e-05,0.1003896577253575,5.8652475791675386e-05,0.1831299797929456,4.897342952136965e-05,0.1831299797929456,4.897342952136965e-05,0.5156480335158581,0.000165734076243,0.3728137519787958,0.0002113671258001,0.3209405017730111,0.0001153622528092,0.6051159204415848,0.0001965854389756,0.4275424047552476,0.0007203482626653
2023-06-03,2460099.3014908065,1.630320069873556,1.5000299616899697,0.08808392916830181,0.292591275282245,13.0,-0.5708846751119444,-0.0009373894308702004,1.0799582437636217,208,32,0.146789473120654,0.0001893682557983,0.2432022165323377,9.475333494545648e-05,0.1732304903598525,8.652866981797635e-05,0.1787173745412798,8.902582413711385e-05,0.4698784919190213,0.0001697324315347,0.4698784919190213,0.0001697324315347,0.1005369199686257,5.971041104396425e-05,0.1005369199686257,5.971041104396425e-05,0.1829565186870069,4.978064603512465e-05,0.1829565186870069,4.978064603512465e-05,0.5149626114907895,0.0001683646597823,0.3729360427180065,0.0002149881815693,0.3204326277571922,0.0001171721403958,0.6068487966483371,0.0002012974564032,0.4283005236826439,0.0007344994326946
2023-06-04,2460100.2779016066,0.9618512118943697,0.8290310957382417,0.09707234945490269,0.5801501851961307,11.0,-0.5707059503302034,-0.0066777211200134004,1.0767494575643666,142,24,0.1477592955079485,0.0001924939780714,0.2437147370760796,9.5927433404859e-05,0.1735398741973091,8.75342516537341e-05,0.1791173884385952,9.005877147844102e-05,0.4702924600965922,0.0001716558778457,0.4702924600965922,0.0001716558778457,0.101013382867684,6.046471294345052e-05,0.101013382867684,6.046471294345052e-05,0.1831057166324613,5.03222958725754e-05,0.1831057166324613,5.03222958725754e-05,0.5147821884770143,0.0001701918992204,0.3730556601062169,0.0002174021918014,0.3196207907510716,0.0001182167547568,0.6059679705281085,0.0002039785757626,0.4269997819633644,0.0007400464326265
2023-06-06,2460102.3464558125,4.070412455400637,3.9444237730100205,0.08672366936618357,0.4504506466725903,13.0,-0.569950638602107,0.008601323075209031,1.0660590384293986,163,28,0.1497695008974458,0.0001873030839758,0.2435341449345805,9.314363702234474e-05,0.1735787316742521,8.506034360792055e-05,0.1791890253795391,8.770668451851109e-05,0.4697513649453754,0.0001666653936491,0.4697513649453754,0.0001666653936491,0.1009851882842081,5.871927775500731e-05,0.1009851882842081,5.871927775500731e-05,0.1832021840878968,4.8891386837547655e-05,0.1832021840878968,4.8891386837547655e-05,0.5152291023421945,0.0001654100138085,0.3732616629006658,0.0002114769101349,0.321981104926992,0.0001154379792102,0.6052024914574913,0.0001960817183541,0.4271783846247144,0.0007214482956454
2023-06-07,2460103.265292908,4.257470270122023,4.123523890023762,0.11941258000903487,0.39100502181304175,7.0,-0.5701357765784804,-0.009809506300644628,1.057049340054515,110,16,0.1503088067983606,0.0001902546577315,0.2434442105063149,9.38955893951126e-05,0.1739185598980364,8.592237192930872e-05,0.1791422995695152,8.836959358878134e-05,0.4694570033907614,0.0001683379167645,0.4694570033907614,0.0001683379167645,0.1011795508602704,5.939597985501352e-05,0.1011795508602704,5.939597985501352e-05,0.1833648195251405,4.9431400781708366e-05,0.1833648195251405,4.9431400781708366e-05,0.5153244535193054,0.0001672550908675,0.3734715041992368,0.0002140249070417,0.3222432837313783,0.000116786013758,0.6042397063311034,0.0001969434069474,0.4269095116602525,0.0007258095407737
2023-06-08,2460104.366167684,4.560189749072297,4.435633444377423,0.23032726246711818,0.11400072504251924,2.0,-0.5697978936270081,0.007337745433839599,1.0738188384209504,125,11,0.1505746949477934,0.0001965778178315,0.2439920772093468,9.698614585511647e-05,0.1741927930292534,8.869670458931242e-05,0.1792258929912227,9.116839916515958e-05,0.470022561604605,0.0001733085816889,0.470022561604605,0.0001733085816889,0.1012743722943356,6.117373883483289e-05,0.1012743722943356,6.117373883483289e-05,0.1831241928876404,5.0850506875470005e-05,0.1831241928876404,5.0850506875470005e-05,0.51412835345411,0.0001718051743104,0.3733373118387724,0.0002198612342476,0.3206941314662655,0.0001197286326736,0.6052605131849463,0.0002052384528101,0.4270890820836058,0.0007488187156744
2023-06-09,2460105.3644073163,5.8026417657086125,5.6779484740073,0.10006263198358081,0.22385221517908763,10.0,-0.569863066404265,0.01094083557660085,1.0831496170779435,143,23,0.1503574988194203,0.0001898746188672,0.2436457798144459,9.391648664159872e-05,0.1737479188929462,8.588420758829991e-05,0.1793331794504122,8.846776405880709e-05,0.4696673096985069,0.0001680960663643,0.4696673096985069,0.0001680960663643,0.1009843721527315,5.925081041385886e-05,0.1009843721527315,5.925081041385886e-05,0.1831237107311993,4.9318122322247706e-05,0.1831237107311993,4.9318122322247706e-05,0.5151832973243319,0.0001670796973611,0.3733919307195281,0.0002136662880171,0.3223197284671343,0.0001166499052174,0.6024261957232921,0.0001966832408835,0.4267613128292403,0.0007258091691459
2023-06-10,2460106.31807215,4.403006816628465,4.274053207353609,0.07797837078621922,0.33391215682649034,17.0,-0.5700496776724119,0.0012212615585984704,1.080603437501417,235,40,0.149681268625734,0.0001931676704303,0.2439788600764372,9.57146054852644e-05,0.173990448268454,8.747953849303656e-05,0.1791662465564233,8.995589584675102e-05,0.470062057498025,0.0001711308403767,0.470062057498025,0.0001711308403767,0.1008133876623239,6.024178507862736e-05,0.1008133876623239,6.024178507862736e-05,0.1829886123227427,5.016726761928193e-05,0.1829886123227427,5.016726761928193e-05,0.5147248479480184,0.0001697682419171,0.3732303378717606,0.000217101795234,0.3209564755024753,0.0001182863141434,0.6043998051861013,0.0002021396205847,0.4281853895577683,0.0007407961862828
2023-06-11,2460107.311171803,3.124030922677641,2.994352765365647,0.06579464650322717,0.6065673230975268,23.0,-0.5701879564830065,-0.00021541267557831836,1.0855959227772403,244,46,0.1488952166242286,0.0001882628905746,0.2433030105911606,9.401267664852792e-05,0.1735254514382964,8.592347465702553e-05,0.1789592946071313,8.844375108668554e-05,0.4693970138877535,0.0001678679742875,0.4693970138877535,0.0001678679742875,0.1006800211736862,5.908087966561545e-05,0.1006800211736862,5.908087966561545e-05,0.1831569836770819,4.926144234170975e-05,0.1831569836770819,4.926144234170975e-05,0.5154252499297103,0.0001668465763225,0.3732156915578745,0.0002134107743623,0.3229659617902463,0.0001166614767492,0.60338160967324,0.0001963066879291,0.4276704888874987,0.000726727280324
2023-06-12,2460108.3238655147,-0.39241604716052253,-0.5208807480206135,0.07347030523666839,0.6981363457162723,18.0,-0.5701787067388904,0.003980931074104128,1.0759249057151112,201,38,0.1476572036231058,0.0001847681851957,0.2430213379545643,9.311223886212978e-05,0.1732660330309381,8.512113936907794e-05,0.1786393709004904,8.755303672791127e-05,0.4696757238890407,0.000166342044784,0.4696757238890407,0.000166342044784,0.1006399339125398,5.850006626970287e-05,0.1006399339125398,5.850006626970287e-05,0.1831387251868562,4.879800142995005e-05,0.1831387251868562,4.879800142995005e-05,0.515769467947725,0.0001649675877552,0.3730435442420592,0.00021067477155,0.3222784671698492,0.0001151310728288,0.6042149167147568,0.0001950948623657,0.4271617185704882,0.0007190178762914
2023-06-13,2460109.291725338,-1.9929070954009036,-2.124329747030314,0.07400956144534312,0.47362024541485875,18.0,-0.5704747697471437,-0.002183767431400633,1.0818020391421468,228,41,0.1470918100664099,0.0001869258043141,0.2426529832391865,9.395094700228656e-05,0.1730821233075159,8.592695468597368e-05,0.1785351874085231,8.842394339225433e-05,0.4696157729283955,0.0001678803807228,0.4696157729283955,0.0001678803807228,0.1006186046649318,5.902662911508843e-05,0.1006186046649318,5.902662911508843e-05,0.1832533512548564,4.925360315277841e-05,0.1832533512548564,4.925360315277841e-05,0.5161541435897536,0.0001666071258763,0.3729033315840057,0.0002126895118268,0.322204829192864,0.0001161970820177,0.6047409566857237,0.0001967933291559,0.4286579465197828,0.0007292890372981
2023-06-14,2460110.3167917854,-2.480336298922492,-2.609723378408714,0.07231938748802735,0.2657520744329848,20.0,-0.5706600652299728,0.00048254316764456353,1.095240845626964,250,44,0.1466053617595286,0.0001926066763647,0.2427780188190225,9.669295128830022e-05,0.1730364256402327,8.828244227358999e-05,0.178422617934498,9.082598517226748e-05,0.4700911146677736,0.0001727231235475,0.4700911146677736,0.0001727231235475,0.1007958305725081,6.078708262159376e-05,0.1007958305725081,6.078708262159376e-05,0.1833958188989261,5.068370175092023e-05,0.1833958188989261,5.068370175092023e-05,0.5155520255223239,0.0001712726959592,0.3728708190309949,0.0002186344016506,0.3204021303654561,0.0001191288652676,0.6062852425901846,0.0002042737469384,0.4286289301910974,0.0007488847393266
2023-06-15,2460111.3081007656,-0.7148090457690887,-0.8448712348052777,0.06439042758926405,0.366723447765746,23.0,-0.5708735969709012,-0.0010930603901299653,1.0920738138661072,253,47,0.1466286132388928,0.0001834772215533,0.2425581127210451,9.2027938436401e-05,0.172956492839075,8.413824263593353e-05,0.1784060141359316,8.655949915531571e-05,0.4696200054888359,0.0001644633722769,0.4696200054888359,0.0001644633722769,0.1005387726411051,5.781231315245494e-05,0.1005387726411051,5.781231315245494e-05,0.1835442767592119,4.828967897136169e-05,0.1835442767592119,4.828967897136169e-05,0.5160549360811523,0.0001632535944701,0.372820832774654,0.0002086186143852,0.3216288572003796,0.0001137546801218,0.6028316183157968,0.0001923552454487,0.4275248696896337,0.00071256289185
2023-06-16,2460112.3211058,0.706670278949256,0.5775595583411917,0.07780706493432038,0.44844015127732667,18.0,-0.5711010650580806,0.0007772945179560003,1.0958833452545775,211,37,0.1468411790777227,0.0001994604694572,0.2429570809777239,9.686696385124416e-05,0.1732265417265877,8.852451684107312e-05,0.1784043224250105,9.09420612311291e-05,0.4698840250704538,0.0001738641618445,0.4698840250704538,0.0001738641618445,0.1005298833289525,6.112938516358283e-05,0.1005298833289525,6.112938516358283e-05,0.183415603063916,5.103810777523394e-05,0.183415603063916,5.103810777523394e-05,0.5154171410768505,0.0001731322795626,0.3729485080262669,0.0002219007947734,0.3208039501456988,0.0001205319508334,0.6041237719769226,0.0002038818382028,0.428729697316464,0.0007484095551709
2023-06-17,2460113.2426617537,3.019713093776114,2.884873690741394,0.10158150621459489,0.4872288870281178,11.0,-0.5717016753511788,-0.003976378799991091,1.1115837859689686,129,23,0.1474482512857402,0.0002044610194047,0.2434545581006916,9.8718766816268e-05,0.1735680088746951,9.018742804560177e-05,0.1787497474237744,9.273639584289374e-05,0.4699774533255095,0.0001772199001988,0.4699774533255095,0.0001772199001988,0.100625303419914,6.231140540785187e-05,0.100625303419914,6.231140540785187e-05,0.1835061975302621,5.20295588079168e-05,0.1835061975302621,5.20295588079168e-05,0.5153119338031172,0.0001765536703251,0.3729698021571966,0.0002262898175263,0.3202027798690743,0.0001227348693994,0.6053232057848675,0.0002087836445355,0.42743692409363,0.0007598377568402
2023-06-18,2460114.31363104,4.714504592874787,4.585002065806935,0.24500698022194403,0.026895616027304392,2.0,-0.5710227752286636,7.634337802415e-05,1.013399860204236,81,8,0.1482830941381658,0.0002147507683693,0.2437259215741872,0.000101147232788,0.1739442351113601,9.240668348294117e-05,0.1790610752470797,9.494725158206835e-05,0.4718445650561493,0.0001825680128996,0.4718445650561493,0.0001825680128996,0.10112808764288,6.421340717241735e-05,0.10112808764288,6.421340717241735e-05,0.1833128641070387,5.344966798550887e-05,0.1833128641070387,5.344966798550887e-05,0.5140442030821217,0.0001814970723693,0.3730936079898923,0.000233433951761,0.3171832997439966,0.0001254827018249,0.603634234181088,0.0002165235844835,0.4293495761303497,0.0007783360888779
2023-06-19,2460115.2407789286,5.436926910702489,5.302231717990854,0.11243182350370523,0.13178696723197406,9.0,-0.5724499431618457,-0.007880829120213189,1.1297639402611075,114,21,0.1495676364656163,0.0002049350679949,0.2447846366194764,9.949420945112122e-05,0.1745046326109687,9.083350267239704e-05,0.1792133713104284,9.314195171154518e-05,0.4724124285952134,0.0001782723948874,0.4724124285952134,0.0001782723948874,0.1015327516368886,6.28010922681762e-05,0.1015327516368886,6.28010922681762e-05,0.1831688713293866,5.214137765791243e-05,0.1831688713293866,5.214137765791243e-05,0.5124279998871266,0.0001763005983296,0.3731323390329593,0.0002259831225445,0.3152192244589265,0.0001216041049185,0.6001132337791161,0.0002132666889278,0.4287388086505564,0.0007637878346336
2023-06-20,2460116.2975439234,4.360692930501297,4.2299416144351705,0.09804782907790832,0.5015379015103613,12.0,-0.5727486540279875,-0.001276018568607491,1.1383538966334588,181,28,0.1503401229687703,0.0002071335426887,0.2440001569309684,0.0001000758998513,0.1743220449535256,9.15392545567831e-05,0.17934003633682,9.400647509015268e-05,0.4700211256687707,0.0001789402329137,0.4700211256687707,0.0001789402329137,0.1012480930869265,6.312826612342485e-05,0.1012480930869265,6.312826612342485e-05,0.1835354951351488,5.25439354361713e-05,0.1835354951351488,5.25439354361713e-05,0.5145173248168674,0.0001778898151528,0.3732382986974173,0.0002280339924075,0.3203466911521434,0.0001238278760101,0.6063860690206997,0.0002117558018817,0.4276266951069485,0.0007698666441183
2023-06-22,2460118.311276673,3.764444181368301,3.63468518555239,0.07397224201235957,0.321165230447434,20.0,-0.5732047456384588,-0.00017911683253914903,1.0983686791391523,239,43,0.1504255100842431,0.0001997329853237,0.2440991558233501,9.91829944819136e-05,0.1744071495989978,9.06936987330475e-05,0.1794017173398153,9.308559047599874e-05,0.470974982413578,0.0001764238806459,0.470974982413578,0.0001764238806459,0.1013276894185786,6.221254921762394e-05,0.1013276894185786,6.221254921762394e-05,0.1831867243470956,5.1706779215208256e-05,0.1831867243470956,5.1706779215208256e-05,0.5136012832290068,0.0001744963570109,0.3733705073559191,0.0002232502268551,0.3178380986044229,0.000120882274247,0.6043806604693596,0.0002107727048458,0.4276610435887094,0.0007623234392355
2023-06-23,2460119.297987185,3.3865580952641685,3.256112853550169,0.07253703501108746,0.5043783368548865,20.0,-0.5736617886840699,-0.0007648023467551671,1.0957022429607002,247,44,0.1503951605850977,0.0001954096827093,0.2438156456865408,9.726528120671168e-05,0.1738386379294076,8.888325749390621e-05,0.1793065669816902,9.148288452281228e-05,0.4699503357118303,0.0001728717248365,0.4699503357118303,0.0001728717248365,0.1011559837263175,6.094350373558807e-05,0.1011559837263175,6.094350373558807e-05,0.1834264943153368,5.073378412491557e-05,0.1834264943153368,5.073378412491557e-05,0.5150650644971608,0.0001711342600573,0.3734466069594404,0.0002191931018513,0.3212229401834045,0.0001193074040522,0.6052409704650396,0.0002037411537658,0.427902516819498,0.0007500306512263
2023-06-24,2460120.2905760393,3.193794267105997,3.0629631033503166,0.07884904117161763,0.4534190894756477,19.0,-0.5740496552622978,-0.0006303841870849335,1.0837845021018875,233,43,0.149707921952428,0.0002139175045258,0.2439063988029688,0.0001002683051962,0.1740801947062293,9.167567476075856e-05,0.1791984784036344,9.41851262083229e-05,0.4708452158792012,0.0001799647009248,0.4708452158792012,0.0001799647009248,0.1013711622575041,6.345685900606808e-05,0.1013711622575041,6.345685900606808e-05,0.1831044108775533,5.272256485060504e-05,0.1831044108775533,5.272256485060504e-05,0.5138937292264351,0.0001791547609565,0.3732401389600953,0.0002305573854288,0.3181938370615648,0.0001241373753221,0.6052934900638015,0.0002134663677457,0.4278795024904157,0.0007703866693746
2023-06-27,2460123.3035634016,1.1867914480666224,1.0568204075559102,0.075986081111804,0.42989128435146673,22.0,-0.5757373430629059,-0.0008407223976112818,1.0922832482852043,239,45,0.1465603892211124,0.0002187188637093,0.2435021609220552,0.0001036544423891,0.1735247319343605,9.468017345212436e-05,0.1784680477225589,9.71106397924517e-05,0.4725440783340632,0.0001866579157798,0.4725440783340632,0.0001866579157798,0.1007815792435091,6.548235598286003e-05,0.1007815792435091,6.548235598286003e-05,0.1829912689546036,5.45609284506741e-05,0.1829912689546036,5.45609284506741e-05,0.5137476085560337,0.0001854752558075,0.3729044467888972,0.0002381234213914,0.316105797942337,0.0001279838934842,0.6058406572898565,0.0002222051971582,0.4283719423721552,0.0007949379259004
2023-06-28,2460124.2924946756,1.0391347850983312,0.9087398146722415,0.08832228013445309,0.4815843259567025,16.0,-0.5763143882461883,-0.0011210398749757749,1.0867280946279851,234,41,0.1464860391450036,0.0002159780435553,0.2433007279664713,0.0001033883712202,0.1735758628067678,9.4463048349189e-05,0.1784756378088649,9.681553951407464e-05,0.4722685998578257,0.0001856471807884,0.4722685998578257,0.0001856471807884,0.1007981647509193,6.519574739812954e-05,0.1007981647509193,6.519574739812954e-05,0.1829713393551698,5.429359905612573e-05,0.1829713393551698,5.429359905612573e-05,0.5134373590614459,0.0001845815086964,0.3730196548935874,0.000236987709329,0.3157422378657399,0.0001273047125744,0.6067736565467119,0.0002221691052164,0.4283778214112615,0.0007911507566144
2023-06-29,2460125.3098645913,-0.20998474157767247,-0.33960155633878975,0.07897048056845293,0.31776892416566105,19.0,-0.5770560051692671,-7.310384680667384e-05,1.0997491507255486,243,42,0.1457330439064773,0.0002065903779433,0.2428366235484046,0.0001021540108026,0.1731400157148488,9.33905325547544e-05,0.1783946314219283,9.596526946004216e-05,0.4710138980688429,0.0001824708713028,0.4710138980688429,0.0001824708713028,0.1003886493841823,6.400708710716837e-05,0.1003886493841823,6.400708710716837e-05,0.1832370879699244,5.345982224370733e-05,0.1832370879699244,5.345982224370733e-05,0.514714633837132,0.0001810526353749,0.3728817805861291,0.0002318276935113,0.3191845623623094,0.0001257060718268,0.6082831031956981,0.0002174698557057,0.4282359963725862,0.0007856548836985
2023-06-30,2460126.2991787093,-1.4530138934896244,-1.582930075673571,0.08389361702269717,0.5820787075870738,16.0,-0.5776139470690935,-0.0006872732128759126,1.0810677537809825,224,38,0.1459523334263629,0.0002008861523388,0.242551667868839,0.0001002228645734,0.1730120468579764,9.167578267158468e-05,0.1784472976709055,9.438088268659144e-05,0.4692296339145465,0.0001785827257484,0.4692296339145465,0.0001785827257484,0.1002500837567331,6.271795741580906e-05,0.1002500837567331,6.271795741580906e-05,0.1835105522577956,5.247558611771438e-05,0.1835105522577956,5.247558611771438e-05,0.5160805771435811,0.0001776162598616,0.372908058369256,0.0002272266069861,0.3218907759683187,0.0001238711882032,0.6053554660395823,0.0002099309078419,0.4281925696735264,0.000774780938815
2023-07-01,2460127.312988375,-1.2977326683202486,-1.427151415592803,0.07949513615290647,0.42412306013903495,19.0,-0.5784691204114282,0.0003062417182210579,1.100251856593328,248,43,0.1467224232316628,0.0002100842747839,0.2432330479632728,0.0001020531151553,0.1731870512836744,9.322485278473707e-05,0.178369342524938,9.586256652276076e-05,0.4702335900301119,0.0001825150741257,0.4702335900301119,0.0001825150741257,0.1006899090324047,6.419743391964423e-05,0.1006899090324047,6.419743391964423e-05,0.1834630115492968,5.357425956454809e-05,0.1834630115492968,5.357425956454809e-05,0.5151604783180815,0.0001816224980892,0.3727992262578229,0.0002326945825633,0.3197530510354168,0.000126213399682,0.6073944681080451,0.0002162761352077,0.4276868627637389,0.0007846564280741
2023-07-02,2460128.313660299,-1.555096459530209,-1.6844545220276568,0.07584175845799615,0.5704738617090952,21.0,-0.579165721286459,0.0003471108849024383,1.090896619844528,252,45,0.1474316811644473,0.0002120320933864,0.2432230268159595,0.0001023377691622,0.173467891931399,9.35497180698776e-05,0.1788740531477997,9.630738628892832e-05,0.4707793355989476,0.0001831637120495,0.4707793355989476,0.0001831637120495,0.1009957623388402,6.44829667330932e-05,0.1009957623388402,6.44829667330932e-05,0.1832995262481635,5.370276202744626e-05,0.1832995262481635,5.370276202744626e-05,0.5144483955607416,0.0001819686803301,0.3730770690482198,0.00023356224654,0.3188110570645738,0.0001262644144323,0.6071832505436712,0.0002180619962323,0.4281522888326198,0.0007866887709591
2023-07-03,2460129.3060609284,1.142864728754674,1.013334125869566,0.07105343113197705,0.2424863106222543,24.0,-0.579994079403931,-3.809524503241782e-06,1.094028518126151,256,48,0.1480177174641103,0.0002127294355559,0.2437528831083305,0.0001025810147658,0.1738142396082705,9.373385888566276e-05,0.1790696419092748,9.639093822188044e-05,0.4709744444156678,0.0001834822846952,0.4709744444156678,0.0001834822846952,0.1010896970380225,6.459055063919604e-05,0.1010896970380225,6.459055063919604e-05,0.1830671957941628,5.373985759543656e-05,0.1830671957941628,5.373985759543656e-05,0.5135633304293058,0.0001819667140696,0.3732869141313932,0.0002337457265945,0.3170622007831894,0.0001259277571734,0.6058385522837032,0.0002190366047136,0.4285309664712033,0.0007873468375514
2023-07-04,2460130.3033836745,2.5377257815375804,2.4082027080808954,0.07264972589715288,0.41916352654025874,23.0,-0.5808683972798864,4.6957017053690645e-05,1.0976832173561033,255,47,0.1478671760931027,0.0002127845927949,0.243520980221686,0.0001024820569582,0.1737779116414551,9.374033359010024e-05,0.1788798579793429,9.626474544250008e-05,0.4713965115396395,0.0001834551152542,0.4713965115396395,0.0001834551152542,0.1009583268328714,6.45221547528983e-05,0.1009583268328714,6.45221547528983e-05,0.1827701366959589,5.3666947047649325e-05,0.1827701366959589,5.3666947047649325e-05,0.5133664041227753,0.0001818773697783,0.3730514477334742,0.0002335830643973,0.3170907073465396,0.0001258558820277,0.6064062282913708,0.0002191513836011,0.4281332120100223,0.0007857956181412
2023-07-05,2460131.3072973136,3.561204781850179,3.431837104404089,0.07069825064117054,0.4013807003711506,24.0,-0.5817515921293471,0.0003007832461806166,1.0971185639248677,253,48,0.1481704093905609,0.000211088638666,0.2436364836281765,0.0001025763547487,0.1738986903136911,9.376358985260153e-05,0.1787953814674936,9.609356838744582e-05,0.472070631314639,0.0001831127387651,0.472070631314639,0.0001831127387651,0.1011084826850296,6.435955900344698e-05,0.1011084826850296,6.435955900344698e-05,0.1825840571768171,5.346711464682905e-05,0.1825840571768171,5.346711464682905e-05,0.513151601687866,0.0001814450137675,0.3732256495698886,0.0002328171714051,0.3162388399824488,0.00012529138033,0.6076488526651972,0.0002197742020199,0.4277169044719852,0.0007842724952652
2023-07-06,2460132.3112896257,3.3847536375188283,3.2555168740116467,0.0748553141039768,0.37942652664348847,22.0,-0.5826706469110005,0.000522061273377001,1.0963022339396191,253,46,0.1484520958994973,0.0002145781207713,0.2441983172959768,0.0001039180704254,0.1742304004989313,9.494332925376714e-05,0.1789585138217463,9.722898879196194e-05,0.4726596777859012,0.0001855840874949,0.4726596777859012,0.0001855840874949,0.101347497363288,6.529882699637635e-05,0.101347497363288,6.529882699637635e-05,0.1824583887037241,5.4159680944169386e-05,0.1824583887037241,5.4159680944169386e-05,0.5120285629816442,0.0001836838431271,0.3730763494263376,0.0002355270000992,0.3136936631635459,0.0001262593183738,0.6042174198963086,0.0002238118909271,0.4291581226581821,0.000795416062546
2023-07-07,2460133.3142234245,2.63435769083046,2.5052268654509118,0.07655344438296206,0.5427941577582159,21.0,-0.5836008521919328,0.0005406737275405084,1.0921024301574125,253,45,0.1482494929650117,0.0002144150152971,0.2444129862074757,0.000103561868848,0.174153381128584,9.459347466496285e-05,0.1790048436654715,9.695214938695498e-05,0.473309005719061,0.0001854700133266,0.473309005719061,0.0001854700133266,0.1014969974088969,6.524851816062863e-05,0.1014969974088969,6.524851816062863e-05,0.1826777573486102,5.411478882633811e-05,0.1826777573486102,5.411478882633811e-05,0.5116175593184717,0.0001832414541334,0.3731214225643359,0.0002350874799848,0.312849604197627,0.0001257990426307,0.6023389548494645,0.0002232361787994,0.430120092400195,0.0007931924303399
2023-07-08,2460134.3078289297,2.1779550791706708,2.0487966738104646,0.07318828551282387,0.5413396085216331,23.0,-0.5846223026449364,0.0004694797589652092,1.0979235572333437,253,47,0.148238895583747,0.0002147804167306,0.2445957233954948,0.000103377936377,0.1742679909744825,9.439518016290724e-05,0.1788905101201969,9.670490236553142e-05,0.4735663150998402,0.0001854084696387,0.4735663150998402,0.0001854084696387,0.101675815690855,6.528781893452111e-05,0.101675815690855,6.528781893452111e-05,0.1827461898523598,5.411743192652248e-05,0.1827461898523598,5.411743192652248e-05,0.5109826248819005,0.0001831801371631,0.3730631619913935,0.0002350843410034,0.3113561854113394,0.0001254378498962,0.6003409252381283,0.0002240720711716,0.4284069726190405,0.0007885629542591
2023-07-10,2460136.2807800034,0.8446624405429728,0.7153850395946728,0.3414321405117642,0.0,1.0,-0.586118582494487,0.0002979673674436,1.0324453567617595,52,6,0.1487281612036923,0.0002095181061528,0.2452290325519085,0.0001027126263922,0.1744972453801105,9.362895496947778e-05,0.1789493833882683,9.566074336840693e-05,0.4750655901773302,0.0001834138491298,0.4750655901773302,0.0001834138491298,0.1019142440811238,6.454374378071822e-05,0.1019142440811238,6.454374378071822e-05,0.1825063425031079,5.3403177115956386e-05,0.1825063425031079,5.3403177115956386e-05,0.5091125131710078,0.0001805936651414,0.3731870293724542,0.0002314610040246,0.3069797318026655,0.00012263404413,0.594316373627386,0.0002225339107597,0.4296314895458645,0.0007804985587724
2023-07-11,2460137.412959299,0.1950216410760056,0.066870591467782,0.3627154692580041,0.0,1.0,-0.5886190169694305,0.0015121659114066,1.1942803060133849,22,2,0.1485514935085615,0.0002246740795389,0.2455743351211186,0.000106911671961,0.1749929377591076,9.766155268031847e-05,0.1793917582771785,9.961349710502945e-05,0.4765504142743065,0.000191971516447,0.4765504142743065,0.000191971516447,0.1021390894580437,6.754396891975145e-05,0.1021390894580437,6.754396891975145e-05,0.1822767217549734,5.578114765861476e-05,0.1822767217549734,5.578114765861476e-05,0.507750075651544,0.0001893352446082,0.3731795036280361,0.000242925438622,0.3042242908595183,0.0001279480788892,0.5891080622065936,0.0002328641917281,0.4324570510147306,0.0008145961369168
2023-07-12,2460138.370348905,-0.5097787742431031,-0.6385264925759264,0.17847214616706233,0.558748252680302,4.0,-0.5887742680008907,0.00244281987064595,1.0818391190840968,83,11,0.1478889763933477,0.0002192257258896,0.2454217701027074,0.0001060847035913,0.174626386468281,9.684622754310017e-05,0.1784376113740015,9.861275869563618e-05,0.4768884107993416,0.0001905656361608,0.4768884107993416,0.0001905656361608,0.1017816600073051,6.686557612924558e-05,0.1017816600073051,6.686557612924558e-05,0.1821650941415542,5.530355173726982e-05,0.1821650941415542,5.530355173726982e-05,0.5073845543260016,0.0001873121726271,0.372741765371606,0.0002399754996163,0.30402252392823,0.0001266022718863,0.5864469174776047,0.0002302841673936,0.4312450452223094,0.0008075066398673
2023-07-14,2460140.232313762,1.1287012401076038,1.0003794193076418,0.16356103582400686,0.2921788310391048,5.0,-0.5911408155869471,0.00198603394846558,1.139717358418316,88,14,0.1476108093332766,0.0002237689845944,0.2451305534635114,0.0001072147174164,0.1744415788553484,9.790815215812608e-05,0.1787783742724372,9.985983081094132e-05,0.4764099357303708,0.0001926892810932,0.4764099357303708,0.0001926892810932,0.101497372189487,6.755857074919204e-05,0.101497372189487,6.755857074919204e-05,0.1821649416989069,5.5943935074288354e-05,0.1821649416989069,5.5943935074288354e-05,0.5081869355753481,0.0001897241231263,0.3728421047183656,0.0002434208287513,0.305267082210006,0.0001285325218877,0.5878818505564773,0.000231982540256,0.4314505954815527,0.0008174404772572
2023-07-15,2460141.4005703945,1.7127568801784003,1.5838306341203081,0.18416139316516672,0.1602602822738799,4.0,-0.5926793675872445,0.0007777753179907499,1.1533756387933716,97,13,0.1481720829178397,0.0002270221673417,0.2448745077883468,0.000107595475386,0.1742288211282487,9.825860409559085e-05,0.1786202583704965,0.0001003344818887,0.4750965245499366,0.000193323061459,0.4750965245499366,0.000193323061459,0.1014857394968794,6.787559864236692e-05,0.1014857394968794,6.787559864236692e-05,0.182655649453976,5.627541388441274e-05,0.182655649453976,5.627541388441274e-05,0.5099595943548983,0.0001910416407922,0.3729615970808326,0.0002454477745389,0.3088897459722151,0.0001302544068348,0.5950647716981036,0.0002328067786648,0.4310349382629531,0.0008216028956176
2023-07-19,2460145.27977454,5.455374464470845,5.327654248231774,0.11847477474830007,0.5948013311719846,9.0,-0.5963681995566472,0.0024828376402287,1.0953017945017804,176,27,0.1501096201755327,0.0002192737197039,0.245173007852589,0.0001054688272322,0.1744555433387822,9.64007020755024e-05,0.1790767818704307,9.852583419222336e-05,0.475128437259572,0.0001886347365848,0.475128437259572,0.0001886347365848,0.1015911827216244,6.623096471581244e-05,0.1015911827216244,6.623096471581244e-05,0.1824359274245505,5.488123257505186e-05,0.1824359274245505,5.488123257505186e-05,0.5100012682896575,0.0001856448830514,0.3732951408553902,0.0002381985092702,0.3092034120354222,0.0001266212538479,0.5973684018445086,0.0002279353607848,0.4302150597414889,0.0008039361567444
2023-07-21,2460147.283766089,2.2859476997470782,2.158639284763564,0.096751266830811,0.32185101541752736,14.0,-0.5988695789027493,0.0039729911651844,1.1278792604445531,223,33,0.1496706765515644,0.0002239904843383,0.2444435896180316,0.0001062770089721,0.1740950086606033,9.724105645560096e-05,0.1787752661440843,9.956581846001374e-05,0.4733860132906932,0.0001905488761686,0.4733860132906932,0.0001905488761686,0.1014568791243667,6.697494596809766e-05,0.1014568791243667,6.697494596809766e-05,0.1827467906330986,5.557941864106753e-05,0.1827467906330986,5.557941864106753e-05,0.5112327827713387,0.0001881842862088,0.3732077201838079,0.0002419133274432,0.3124759963158163,0.0001292309014259,0.5994817940146224,0.0002284973623651,0.4297007111585106,0.0008132401356949
2023-07-22,2460148.2905998155,2.752328336480814,2.6247075900164893,0.11964920315417027,0.5242083054610911,9.0,-0.5995485397779812,0.004631280335449488,1.0660614197881246,147,21,0.1496550422944596,0.0002215398778082,0.2451207654423254,0.0001059866882417,0.1744791080075115,9.680806070551754e-05,0.1789536857419071,9.898779854006276e-05,0.4746064180358796,0.0001896157251063,0.4746064180358796,0.0001896157251063,0.1017192162944847,6.662801702397132e-05,0.1017192162944847,6.662801702397132e-05,0.1825688783207273,5.5201768923165166e-05,0.1825688783207273,5.5201768923165166e-05,0.510235523319789,0.0001868608709366,0.3729633165377427,0.0002399261267106,0.3099010306206933,0.0001276573640626,0.5965864206873862,0.0002277104562281,0.429760226273063,0.0008069280676865
2023-07-24,2460150.29891422,2.3039029799081265,2.176142323602005,0.1419419383518356,0.2371702978178488,6.0,-0.6016371871380977,0.00274672815214095,1.0390836833673252,94,15,0.1489396808430151,0.0002130951977772,0.2450536718187571,0.0001032604063355,0.1744853086674646,9.429901949229049e-05,0.1790210173946901,9.643333710299316e-05,0.4754839760681765,0.0001846843795962,0.4754839760681765,0.0001846843795962,0.1018990141311811,6.489830380508268e-05,0.1018990141311811,6.489830380508268e-05,0.1823537588774166,5.368981189036636e-05,0.1823537588774166,5.368981189036636e-05,0.5086684406908554,0.0001817989495437,0.3731187559451331,0.0002336651098631,0.3079357031693902,0.000123856207977,0.5934520576700254,0.0002225612093121,0.4298876459688516,0.000787233989796
2023-07-27,2460153.3110856554,0.2581601814515718,0.13076263754139922,0.0848456150464293,0.46611739128754565,16.0,-0.6054607169079675,0.003930080307474365,1.0893297360994691,210,39,0.1478844767729897,0.0002077730009912,0.2447535239063146,0.0001001037613513,0.1742233661963791,9.140748709863764e-05,0.1787221371082152,9.346471533533854e-05,0.4745204515855145,0.0001789921611338,0.4745204515855145,0.0001789921611338,0.1014155177305748,6.281102604200924e-05,0.1014155177305748,6.281102604200924e-05,0.1823728319063022,5.208556722081112e-05,0.1823728319063022,5.208556722081112e-05,0.5104065733553684,0.0001768375288956,0.3730639565966899,0.0002273674564983,0.3087171917660452,0.0001203671711319,0.5977782238717173,0.0002157925426137,0.4301768732553347,0.000761620695215
2023-07-30,2460156.3004172957,2.3002353153640107,2.1734068052692783,0.0889719508338539,0.636084761221722,14.0,-0.608705734784303,0.009166987719418344,1.0681503434807398,175,32,0.1491411086982566,0.0002032211244422,0.2449745500110988,9.89233494195408e-05,0.1743518104635185,9.035699183419484e-05,0.1789701945257941,9.247213867702298e-05,0.4743368845420669,0.0001765930280678,0.4743368845420669,0.0001765930280678,0.1016414363218508,6.202623254986895e-05,0.1016414363218508,6.202623254986895e-05,0.1826224134301213,5.1424359063496825e-05,0.1826224134301213,5.1424359063496825e-05,0.5103945146253593,0.0001742811408833,0.3730841203408295,0.000223878878992,0.3097000369409032,0.0001189819068461,0.5972411157127854,0.000212446719987,0.4301912478932401,0.0007528156183284
2023-07-31,2460157.252139322,2.7630757110615036,2.639266510164711,0.12166916054317602,0.39843493748818837,7.0,-0.6102281819639126,0.009115875244667787,1.150880648963305,135,21,0.1493265722912589,0.0001955046585286,0.2452999152889796,9.582652843449912e-05,0.1746537869385742,8.754198508745599e-05,0.1792473876701051,8.9627813162083e-05,0.4746853525851531,0.0001707983631601,0.4746853525851531,0.0001707983631601,0.1017109836159611,5.995807431865858e-05,0.1017109836159611,5.995807431865858e-05,0.1825629641922598,4.968775058795458e-05,0.1825629641922598,4.968775058795458e-05,0.509788061818236,0.0001683613535526,0.3732532783785797,0.000216422968592,0.3092790935423046,0.0001149366269924,0.5951063255851001,0.0002053383885655,0.430203903948767,0.0007297016945549
2023-08-01,2460158.2031731666,2.878920075629133,2.759133245498721,0.3315436282383294,0.0,1.0,-0.6120971173188138,0.0080328067039772,1.2807768539173825,44,3,0.1490929842410931,0.0002044803506347,0.2454846991513561,9.75033774932662e-05,0.1746713987639657,8.901673242383606e-05,0.1793585493116312,9.109028880109783e-05,0.4754018762218653,0.0001747190571553,0.4754018762218653,0.0001747190571553,0.1015655878360636,6.12637314521105e-05,0.1015655878360636,6.12637314521105e-05,0.1822598110532006,5.075376013766237e-05,0.1822598110532006,5.075376013766237e-05,0.5089394780338169,0.0001725611371763,0.373048588801122,0.0002219181995537,0.3077524230085975,0.0001175211077449,0.5931004274838269,0.000209577079089,0.430633286626167,0.0007417245045128
2023-08-02,2460159.3291784357,2.616609643424718,2.489122330325446,0.08543547808763499,0.3050567408857506,14.0,-0.6125331738994183,0.0036667439217408144,1.0985775628690035,215,37,0.1491006572078863,0.0001936138050561,0.2448632321872804,9.588028576075728e-05,0.1744272012857206,8.761871311805194e-05,0.1791113151100068,8.97814446064992e-05,0.4742287619003538,0.0001705496770677,0.4742287619003538,0.0001705496770677,0.1013153109052363,5.978049315388556e-05,0.1013153109052363,5.978049315388556e-05,0.1826152956638655,4.9648107424728865e-05,0.1826152956638655,4.9648107424728865e-05,0.510665773015934,0.0001680594650837,0.3732400519730108,0.0002157640837829,0.3108318346760985,0.000114956871349,0.6003066207174582,0.0002062940980445,0.4293203722143299,0.0007298524998073
2023-08-03,2460160.3044905197,1.8277754869785798,1.7018697885729885,0.07621776157569968,0.4832672870771425,17.0,-0.6136970668499175,0.006381984374444947,1.1127866197850482,239,42,0.1491519779757399,0.0001901377090447,0.2444344793289359,9.44838739952102e-05,0.1740646198193934,8.63505704301765e-05,0.1789991381753261,8.863361803571548e-05,0.4723976868035229,0.0001673323644028,0.4723976868035229,0.0001673323644028,0.1009539915832421,5.8678643107143666e-05,0.1009539915832421,5.8678643107143666e-05,0.182875612441394,4.8864475535608014e-05,0.182875612441394,4.8864475535608014e-05,0.512368221723518,0.0001655058136806,0.3731337384296235,0.0002124529283478,0.3141589884107305,0.000113850766303,0.6065373356211387,0.0002021928531762,0.429508535752641,0.0007200078026011
2023-08-04,2460161.3061000737,1.7606201774203587,1.6349141152987487,0.07662444130028417,0.3822214242891639,17.0,-0.6150584960895795,0.004871720309708983,1.1363101193072378,230,39,0.1490930376342736,0.0001907619331215,0.244114828959361,9.446514499274428e-05,0.1742459772149024,8.653614084094889e-05,0.1791538529550586,8.885065634705088e-05,0.4724873619828123,0.000167750898285,0.4724873619828123,0.000167750898285,0.1010413755511714,5.8819703642249685e-05,0.1010413755511714,5.8819703642249685e-05,0.1829140581320029,4.896325055985982e-05,0.1829140581320029,4.896325055985982e-05,0.5128128050110775,0.0001652984378942,0.3731301964259674,0.0002123117833417,0.31538998106172,0.000114028909111,0.6062871164998617,0.0002015095555643,0.4284798673194298,0.0007202196495558
2023-08-05,2460162.3045062013,0.7056380571348418,0.580097451533355,0.06674132582381805,0.5167020981435438,23.0,-0.6161902586959178,0.0055386257414077045,1.129733541567093,254,47,0.1490578476562084,0.0001941367144882,0.2444978385244509,9.564418404829404e-05,0.1741257764728852,8.744637035122294e-05,0.1790305618413296,8.974668314897793e-05,0.4735064962658567,0.0001701020138209,0.4735064962658567,0.0001701020138209,0.1016523320159574,5.977767835947595e-05,0.1016523320159574,5.977767835947595e-05,0.1828836322125368,4.9606272569627465e-05,0.1828836322125368,4.9606272569627465e-05,0.5114129622621382,0.0001673924399319,0.3732228771634126,0.0002149782701162,0.3119557245407005,0.0001147461203532,0.6022627365949605,0.0002052335984984,0.4287419114871413,0.0007285569541909
2023-08-06,2460163.2945922175,0.8735190166100693,0.7486436336779503,0.0702988679496261,0.2532881129273467,21.0,-0.6173106107957069,0.008537102980069943,1.1278713275733234,241,46,0.1488464790967598,0.0001959916774591,0.2448648089121237,9.629961302117026e-05,0.1742567367328659,8.79594029888477e-05,0.1790268075331498,9.016578534539764e-05,0.4748197890888466,0.0001715371321921,0.4748197890888466,0.0001715371321921,0.1017661501478823,6.021924385213524e-05,0.1017661501478823,6.021924385213524e-05,0.1824172879511041,4.987883826611707e-05,0.1824172879511041,4.987883826611707e-05,0.5102220353412605,0.0001688443277772,0.373247528776271,0.0002168047024545,0.3082770159019666,0.0001148923799212,0.5970563884709498,0.0002073221261296,0.4306187772410227,0.0007330448193513
2023-08-11,2460168.4159482988,0.3294333866254135,0.1987802885447107,0.3114580832050332,0.0,1.0,-0.6243484718393899,-0.0017472072975495,1.2603470130805898,25,2,0.1487771144843076,0.0001893164265964,0.2451418270581398,9.279700203477228e-05,0.1743658768266283,8.472922233078755e-05,0.1787180502932407,8.66118824631358e-05,0.4755580813719913,0.0001654085421277,0.4755580813719913,0.0001654085421277,0.1017268380705953,5.802089417757804e-05,0.1017268380705953,5.802089417757804e-05,0.1817477073108044,4.796793290723046e-05,0.1817477073108044,4.796793290723046e-05,0.5088748897786683,0.0001631847715331,0.3729036424925931,0.0002091873690041,0.3066325405977607,0.0001107070005862,0.5915668683491293,0.0001997384680658,0.4306938400823045,0.0007017583491669
2023-08-12,2460169.285114458,1.411532192541001,1.2890655352546316,0.11667785061267238,0.2478093433401933,7.0,-0.624221246482154,0.006989283655297586,1.1584525152744634,155,20,0.1489296915550615,0.0001856782115613,0.2449621986344302,9.283738246690424e-05,0.1738342275372798,8.46568499401704e-05,0.1787310931483073,8.68676597967132e-05,0.4741305783343298,0.0001646276640615,0.4741305783343298,0.0001646276640615,0.1015475302925804,5.776945617978864e-05,0.1015475302925804,5.776945617978864e-05,0.1820833646648325,4.785576667798575e-05,0.1820833646648325,4.785576667798575e-05,0.5106073038763541,0.0001620679406403,0.3732097176323432,0.0002078630031181,0.3099718535211416,0.0001106533072978,0.5992569858398122,0.000198922130125,0.4299209846286378,0.0007054137332338
2023-08-13,2460170.193718281,1.8994338365633294,1.7872019872713676,0.3140582398860331,0.0,1.0,-0.6261315991751586,0.0135947956245813,1.3646313564120232,35,3,0.1485990941855437,0.0001911687174094,0.2447887267845748,9.28668959281607e-05,0.1737429543589179,8.471193019658311e-05,0.1784608170572118,8.69136749185306e-05,0.4745517657010636,0.0001658337486632,0.4745517657010636,0.0001658337486632,0.1014295439240628,5.81403555552008e-05,0.1014295439240628,5.81403555552008e-05,0.1820790224106852,4.8192999463952825e-05,0.1820790224106852,4.8192999463952825e-05,0.5101876397550832,0.0001632703633134,0.3730630484011808,0.0002096851812722,0.3101494581184176,0.0001117135111884,0.5993198880428179,0.0001995853261421,0.4284369561474939,0.0007044344124948
2023-08-14,2460171.3189946013,3.026486848300598,2.90107505227652,0.0822740461765418,0.33944195318126685,14.0,-0.6261254791552114,0.008174845166012275,1.1045491231973237,191,33,0.1488567484193665,0.0001854176110768,0.244854664916049,9.272132424289091e-05,0.1738724986598424,8.462064825014017e-05,0.1784580012930538,8.676650859657191e-05,0.474704702627622,0.0001647331901502,0.474704702627622,0.0001647331901502,0.1016703935252158,5.779261804600991e-05,0.1016703935252158,5.779261804600991e-05,0.1818886202130101,4.782798768579869e-05,0.1818886202130101,4.782798768579869e-05,0.509694514311818,0.0001617018461144,0.3731277529379904,0.0002075543192929,0.3095138714496528,0.000110469799104,0.5940972436460589,0.0001986509112963,0.4304226498495576,0.0007047084062248
2023-08-17,2460174.2689893492,1.6334219788634876,1.5130152976433808,0.08321260630656392,0.5093111312490677,14.0,-0.6291952637201558,0.009380197822609692,1.1605563787296018,201,32,0.1491010760049472,0.0001891159448279,0.244966675994761,9.282122515571852e-05,0.1739367007720316,8.468035809440791e-05,0.1784904411601772,8.669906500257024e-05,0.4752542176525355,0.0001653043924244,0.4752542176525355,0.0001653043924244,0.101999223305157,5.8043592209316863e-05,0.101999223305157,5.8043592209316863e-05,0.1820831950384262,4.799214667582719e-05,0.1820831950384262,4.799214667582719e-05,0.5093479639799279,0.0001627279102302,0.3731223333269685,0.0002090551152557,0.3076405008701168,0.0001106665996013,0.5943660983151787,0.0001989571193282,0.4311413896369512,0.000704043440547
2023-08-22,2460179.277905502,0.3752609148902602,0.25485008569571127,0.08465178032522425,0.4603027979863346,14.0,-0.6333667905592684,0.011233715971813404,1.1389980171302436,176,32,0.1472227116505998,0.0001917887503266,0.2448544339812176,9.390197048062369e-05,0.1737221976678677,8.56393405619445e-05,0.1782646091562168,8.77506051878337e-05,0.4746134970654936,0.0001676845654501,0.4746134970654936,0.0001676845654501,0.1012941439590668,5.8728084873750386e-05,0.1012941439590668,5.8728084873750386e-05,0.18203237558634,4.871106279500124e-05,0.18203237558634,4.871106279500124e-05,0.5101784550735117,0.0001654535458562,0.3727894506590653,0.0002126212299929,0.3085965546038136,0.000112674395594,0.5951650554704488,0.0002006643609363,0.4297764714220896,0.0007081937550192
2023-08-23,2460180.2551490874,1.056371782047355,0.9375446719173943,0.2298509881044375,0.09828084995770536,2.0,-0.634081465543197,0.021333192762745548,1.1414650251517702,43,6,0.1471675994486562,0.0001993365598374,0.245064178860465,9.439175141757622e-05,0.1738989183826469,8.611070202446898e-05,0.1785437437981628,8.81948955062688e-05,0.4752172251735647,0.0001696891127235,0.4752172251735647,0.0001696891127235,0.1013370860090382,5.94272756974283e-05,0.1013370860090382,5.94272756974283e-05,0.1818429251879857,4.924801250409096e-05,0.1818429251879857,4.924801250409096e-05,0.5090397510897214,0.0001677393529842,0.3730340167658326,0.0002165632569091,0.3062821471136002,0.000113779314898,0.5902123876678463,0.0002016573225082,0.4308468542153283,0.0007127048713015
2023-08-25,2460182.2097369744,1.3838860488702187,1.2733630632385458,0.18721651312756463,0.46176732857579267,3.0,-0.6363174589439408,0.025862644104533233,1.3113940143733693,68,11,0.1471254118560493,0.0001983210235023,0.2447512182817717,9.374098996404347e-05,0.1737415129614415,8.551259497974617e-05,0.1780661701010798,8.755642532707425e-05,0.4754897295947554,0.0001686126762138,0.4754897295947554,0.0001686126762138,0.1013463508822669,5.9029560701168675e-05,0.1013463508822669,5.9029560701168675e-05,0.1820577190739829,4.8941606103177784e-05,0.1820577190739829,4.8941606103177784e-05,0.5092096446418537,0.0001668850572958,0.3729199163202107,0.0002152547232102,0.3071099963596086,0.0001134462595925,0.5958019020324472,0.0002018800010536,0.4298463785373713,0.0007084849714351
2023-08-26,2460183.3016308583,1.0731032033339807,0.951089014443124,0.1425187650791368,0.3122040831408676,5.0,-0.6363120605373986,0.009119230045104119,1.1381352222665442,99,15,0.1473446863127727,0.0001946779311613,0.245146512278909,9.368622793244286e-05,0.1740115355454871,8.547757245609119e-05,0.1782153959133548,8.745585113261982e-05,0.4761823121947808,0.0001680289602699,0.4761823121947808,0.0001680289602699,0.1015804127015175,5.8816773017887535e-05,0.1015804127015175,5.8816773017887535e-05,0.181993469276329,4.871450854275412e-05,0.181993469276329,4.871450854275412e-05,0.5086032945820028,0.0001657439052442,0.3729682851323966,0.0002135920660106,0.3062570213845669,0.0001124784516604,0.5910955555312639,0.0002012254220216,0.430263789247004,0.0007075362668575
2023-08-27,2460184.264368668,0.6736908743542126,0.555117627322996,0.11653540214219724,0.27791678527903196,7.0,-0.6368609946977302,0.01966265684304614,1.140901126309998,139,22,0.1469731199088385,0.0001847945029424,0.2450769647956875,9.299597815485328e-05,0.1738838135503037,8.481924779787994e-05,0.17830114924554,8.693453592351323e-05,0.4763337070087417,0.0001655407313107,0.4763337070087417,0.0001655407313107,0.101412406788331,5.7932519572291495e-05,0.101412406788331,5.7932519572291495e-05,0.1818359891624503,4.79847333837592e-05,0.1818359891624503,4.79847333837592e-05,0.508104238926138,0.0001621889494048,0.3728752795191433,0.0002080873183422,0.3053866148323456,0.0001099613696456,0.5874745244402303,0.0001990279786086,0.4300443403360718,0.0007065058226144
2023-08-28,2460185.2601998183,-0.27719225591774305,-0.3941224039655353,0.0964501558813671,0.3105183238390647,11.0,-0.6377308861999782,0.014757316954136691,1.185357562543801,128,24,0.1466293177425353,0.0001944231590839,0.244496316755224,9.400889012989838e-05,0.1738514819038622,8.591586008987838e-05,0.1785370970037666,8.815898087242569e-05,0.475385981369938,0.0001686172949157,0.475385981369938,0.0001686172949157,0.1010497839504335,5.895677723712598e-05,0.1010497839504335,5.895677723712598e-05,0.1818985980530211,4.89270410685871e-05,0.1818985980530211,4.89270410685871e-05,0.5095594452009762,0.0001663379501837,0.3731463458283482,0.0002142325299003,0.3077270718848356,0.0001131945382042,0.5933957211439321,0.0002015999812354,0.4309339446555639,0.0007138424206934
2023-08-29,2460186.2677168027,-1.5227605334428034,-1.6399329545278376,0.08065005429889713,0.5229524403323649,15.0,-0.6383967987130582,0.01635825823812284,1.1947690771746446,198,34,0.1469969347013143,0.0001889123556766,0.2442234698473527,9.28786398130414e-05,0.173417778070254,8.486464243963574e-05,0.1780618325672718,8.70611688295189e-05,0.4739110863760648,0.000165551627179,0.4739110863760648,0.000165551627179,0.1008401436485627,5.791420665602494e-05,0.1008401436485627,5.791420665602494e-05,0.1823846515202194,4.818787174639627e-05,0.1823846515202194,4.818787174639627e-05,0.5112455639974293,0.0001633769266578,0.3730229994547621,0.0002099503511133,0.3104426918621139,0.0001116278979037,0.6023089488490592,0.0001991531951957,0.4298043976052172,0.0007047151169884
2023-08-30,2460187.2490710914,-1.843866321274407,-1.959622276808914,0.11106427021785704,0.2776337860803775,8.0,-0.6388929913433112,0.016551026501284413,1.1845647371556,128,20,0.1470334334226402,0.0001910964178743,0.2444505367542682,9.302846650557688e-05,0.1736238728838891,8.501370013809214e-05,0.1782437356441884,8.716722915466462e-05,0.4746511644357859,0.0001663381275087,0.4746511644357859,0.0001663381275087,0.1010900433138209,5.82040153844609e-05,0.1010900433138209,5.82040153844609e-05,0.1821490147252825,4.832840781563944e-05,0.1821490147252825,4.832840781563944e-05,0.5108921657801485,0.0001640763401497,0.3729620730393799,0.0002109255466504,0.3088272973141326,0.0001117318453701,0.5996098149514129,0.0001996520806626,0.429907638534913,0.0007037454734464
2023-09-02,2460190.4091709955,-0.2042559097717892,-0.3311626073075228,0.3101607220944346,0.0,1.0,-0.6417573722278964,0.0022893310610302,1.327815819181436,28,2,0.146405956593134,0.0001875743508594,0.24459312984647,9.176057784835752e-05,0.1735641263028029,8.372599191332173e-05,0.1781986895644321,8.59133210959716e-05,0.4746138778705135,0.0001639928907339,0.4746138778705135,0.0001639928907339,0.101435358135482,5.745182368585962e-05,0.101435358135482,5.745182368585962e-05,0.1820275356536271,4.761816183904674e-05,0.1820275356536271,4.761816183904674e-05,0.5094778055346824,0.0001618286754229,0.3730397861326097,0.0002077942389378,0.3081388335246735,0.0001102165404504,0.5950191838778385,0.0001974266900866,0.431742324588241,0.0006962802792845
2023-09-03,2460191.3691974333,1.2897156809743613,1.164982579829225,0.09709312770186038,0.23162540867332884,10.0,-0.6414762378421591,0.0037431211190597003,1.2051186936995344,134,20,0.1466757815387111,0.0001837573611827,0.243710546221463,9.185299821656808e-05,0.1734705595221067,8.405365552246933e-05,0.1782850471850194,8.642592986235029e-05,0.4728290905792153,0.0001632121061653,0.4728290905792153,0.0001632121061653,0.101289469977304,5.726145701728249e-05,0.101289469977304,5.726145701728249e-05,0.1824432612142792,4.754805721237609e-05,0.1824432612142792,4.754805721237609e-05,0.5123012144504995,0.0001610908090994,0.3733605179417107,0.0002070340049466,0.3138126839395859,0.0001108277448958,0.6054381312243395,0.0001964356103958,0.4299741382893895,0.0006992705287809
2023-09-05,2460193.2579761664,0.5449606548415226,0.4300464751407326,0.0870028478403472,0.4595589420856389,12.0,-0.6420317130859391,0.010374183718482716,1.192928758093517,120,24,0.1470985603088811,0.0001797782853667,0.2428862869798176,9.046773041693694e-05,0.1728552350434456,8.287541089996429e-05,0.1784106392351351,8.551195139609666e-05,0.4696592031259193,0.0001600645610612,0.4696592031259193,0.0001600645610612,0.1007262506845775,5.619314463349846e-05,0.1007262506845775,5.619314463349846e-05,0.1830471569030498,4.687619015595075e-05,0.1830471569030498,4.687619015595075e-05,0.5157400838091077,0.0001584937074478,0.3729160535045716,0.0002033914033915,0.3207678739763661,0.0001103036874872,0.6063095185299765,0.0001871072556721,0.4294060865464766,0.0006900807762364
2023-09-06,2460194.308889026,0.03493111200702358,-0.08346632079497261,0.06676713902207221,0.3058182851690323,22.0,-0.6427421504814403,0.011246290019531523,1.2266468501325256,250,46,0.1474864269755736,0.0001898768414034,0.2436660404244222,9.23060111375024e-05,0.1733914372778181,8.453613932261694e-05,0.1785074836365106,8.701003306169491e-05,0.4721726236829536,0.0001646794313434,0.4721726236829536,0.0001646794313434,0.10099208054199,5.770533650773522e-05,0.10099208054199,5.770533650773522e-05,0.1822902934310443,4.79815187018047e-05,0.1822902934310443,4.79815187018047e-05,0.5130563733562908,0.0001628829430154,0.3731532794026809,0.0002096511991004,0.3144612608843624,0.0001121061326614,0.604967545696412,0.0001957423576216,0.4293879175011096,0.0007003510771654
2023-09-07,2460195.269896811,0.9419418296007624,0.8269524285416227,0.08019212662113342,0.4616158517742784,16.0,-0.6429084482295984,0.015234059661907443,1.2055230404407968,184,35,0.1480546240149168,0.0001973080840915,0.2446838672530341,9.346329126044394e-05,0.174021022010531,8.554208263196662e-05,0.1785255103677821,8.776913960815951e-05,0.4738886731833747,0.0001675997157015,0.4738886731833747,0.0001675997157015,0.1014509086510099,5.879427120730732e-05,0.1014509086510099,5.879427120730732e-05,0.1821533811151676,4.874834348354899e-05,0.1821533811151676,4.874834348354899e-05,0.5106503745736815,0.0001655974599998,0.372996635774967,0.0002137454315608,0.3099859411384501,0.0001131371752986,0.5973671665033057,0.0001988514513937,0.4304746751876501,0.0007070449903712
2023-09-09,2460197.3118192195,0.07699983432475227,-0.042515842685817505,0.10513467111802748,0.6265670386533977,9.0,-0.6434542005532322,0.011835372922878234,1.1732139390401923,141,22,0.1485157617902185,0.0001923697495869,0.2445846170856557,9.302378732031102e-05,0.173916849705446,8.51412192767171e-05,0.178745703456852,8.751907120442044e-05,0.4734993659959057,0.0001659967418067,0.4734993659959057,0.0001659967418067,0.1014311794489819,5.8225712067824835e-05,0.1014311794489819,5.8225712067824835e-05,0.182265407324664,4.829974515647587e-05,0.182265407324664,4.829974515647587e-05,0.5111581379486968,0.0001636755374668,0.3731223175374034,0.0002109137039257,0.3110170489922282,0.0001120174291758,0.6002183324135466,0.0001980059776667,0.4297348664313283,0.0007039841385385
2023-09-10,2460198.413637354,0.3664662192145314,0.24172087561821173,0.3284184646978154,0.0,1.0,-0.6450703924183235,0.0059080980546429,1.409788754200782,65,5,0.1484384907938704,0.0002019719330666,0.2453111741175254,9.399069302109103e-05,0.1740251599698128,8.584684602650174e-05,0.1788194541582738,8.81659148175368e-05,0.474923355998312,0.0001687353204254,0.474923355998312,0.0001687353204254,0.1015287253671174,5.911813010895943e-05,0.1015287253671174,5.911813010895943e-05,0.1820296049092953,4.898609285543027e-05,0.1820296049092953,4.898609285543027e-05,0.5099019145967756,0.0001666647440807,0.3732730153705785,0.0002153647298021,0.3088538842188366,0.0001136573655346,0.5936502312134373,0.0001998599973343,0.4304506467648226,0.0007087357394714
2023-09-13,2460201.2039725166,0.9108687586373425,0.8090976823452168,0.18484885722644367,0.12626108804176234,3.0,-0.6452760733453808,0.03382809914981373,1.4148772459103611,96,8,0.1479319181334115,0.0001948219114216,0.2450608275933712,9.318427239914538e-05,0.1742759315001813,8.522126282160388e-05,0.1782967731029754,8.73195492090869e-05,0.4755124604375028,0.0001669349776599,0.4755124604375028,0.0001669349776599,0.1017062457152861,5.852270131769736e-05,0.1017062457152861,5.852270131769736e-05,0.1817721748263917,4.8411991096452216e-05,0.1817721748263917,4.8411991096452216e-05,0.5090684067705044,0.0001645742493834,0.3732569132610372,0.0002120550385625,0.3066472724080469,0.0001118679670293,0.5906035087088627,0.0001990922948712,0.4305679040634066,0.0007039272786803
2023-10-12,2460230.403674158,1.6844841157119257,1.5741947376105094,0.3350074224985703,0.0,1.0,-0.6355258758333374,0.0201814982511734,1.6642571359013776,18,2,0.1475895894089166,0.0002073780799107,0.2438178154599437,9.518729896375624e-05,0.1733802587280465,8.707707687429002e-05,0.1785935318031394,9.004134274856068e-05,0.4729937704021811,0.0001731033874591,0.4729937704021811,0.0001731033874591,0.1010546418350103,6.055519777456747e-05,0.1010546418350103,6.055519777456747e-05,0.1824359795039865,5.0351970708407135e-05,0.1824359795039865,5.0351970708407135e-05,0.5129678989152798,0.0001727115471205,0.3730416587696253,0.000222780731229,0.3156120068860393,0.0001193360113829,0.6058221019955483,0.0002014241740042,0.4292786585638067,0.0007150771836641
2023-10-15,2460233.3047121,0.5650480094653788,0.4574008640276728,0.06799186397976797,0.5107898280719606,23.0,-0.6329513431307852,0.02434802424536666,1.4796912601794485,245,47,0.1476062456456654,0.0001997487401498,0.2435435271985131,9.407258431263712e-05,0.1730904247425623,8.609817154327569e-05,0.178434293131806,8.910912209560534e-05,0.4718018971866016,0.000170057982476,0.4718018971866016,0.000170057982476,0.1009110776999951,5.954508931380482e-05,0.1009110776999951,5.954508931380482e-05,0.1827264790533041,4.95854179965716e-05,0.1827264790533041,4.95854179965716e-05,0.5132743633811869,0.0001690143546467,0.3731127778340078,0.0002180196887099,0.3165966404959076,0.0001169071957678,0.6080017593652579,0.0001978957957276,0.4292936451234094,0.0007082093452291
2023-10-16,2460234.249460258,-0.0698793715091606,-0.17281668676281045,0.10353383972049933,0.7004368679938304,10.0,-0.6325677112644769,0.03383089378325331,1.5329657275663782,147,22,0.1476103689930798,0.0002021034560874,0.2439733364442992,9.398866977387882e-05,0.1734500487193823,8.606941207979413e-05,0.1785545461341151,8.896024594913809e-05,0.4730208645785759,0.0001702276426517,0.4730208645785759,0.0001702276426517,0.1011720669141639,5.9625712328588475e-05,0.1011720669141639,5.9625712328588475e-05,0.1824678965607974,4.9551519198447975e-05,0.1824678965607974,4.9551519198447975e-05,0.5118268278546941,0.0001689262995133,0.3729597339883778,0.0002179531247784,0.3128850389963791,0.0001161131741117,0.6039441039700866,0.0001995760636241,0.4289726145074652,0.0007063191570275
2023-10-18,2460236.3291608007,-1.0370723043180328,-1.1468113894345293,0.07963367380833489,0.21479721254715906,17.0,-0.6303546388202692,0.020970722452160518,1.463572989297202,196,37,0.1470335213172053,0.0002022304691957,0.2437275576429479,9.428554400037262e-05,0.1732374335231607,8.635651162068933e-05,0.1784129302573491,8.929498241000029e-05,0.4722237890830255,0.0001708560660191,0.4722237890830255,0.0001708560660191,0.1008935890767473,5.977773517223203e-05,0.1008935890767473,5.977773517223203e-05,0.1826453910353447,4.977719376948533e-05,0.1826453910353447,4.977719376948533e-05,0.512972909835808,0.0001699447171091,0.3732527955219067,0.0002194236958312,0.3150790003969751,0.0001171948075173,0.6060311463528553,0.000199199342987,0.4290509591950006,0.0007079820816557
2023-10-19,2460237.3043024237,1.108968779911303,1.0020111008439734,0.06839918919395745,0.4778947245050622,23.0,-0.6297976849926978,0.028056499991402414,1.5174742209629692,245,47,0.1465558030693467,0.0002020556417677,0.2429484264253412,9.342463101273536e-05,0.1729607543479913,8.567700943398601e-05,0.1782776119309207,8.879882094794288e-05,0.4707073636864628,0.0001695623779333,0.4707073636864628,0.0001695623779333,0.1007126159459497,5.938622088872643e-05,0.1007126159459497,5.938622088872643e-05,0.1829038857746555,4.951961249776823e-05,0.1829038857746555,4.951961249776823e-05,0.5145344899573621,0.0001689933430934,0.3730417962424139,0.0002183351302258,0.3191201029605737,0.0001174712698054,0.607439915417796,0.0001957576471119,0.429052424240472,0.0007054690147058
2023-10-20,2460238.3021607534,-0.35109461550800314,-0.45765447747061905,0.07031319868360834,0.6907489473312288,22.0,-0.628993425469012,0.02925900327637244,1.5332990485929543,244,46,0.1460755336381291,0.0002032424598215,0.2427054861578106,9.361379989247832e-05,0.1727761572014804,8.587701032606797e-05,0.1782398321013032,8.908490268645108e-05,0.4712086980097066,0.0001702643618161,0.4712086980097066,0.0001702643618161,0.1005759907121001,5.9523850930012656e-05,0.1005759907121001,5.9523850930012656e-05,0.1828067829362434,4.966796350005057e-05,0.1828067829362434,4.966796350005057e-05,0.5142297284404446,0.0001695508873068,0.3729619165188617,0.0002190852533452,0.318530264246462,0.0001177304851313,0.6069093436704679,0.0001967252670068,0.4287824463270464,0.0007072070145345
2023-10-21,2460239.313735059,-0.4589576549300728,-0.565410080481101,0.07577455194285093,0.33347823568589763,19.0,-0.6281573928791355,0.021479074412714315,1.5601441388788442,236,43,0.1453857313693128,0.0002025276145946,0.2429839941673565,9.369237086671684e-05,0.1727572040296803,8.585046558373297e-05,0.1781059062989591,8.899096453898381e-05,0.4718594750879403,0.0001702446906447,0.4718594750879403,0.0001702446906447,0.1007151320318973,5.952335814549301e-05,0.1007151320318973,5.952335814549301e-05,0.1826307105585277,4.959823289730252e-05,0.1826307105585277,4.959823289730252e-05,0.5136299131222369,0.0001691752431295,0.3728987840979935,0.0002185885911139,0.3165779877118115,0.0001170427513421,0.6054449046921063,0.0001978326418726,0.4292860433579459,0.0007071463485362
2023-10-22,2460240.304451672,-0.89052350582926,-0.9970786398802276,0.06782611910715104,0.6850501341823364,23.0,-0.6272724915133633,0.025782044446030977,1.5465727458613425,244,47,0.1450607416972272,0.0001988920019096,0.2429609288860074,9.29623019749943e-05,0.1727885500979614,8.520616962498513e-05,0.17805126778959,8.829317662596513e-05,0.4716708686385618,0.0001686134650946,0.4716708686385618,0.0001686134650946,0.1007112456857321,5.897410690937048e-05,0.1007112456857321,5.897410690937048e-05,0.1827480973614634,4.916378355580773e-05,0.1827480973614634,4.916378355580773e-05,0.5140247875355208,0.0001675099401929,0.3729355874561339,0.0002162914671911,0.3170051282973664,0.0001159710001394,0.6064908574630181,0.0001962201236163,0.4292217107265914,0.0007015641215559
2023-10-23,2460241.223184054,-0.6199214018028834,-0.721559591447152,0.12198985284845876,0.47088735688152344,7.0,-0.6270104877214646,0.042452014719525186,1.6069871012701722,169,23,0.1449683551978928,0.0001963227071983,0.2429213039053947,9.230375679400836e-05,0.1725563549325948,8.449592046271199e-05,0.1779298135133561,8.758043102296256e-05,0.4710119349718364,0.0001672574105837,0.4710119349718364,0.0001672574105837,0.1004357905704509,5.845652401238321e-05,0.1004357905704509,5.845652401238321e-05,0.182722870539787,4.880057711526166e-05,0.182722870539787,4.880057711526166e-05,0.5147974807481566,0.0001666152806405,0.3728095594438579,0.0002148218623529,0.3180180869067914,0.0001154974458898,0.607602473528454,0.0001935456620679,0.4292028504740744,0.0006943875841129
2023-10-24,2460242.2739780545,-1.191648688886099,-1.3011407104113295,0.3206936978476744,0.0,1.0,-0.6251818995857954,0.0270752744094645,1.4060250906807694,40,5,0.1449695796670567,0.0001952075713878,0.2431046244182607,9.364023316038585e-05,0.1724786347378542,8.558320617698989e-05,0.1777897395456193,8.864982399068555e-05,0.4720024268846584,0.0001694584877728,0.4720024268846584,0.0001694584877728,0.1006114999982811,5.922655252368926e-05,0.1006114999982811,5.922655252368926e-05,0.1827497850023792,4.9400234695144336e-05,0.1827497850023792,4.9400234695144336e-05,0.5138046538308865,0.0001685873703691,0.3727192005603085,0.0002167189957536,0.3155240149496409,0.0001162717338233,0.6049667996164294,0.000197641322002,0.4296520189519962,0.0007039969815406
2023-10-25,2460243.3934459263,-2.0845441742883493,-2.1894703027473885,0.23967498026467254,0.19532473308652054,2.0,-0.6248280134392541,0.031090391460358,1.7423162901841147,39,6,0.1451935189139845,0.0002122866190104,0.2435092531232114,9.492683833837832e-05,0.1725752008758904,8.667959421602235e-05,0.1780034144865821,8.97337255680328e-05,0.4724362726178295,0.0001733676096544,0.4724362726178295,0.0001733676096544,0.1007584601294013,6.059056175710973e-05,0.1007584601294013,6.059056175710973e-05,0.1825990496500875,5.048398878636235e-05,0.1825990496500875,5.048398878636235e-05,0.513261927145252,0.0001735261609117,0.3729234916748103,0.0002241319860232,0.3144847571450352,0.0001195402501719,0.6044931455403567,0.0002008249774691,0.4295024909227901,0.0007108916790509
2023-10-26,2460244.3043569024,-1.2969416442749953,-1.4033493951477807,0.06580096941557538,0.47817476651024504,24.0,-0.6238500226577567,0.022868650446985734,1.579700529793106,243,48,0.1458610967373355,0.0001969189949491,0.2430361281679277,9.261127612991422e-05,0.1724254979811092,8.467355667396258e-05,0.1779265595501581,8.77655852855393e-05,0.471266538214569,0.000167693723722,0.471266538214569,0.000167693723722,0.1007197151383709,5.867474163551836e-05,0.1007197151383709,5.867474163551836e-05,0.1827641706100118,4.890459745139966e-05,0.1827641706100118,4.890459745139966e-05,0.5144965826110182,0.0001672307525289,0.3728272531236862,0.0002154078829422,0.317439517225445,0.0001158080185681,0.6044455109251335,0.0001933193979215,0.4288198918328423,0.0006957250624667
2023-10-27,2460245.309465853,0.29954722753067053,0.1934482808469539,0.07047779096219438,0.4338286192981392,21.0,-0.6230396295587852,0.020357727882015533,1.6050278675846799,238,45,0.1462143813840516,0.000197507755804,0.2432055380630826,9.269373661586944e-05,0.1725544154870293,8.478070312626402e-05,0.1780543388827941,8.787731091885655e-05,0.4715773106740896,0.0001678708900143,0.4715773106740896,0.0001678708900143,0.1006066177564567,5.8673852102750656e-05,0.1006066177564567,5.8673852102750656e-05,0.1825722233664201,4.891897436579037e-05,0.1825722233664201,4.891897436579037e-05,0.514178255575001,0.0001670571101548,0.3730508446110434,0.0002153063032529,0.3169689728332177,0.0001155943398844,0.6057176796921018,0.0001941904594291,0.4292247131991616,0.000696916994889
2023-10-28,2460246.3015891584,1.3238310333676326,1.2175521471667208,0.06709295849590802,0.43289393174256346,23.0,-0.6222161221927914,0.025443117101979468,1.6008921335157595,239,47,0.1468482205029883,0.000197100003,0.2431827131944874,9.239932594403714e-05,0.1726988238140058,8.460338095597642e-05,0.1782771710129558,8.781654113942532e-05,0.4707191248772263,0.0001673203569778,0.4707191248772263,0.0001673203569778,0.1007111405921889,5.854753595809267e-05,0.1007111405921889,5.854753595809267e-05,0.1826715618752362,4.880286261196045e-05,0.1826715618752362,4.880286261196045e-05,0.514608901349897,0.0001663593460709,0.3731172185664919,0.0002146539448821,0.319663321997708,0.0001157923171519,0.6070935611538122,0.0001928266842287,0.4283621375028709,0.0006949973503749
2023-10-30,2460248.2928719646,4.917157884173774,4.810699129305065,0.07444719620445889,0.6506653289683417,19.0,-0.6206616856648172,0.02764639589007834,1.6114782024391894,217,41,0.1474505027220861,0.0001991989925615,0.2430266980960304,9.288710816428332e-05,0.1727974174908463,8.51103944011047e-05,0.1783282053335813,8.83984526407778e-05,0.4696267122441424,0.000167950043838,0.4696267122441424,0.000167950043838,0.1004432337113925,5.8774835074655106e-05,0.1004432337113925,5.8774835074655106e-05,0.1826486986800022,4.904706935515328e-05,0.1826486986800022,4.904706935515328e-05,0.5158664583267235,0.000167563166074,0.3731038963522904,0.0002161784327685,0.3223868121867976,0.0001171029632405,0.6050498747282022,0.0001905221982874,0.4270201426090573,0.000698181797443
2023-10-31,2460249.290170177,4.0882351291724035,3.981751513889246,0.07604476338567887,0.38202264845754985,18.0,-0.6198886037275577,0.031161584729528298,1.6230201128648443,214,38,0.1477508474913385,0.0001979718554665,0.2429205489528896,9.211350272349643e-05,0.1728745273726323,8.444561547209513e-05,0.1786159354017747,8.780789503778142e-05,0.4691061318741526,0.0001664116742762,0.4691061318741526,0.0001664116742762,0.1004556754783865,5.829612306861122e-05,0.1004556754783865,5.829612306861122e-05,0.1828029926573744,4.866219838766112e-05,0.1828029926573744,4.866219838766112e-05,0.5162975391019922,0.0001662068277189,0.3731851680134995,0.0002145665913391,0.3232188707982157,0.0001162807044814,0.6029574376399257,0.0001873093561602,0.4271314874984523,0.0006924091513671
2023-11-01,2460250.266194515,2.549927898518236,2.442922363269342,0.09313885648513216,0.49085504398423585,12.0,-0.6192435944427482,0.026236304212524843,1.6174352512264818,191,31,0.1483642730566386,0.0001976661383345,0.2429272650314162,9.255442898973564e-05,0.172920171687062,8.486570425118827e-05,0.178544746425394,8.822284384468412e-05,0.4693470212073375,0.0001668278727471,0.4693470212073375,0.0001668278727471,0.1007179084572871,5.849666282001222e-05,0.1007179084572871,5.849666282001222e-05,0.1830072362095501,4.8805510325926155e-05,0.1830072362095501,4.8805510325926155e-05,0.5163564882726148,0.0001663348489978,0.3731914866351486,0.0002144856261715,0.3227564741095096,0.0001162711552158,0.6027356493706054,0.0001884034885232,0.4277212839004055,0.0006977774073522
2023-11-02,2460251.3055518656,1.6125176592600046,1.5062968003381199,0.06761258816262866,0.43095104282894625,23.0,-0.6183645294890322,0.024515777769683424,1.6633980453527233,239,47,0.1486673567567167,0.0002007845969289,0.2432321885337467,9.244211422585351e-05,0.1730355247741514,8.472677981039372e-05,0.1784521043633246,8.798271761252657e-05,0.4696774775376089,0.0001670177197591,0.4696774775376089,0.0001670177197591,0.1010866290657622,5.864767404458358e-05,0.1010866290657622,5.864767404458358e-05,0.1831058430723068,4.884693172030567e-05,0.1831058430723068,4.884693172030567e-05,0.5158575967568892,0.0001666957002107,0.3731058309524281,0.0002151406450212,0.3220467157758045,0.0001164058672301,0.604095922552959,0.0001889513906306,0.4273810656919572,0.0006948982230052
2023-11-03,2460252.304856434,0.6566080254822784,0.5502515707613601,0.06788572511445808,0.460671485409104,23.0,-0.6176294148811016,0.02492944152586999,1.6725966419624712,240,47,0.1485689438237621,0.0002021081951535,0.2429828695907439,9.26589649478516e-05,0.1731204182454038,8.501047843414916e-05,0.1783890989165332,8.824211372477291e-05,0.4699004129347842,0.0001676549012688,0.4699004129347842,0.0001676549012688,0.1011975427782782,5.889368192361168e-05,0.1011975427782782,5.889368192361168e-05,0.1831833356107709,4.903442126584432e-05,0.1831833356107709,4.903442126584432e-05,0.5153265679165151,0.0001673018530557,0.373079697740535,0.0002159796216963,0.321265744080287,0.0001167341064482,0.6051054171812673,0.000190405552395,0.4276332003600749,0.0006973614534173
2023-11-04,2460253.2836887925,1.392463783461453,1.284696019908701,0.07603871779881863,0.3598814520787379,18.0,-0.6169120345637644,0.02811157421738889,1.6432333666661865,190,37,0.1482877917064772,0.0001994898539579,0.242946322418115,9.23343598079739e-05,0.1730710161159133,8.469926921313565e-05,0.1784530345330885,8.803874307735122e-05,0.4698548222027263,0.0001667592033822,0.4698548222027263,0.0001667592033822,0.1011248109966823,5.854277910174391e-05,0.1011248109966823,5.854277910174391e-05,0.183073817497058,4.874957286702428e-05,0.183073817497058,4.874957286702428e-05,0.5156661792597764,0.0001662106741144,0.3731693984826635,0.0002145685945179,0.3218750745395223,0.0001161153868416,0.6048021239194232,0.0001893137796356,0.4267183020995178,0.0006951325456845
2023-11-05,2460254.2849250054,1.6218819126616055,1.5134826081570294,0.08648509690684925,0.4491882866673934,14.0,-0.6161797318271253,0.02334681824842785,1.6409796438947482,190,31,0.1476635768439688,0.0001997928464876,0.2435667399677804,9.280292551462888e-05,0.173343763952953,8.508648732723672e-05,0.1781626764421344,8.814068134589432e-05,0.4723297201778475,0.0001680546262345,0.4723297201778475,0.0001680546262345,0.1012158479081462,5.8849468913596576e-05,0.1012158479081462,5.8849468913596576e-05,0.182467384863892,4.890140339285026e-05,0.182467384863892,4.890140339285026e-05,0.5132586347471791,0.0001666841425033,0.3730623192697597,0.0002150028780051,0.315840097134329,0.0001152077413612,0.6054860510561619,0.0001952862992485,0.4285676666079324,0.0006981338417561
2023-11-06,2460255.3048551683,1.7106807155782138,1.6039560548695073,0.06746628220090836,0.4346914055772618,23.0,-0.6155035775480865,0.022765025297112475,1.705011737621553,243,47,0.1473277165019139,0.000200397973226,0.2432104302725949,9.236995268871098e-05,0.1729721455166164,8.45853239009171e-05,0.1782851407766101,8.779786047574322e-05,0.4709980883628461,0.000166871017654,0.4709980883628461,0.000166871017654,0.1008528221226067,5.8429286851432424e-05,0.1008528221226067,5.8429286851432424e-05,0.1827231221279474,4.867926290281168e-05,0.1827231221279474,4.867926290281168e-05,0.5147971033510731,0.0001663165958329,0.3731024409038407,0.0002146701738933,0.3187994584789529,0.0001154566488845,0.607060659457454,0.0001920089992247,0.428024938540843,0.0006939213351503
2023-11-07,2460256.3042396973,2.4676117048204076,2.360536139145431,0.06611115959430966,0.7055990833580973,24.0,-0.6148001084763199,0.020769324566261124,1.7082457150022161,243,48,0.147101481811795,0.0002004600217913,0.2431813365004281,9.224911582597224e-05,0.1729237547123802,8.447536078053337e-05,0.1784372092232492,8.776632232515424e-05,0.4707323752006225,0.0001666826087336,0.4707323752006225,0.0001666826087336,0.1006053818284345,5.83187261865926e-05,0.1006053818284345,5.83187261865926e-05,0.1827392728558727,4.864599673643687e-05,0.1827392728558727,4.864599673643687e-05,0.5149949242225677,0.000166210645013,0.3729293884887862,0.0002145128126508,0.3195688355345445,0.0001155286193385,0.6067451866910809,0.0001912030519032,0.4276109129894385,0.0006925459861962
2023-11-08,2460257.306911243,2.756928305876604,2.6501610097852457,0.06906377435576788,0.5156955157969707,22.0,-0.6141608347905619,0.022853891549227692,1.7367321105555462,242,46,0.1468494965884341,0.0001998924252253,0.2431813937362828,9.204450902503264e-05,0.1729585351086933,8.431029251366116e-05,0.1785022619257679,8.762786710309906e-05,0.4704774372395719,0.000166514510944,0.4704774372395719,0.000166514510944,0.1006997252055133,5.831163683197414e-05,0.1006997252055133,5.831163683197414e-05,0.1828815948158558,4.862472572771575e-05,0.1828815948158558,4.862472572771575e-05,0.5150132793452071,0.0001659332316248,0.3728039364285788,0.0002141455780186,0.3200690879083042,0.0001154970817279,0.6052000019135828,0.0001902234442898,0.4279285796353274,0.0006910308093881
2023-11-09,2460258.304446492,1.7210174995818137,1.6139053100579475,0.07025310269435071,0.46455844414330305,22.0,-0.6135125056780135,0.02500554237943783,1.746927653170512,242,46,0.1466309905658226,0.0002039298751167,0.2429063874162224,9.280557618814112e-05,0.1728850771004936,8.508783284536443e-05,0.1784692572821049,8.846273988019737e-05,0.4694915369920197,0.0001684179387742,0.4694915369920197,0.0001684179387742,0.1005973387321086,5.899687359432076e-05,0.1005973387321086,5.899687359432076e-05,0.1831308698488651,4.926210515568913e-05,0.1831308698488651,4.926210515568913e-05,0.5161767886678438,0.000168560172027,0.3729314159707814,0.0002176655556879,0.3224663620355812,0.000117768696215,0.6033456473694416,0.000189409702387,0.4275936520210721,0.0006964991466356
2023-11-10,2460259.3048668345,-0.22036592518695375,-0.32788056817954664,0.06848516034547597,0.6795365447905534,23.0,-0.6128363838761628,0.022181475942397055,1.7490379480261788,243,47,0.1464063508478887,0.0002029872145259,0.242680744376929,9.256559461771816e-05,0.1726830192508756,8.484471297412858e-05,0.1784665025458948,8.833995519348688e-05,0.4692500916209053,0.0001682219826098,0.4692500916209053,0.0001682219826098,0.1006473614373117,5.895966806546873e-05,0.1006473614373117,5.895966806546873e-05,0.1832794975565482,4.924537610606812e-05,0.1832794975565482,4.924537610606812e-05,0.5163953364926488,0.0001685190638388,0.372949240137386,0.0002175258890085,0.323546273578517,0.0001180322714446,0.6017994614000197,0.0001878436267069,0.4275525821611324,0.0006957391839309
2023-11-11,2460260.305252101,-1.2543951217700815,-1.3621637732828047,0.06845173361850039,0.4918546028190047,23.0,-0.612192453736699,0.024617212352439834,1.7602520555282535,243,47,0.1458251479246642,0.0002026997241036,0.2427506962796129,9.24126957099682e-05,0.1726785056213073,8.469174218636475e-05,0.1784034287105399,8.813173704970115e-05,0.4699789158904588,0.0001684319846374,0.4699789158904588,0.0001684319846374,0.100792251065388,5.9030159784679746e-05,0.100792251065388,5.9030159784679746e-05,0.1830463695406931,4.9229854479466505e-05,0.1830463695406931,4.9229854479466505e-05,0.5156785313295847,0.000168773698471,0.3729895015346609,0.0002176427223704,0.3214671352705112,0.0001177981621288,0.6034383504549766,0.0001899947851774,0.4282590769886825,0.0006936565139273
2023-11-12,2460261.304395526,-1.6292025254119975,-1.7374508064802512,0.06648010237683832,0.421735562743089,24.0,-0.61154482635936,0.021411669083366766,1.7632471203758755,243,48,0.1454168129507685,0.0002011407181475,0.2424175026697713,9.201600494080357e-05,0.1725442184051009,8.435151093724826e-05,0.1780795985156776,8.76922155071031e-05,0.4699640134349533,0.000167218761927,0.4699640134349533,0.000167218761927,0.1005024315362456,5.850774246433073e-05,0.1005024315362456,5.850774246433073e-05,0.1830643925399795,4.886902104593886e-05,0.1830643925399795,4.886902104593886e-05,0.5162671114838532,0.0001673254397227,0.3728235825397119,0.0002157941472764,0.3220216618505925,0.0001168026117478,0.6039131129424796,0.0001880790029146,0.4276540118915168,0.0006910764590539
2023-11-13,2460262.3000940587,-1.5262715204443522,-1.6354617873318977,0.0696286273948549,0.6419848232737286,22.0,-0.6109377043343748,0.02282269023394737,1.7652965232532922,239,46,0.1448077074849513,0.0002017800761641,0.2426572723582335,9.2202845162777e-05,0.1725515641486044,8.442680839040793e-05,0.1779039616035892,8.766714473069507e-05,0.4705590948556234,0.0001676220542532,0.4705590948556234,0.0001676220542532,0.1002804406045104,5.854020534944356e-05,0.1002804406045104,5.854020534944356e-05,0.1827191104186236,4.8904448468194274e-05,0.1827191104186236,4.8904448468194274e-05,0.5154035497791641,0.0001677533435189,0.3728983967860576,0.0002163935197748,0.3196447709281388,0.0001165953747648,0.6067294699980232,0.0001914119248843,0.4284598900973032,0.0006922215294925
2023-11-14,2460263.3667675285,-2.8944598644951274,-2.9990261423484106,0.3290656371450565,0.0,1.0,-0.6099499068077637,0.0228738941667956,1.7626627575947658,25,4,0.1439171064048843,0.0002099002927216,0.2432485153599192,9.341295229092323e-05,0.1728441635961481,8.544140384581474e-05,0.1777178103563488,8.850055001985535e-05,0.4733252576706777,0.0001710367991474,0.4733252576706777,0.0001710367991474,0.1004340351374589,5.960891244542988e-05,0.1004340351374589,5.960891244542988e-05,0.1820446781275796,4.965915257071704e-05,0.1820446781275796,4.965915257071704e-05,0.5127453323379059,0.000170958723276,0.3727628329587057,0.000220660698871,0.3141301483708548,0.0001177589758832,0.6002849469347175,0.0001972912120886,0.4302735293741171,0.0007002451106751
2023-11-17,2460266.2446422703,-1.5268064681391782,-1.6447196735367493,0.22734525358656202,0.7068146304159036,2.0,-0.6087964791967082,0.01831812553003455,1.7417051008282654,49,5,0.1436242639442001,0.0001961082392649,0.242782594204792,9.142717885801124e-05,0.1724449799597441,8.366046812216857e-05,0.1777656804692401,8.688003346678115e-05,0.4718509631611906,0.0001655460574958,0.4718509631611906,0.0001655460574958,0.1000667152010612,5.7710720970625e-05,0.1000667152010612,5.7710720970625e-05,0.182502350531473,4.823394312587153e-05,0.182502350531473,4.823394312587153e-05,0.514423420422063,0.0001647810834504,0.3727660653427076,0.0002124993890278,0.3162026537233214,0.0001137778578882,0.6047376624165584,0.0001919663341448,0.4299977475968282,0.0006886105098947
2023-11-19,2460268.2838959205,-0.9556350341362252,-1.0706869271683086,0.07628733540425323,0.4766841932626478,18.0,-0.6075277410613379,0.017932779459297516,1.7884266445700432,217,39,0.1442418104463148,0.0001993443770639,0.2424694242014249,9.15414514298855e-05,0.1722257826306288,8.382874103146703e-05,0.1780924771032812,8.732307397078774e-05,0.469782073756228,0.0001661710616929,0.469782073756228,0.0001661710616929,0.1000941421272041,5.802501375062734e-05,0.1000941421272041,5.802501375062734e-05,0.183212950956029,4.858882228809587e-05,0.183212950956029,4.858882228809587e-05,0.516375051510953,0.0001658889384016,0.3729151327068463,0.0002142243293327,0.3221307314966656,0.0001158698780731,0.6045276356848469,0.0001879896980667,0.4281134430784038,0.0006885906626382
2023-11-20,2460269.3204660174,-0.45414440534942324,-0.5644288777153742,0.07926449138401129,0.4496037173821669,17.0,-0.6067254613274371,0.0168843774144783,1.770766086988439,192,36,0.1457304226544501,0.0002020541155988,0.2428484862171595,9.192627924183964e-05,0.1728752343689479,8.431334453101519e-05,0.1782637701379531,8.762873721431434e-05,0.4706111731958311,0.0001677618259846,0.4706111731958311,0.0001677618259846,0.100447153488082,5.861646410155625e-05,0.100447153488082,5.861646410155625e-05,0.1831468681837483,4.897812518621557e-05,0.1831468681837483,4.897812518621557e-05,0.5155121107161115,0.0001677631201751,0.3729141546375762,0.0002164434722735,0.3201109214986213,0.0001167654185352,0.6053510939534124,0.0001900545659754,0.4283458625060695,0.0006888793567613
2023-11-21,2460270.3018059605,1.4131490807334974,1.3001723630744102,0.07012065054636685,0.23665080392873444,22.0,-0.6065324513769753,0.012116806280077481,1.8398341638481122,237,46,0.147439845061896,0.0002058387465263,0.2432893466624227,9.21659198569531e-05,0.1731639671518103,8.447868044879597e-05,0.1787441870749024,8.79423068472462e-05,0.4699520397492637,0.0001677284040405,0.4699520397492637,0.0001677284040405,0.1006351113728512,5.870395705497211e-05,0.1006351113728512,5.870395705497211e-05,0.1834090866937781,4.90560149510182e-05,0.1834090866937781,4.90560149510182e-05,0.5158524820961989,0.0001680917975963,0.3731341929738678,0.0002172247789148,0.3217323548004422,0.0001173345774674,0.6042283426453252,0.0001883019554723,0.428059418998418,0.0006905448120994
2023-11-22,2460271.2996921344,3.5623955669137604,3.4486735503936625,0.08193794868976949,0.49398358897608524,16.0,-0.6061808832567157,0.015115678114975906,1.8795023093672314,218,37,0.1490797640158093,0.0002070495625763,0.2436726671630156,9.19220832643327e-05,0.1738650850600663,8.440918937140691e-05,0.1791567428916323,8.781620131850996e-05,0.4696781168209279,0.0001667762504172,0.4696781168209279,0.0001667762504172,0.101312022563045,5.860707502443974e-05,0.101312022563045,5.860707502443974e-05,0.1835600666212355,4.882134573146891e-05,0.1835600666212355,4.882134573146891e-05,0.5155551994329093,0.0001670586296438,0.3731506284662613,0.0002160075193368,0.3219032063929942,0.0001166903644191,0.6031774212342318,0.0001873391021878,0.4276674417125737,0.0006890805436307
2023-11-24,2460273.358831419,7.494643507351602,7.388136909086301,0.327449371367765,0.0,1.0,-0.6048670674571444,0.0229487188532229,1.801046825138405,58,5,0.1505854793679075,0.0002127036801925,0.2441478001119416,9.278398021743991e-05,0.1741482363425664,8.517088116452728e-05,0.1792963240085822,8.844885293976526e-05,0.4709790378981575,0.000169030439464,0.4709790378981575,0.000169030439464,0.1013969779787162,5.9333467176496086e-05,0.1013969779787162,5.9333467176496086e-05,0.1832488423216152,4.9368010132022234e-05,0.1832488423216152,4.9368010132022234e-05,0.5138998825332164,0.0001693983402757,0.3734261164027631,0.0002192323964853,0.3191004380906719,0.0001178397502873,0.6038173993483869,0.0001915192052781,0.4281878608876101,0.0006929106496946
2023-11-28,2460277.3005013075,1.5128836696131647,1.3929201581132564,0.2311988560660693,0.3921229379972092,2.0,-0.6037126213115671,0.016497349617825,1.6828398272370455,68,6,0.1511029660911017,0.0002046407916373,0.2444856082810987,9.240797013407974e-05,0.1742195768580622,8.467337911049879e-05,0.1793391706411821,8.796745781599377e-05,0.4719939144339021,0.0001677551544474,0.4719939144339021,0.0001677551544474,0.1018689893677046,5.89471936481707e-05,0.1018689893677046,5.89471936481707e-05,0.1830258284642677,4.8902505528375834e-05,0.1830258284642677,4.8902505528375834e-05,0.5135579669505482,0.0001672572531695,0.373293378943109,0.0002162239755668,0.3180318515384846,0.0001160927315839,0.6050679520201657,0.0001921276381709,0.4296978223191464,0.0006913337985731
2023-11-29,2460278.359403357,0.49106573814517973,0.39065741514079927,0.13714085479076993,0.4922355070163313,6.0,-0.6042765746250691,0.024650105489780947,2.0835011519000615,110,17,0.149760195618352,0.0002134941811812,0.2439610798818252,9.21964470762424e-05,0.1738423154202982,8.452331618359228e-05,0.1789373392457318,8.779585452097908e-05,0.4717120324717121,0.0001684593884489,0.4717120324717121,0.0001684593884489,0.1016281009979346,5.9110456625628695e-05,0.1016281009979346,5.9110456625628695e-05,0.1830056106123779,4.909383653928374e-05,0.1830056106123779,4.909383653928374e-05,0.5139425863744735,0.0001690106896336,0.3732605311783508,0.0002187207338086,0.3189625754835151,0.0001175626297356,0.603963856629528,0.0001912431879817,0.4285159600192532,0.0006888399711677
2023-12-02,2460281.3278068905,-1.2828815273408536,-1.3960596303961514,0.08926730353057195,0.604307707123711,14.0,-0.6037928239254207,0.013980209611229172,1.9357470976236557,209,37,0.1463867570910916,0.0002096589044042,0.2430362934684616,9.230356151835648e-05,0.1725131359926304,8.445792677237187e-05,0.1780918581593803,8.791299217899213e-05,0.4706828882379161,0.0001691610409967,0.4706828882379161,0.0001691610409967,0.1007476348250063,5.919356642140544e-05,0.1007476348250063,5.919356642140544e-05,0.1829275709193807,4.936606118224309e-05,0.1829275709193807,4.936606118224309e-05,0.5149044855468582,0.0001700711469395,0.3730468236412106,0.000219688218949,0.3194609226217517,0.0001183038663403,0.6037792394933025,0.0001904195943121,0.4285740008917047,0.0006906528576987
2023-12-03,2460282.336076663,0.5619280600166967,0.45029414454420263,0.0986051711023949,0.4643016858779352,11.0,-0.6035413147688874,0.015044412842368354,1.8548719191132017,183,30,0.1453911112481898,0.000202800678954,0.2430865045981781,9.150794599744664e-05,0.1726864646577508,8.387411372412493e-05,0.1780364545793444,8.729489147783218e-05,0.4714714877823526,0.0001673822015885,0.4714714877823526,0.0001673822015885,0.1006200888694214,5.846004776364159e-05,0.1006200888694214,5.846004776364159e-05,0.1827111758659633,4.875690386510818e-05,0.1827111758659633,4.875690386510818e-05,0.5147613823676711,0.0001673402023948,0.3729028086366568,0.0002158126053186,0.3190808720975853,0.0001163036827829,0.6037706091088614,0.0001902582308554,0.4287446153219312,0.000687418453037
2023-12-04,2460283.196473515,2.4799106048861623,2.31840467425346,0.3432625241053432,0.0,1.0,-0.605438209172245,-0.0289611739432242,2.4126819379545106,53,4,0.1450048237564978,0.000214904736766,0.2435012802743057,9.178058914813336e-05,0.1728583700033143,8.401895019931574e-05,0.1783538608842405,8.755530890523203e-05,0.4718721016655613,0.0001687276805532,0.4718721016655613,0.0001687276805532,0.1007483078495251,5.898886121796127e-05,0.1007483078495251,5.898886121796127e-05,0.1827431635877593,4.916144761295211e-05,0.1827431635877593,4.916144761295211e-05,0.5138072380577665,0.0001695618272844,0.3727342555752427,0.000219124928243,0.3175447620619097,0.0001176349771232,0.6020062729781201,0.0001916489656259,0.4289277900966691,0.0006877097326127
2023-12-06,2460285.3011640627,0.4573216132201369,0.332738016141508,0.07739916186786536,1.0952768573405625,18.0,-0.6040969096100413,0.004494775348450956,1.9343278957731767,219,41,0.1448855729104595,0.0002049330655576,0.2430123574016801,9.131035319803516e-05,0.1727979353545087,8.37148997555915e-05,0.1782389739749215,8.72089803509339e-05,0.4702009114510095,0.0001665836626862,0.4702009114510095,0.0001665836626862,0.1006388719870738,5.828988950148845e-05,0.1006388719870738,5.828988950148845e-05,0.1832001453982079,4.867493587083356e-05,0.1832001453982079,4.867493587083356e-05,0.5156064923018057,0.0001669588011269,0.3727511445982637,0.0002154379079703,0.3207694777450685,0.0001162923720258,0.604657396148147,0.0001885268127115,0.4278556909448263,0.0006848289839051
2023-12-07,2460286.334597622,-1.8949127821843514,-2.00857546536951,0.10896537677606596,0.6271360940412984,9.0,-0.6040190828560479,0.012846147692515054,1.9046769447959515,160,24,0.1450338407704049,0.000204790357923,0.2430487371159353,9.126331602173452e-05,0.1729141337961167,8.370938782673773e-05,0.1785470665762623,8.72913680024631e-05,0.4696963294148706,0.0001663780140386,0.4696963294148706,0.0001663780140386,0.100618002047634,5.824194360319713e-05,0.100618002047634,5.824194360319713e-05,0.1832995327583867,4.8651986815118646e-05,0.1832995327583867,4.8651986815118646e-05,0.5161124789531158,0.000166839612859,0.3728039626007398,0.0002153994758061,0.3219119488368758,0.0001164591251295,0.6046824485190366,0.0001872336671279,0.4277947325096929,0.0006849114806756
2023-12-08,2460287.295183663,-0.19126552425609444,-0.3190673765611846,0.07726365064911013,0.5609819435889644,18.0,-0.6044522257279747,0.0013702394128861334,1.9515329762282425,222,43,0.1448790488015565,0.0002043021562725,0.2426392933624057,9.100130210505333e-05,0.172794296281569,8.353774668681832e-05,0.1784936631344868,8.717473701299767e-05,0.4694601270517546,0.000166285961264,0.4694601270517546,0.000166285961264,0.1004169913248961,5.81524310020401e-05,0.1004169913248961,5.81524310020401e-05,0.1834510050970849,4.864573256076316e-05,0.1834510050970849,4.864573256076316e-05,0.5164917994295557,0.0001669619695493,0.3728405035833368,0.0002155941367948,0.3236995419841651,0.0001169694006126,0.6025809731882943,0.0001846961875338,0.4275376020053167,0.0006832527992836
2023-12-09,2460288.30435635,-1.6245908648332448,-1.7495680132116507,0.07370473532520447,0.7781392349089125,20.0,-0.6046629360900336,0.004397862468879511,1.9725273614110748,223,44,0.1445866333543326,0.0002051342462978,0.242505470480288,9.114110040958553e-05,0.1727036687607309,8.368028287316134e-05,0.1784683117596963,8.735323954441851e-05,0.4696889802322597,0.0001669852452379,0.4696889802322597,0.0001669852452379,0.100438672551462,5.839516526916964e-05,0.100438672551462,5.839516526916964e-05,0.1833375240892569,4.882198440097532e-05,0.1833375240892569,4.882198440097532e-05,0.5164597960954507,0.0001678734626792,0.3728035939692933,0.0002165663777326,0.3231542765101787,0.0001174881092878,0.603257955918557,0.0001861346762778,0.4276167157895218,0.0006849158826533
2023-12-10,2460289.30496474,-1.271146803072795,-1.3973067148646985,0.07934833553757155,0.666984257409993,17.0,-0.6048760172950071,0.00259724602908277,1.9683127326103285,217,41,0.1440944511925066,0.0002038698403792,0.2424280095330165,9.07395270539844e-05,0.1725564303547664,8.32743738245044e-05,0.1782247737942517,8.690838367619917e-05,0.4695209035440318,0.0001658128395205,0.4695209035440318,0.0001658128395205,0.1001668770699028,5.7899938492432e-05,0.1001668770699028,5.7899938492432e-05,0.1833240973989858,4.848274680341586e-05,0.1833240973989858,4.848274680341586e-05,0.5166865185609816,0.0001665735407675,0.3725458072349162,0.0002147350694256,0.3232683588623328,0.0001165838837415,0.6027081412118996,0.0001845388550385,0.4276025809582967,0.0006834127126392
2023-12-12,2460291.300863999,-0.27919153032209815,-0.4079795239076297,0.10694389160392358,0.3641998518278833,9.0,-0.604972144511889,0.00046922368599963357,1.7869773794927157,130,21,0.1436121696937998,0.0001964169605272,0.2428014999770719,9.050282431709896e-05,0.1727008897802006,8.300240576776616e-05,0.1781405565061184,8.656316383955221e-05,0.470417609014517,0.0001650246628737,0.470417609014517,0.0001650246628737,0.1001165042027102,5.756765426467965e-05,0.1001165042027102,5.756765426467965e-05,0.1831848258896634,4.820945288703615e-05,0.1831848258896634,4.820945288703615e-05,0.5156530466571988,0.0001650549867504,0.3726544901896225,0.0002124551539203,0.3210485155515055,0.0001150801837683,0.6026778531906295,0.0001860732606749,0.427028438077471,0.0006795572735451
2023-12-14,2460293.3029702506,-1.1784680593679382,-1.3083521495664805,0.07372234784218364,0.49097395945630734,20.0,-0.6060343922793374,-0.0004907804663383333,1.9659522868110109,218,42,0.1448475719024239,0.0002058094585167,0.2427466721208863,9.14186206948551e-05,0.1730098462933614,8.389985525447703e-05,0.1786433319403695,8.749269648795328e-05,0.4700544605153597,0.0001671964887834,0.4700544605153597,0.0001671964887834,0.1003876174244942,5.842736301830503e-05,0.1003876174244942,5.842736301830503e-05,0.1835957060942392,4.890118855665077e-05,0.1835957060942392,4.890118855665077e-05,0.516686634963538,0.0001681454026437,0.3728330314800706,0.0002168306302436,0.322554813997072,0.0001174653178596,0.602309867433407,0.0001855424124842,0.4276285130482531,0.0006855435462439
2023-12-15,2460294.3058704836,-0.9206664370103905,-1.050519179309021,0.0752656136370316,0.6379744561655908,19.0,-0.6063537438876639,-0.0005812814174118109,1.9560934540875643,215,41,0.1449645715655264,0.0002049982352277,0.2426426110908273,9.101440072810472e-05,0.1727338375908844,8.345408301166852e-05,0.1784005047026005,8.709171278167382e-05,0.4697371912230078,0.0001663638621372,0.4697371912230078,0.0001663638621372,0.1002483464874174,5.811208350426963e-05,0.1002483464874174,5.811208350426963e-05,0.1834590501754638,4.865974664097814e-05,0.1834590501754638,4.865974664097814e-05,0.5167342682174572,0.0001673697990135,0.3727059228773183,0.0002157523639602,0.322654756752659,0.0001169253662158,0.6024192351559071,0.0001847757151141,0.4276032838075499,0.0006831234460785
2023-12-17,2460296.3090693755,-0.1947111271542839,-0.3235945694797668,0.07146898288094157,0.5461952610553986,21.0,-0.6071532504600049,0.0006390984075822147,1.9728356585565006,219,43,0.1463264920117679,0.0002057443416138,0.2430215190003289,9.082038083527792e-05,0.1730302412951525,8.332528354669122e-05,0.1785859746269911,8.69852087985726e-05,0.4693905465243419,0.0001656395651666,0.4693905465243419,0.0001656395651666,0.1004780726938434,5.79572374426184e-05,0.1004780726938434,5.79572374426184e-05,0.183298086531453,4.8448041689101e-05,0.183298086531453,4.8448041689101e-05,0.516483379107015,0.0001663409972168,0.3729674393795946,0.0002147116732796,0.323253963220875,0.0001164119303131,0.6016510597441969,0.000183690909629,0.4279062253789492,0.0006832961365332
2023-12-20,2460299.3693408594,4.6078688701981445,4.505757231575633,0.13463242944000142,0.1766310289546002,6.0,-0.6084724782125174,0.0248714967863434,1.9868777781075924,81,14,0.1505917004129878,0.000209651972391,0.2450974348084896,9.143397846510316e-05,0.1743395828916684,8.370553849756522e-05,0.1792767287716083,8.703565391695565e-05,0.472949364450636,0.0001675782020329,0.472949364450636,0.0001675782020329,0.1018125184544864,5.877782572824807e-05,0.1018125184544864,5.877782572824807e-05,0.1828057169170158,4.875215063987185e-05,0.1828057169170158,4.875215063987185e-05,0.5118544297727496,0.0001675549471753,0.3733211833796609,0.0002163842003059,0.315621046080417,0.0001159222828932,0.5996792805404442,0.0001907603925431,0.4289827364846608,0.0006822670979333
2023-12-24,2460303.3058872703,3.4223189580638897,3.288358037606943,0.14717384840142078,0.6820355531794439,5.0,-0.610932517346659,-0.0031818297874565194,1.9765874679979483,134,19,0.1506298537419652,0.0002078732218204,0.2438371202528114,9.11121894173271e-05,0.1738688841075871,8.367388183467494e-05,0.1791310124371427,8.718977988512772e-05,0.4698686556916461,0.0001664327531329,0.4698686556916461,0.0001664327531329,0.1013244215730359,5.84192634912956e-05,0.1013244215730359,5.84192634912956e-05,0.1832591794438936,4.86433151844629e-05,0.1832591794438936,4.86433151844629e-05,0.5150390505121842,0.0001668661712223,0.3733523996926082,0.0002156765991503,0.3223988272186708,0.0001167217806356,0.6032327314644795,0.0001850286366518,0.427737964400171,0.0006800991587597
2023-12-25,2460304.3103411607,1.950232830817698,1.817001410724697,0.07471038035668329,0.7488296535754877,19.0,-0.6115958250128919,-0.0036382134102603,1.983214241518646,210,42,0.1495707817301437,0.0002059898796115,0.2438438980610054,9.020480050068683e-05,0.173491297443307,8.274389086830116e-05,0.178719873364435,8.630678434007296e-05,0.4710907707060362,0.0001654201421745,0.4710907707060362,0.0001654201421745,0.1011925385905217,5.7954694595912425e-05,0.1011925385905217,5.7954694595912425e-05,0.1829829715475039,4.82349664976796e-05,0.1829829715475039,4.82349664976796e-05,0.514233862480342,0.00016564569816,0.3733387061971015,0.0002140571432362,0.3207664086567129,0.000115616851696,0.6031500489025104,0.0001862676681052,0.4278125024268786,0.0006751869636032
2023-12-26,2460305.2952215984,0.3774766485113844,0.23431154257891076,0.0899201705196699,0.560898094239991,13.0,-0.6123537122015806,-0.015790955587252912,1.9935291063948242,179,32,0.1486998149813909,0.0002039401544232,0.2433282273481062,8.992736497272532e-05,0.1731191422059323,8.251072997594721e-05,0.1786110365304405,8.617651564871165e-05,0.4699169910294687,0.0001644091787339,0.4699169910294687,0.0001644091787339,0.1009862834704362,5.761964076301081e-05,0.1009862834704362,5.761964076301081e-05,0.183074148890122,4.80228751449416e-05,0.183074148890122,4.80228751449416e-05,0.5151845788381638,0.0001647604274706,0.3732469738492373,0.0002127749292548,0.3228121897248097,0.0001153979777119,0.6020722543838926,0.0001835095107587,0.4276810270003933,0.0006752187609044
2023-12-28,2460307.3002653443,-0.5281757693890335,-0.6675477729948502,0.11428042264579848,0.5109285310903154,8.0,-0.6137459940160694,-0.011512837144917938,1.93754849830496,143,19,0.1467012309226057,0.0002024069850882,0.2434097287535187,8.997248330551056e-05,0.1729075662437502,8.245825869662889e-05,0.1780955453261263,8.594799532853843e-05,0.4717892827636966,0.0001651254560453,0.4717892827636966,0.0001651254560453,0.1008974714333225,5.774294292262521e-05,0.1008974714333225,5.774294292262521e-05,0.1827229878335535,4.809006322468695e-05,0.1827229878335535,4.809006322468695e-05,0.5136689397256432,0.0001649497140857,0.3729965961079295,0.0002127921248621,0.3179131800846651,0.0001145135795649,0.6012011319389831,0.0001872025878647,0.4283985289118695,0.0006740715752136
2023-12-29,2460308.245038752,0.13512776716250283,-0.039947715006461576,0.12262294132381105,0.4259771273528619,7.0,-0.6148958460550844,-0.05504223302634958,2.0537238216209732,92,17,0.1458949649913908,0.000202892681875,0.242784660054991,8.957692390921424e-05,0.1726346035814722,8.214644688682484e-05,0.1781602158022483,8.584652901405772e-05,0.4698718000993744,0.0001638272382753,0.4698718000993744,0.0001638272382753,0.1004347238573977,5.726863802292557e-05,0.1004347238573977,5.726863802292557e-05,0.1829375481326831,4.783921244917073e-05,0.1829375481326831,4.783921244917073e-05,0.5155221657779019,0.0001642354209072,0.3730559298076665,0.000212080869605,0.3219241277299215,0.0001147800261693,0.6034679266814537,0.0001835603220881,0.4275512924917721,0.0006721642506694
2023-12-30,2460309.3508647406,-0.3890844602422117,-0.5003904049229384,0.09708012799774421,0.730838212286596,11.0,-0.6154589454213663,0.013236954921268118,1.9422682185532438,132,23,0.1450050398407667,0.0002009943752504,0.2430137367355309,8.991471861193602e-05,0.1724297887820713,8.23598230649943e-05,0.1780314823400645,8.604833211555306e-05,0.4705785807289658,0.0001644310903736,0.4705785807289658,0.0001644310903736,0.1003895590936188,5.740631134976133e-05,0.1003895590936188,5.740631134976133e-05,0.1830050998725248,4.7972844356998634e-05,0.1830050998725248,4.7972844356998634e-05,0.5157463872123413,0.0001645338038451,0.3727526292522355,0.0002120273336341,0.3212602602651248,0.0001147889788824,0.6048160468470772,0.0001853615129261,0.4277665876193613,0.0006753791761014
2023-12-31,2460310.2108275867,1.5296884225769645,1.31561638139045,0.3402585281466212,0.0,1.0,-0.6173329893294559,-0.0927339799420966,2.380090376500811,54,7,0.1448426590427389,0.0002092143209782,0.2424645177252362,9.061077272717076e-05,0.172508412378622,8.316714079770554e-05,0.1783326529114978,8.698311297213023e-05,0.4700174617831756,0.0001667555681731,0.4700174617831756,0.0001667555681731,0.1004317616165287,5.8286055262067136e-05,0.1004317616165287,5.8286055262067136e-05,0.1832133293877311,4.873244252203393e-05,0.1832133293877311,4.873244252203393e-05,0.5160102982969814,0.0001676759088847,0.3728320291285981,0.0002165978595374,0.3223915100293033,0.0001172499953339,0.6013832063373485,0.0001853130106471,0.4276003719093937,0.0006795980952169
2024-01-03,2460313.2702227393,-0.11929525366956126,-0.2769196898577969,0.13004820568257677,0.39420843857666377,6.0,-0.6189587710784101,-0.024392757528908796,1.861439450930722,95,15,0.1461295469173101,0.0001983636678514,0.2429921261300853,8.96349137402734e-05,0.1732166996375148,8.224194689590077e-05,0.1787611823642337,8.588662504959492e-05,0.4699888724665043,0.0001633189369515,0.4699888724665043,0.0001633189369515,0.1004897471560199,5.709685384755566e-05,0.1004897471560199,5.709685384755566e-05,0.183286888899794,4.77311164331736e-05,0.183286888899794,4.77311164331736e-05,0.5161193436146259,0.0001635233086896,0.3729279457598062,0.0002107714262691,0.3222077889890025,0.0001142043578731,0.6030556064298221,0.0001822215746625,0.4274109677849368,0.0006716552948898
2024-01-05,2460315.2658249377,1.2714185251043715,1.10809377080987,0.1235065392594097,0.3155294697006249,7.0,-0.62102311057865,-0.06894083677587372,1.9022591137606433,121,19,0.147138382224979,0.0002040326711892,0.2432695313846697,9.127412974947598e-05,0.1735355914226304,8.377339074110585e-05,0.1789974332268708,8.743861211364448e-05,0.4705230621560325,0.0001670971352494,0.4705230621560325,0.0001670971352494,0.1007706902246784,5.846357859651048e-05,0.1007706902246784,5.846357859651048e-05,0.1834821190033383,4.882348859336937e-05,0.1834821190033383,4.882348859336937e-05,0.5153293991609477,0.0001674848759655,0.3730155274313434,0.0002158803223873,0.3213979524153392,0.0001168964333777,0.6023751273463563,0.0001862796463039,0.4281445048717925,0.0006822735368922
2024-01-06,2460316.3396722823,1.230334564690518,1.113828285512899,0.0872283801493818,0.41697348644211796,14.0,-0.6220169612086272,0.01136546092477945,1.8692031603563066,197,34,0.1479253488207133,0.0002049527514563,0.2433039539126524,9.099304997132368e-05,0.173731342615595,8.35827041643156e-05,0.1793272969127292,8.729667592504037e-05,0.4693168580210824,0.0001667061096467,0.4693168580210824,0.0001667061096467,0.1007918257442872,5.842532312063366e-05,0.1007918257442872,5.842532312063366e-05,0.1837242072087104,4.882447562273642e-05,0.1837242072087104,4.882447562273642e-05,0.5163118298977967,0.0001678499194858,0.3729560840925179,0.000216202280982,0.3236204583682235,0.0001175700046086,0.6012103845135922,0.0001829343627036,0.4266649733372866,0.000679054209364
2024-01-08,2460318.3162124823,1.8897743981037736,1.756005377408272,0.07609553552285442,0.5821254505169943,19.0,-0.6242676083797618,-0.00466043449243584,1.9533566972296026,226,44,0.1481102035661781,0.0002065786082104,0.2434119828389714,9.25567002612773e-05,0.1738922931922439,8.513411558673306e-05,0.1793410091374244,8.892134328581637e-05,0.4688974862095246,0.000169538773123,0.4688974862095246,0.000169538773123,0.1007849242692605,5.943287333738261e-05,0.1007849242692605,5.943287333738261e-05,0.1837513450366468,4.967129434308279e-05,0.1837513450366468,4.967129434308279e-05,0.5167054520895422,0.0001705994401776,0.3729499687790121,0.0002191714906966,0.3250888245193237,0.0001199139513302,0.599423134857846,0.0001852844597433,0.4270004856293238,0.0006921205780167
2024-01-09,2460319.309662375,1.3510646101317012,1.212249121735986,0.07542244308066869,0.4173212574424089,19.0,-0.6252100469506324,-0.00918774713778683,1.9155329587419525,230,45,0.1483246797828626,0.0002059003473255,0.2437603253164115,9.197213547765524e-05,0.1742759839370601,8.468248764194362e-05,0.1792594826610009,8.828650986913253e-05,0.4705058388588559,0.0001686479907184,0.4705058388588559,0.0001686479907184,0.1011563680107306,5.913166772793579e-05,0.1011563680107306,5.913166772793579e-05,0.1837152833337357,4.9325473277582685e-05,0.1837152833337357,4.9325473277582685e-05,0.5148867019529224,0.0001690040214583,0.3730730413879908,0.0002174702083899,0.3213382074130858,0.0001180129049597,0.6049791987557344,0.000189509130286,0.4280171312038015,0.0006877258340179
2024-01-10,2460320.3215955663,2.0588314987213963,1.9279364708358284,0.07500840624653915,0.6837985440425862,19.0,-0.6263549919399974,-0.0015548442561667257,1.9500141321034192,226,42,0.1488702226686506,0.0002050583087514,0.2438268075078251,9.089374147195131e-05,0.1742147723850954,8.360875101737417e-05,0.1794464102540107,8.730290107675272e-05,0.4699002696792892,0.0001666326259824,0.4699002696792892,0.0001666326259824,0.1011811498708868,5.8463295535921174e-05,0.1011811498708868,5.8463295535921174e-05,0.1839363476730938,4.878985216929188e-05,0.1839363476730938,4.878985216929188e-05,0.515905793026676,0.0001673533508908,0.3730761810151355,0.0002153942143224,0.3230583217486713,0.0001172088894336,0.6037831164018075,0.0001848715448263,0.4274174131122488,0.0006795979236389
2024-01-12,2460322.309159943,2.4554620537602143,2.315183859779901,0.08576762466557018,0.5706251257327234,15.0,-0.6284510948540795,-0.012131917304534081,1.9571587676306321,211,36,0.1487034376728593,0.0002088028224176,0.2438563672569988,9.229026009888244e-05,0.1740262301763656,8.485747116301289e-05,0.1792949412996581,8.860876481572645e-05,0.4706281059817487,0.0001692234163033,0.4706281059817487,0.0001692234163033,0.1011987663211198,5.930695259561333e-05,0.1011987663211198,5.930695259561333e-05,0.1837380526961665,4.947066179304539e-05,0.1837380526961665,4.947066179304539e-05,0.5152219929844164,0.0001694097690813,0.3729745184805402,0.0002182117950635,0.3220017406096552,0.0001184223447223,0.6026460515825678,0.0001884275408066,0.4270117755235262,0.0006892454790532
2024-01-13,2460323.3165418217,2.1827079041881077,2.048665885630731,0.0708958427448585,0.6204059977874661,21.0,-0.6293652199671745,-0.00391720331165079,1.9086180635171919,233,44,0.1488822899344272,0.0002042371146349,0.2437695525006215,9.092943953080204e-05,0.1739352641465447,8.358898508247223e-05,0.1792502138911398,8.738120752144993e-05,0.4707458210143962,0.0001660530967228,0.4707458210143962,0.0001660530967228,0.1013268688706087,5.8241658579125046e-05,0.1013268688706087,5.8241658579125046e-05,0.1835453066464026,4.851614077600232e-05,0.1835453066464026,4.851614077600232e-05,0.51476322498902,0.0001655936740175,0.3731134279527934,0.0002136231078446,0.3209402715384348,0.0001155414482488,0.6051351280530779,0.0001873110266624,0.4281418252360938,0.0006823222796064
2024-01-14,2460324.3225559,1.040927147170887,0.9110436587659226,0.07238597912796872,0.4863657739174173,20.0,-0.6303339218094364,-0.00039113693169011074,1.8813235259514869,227,42,0.1492566700970618,0.0002037660178171,0.2441775919198088,9.082075026205622e-05,0.1741219218662915,8.338568522122837e-05,0.1791569971287922,8.698070450641051e-05,0.4719180720115992,0.0001660158142273,0.4719180720115992,0.0001660158142273,0.1015732557155193,5.821514060774853e-05,0.1015732557155193,5.821514060774853e-05,0.183244291237498,4.839912914542211e-05,0.183244291237498,4.839912914542211e-05,0.5136128653120062,0.0001651161968526,0.373297225355876,0.000213218185709,0.3178162166955249,0.0001145456191313,0.6042372950478823,0.0001889256107429,0.4288915377927596,0.0006795765023045
2024-01-15,2460325.307708116,1.915036009498791,1.7748260706688217,0.07234813394875643,0.6599738747834887,20.0,-0.6312986946188307,-0.011233013626325509,1.8712252167176842,223,41,0.1494660248944566,0.000203703578721,0.2436744823442463,9.059553290088864e-05,0.1737637783165829,8.319082115091011e-05,0.1791447333646394,8.696360440413304e-05,0.4701960738625128,0.0001653584439059,0.4701960738625128,0.0001653584439059,0.1012487889485202,5.801903937915228e-05,0.1012487889485202,5.801903937915228e-05,0.1834412952493419,4.8336840877105426e-05,0.1834412952493419,4.8336840877105426e-05,0.5150143654397189,0.000164961366798,0.3732021699816714,0.0002130360788971,0.3213111182807989,0.0001151591565993,0.6029247932080227,0.0001850169816655,0.4272063999137894,0.000677639187942
2024-01-16,2460326.361814227,1.8924161607568166,1.7912437369364633,0.102522952588402,0.6043936031753044,10.0,-0.6325108111981399,0.02186837025355787,1.8815893022821026,148,23,0.1495946479889112,0.0002034277993681,0.2438731632876351,9.068237527432616e-05,0.1737826681618297,8.324046508985837e-05,0.1789493025951683,8.69266861778874e-05,0.471194122290695,0.0001656345562295,0.471194122290695,0.0001656345562295,0.1013812976058997,5.808608996539729e-05,0.1013812976058997,5.808608996539729e-05,0.1831650473576554,4.832146101043043e-05,0.1831650473576554,4.832146101043043e-05,0.5142056526951254,0.0001648884932523,0.3731325996285319,0.0002128881891553,0.3198506286007818,0.0001148225923722,0.6025109734419781,0.000186417022099,0.4280493862972499,0.0006786601685139
2024-01-17,2460327.3009373057,1.8387588697622153,1.6956669056512916,0.1297409328511259,0.23445286738835022,6.0,-0.6329755915110368,-0.015396573175481548,1.7365071342110177,143,20,0.1496068761699326,0.0002001608585143,0.2442423169844626,9.02611349626636e-05,0.1738433149831326,8.281912468256865e-05,0.178883380459543,8.643498961681268e-05,0.4728323623850593,0.0001650747647948,0.4728323623850593,0.0001650747647948,0.1015500240153558,5.781885926288787e-05,0.1015500240153558,5.781885926288787e-05,0.1827242724702134,4.8007854430896386e-05,0.1827242724702134,4.8007854430896386e-05,0.5127253600544525,0.0001637322161923,0.373229721120542,0.0002111019533005,0.3165346811688977,0.0001133947099822,0.6016270723042434,0.0001882887035359,0.4281414238503711,0.000675731434599
2024-01-18,2460328.311446058,2.7207166676312586,2.582610348321893,0.06894356423704923,0.4084388350525936,22.0,-0.6343859927853025,-0.008901950439347085,1.8691205835815266,241,45,0.1492606327205786,0.000203354711663,0.244021654708667,9.07518296629374e-05,0.1736045791035221,8.322118587833883e-05,0.1786610919245505,8.686601690889862e-05,0.4724801579612862,0.0001660348898411,0.4724801579612862,0.0001660348898411,0.1014310956916064,5.8142542338357925e-05,0.1014310956916064,5.8142542338357925e-05,0.1826670208408131,4.829419758087558e-05,0.1826670208408131,4.829419758087558e-05,0.5130518698226599,0.0001649161166421,0.3732706176785473,0.0002128082469908,0.3173217551670809,0.0001143537575421,0.6050977019223448,0.0001895998977379,0.4281693613934318,0.0006790916623923
2024-01-26,2460336.2907381537,-2.3589701614027305,-2.5060592344566297,0.10629564765670188,0.3797180088773068,9.0,-0.6420751198056758,-0.04578665105024618,1.6822553392297839,124,21,0.1461419513693788,0.0001950376705461,0.2424812772671912,9.084262343418556e-05,0.1727259940462916,8.337453386946841e-05,0.1782104661342982,8.717998956822108e-05,0.4695874529531418,0.0001654591957929,0.4695874529531418,0.0001654591957929,0.1005111069203437,5.7846974824624405e-05,0.1005111069203437,5.7846974824624405e-05,0.1833372706939182,4.835808581821383e-05,0.1833372706939182,4.835808581821383e-05,0.5165690399694038,0.000165099593509,0.3727599457755617,0.0002121736674725,0.322695044086685,0.0001153302296886,0.6028464212121436,0.0001837272701617,0.4269400666709586,0.0006811077215911
2024-01-27,2460337.293947897,-1.1247649985402537,-1.2759787815787171,0.0777240582355351,0.48119856422261503,17.0,-0.6433679197099642,-0.027645267333725007,1.7841960825463328,220,38,0.1457472391346034,0.0001973937482402,0.2426704068029326,9.0514636312279e-05,0.1726321036497356,8.299940929743593e-05,0.1781479658325656,8.680803337924132e-05,0.4702972055785847,0.0001654471480913,0.4702972055785847,0.0001654471480913,0.1004523956227059,5.7792805232661465e-05,0.1004523956227059,5.7792805232661465e-05,0.1831988531834618,4.829683737972406e-05,0.1831988531834618,4.829683737972406e-05,0.515948512369665,0.0001649678841003,0.372991622958252,0.000212466859569,0.3217085471288277,0.0001150626534405,0.6033201780650739,0.0001842656496006,0.4274498767472345,0.0006772746039234
2024-01-31,2460341.282484046,1.7026427859218956,1.5502071567753923,0.10053084269888737,0.8173862210208798,10.0,-0.6472857216330498,-0.03662055615560843,1.7428652545384051,149,24,0.1464809394803504,0.0001976425559856,0.2434048562154109,9.012538484189808e-05,0.1733637538038076,8.270282055583972e-05,0.1787081517578244,8.640175161251382e-05,0.4720781175256183,0.0001649889641198,0.4720781175256183,0.0001649889641198,0.1007804211308762,5.763916058321305e-05,0.1007804211308762,5.763916058321305e-05,0.1829805791347414,4.807212784178644e-05,0.1829805791347414,4.807212784178644e-05,0.5141664871190277,0.0001640851421749,0.3729710901058464,0.00021111304558,0.3172347392635683,0.0001135392372881,0.6063450345721989,0.0001884619355095,0.4290749399136435,0.0006751852689756
2024-02-01,2460342.3321612137,0.6825277657488386,0.558312294127911,0.10094526117302141,0.5003066949508155,10.0,-0.6485119520623092,0.004627264740349069,1.7705459714971579,210,27,0.1471404588336458,0.0001975488089165,0.2435064289241704,9.01127320086832e-05,0.1736093384039589,8.266864984882411e-05,0.178678514522724,8.630242542458925e-05,0.471409280287049,0.0001648829090013,0.471409280287049,0.0001648829090013,0.1009069038504514,5.764414801265023e-05,0.1009069038504514,5.764414801265023e-05,0.1833305263014647,4.809560620396529e-05,0.1833305263014647,4.809560620396529e-05,0.5145825428889852,0.0001640842799033,0.372967363856079,0.0002113567351459,0.3191911066894948,0.0001139880686131,0.6067481112211015,0.0001868826407351,0.4291329925592042,0.0006747112105595
2024-02-03,2460344.3324144464,0.06513626235146254,-0.05158910567427961,0.11462908890561142,0.30264309801144684,8.0,-0.6502412303142102,0.011449178987237412,1.701027918527518,147,21,0.1475532466628627,0.0001999416258757,0.2432535229036623,9.23176871495801e-05,0.1735577232082884,8.478951880517393e-05,0.1787587858012569,8.86109529475117e-05,0.470344952498148,0.0001684178486749,0.470344952498148,0.0001684178486749,0.1005438826332807,5.8849205898881256e-05,0.1005438826332807,5.8849205898881256e-05,0.1834818858722632,4.920997755109518e-05,0.1834818858722632,4.920997755109518e-05,0.5156173590705488,0.0001674242037319,0.3731579458102593,0.0002156095270571,0.3216341336148158,0.0001168161819529,0.603382292170524,0.0001881962817965,0.4276553063130549,0.0006898600777379
2024-02-04,2460345.3290488874,-0.8777986532044985,-0.998597255616702,0.07655141698753981,0.5006714885561988,17.0,-0.6508908003001023,0.006779796636776671,1.6263836072687208,207,36,0.1478565611729648,0.0001941849016725,0.2435370794828898,9.061617891687536e-05,0.1736180491184349,8.322806931518202e-05,0.1789705315060865,8.711575352606122e-05,0.4709545046401426,0.0001650756263315,0.4709545046401426,0.0001650756263315,0.100984219876518,5.778694205170973e-05,0.100984219876518,5.778694205170973e-05,0.1835213313053144,4.821426024252182e-05,0.1835213313053144,4.821426024252182e-05,0.5145514616738334,0.0001634100909734,0.3730266171156418,0.000210459380726,0.3201658883557419,0.0001138039631636,0.6055442682689033,0.0001876138669147,0.4276858405930071,0.0006790860735468
2024-02-09,2460350.2724888753,4.143989051205602,3.9936597172465107,0.16160734213403713,0.30272853969550695,4.0,-0.6545180327938924,-0.05638778725695692,1.5425650917397324,70,12,0.1490004631753882,0.0001978008711873,0.2436053354611571,9.30789654962536e-05,0.1735692084197091,8.539742943590053e-05,0.1791384146367783,8.94203890962937e-05,0.4696715734300637,0.0001696267260644,0.4696715734300637,0.0001696267260644,0.1009066219347128,5.94696284165431e-05,0.1009066219347128,5.94696284165431e-05,0.18379588622043,4.967030965205871e-05,0.18379588622043,4.967030965205871e-05,0.5156928278968551,0.0001689997302828,0.3731010725945791,0.0002169620375249,0.3226134414989725,0.0001181959350669,0.6026788677466539,0.0001884300970344,0.4276270262723418,0.0006956524633999
2024-02-11,2460352.351916855,1.7150256130111967,1.6075638425132794,0.09072583476586285,0.41576284523039997,13.0,-0.6561737456873954,0.011613210588552768,1.5445311398248462,173,29,0.1499046428862186,0.0001999930269616,0.2435238198044795,9.364286939004732e-05,0.1737278460128253,8.598826380626521e-05,0.1793657631283957,9.006876815164377e-05,0.4693638648991419,0.0001709034316889,0.4693638648991419,0.0001709034316889,0.1009944318043088,5.9957689499271984e-05,0.1009944318043088,5.9957689499271984e-05,0.183761847112553,5.00476173882684e-05,0.183761847112553,5.00476173882684e-05,0.5162771966055145,0.0001704841898406,0.3731014621838959,0.000218846105365,0.3237921143781289,0.0001194383983646,0.6011968305541182,0.0001877718121367,0.4269632601582317,0.0006997739202388
2024-02-12,2460353.294508377,2.296208795709774,2.1526053091725643,0.07189598807642503,0.498620036947203,20.0,-0.6568567093142517,-0.018861667908511435,1.640207471109123,239,42,0.1500515243090302,0.0001986205620502,0.2435365023494154,9.189954523603875e-05,0.1739089026260721,8.4529052232662e-05,0.1793607322007167,8.858971999208218e-05,0.4695262859982478,0.0001676493527274,0.4695262859982478,0.0001676493527274,0.1010019808553409,5.878628882744592e-05,0.1010019808553409,5.878628882744592e-05,0.1837939838582373,4.9079156860805346e-05,0.1837939838582373,4.9079156860805346e-05,0.5160102370243543,0.0001667646135372,0.3733014279319473,0.000214568952486,0.3241392789065745,0.0001169787308368,0.6013360801404879,0.0001850678093494,0.4274280011722977,0.0006898790369111
2024-02-13,2460354.3014973183,0.18531609519386444,0.04597920019311539,0.06970222290247663,0.6157509088751502,21.0,-0.6574481674700965,-0.01133868032251671,1.634926488168025,244,44,0.1501004027426347,0.0001971060751003,0.2433510731357368,9.085957563662197e-05,0.1736622051665381,8.351130195746596e-05,0.1791962242131024,8.759763459235002e-05,0.4693887530577217,0.0001659206047409,0.4693887530577217,0.0001659206047409,0.1008942857595347,5.816594566377692e-05,0.1008942857595347,5.816594566377692e-05,0.1836648836966865,4.857085989441682e-05,0.1836648836966865,4.857085989441682e-05,0.5161237670120524,0.0001652655548114,0.3732338267532491,0.0002127764213546,0.324420268120448,0.0001159976457817,0.6005399854251382,0.0001824909754826,0.4278722989935563,0.0006833573535971
2024-02-14,2460355.306709519,1.1835770853256615,1.047924944461114,0.06656045972344952,0.6562166786070984,23.0,-0.6579441790038164,-0.008523811776230157,1.6157807276970793,253,47,0.1498262309755471,0.0001972156898418,0.2433049616119388,9.082922708681488e-05,0.173641145641674,8.350635913632877e-05,0.1790002663317257,8.751332159714181e-05,0.469922189407756,0.000166203221367,0.469922189407756,0.000166203221367,0.1009862964265315,5.825870259546339e-05,0.1009862964265315,5.825870259546339e-05,0.1835714732488466,4.8610550404692e-05,0.1835714732488466,4.8610550404692e-05,0.5156801317072361,0.0001654119678339,0.3732761410208836,0.0002129795835112,0.3232850744412261,0.0001158728820893,0.6026335742301601,0.0001842579213065,0.4275180781348993,0.0006825088147383
2024-02-15,2460356.307398594,1.1450821758283427,1.0098773329887463,0.06638376886621,0.31521751818201393,23.0,-0.6584084171516092,-0.006654096012222046,1.6042869379027573,253,47,0.14932173892705,0.0001961088290936,0.2432911102068778,9.072028872293636e-05,0.1733734933588484,8.331112977811111e-05,0.179006259386166,8.74264312600839e-05,0.4695890893476857,0.0001657458913987,0.4695890893476857,0.0001657458913987,0.1009202856619523,5.810603518999093e-05,0.1009202856619523,5.810603518999093e-05,0.1834728331841761,4.8497825355762725e-05,0.1834728331841761,4.8497825355762725e-05,0.5156405535461963,0.0001649530486567,0.3732562964298737,0.0002123671413502,0.3231175884848482,0.0001155121884264,0.6038314780644158,0.0001844085913939,0.4278905072403705,0.0006821786951714
2024-02-16,2460357.3023535362,0.9539035932595458,0.8159001876546184,0.0673729794738974,0.35744138831056,22.0,-0.6588009213146019,-0.010006682834422595,1.5880882317291058,250,46,0.1486979034318001,0.0001941756489002,0.2436244633409905,9.05424087972843e-05,0.1734297040528823,8.310206142052068e-05,0.1787464984030906,8.70524810941985e-05,0.4709405115447706,0.0001653637385215,0.4709405115447706,0.0001653637385215,0.1011785747363991,5.796231244250696e-05,0.1011785747363991,5.796231244250696e-05,0.1831696240799882,4.826955456603549e-05,0.1831696240799882,4.826955456603549e-05,0.514578346830208,0.0001638696871404,0.3732517589720166,0.0002109576858809,0.3203929989524886,0.0001141648319166,0.6047992405639327,0.0001869218070777,0.4285152676493947,0.0006802148306673
2024-02-17,2460358.310476431,0.37055231059317656,0.2395296593117732,0.09003193320447421,0.3374143415849869,12.0,-0.6588445813888956,-0.002210508689139983,1.4640888887678123,150,27,0.1478791802813242,0.0001890532790016,0.2434635272461486,9.030015326906947e-05,0.1732981416868182,8.284822221108393e-05,0.1786784021529766,8.680605456788044e-05,0.4710760901338795,0.0001644285904958,0.4710760901338795,0.0001644285904958,0.1010569635260546,5.759839203916466e-05,0.1010569635260546,5.759839203916466e-05,0.1831156727471538,4.798431435786333e-05,0.1831156727471538,4.798431435786333e-05,0.5144438707816505,0.0001623375528864,0.3730761948486907,0.0002088273238702,0.3198270265245529,0.0001130072973503,0.6051553746352787,0.0001869936444363,0.4284812610467444,0.0006790299491229
2024-02-18,2460359.357876492,-0.9895652157471841,-1.091251802148196,0.1189500203636094,0.2840955762087644,7.0,-0.659698800558975,0.02410719968653823,1.5447470187884906,188,24,0.1466886129859679,0.0001920564592741,0.2430627942390176,9.028995165218306e-05,0.1729615307314854,8.28545257708344e-05,0.1783247869050251,8.678467574296476e-05,0.4708715871071628,0.0001649709031603,0.4708715871071628,0.0001649709031603,0.1008739376247526,5.774519342620501e-05,0.1008739376247526,5.774519342620501e-05,0.1832273935271395,4.815443817838885e-05,0.1832273935271395,4.815443817838885e-05,0.5150853827462033,0.0001634056074363,0.3730246575074964,0.0002101964106788,0.3203959515337682,0.0001137659430456,0.6061301744521272,0.0001867486847588,0.4278623759204086,0.0006780568321757
2024-02-20,2460361.3362381025,-1.6132034010112986,-1.7307174184630034,0.11728502398335305,0.305606069912592,7.0,-0.6598245941636923,0.005723436582553357,1.4086885702288463,169,21,0.1463314841422331,0.0001889355850928,0.2423239920649911,9.021144318570368e-05,0.1724515183262237,8.279136475339256e-05,0.1782455429118843,8.700898249250827e-05,0.4691990472379286,0.000163993719752,0.4691990472379286,0.000163993719752,0.1005346897674203,5.739618973765297e-05,0.1005346897674203,5.739618973765297e-05,0.18327564139541,4.795963329362985e-05,0.18327564139541,4.795963329362985e-05,0.516531495170738,0.0001624390510134,0.3729024222464437,0.0002089659912186,0.3237833787518025,0.0001137845085661,0.6016027050325561,0.0001823060460478,0.4270456822854302,0.0006809605842988
2024-03-01,2460371.3072453667,-1.0316672573976067,-1.1625328353368694,0.06703838799320948,0.49294236746564396,22.0,-0.6613114541525094,-0.002182710793626623,1.4359610526923463,247,46,0.146499530172042,0.000190101107214,0.2425116952140872,9.074089196658368e-05,0.1728348028544582,8.330757345675057e-05,0.1785518529628905,8.745276084574362e-05,0.4694185820732343,0.0001656552467155,0.4694185820732343,0.0001656552467155,0.1001878809663843,5.785269340165096e-05,0.1001878809663843,5.785269340165096e-05,0.1836863445755234,4.848846970346407e-05,0.1836863445755234,4.848846970346407e-05,0.516952283940943,0.0001646640314168,0.3729406985576995,0.0002113229925815,0.3235166463404021,0.0001151493459564,0.6017992460352988,0.0001825125160105,0.4278085207961524,0.0006824609451997
2024-03-02,2460372.315618475,-1.9795517171582437,-2.1063908423309536,0.06992380297258759,0.4671881197453268,20.0,-0.6612934728736135,0.0016219398255021948,1.436921998384492,240,43,0.1461022136471349,0.0001879670821053,0.2423858381917435,9.076468386438648e-05,0.1727949785120778,8.340436440038257e-05,0.1784291154921533,8.760958559379697e-05,0.468804080659785,0.0001650383730564,0.468804080659785,0.0001650383730564,0.1002182360641063,5.7719690873492835e-05,0.1002182360641063,5.7719690873492835e-05,0.1837025137374663,4.836075045673998e-05,0.1837025137374663,4.836075045673998e-05,0.5170567769001181,0.0001635822719262,0.3728359301098087,0.0002099653526513,0.3244453121932661,0.000114651354685,0.6002431522325339,0.0001821432985181,0.4274840610204832,0.0006850226134424
2024-03-03,2460373.304183635,-1.2172627928497355,-1.3492793348909302,0.06526849065213862,0.3328218638340141,23.0,-0.6611657648735568,-0.0028456488974776227,1.432259330350225,245,46,0.1464764118531253,0.0001884054953626,0.2429546194216339,9.084339504943012e-05,0.1729997765728558,8.338926936666307e-05,0.1783909064189439,8.749299591988453e-05,0.4705415651096326,0.0001660035138452,0.4705415651096326,0.0001660035138452,0.1006142485288066,5.8055353982503085e-05,0.1006142485288066,5.8055353982503085e-05,0.1832411495023402,4.847749399654719e-05,0.1832411495023402,4.847749399654719e-05,0.5150790036901277,0.0001641949955982,0.3729952726498054,0.0002107681770262,0.3207790950886396,0.0001144547488813,0.6057835740795408,0.0001876146021392,0.428684368127556,0.0006841440390062
2024-03-04,2460374.309009851,-1.1195190089632192,-1.2492299877655768,0.06563379362264622,0.4006617189039213,23.0,-0.6610415590025362,-0.0007463684565367555,1.4295006659231735,252,47,0.1466286933377221,0.0001897613830404,0.2426701085754062,9.107700368520664e-05,0.1728679956551572,8.360798731141523e-05,0.1784243570373602,8.773523232051805e-05,0.4696689831990008,0.0001663121478983,0.4696689831990008,0.0001663121478983,0.1005746555440668,5.819716552069264e-05,0.1005746555440668,5.819716552069264e-05,0.1835503771646384,4.86570402859337e-05,0.1835503771646384,4.86570402859337e-05,0.5163227117855994,0.0001649811178961,0.3729819281627057,0.0002117312864233,0.3221400652018369,0.0001151549414776,0.6040242548421628,0.0001849834550492,0.427933563772835,0.000684616952375
2024-03-09,2460379.298459205,1.251226384823345,1.1199774011089132,0.18345843214776955,0.4043648393515133,3.0,-0.6589899506922295,-0.004994139416329167,1.2544957881440915,104,12,0.1475862369335348,0.0001927684273546,0.2428815512860218,9.26306408806068e-05,0.1729176703872922,8.50168555868171e-05,0.1784933416794419,8.921507692505845e-05,0.4700140660006215,0.0001691246290688,0.4700140660006215,0.0001691246290688,0.1003704423138589,5.910885178176528e-05,0.1003704423138589,5.910885178176528e-05,0.1833695908230822,4.9443632808481486e-05,0.1833695908230822,4.9443632808481486e-05,0.5164404248136688,0.000167640853159,0.3729997906169542,0.0002150542990827,0.3226638598866036,0.0001170585022155,0.6045363926018963,0.0001879772726558,0.4274025572083151,0.0006950632426153
2024-03-10,2460380.3063415284,0.1377509120612399,0.007879819482232623,0.06681891598575097,0.49434762305219765,24.0,-0.6590764698585359,-0.0015666105283623996,1.3718791072506746,256,48,0.1471935819710557,0.0001975156311351,0.2425272443248221,9.46764081635652e-05,0.1727963437958561,8.699621362159295e-05,0.1785243203708008,9.133044793699286e-05,0.4697006012700542,0.0001732542972502,0.4697006012700542,0.0001732542972502,0.1002882255865436,6.054742698654617e-05,0.1002882255865436,6.054742698654617e-05,0.1832779940292109,5.064881607193144e-05,0.1832779940292109,5.064881607193144e-05,0.5166184467194604,0.0001721264395736,0.3730062403497559,0.0002204726934509,0.3232393885751906,0.0001203611560451,0.6031490818003695,0.0001914139892252,0.4272435323831969,0.0007117221215752
2024-03-13,2460383.253685801,0.7000116541295917,0.5528195498032684,0.2214095290447503,0.13122751068702687,2.0,-0.6573035385125436,-0.0368372340961682,1.3181663895539617,59,7,0.1462418854454634,0.0001852552200468,0.242457605935249,9.157022598942876e-05,0.1724848523795656,8.406875467010131e-05,0.1780831383435961,8.835837225093878e-05,0.469855067132131,0.0001669472435062,0.469855067132131,0.0001669472435062,0.1004118741331709,5.838988180195977e-05,0.1004118741331709,5.838988180195977e-05,0.1829403844345473,4.876409953175506e-05,0.1829403844345473,4.876409953175506e-05,0.5158835400325421,0.0001649449481835,0.3730544296109584,0.0002111380920307,0.3221119985039843,0.0001151706330922,0.60526785675633,0.0001879249369927,0.4277736986361918,0.0006903448632494
2024-03-16,2460386.4112447244,-2.754270868731425,-2.8371988224225473,0.22514137058602773,0.19625895744210453,2.0,-0.6558718632451526,0.036026577165304954,1.4543691613526097,55,6,0.1453784214535967,0.0001909844403599,0.2424166983713376,9.282178640936712e-05,0.1724079054645323,8.517474118700325e-05,0.1781740042667395,8.946393276774512e-05,0.470344693731126,0.0001693147338171,0.470344693731126,0.0001693147338171,0.1002684020237446,5.9105749598698926e-05,0.1002684020237446,5.9105749598698926e-05,0.1830164707440723,4.942123415031159e-05,0.1830164707440723,4.942123415031159e-05,0.5160289814430178,0.0001674986837311,0.3728755518805198,0.0002142861494718,0.3216211780198795,0.0001167950909117,0.60642185509376,0.0001901720652219,0.4281239659115405,0.0007003294131668
2024-03-17,2460387.3977387827,-1.897658903190301,-1.990439922565385,0.3144433661979552,0.0,1.0,-0.6547838345987823,0.046054974090367,1.3707753817321549,50,5,0.1459047574557316,0.0001868782887713,0.2426584588436557,9.119823671491676e-05,0.1726984582179219,8.371038807452272e-05,0.1783274896533309,8.78928911100559e-05,0.4703779002163633,0.0001666610526658,0.4703779002163633,0.0001666610526658,0.1007295454973618,5.832452787785078e-05,0.1007295454973618,5.832452787785078e-05,0.1832917006644386,4.868709001123765e-05,0.1832917006644386,4.868709001123765e-05,0.5158882279098327,0.0001650000431326,0.372788998027972,0.0002111246528667,0.3210225377071863,0.0001149443078606,0.6059645662639518,0.0001870393491677,0.427819297941002,0.0006866082375784
2024-03-18,2460388.3307480137,-1.978305019147579,-2.095527408947644,0.11857996116574149,0.2349978420421235,7.0,-0.6536170392242807,0.01333787697045173,1.2875119766233623,135,18,0.147288359007977,0.000187352959728,0.2430317573774566,9.203536186167868e-05,0.1732863674603263,8.456946947025851e-05,0.1787009400131511,8.873196630059624e-05,0.4704791939814599,0.0001676586445116,0.4704791939814599,0.0001676586445116,0.1011515627033068,5.877199471748695e-05,0.1011515627033068,5.877199471748695e-05,0.1834657702704413,4.899473446307396e-05,0.1834657702704413,4.899473446307396e-05,0.5156780939081133,0.000165562221961,0.3728713182927807,0.0002118641956729,0.3205188151142246,0.0001152066273514,0.6054529283027494,0.0001885604885945,0.4275323541489106,0.0006921944530109
2024-03-19,2460389.2701109895,-0.6393018768387778,-0.7822546243778395,0.07827992768420096,0.33344284592235357,16.0,-0.6528908580023239,-0.018212608027937914,1.3036128008874028,175,33,0.1474984045903213,0.0001877941336213,0.2430247637994175,9.165718333256488e-05,0.1733080650964187,8.42252233662421e-05,0.1788452146778549,8.84575551128572e-05,0.4701106958101484,0.000167005946379,0.4701106958101484,0.000167005946379,0.1009985828392378,5.853500531056435e-05,0.1009985828392378,5.853500531056435e-05,0.183560437695833,4.884090026344023e-05,0.183560437695833,4.884090026344023e-05,0.5158701155495958,0.000165074350469,0.372954180921746,0.0002114501399127,0.3209881886711053,0.0001149819159663,0.6044071163748819,0.0001869254235825,0.4269803372657101,0.0006888036287847
2024-03-21,2460391.3003474036,3.044990516590563,2.9137678510012153,0.06686025352378669,0.4265806857468491,23.0,-0.6511076083950617,-0.002161036358024851,1.2906414553679078,250,46,0.1492140640471286,0.0001959120539821,0.2439040516844323,9.208774136232675e-05,0.1742326293480808,8.465228068156983e-05,0.1793224184377548,8.871562099115503e-05,0.4709612465482665,0.0001688088817331,0.4709612465482665,0.0001688088817331,0.101350279904453,5.922106239427348e-05,0.101350279904453,5.922106239427348e-05,0.1834388736785122,4.93042776563988e-05,0.1834388736785122,4.93042776563988e-05,0.5147382596636543,0.0001671573205315,0.3731608630609213,0.0002150924492568,0.3189874802788943,0.0001160091896943,0.6069188751876445,0.0001901689156894,0.427887631302018,0.0006891022341288
2024-03-27,2460397.3053099983,-1.011865870130444,-1.1400926363061679,0.07115675287234013,0.48294214782162204,20.0,-0.6451238659317622,0.00119761137621614,1.2447260369535278,238,43,0.1485984220452617,0.000191950134075,0.2435242924622611,9.281809380426914e-05,0.1735454827550754,8.521846975627221e-05,0.1791092123612338,8.958292421910305e-05,0.4703359977853087,0.0001694130976819,0.4703359977853087,0.0001694130976819,0.1005727432264737,5.9252811079138776e-05,0.1005727432264737,5.9252811079138776e-05,0.1835300861991977,4.9527025100719655e-05,0.1835300861991977,4.9527025100719655e-05,0.5158911957898107,0.0001673785530878,0.3731082274197089,0.0002147228641849,0.3210104708014116,0.0001165015833429,0.6042998928321437,0.0001890792297231,0.4278223687684049,0.0006966044569666
2024-03-29,2460399.305960902,-2.8337686810919647,-2.9624503297234033,0.06431474682884825,0.29796171146121037,24.0,-0.6430323590562151,0.0007461494377014958,1.249378953012937,256,48,0.1461262446631004,0.000187873929154,0.2426419070571795,9.200231710718895e-05,0.1729116305912403,8.450505021731302e-05,0.1784533743518948,8.891929977499178e-05,0.4697605164591993,0.0001680215940872,0.4697605164591993,0.0001680215940872,0.1004592127331264,5.877411156847612e-05,0.1004592127331264,5.877411156847612e-05,0.1834257641690286,4.913952237191934e-05,0.1834257641690286,4.913952237191934e-05,0.516246815467075,0.0001658812184785,0.3728198020781184,0.0002126431721518,0.3222604250901675,0.0001157889634472,0.6044423705873918,0.0001875462868526,0.4270975532290668,0.0006944794417552
2024-04-02,2460403.2836178513,0.3991113160806291,0.2651898554245858,0.3115327250389502,0.0,1.0,-0.6380651463022968,-0.0033444126196033,1.1362042170919673,81,6,0.1447221556003584,0.0001833829900406,0.2423129408790269,9.250104569885998e-05,0.1722824676490246,8.478610665516458e-05,0.1778323700687941,8.914572604668377e-05,0.4699977573822227,0.0001688145982706,0.4699977573822227,0.0001688145982706,0.0999167360847994,5.8882248041323215e-05,0.0999167360847994,5.8882248041323215e-05,0.1830149529519092,4.930364153256197e-05,0.1830149529519092,4.930364153256197e-05,0.5165388514635851,0.0001667887681942,0.3727887204315032,0.0002130407744482,0.3215527511036982,0.0001161755815314,0.6051363756601115,0.0001890820350613,0.427794849387781,0.0006978998374082
2024-04-03,2460404.3043489624,0.11144264337412878,-0.01785283689053866,0.06480361726835093,0.3141908576164138,23.0,-0.6372869418036486,6.320902396496715e-05,1.222514558372025,249,47,0.1451212912976513,0.0001838833124996,0.2421865676950278,9.11645946256407e-05,0.172398648019082,8.362885571659465e-05,0.1780194207634104,8.793212024885961e-05,0.4699266792722253,0.0001662351804954,0.4699266792722253,0.0001662351804954,0.1000644673801129,5.802461941948089e-05,0.1000644673801129,5.802461941948089e-05,0.1832452673381894,4.858928613046154e-05,0.1832452673381894,4.858928613046154e-05,0.5167075122969773,0.0001642855930983,0.3729011321317611,0.0002104194094417,0.3225762267244357,0.0001146348186589,0.6043337932706895,0.0001850562927977,0.4279135928775446,0.0006882586506821
2024-04-04,2460405.3014758658,0.1955448204323031,0.06543817213725016,0.06636740086463391,0.24579345746543466,22.0,-0.6361023445539769,-0.0006080833436021269,1.2217918542160797,252,46,0.1453018873590204,0.000184179293549,0.2424531418550184,9.127096342218675e-05,0.1725504673938931,8.374415640576524e-05,0.1780573501087157,8.803911131168206e-05,0.469572809915724,0.000166226138137,0.469572809915724,0.000166226138137,0.1000160523750359,5.803168658318062e-05,0.1000160523750359,5.803168658318062e-05,0.1833435881691996,4.861871193160227e-05,0.1833435881691996,4.861871193160227e-05,0.5167855930623189,0.0001642098374467,0.3728557598143139,0.0002103562311145,0.3228313661515269,0.0001146168813694,0.6031016663572094,0.000184334923633,0.4270596266639115,0.0006886185776717
2024-04-05,2460406.291917697,0.25829004805364797,0.12496688134493515,0.06980279598333866,0.3428110369942039,21.0,-0.6348058835575291,-0.00587375935214801,1.1995810728999117,245,45,0.1452206146539404,0.0001891368430363,0.2424406943210255,9.41091277602828e-05,0.1724567189228586,8.638130104914102e-05,0.1781076689291428,9.095747715600624e-05,0.4693714140755411,0.0001716546393053,0.4693714140755411,0.0001716546393053,0.099943979349957,5.99229652689826e-05,0.099943979349957,5.99229652689826e-05,0.1832564388287889,5.019849927775406e-05,0.1832564388287889,5.019849927775406e-05,0.5167951954280439,0.0001693381989429,0.3730427922198695,0.0002168968811731,0.3234618740008693,0.0001184465971734,0.6032262040896844,0.0001907104359244,0.4270900709133234,0.0007106099548447
2024-04-06,2460407.3464576877,1.3005709285451068,1.1841660909453535,0.08292659296425506,0.3993191365773843,14.0,-0.6332884864671335,0.0058880217661739925,1.1836297473610788,191,30,0.1457897574280632,0.0001826718511264,0.2423844329226183,9.12694880740344e-05,0.1723146785616104,8.3736371791357e-05,0.1781828485823759,8.824239854618717e-05,0.4691861260003043,0.0001663904590929,0.4691861260003043,0.0001663904590929,0.0999455875395043,5.808393539777931e-05,0.0999455875395043,5.808393539777931e-05,0.1832684029865138,4.867236254237531e-05,0.1832684029865138,4.867236254237531e-05,0.5169680842916503,0.0001640976820051,0.3728760680956843,0.0002101331882778,0.3242447002045326,0.000114928755994,0.600937515646876,0.0001835238199047,0.4269716186228128,0.0006901735047929
2024-04-07,2460408.271878324,-0.9464830529925852,-1.0854226383824785,0.07834270873044412,0.2702270034733442,16.0,-0.6323686302439162,-0.013536147672729763,1.1998121220295168,186,34,0.1461646648123919,0.0001853492531365,0.2421267085685251,9.177111507433434e-05,0.1724282577812278,8.431095040917165e-05,0.1781288672384019,8.884988404828842e-05,0.4692985415000933,0.0001678336898475,0.4692985415000933,0.0001678336898475,0.1000899628551497,5.862900615490344e-05,0.1000899628551497,5.862900615490344e-05,0.1833462710306871,4.9093413960428144e-05,0.1833462710306871,4.9093413960428144e-05,0.5170547666346091,0.0001658367022239,0.3728266517179769,0.0002122982252508,0.3245542635249738,0.0001162349722776,0.6001498102875749,0.0001844887195384,0.4266053209910578,0.0006947940298819
2024-04-10,2460411.305174166,-0.8318023352798053,-0.9607396404541032,0.06752870118121827,0.40973792848261503,22.0,-0.6282885429603985,0.0006181564551542878,1.2037915234854983,254,46,0.1457525223010204,0.0001877088366572,0.2425405823248091,9.230085937656152e-05,0.1725877804953064,8.47218640075554e-05,0.1781464925480951,8.923236826705815e-05,0.4695716857860132,0.0001690311940882,0.4695716857860132,0.0001690311940882,0.1001535368801174,5.9063828099710704e-05,0.1001535368801174,5.9063828099710704e-05,0.1832548974914641,4.942782321553144e-05,0.1832548974914641,4.942782321553144e-05,0.5163799299524425,0.0001670805461107,0.3729132677802927,0.0002140099640362,0.3230125562458727,0.0001168183155374,0.6043408925168916,0.0001881953473123,0.4273166197079656,0.0006979923841876
2024-04-11,2460412.304176869,-0.6837731004030091,-0.8130424730560915,0.06599954476899994,0.262742839699873,23.0,-0.6268597665349407,0.00028671045061176044,1.1934488039564621,247,46,0.1460787245989413,0.0001880982078429,0.2428446253573838,9.252302093691784e-05,0.172862339888704,8.49379948778624e-05,0.1784670880327655,8.950113893070439e-05,0.4694562780400163,0.0001689589756125,0.4694562780400163,0.0001689589756125,0.1001771297185058,5.9038346558364654e-05,0.1001771297185058,5.9038346558364654e-05,0.1833516488884386,4.942602551994556e-05,0.1833516488884386,4.942602551994556e-05,0.5163300527218937,0.0001667486375754,0.3728312981012907,0.0002137347615512,0.3231789168574328,0.0001166301249534,0.6041747506092012,0.0001882061776537,0.4271097874008516,0.0006996138057841
2024-04-12,2460413.3060141527,-0.8735904899887869,-1.0022569562864063,0.06750829688610452,0.45287893784720895,22.0,-0.6253405573306433,0.0011152335606371224,1.170822689711511,251,46,0.1463701278380868,0.0001885156971818,0.2427691059040714,9.25233168360286e-05,0.1730329014343301,8.500957327477785e-05,0.1783744167761189,8.949014485651175e-05,0.4694554355238964,0.0001691669240382,0.4694554355238964,0.0001691669240382,0.1003225579749668,5.91643681418728e-05,0.1003225579749668,5.91643681418728e-05,0.1834961925608539,4.951535564076609e-05,0.1834961925608539,4.951535564076609e-05,0.5162807693465972,0.0001671018307614,0.3729372448903579,0.0002142343884895,0.3229688676324637,0.0001168129018024,0.6043419534533588,0.0001883241011951,0.4272975241624278,0.0006995800106533
2024-04-13,2460414.2177723167,-2.015191799978524,-2.169043136933823,0.12953034948261466,0.16985742661428663,6.0,-0.6249514877870505,-0.016557585088637798,1.2841134042630353,81,12,0.1471067566921868,0.0001897744117486,0.2430070425194301,9.207826552405405e-05,0.173142475014127,8.456929425791611e-05,0.1784371243090761,8.902451629972268e-05,0.4694374209979757,0.0001684801878194,0.4694374209979757,0.0001684801878194,0.1005907260978176,5.899874254270469e-05,0.1005907260978176,5.899874254270469e-05,0.1837098878167372,4.933217755073615e-05,0.1837098878167372,4.933217755073615e-05,0.5164322718856091,0.00016656620463,0.3728473868229128,0.0002135249264215,0.3233375449157857,0.0001165371937049,0.60287843174912,0.0001862676475143,0.4262294745758788,0.0006934897766523
2024-04-14,2460415.3230512952,-1.2805274069893202,-1.4043120511452583,0.0700755802262821,0.2890499285672345,20.0,-0.6223598783975638,0.00421359081111835,1.1584145757313895,232,42,0.1491982340026537,0.0001874185551741,0.2434527980300138,9.227307907395724e-05,0.1736481092240608,8.478529682114826e-05,0.1790051278239334,8.929021907230134e-05,0.469050108660236,0.000167847459515,0.469050108660236,0.000167847459515,0.1010015332754651,5.89126066265001e-05,0.1010015332754651,5.89126066265001e-05,0.1839797079198897,4.920856713511075e-05,0.1839797079198897,4.920856713511075e-05,0.5162402563645513,0.0001653957037216,0.3731254804681733,0.0002122030143054,0.3238624704318025,0.0001159079187527,0.600026420070716,0.0001848089160833,0.426134111944911,0.0006965142182918
2024-04-15,2460416.3060273593,2.177130463447884,2.048401991537058,0.06377719396745134,0.2978340050085536,24.0,-0.6211270720007439,0.0007444347910259332,1.1790687322236364,240,48,0.1503347595229089,0.0001871347699084,0.2436366581098921,9.196179071513835e-05,0.1740336128129343,8.45866143111147e-05,0.1793157477776354,8.90443760700079e-05,0.4696321135468741,0.0001675574316384,0.4696321135468741,0.0001675574316384,0.1012051563211384,5.883831334362508e-05,0.1012051563211384,5.883831334362508e-05,0.1839494153089965,4.908516940060155e-05,0.1839494153089965,4.908516940060155e-05,0.5156797402404899,0.0001650504757156,0.373312947574847,0.0002117034763853,0.3229050312354072,0.0001155125654949,0.6026683870544705,0.0001859739572503,0.4267785422875922,0.0006934844104291
2024-04-16,2460417.2496702997,3.9176282024929368,3.773370349674489,0.14219551699121605,0.24596709876376438,5.0,-0.620737011974872,-0.014864417541813163,1.3201961676354457,72,11,0.1513908262044266,0.0001930737106274,0.2440084500138389,9.240667202636436e-05,0.1744258380665335,8.502523153390798e-05,0.1794947958065735,8.942247859115969e-05,0.4698490944691556,0.0001688096573044,0.4698490944691556,0.0001688096573044,0.1013698358104995,5.9312245540212414e-05,0.1013698358104995,5.9312245540212414e-05,0.1840156928603787,4.944687048056838e-05,0.1840156928603787,4.944687048056838e-05,0.5158166758467002,0.0001668320923112,0.3734402189129133,0.0002141518883178,0.323263524792887,0.0001168148724727,0.6022647551714045,0.0001865000076611,0.4276837502345531,0.0006965741851178
2024-04-19,2460420.305488776,9.707034760972455,9.577991455498926,0.06466159449128135,0.3569809171074279,24.0,-0.6153309207265205,0.000480768559249396,1.1642442912450381,255,48,0.1536019066224921,0.000192111774121,0.2450534909736738,9.290774224686156e-05,0.1754367050087891,8.552716414740016e-05,0.1804089872584092,8.999129902261795e-05,0.4703801550888938,0.0001690766607559,0.4703801550888938,0.0001690766607559,0.1018086888513938,5.951381736992489e-05,0.1018086888513938,5.951381736992489e-05,0.1839454212415415,4.950253068281269e-05,0.1839454212415415,4.950253068281269e-05,0.5146072167076334,0.0001663434324679,0.3736539857990718,0.0002136441668581,0.322105747950906,0.0001162347607915,0.6045911822957363,0.0001895651208263,0.4277353309831187,0.000700368765982
2024-04-22,2460423.2687919,2.661726903040308,2.523618276872763,0.07974279051916759,0.36633197687852387,16.0,-0.6111721971840449,-0.011670025362953413,1.1420761724055808,177,34,0.1535851376569593,0.0001937441515265,0.2450726199351452,9.370061677429226e-05,0.1755305577088116,8.62906026251767e-05,0.1803604552733138,9.0789922332883e-05,0.4706944725062821,0.0001705396147576,0.4706944725062821,0.0001705396147576,0.1020289801693241,6.007073601014566e-05,0.1020289801693241,6.007073601014566e-05,0.1837247444894552,4.987957665562611e-05,0.1837247444894552,4.987957665562611e-05,0.5142111036159808,0.0001674372383961,0.3736756401290574,0.0002152975388281,0.3207750652939159,0.000116751211282,0.6064711657361157,0.0001923820502018,0.4274172865865507,0.0007058425270329
2024-04-23,2460424.284801272,2.065472279330962,1.9313205509496025,0.07420172064389487,0.35049476707220284,18.0,-0.6097480121324642,-0.004568559862945639,1.1506702872449999,242,43,0.152971681988072,0.0001909284921877,0.2447549389711935,9.283409321397084e-05,0.1753527271060878,8.552437717548379e-05,0.1803138295228218,8.995909389034766e-05,0.4697550129523135,0.0001687724335555,0.4697550129523135,0.0001687724335555,0.1019863025049451,5.9508160065463495e-05,0.1019863025049451,5.9508160065463495e-05,0.1839649194678532,4.945824273810976e-05,0.1839649194678532,4.945824273810976e-05,0.5148394839110803,0.0001659399964587,0.3735226257967119,0.0002131786390975,0.3219316591328152,0.0001159450065851,0.6046524813462371,0.0001886812256767,0.4274500837439089,0.0007001719065685
2024-04-26,2460427.3023345387,-0.15794155861119147,-0.28785414170963236,0.06882055035826376,0.41048518427403635,21.0,-0.6056147638844984,-0.00047754247224039606,1.1559817452773498,250,44,0.1476041235208187,0.0001866908481087,0.24330179975765,9.3067670380019e-05,0.1734909486850865,8.545571615395182e-05,0.1786874394365494,8.990463294061175e-05,0.4706569267345835,0.0001699724327767,0.4706569267345835,0.0001699724327767,0.1008312669345949,5.954066173272654e-05,0.1008312669345949,5.954066173272654e-05,0.1832979144962951,4.965876759521223e-05,0.1832979144962951,4.965876759521223e-05,0.5155159140489569,0.0001673526321791,0.3728903488112642,0.0002138753144432,0.3205018053660207,0.000116419388815,0.6053944659321243,0.0001910546118314,0.4277670838912935,0.0007021128443915
2024-04-27,2460428.34611597,0.859311249113545,0.7380516292876479,0.14149047196120654,0.3146512639998782,5.0,-0.6035888226103936,0.011171577241714619,1.085419269410918,159,14,0.1466840313667616,0.0001863558313898,0.2431678610923576,9.385411679555324e-05,0.1731584431810223,8.606271028254552e-05,0.1786116194576778,9.061992943309396e-05,0.4704554236658018,0.0001713436700465,0.4704554236658018,0.0001713436700465,0.1004846564549233,5.993430401288919e-05,0.1004846564549233,5.993430401288919e-05,0.1831720005743815,5.005915980970664e-05,0.1831720005743815,5.005915980970664e-05,0.5156049657592081,0.0001689006801535,0.3729294872497246,0.000215649931356,0.3209279599681189,0.000117612068525,0.6057905259878217,0.0001924921308988,0.4279635502654769,0.0007085570496107
2024-04-28,2460429.3026406965,-0.6989367953572847,-0.8288875845009904,0.06591588721379,0.5246091869824605,23.0,-0.6028910580980286,-0.00037622893230000384,1.1410487708918249,254,47,0.1458045145690079,0.0001864828438144,0.242988522313495,9.315786937871584e-05,0.1729020555760023,8.540752747865916e-05,0.1783495715056328,8.990725085997607e-05,0.470038531186043,0.0001700179773703,0.470038531186043,0.0001700179773703,0.1002962113867834,5.94542719510318e-05,0.1002962113867834,5.94542719510318e-05,0.1831769302948936,4.968949726740459e-05,0.1831769302948936,4.968949726740459e-05,0.5160254753535019,0.0001676339269067,0.372756972543026,0.0002143089230274,0.3209995496830384,0.0001166579839898,0.6060695165788522,0.000190981410971,0.4281057420893504,0.0007031117508363
2024-04-29,2460430.304586311,-2.1794183128258506,-2.3091823782747243,0.06896535580303986,0.6471208757478858,21.0,-0.6015624282847478,-0.00021257060408081898,1.135946411653921,252,45,0.1452972172236694,0.0001863534221242,0.2426612266715274,9.308548275704256e-05,0.1726788963116871,8.537061487997019e-05,0.178223991720248,8.999977119156565e-05,0.4698056541888882,0.0001699509461402,0.4698056541888882,0.0001699509461402,0.1000554593990803,5.936538137032951e-05,0.1000554593990803,5.936538137032951e-05,0.1831727267421036,4.969354287246031e-05,0.1831727267421036,4.969354287246031e-05,0.516318335319597,0.0001674683431542,0.3728508806063983,0.0002142918897562,0.3217418169772231,0.0001167544397271,0.6052597063565506,0.0001899336980968,0.4274707965620572,0.0007044019680418
2024-04-30,2460431.305261135,-2.550725450477323,-2.680219365954881,0.06456473056973956,0.49456252502395553,24.0,-0.600291083820827,6.594340569573715e-05,1.1359537341067758,254,48,0.1452821207967336,0.0001862876601758,0.2425195750376006,9.314017806962178e-05,0.1726091947889015,8.546006739830688e-05,0.1781391691604913,9.007213562255828e-05,0.4699488832776426,0.0001702595929345,0.4699488832776426,0.0001702595929345,0.1002438362269844,5.951248005435188e-05,0.1002438362269844,5.951248005435188e-05,0.1832424320067426,4.976603544626834e-05,0.1832424320067426,4.976603544626834e-05,0.5162427717258276,0.0001677891066522,0.3727768691090001,0.0002145097545623,0.3216932404704846,0.0001169583382832,0.6048235078287069,0.0001901147156231,0.4271347217283425,0.0007048148575357
2024-05-01,2460432.3005993636,-1.4322743859862515,-1.5630368458285304,0.07071108079304021,0.2988400706785342,20.0,-0.5990203370051402,-0.0007082539207116699,1.128730480112102,249,44,0.1456597406092125,0.0001863645815552,0.242804578775709,9.331923720785255e-05,0.1728051439485349,8.560070691755617e-05,0.1783610623268916,9.024396490552574e-05,0.4697620930079988,0.0001704119838766,0.4697620930079988,0.0001704119838766,0.1002774215855946,5.958623253748622e-05,0.1002774215855946,5.958623253748622e-05,0.1834056132772769,4.98482655366117e-05,0.1834056132772769,4.98482655366117e-05,0.5162326246139659,0.0001678819447592,0.3727953207566633,0.0002146901625529,0.3220836159720669,0.0001171486627033,0.6046584277111081,0.0001899563442245,0.4272732081777415,0.0007057615001616
2024-05-02,2460433.319524153,0.7198268485503166,0.5930640633626433,0.07388547724040352,0.2684911079729147,19.0,-0.5976452785079558,0.002262505401399748,1.1255038310527818,225,41,0.1461146254480131,0.0001907849685759,0.2429419836353802,9.468975242006324e-05,0.1730623258622033,8.689110315270729e-05,0.1783913211292578,9.156388563037773e-05,0.4698836301008121,0.0001731461840657,0.4698836301008121,0.0001731461840657,0.10043703187537,6.061584517131404e-05,0.10043703187537,6.061584517131404e-05,0.1833139375895007,5.0643016458949854e-05,0.1833139375895007,5.0643016458949854e-05,0.5161516191508073,0.0001707567609891,0.3729331434301289,0.0002184095721834,0.3215448183523139,0.000118999905767,0.6055897565294813,0.0001935791381935,0.4269097740345136,0.0007152879000832
2024-05-03,2460434.3059093184,2.2855452611598155,2.1560858488770376,0.06861852470104404,0.2323622570437993,22.0,-0.5965617498992484,6.98183270913864e-05,1.1320723031256672,250,45,0.1469232352483627,0.0001909316584179,0.2432167515296394,9.471386415599652e-05,0.1732758169824747,8.690473442587212e-05,0.1786777442142808,9.154564680433084e-05,0.469919860345505,0.0001730000019318,0.469919860345505,0.0001730000019318,0.1003392123139239,6.051348711581024e-05,0.1003392123139239,6.051348711581024e-05,0.1833870398652834,5.059927983901274e-05,0.1833870398652834,5.059927983901274e-05,0.5158073494125833,0.0001704770342785,0.372875420589322,0.0002181495008447,0.3216706267750031,0.0001188828028466,0.6055554623157765,0.0001932196207543,0.4271188890351948,0.0007143824355373
2024-05-04,2460435.305675892,3.2308360327064793,3.1012703270477635,0.06712972331073587,0.355200494494117,23.0,-0.5953591388954239,-4.6171228157306494e-06,1.13185483310962,253,47,0.147325504284788,0.0001912080816564,0.2432681432695734,9.44381484686902e-05,0.1734173427703803,8.669451812338768e-05,0.1788280011598958,9.1358051201792e-05,0.4699167952588467,0.000172670710421,0.4699167952588467,0.000172670710421,0.1005061168269228,6.044831281112149e-05,0.1005061168269228,6.044831281112149e-05,0.1835148433672022,5.052732298503895e-05,0.1835148433672022,5.052732298503895e-05,0.5157129343543883,0.0001702998842056,0.3729940497604153,0.0002179506054049,0.3214624117897151,0.0001187113032141,0.6051702552525056,0.0001929247649188,0.4271265543354779,0.0007127929015893
2024-05-05,2460436.2502632765,3.3285105003260167,3.187841234468001,0.09592683910132706,0.23968604037623845,11.0,-0.5946217114452681,-0.00909243007621348,1.14723927178117,117,23,0.147846916575139,0.0001889365277833,0.2435352873086425,9.371423406204524e-05,0.1736746473580361,8.605400609282729e-05,0.1790211585349349,9.06895320094824e-05,0.4702521878684547,0.0001712689204417,0.4702521878684547,0.0001712689204417,0.1008007323790163,6.002575685896748e-05,0.1008007323790163,6.002575685896748e-05,0.1835941228240592,5.010793146118045e-05,0.1835941228240592,5.010793146118045e-05,0.5154855810798764,0.000168704084957,0.3729421675080812,0.0002157558369423,0.3209362684489573,0.0001175219844907,0.6042834868861597,0.0001917497502494,0.4273608083970356,0.0007067851066492
2024-05-06,2460437.3378242734,1.6690699143104009,1.5456779480047256,0.08879694350948136,0.3052491979253586,13.0,-0.592498767572561,0.006386601621724093,1.0894598393642658,187,30,0.1482946830646968,0.0001905829242259,0.2432966233427052,9.45375656855576e-05,0.1737705851690263,8.68610940389253e-05,0.1789508296646589,9.142068258093383e-05,0.469752714936251,0.0001725242046452,0.469752714936251,0.0001725242046452,0.1006955463927001,6.047267035371266e-05,0.1006955463927001,6.047267035371266e-05,0.1837084904573252,5.051982395775333e-05,0.1837084904573252,5.051982395775333e-05,0.515804382068158,0.000170001694383,0.3728618480504752,0.0002174546514654,0.3219008777458843,0.0001185832512531,0.6045920804083963,0.0001922920349683,0.4273709375514004,0.0007131833746334
2024-05-07,2460438.300663697,0.9157344094892961,0.7849677793049654,0.06635366411973023,0.3794647852130819,23.0,-0.5917353911062776,-0.001025499986408186,1.1158979210473925,253,47,0.1486348550452264,0.0001891349638512,0.2439513693217851,9.388438236791006e-05,0.1743276727848084,8.633807912462143e-05,0.1794332328980065,9.093849133286796e-05,0.4702221221801251,0.0001713994263828,0.4702221221801251,0.0001713994263828,0.1011530973523154,6.017901192786279e-05,0.1011530973523154,6.017901192786279e-05,0.1838685176862079,5.0194101346021345e-05,0.1838685176862079,5.0194101346021345e-05,0.5151644640727541,0.0001684387684734,0.3728860999828437,0.0002155528894741,0.321459149742241,0.0001175160862556,0.6041969685884231,0.0001922651800133,0.4275693988766842,0.0007098081066446
2024-05-08,2460439.31187363,-1.2795496813545977,-1.4081665327734019,0.07206017958913465,0.6124754255846643,20.0,-0.5905377237756573,0.0008914815352342646,1.1232598790601858,226,41,0.1487788215674361,0.0001921830137605,0.2440258085144138,9.463772489512875e-05,0.1745402511901678,8.706979648829314e-05,0.1795841384449904,9.17347763008035e-05,0.4701421979150814,0.0001731282148838,0.4701421979150814,0.0001731282148838,0.1014065011398526,6.084995182172329e-05,0.1014065011398526,6.084995182172329e-05,0.1841262739820339,5.0726799825539914e-05,0.1841262739820339,5.0726799825539914e-05,0.5155904358458965,0.0001704616227174,0.3728308775084561,0.0002181169684975,0.3217298810098017,0.0001189531646933,0.6051290899713262,0.0001938339170033,0.4276327312609952,0.000715140548022
2024-05-09,2460440.305115541,-2.596291058058304,-2.726125265819666,0.06753491851107081,0.3327723142123526,23.0,-0.5894376358430663,-0.000377411636114287,1.12303399683418,252,47,0.1484903843999489,0.0001932896724407,0.2436687387626704,9.50345823754061e-05,0.1742635607031922,8.742125299345828e-05,0.1794907143805248,9.212836485296282e-05,0.4694543251989142,0.0001736534517516,0.4694543251989142,0.0001736534517516,0.1012773996282445,6.106969061093863e-05,0.1012773996282445,6.106969061093863e-05,0.1842268135879511,5.095493295625011e-05,0.1842268135879511,5.095493295625011e-05,0.5157838931537314,0.0001711588688358,0.3728158641641553,0.0002190575393901,0.3218125205359979,0.0001194509900343,0.6037867710401075,0.0001933265974702,0.4268307219740183,0.0007172966761976
2024-05-10,2460441.2972091637,-1.8098561160145201,-1.9415438798002473,0.09317878095005855,0.527071565557735,12.0,-0.588346669780198,-0.003066812308658065,1.1237721269545042,231,34,0.1487919103892804,0.0001931363696163,0.2436918387479962,9.470878665794944e-05,0.174140198978635,8.709038987869073e-05,0.1793248108528094,9.18059968646755e-05,0.4698855916884824,0.0001732780080956,0.4698855916884824,0.0001732780080956,0.1013395306037023,6.092490036239705e-05,0.1013395306037023,6.092490036239705e-05,0.1840763457549942,5.078708479756053e-05,0.1840763457549942,5.078708479756053e-05,0.5158388851272431,0.0001707258768117,0.3729356837486712,0.000218501301823,0.3215278191268504,0.0001190595477104,0.604235424359708,0.0001935193285413,0.4272665073831998,0.0007161828917813
2024-05-11,2460442.2918221,-1.4494084550773054,-1.5816212292617622,0.07782618900858321,0.34419408961527953,17.0,-0.5873475079767282,-0.002486032315341876,1.1348482678861753,236,39,0.1498067104423688,0.000192000585893,0.2438688844398668,9.428378571425824e-05,0.17426887667312,8.67086245949471e-05,0.1793953575652522,9.139407359464714e-05,0.4697858442482073,0.0001723938648166,0.4697858442482073,0.0001723938648166,0.1013245814932609,6.058592805794339e-05,0.1013245814932609,6.058592805794339e-05,0.1839335991052685,5.049843181959588e-05,0.1839335991052685,5.049843181959588e-05,0.5154889200856851,0.0001696779606458,0.3731796303719816,0.0002173448249716,0.3216019420646109,0.0001183990276629,0.6045847877750702,0.0001924365331836,0.4271356528170311,0.0007130333162844
2024-05-12,2460443.30381793,0.5744934954957999,0.44427803007366007,0.07384926654002849,0.3040064000371492,19.0,-0.5861329175429235,-0.000963640608783663,1.1288929128111262,248,43,0.1508490766171507,0.0001934881739895,0.2442254400542079,9.45376569778162e-05,0.1744173257530598,8.684122403467188e-05,0.179574694690379,9.160796531196802e-05,0.4703652880956284,0.0001728937929156,0.4703652880956284,0.0001728937929156,0.1015372821208205,6.080281991550607e-05,0.1015372821208205,6.080281991550607e-05,0.18397211430017,5.062380236015291e-05,0.18397211430017,5.062380236015291e-05,0.5147535728859435,0.0001699969576169,0.3731921836741947,0.0002178438963139,0.3206663362574684,0.000118487762992,0.6061721762901154,0.0001941969801898,0.4272852953257335,0.000713526896748
2024-05-13,2460444.2396767214,2.3748569680622573,2.2332227639886404,0.10870733668762772,0.324540340647849,9.0,-0.5855770056654002,-0.021436499601069144,1.1434899302384378,165,22,0.1519359393108327,0.0001981333737457,0.2446223854826907,9.518188609337368e-05,0.1746662159201239,8.742575238715888e-05,0.1796019214780805,9.209416863638042e-05,0.4708648141265939,0.0001744667617645,0.4708648141265939,0.0001744667617645,0.1016934960548938,6.138139045214231e-05,0.1016934960548938,6.138139045214231e-05,0.1836495509231041,5.103140848597054e-05,0.1836495509231041,5.103140848597054e-05,0.5140517696443313,0.0001717197238951,0.3732657754552814,0.0002202253205359,0.3192331221669467,0.0001193755330614,0.6065148183365323,0.0001969085659784,0.4274400217760197,0.0007173565092804
2024-05-14,2460445.3106228365,4.479176769544557,4.350184661939758,0.0912434449218542,0.39555017271203907,13.0,-0.5840949173121338,0.0005668096481053382,1.1467849365138418,220,29,0.1529364237096541,0.0001998989118358,0.2449279307103835,9.60808057473208e-05,0.174867918666627,8.824084276638521e-05,0.1797891461607953,9.294093284210312e-05,0.4711059168723253,0.0001759225186607,0.4711059168723253,0.0001759225186607,0.1018515271503208,6.191843073265096e-05,0.1018515271503208,6.191843073265096e-05,0.1835156495690507,5.141620245097963e-05,0.1835156495690507,5.141620245097963e-05,0.5140117567699025,0.0001730286777712,0.3736310589058563,0.0002219472602204,0.3195296106951104,0.0001203548037329,0.6070361879357115,0.0001986421852603,0.4266192800984896,0.0007227747753773
2024-05-15,2460446.2554390472,6.306968818828336,6.1675593399026996,0.1236194822821132,0.4492212793953855,7.0,-0.5835524941224459,-0.0096464439066071,1.1640804771098026,121,18,0.1538945978690269,0.0001997748312654,0.2452645345607024,9.527107697345714e-05,0.1751071830019971,8.747717800905617e-05,0.1798854206924229,9.202887582139008e-05,0.4715302999035315,0.0001747431480969,0.4715302999035315,0.0001747431480969,0.1019612712560974,6.15272748165949e-05,0.1019612712560974,6.15272748165949e-05,0.1833872469437091,5.102783970271685e-05,0.1833872469437091,5.102783970271685e-05,0.513525957945816,0.0001719905962942,0.3736493739126809,0.000220729529017,0.3188509316951638,0.0001194779208895,0.6069081025585876,0.0001972902045272,0.4281086370972558,0.0007163140782229
2024-05-16,2460447.2129173595,6.998441409577587,6.852060853463795,0.14725173239642073,0.1843671828000346,5.0,-0.5830736780791718,-0.019751427413086938,1.1994376122261452,68,11,0.1546591113945423,0.000201879730035,0.2456953369456987,9.57699673447808e-05,0.175458880729923,8.79225904541679e-05,0.1800483946848313,9.246500196817544e-05,0.4717633499814303,0.0001753713813974,0.4717633499814303,0.0001753713813974,0.1022656712145986,6.182622638154516e-05,0.1022656712145986,6.182622638154516e-05,0.1832388393756715,5.119816308054051e-05,0.1832388393756715,5.119816308054051e-05,0.5128151022760673,0.0001725537375077,0.3737647398051443,0.0002214746529097,0.3176169080956994,0.0001196503583509,0.6056778207930491,0.0001988671177365,0.4280810911247918,0.0007205586594206
2024-05-17,2460448.2555873985,7.903705066179628,7.765408910326486,0.09878769501558281,0.3227600391836242,11.0,-0.5812342669510502,-0.013309719511474844,1.1093907075583653,222,30,0.1549878439434453,0.0002006435507276,0.2453286920993711,9.611673765321368e-05,0.1754089477908945,8.835040899993848e-05,0.1802046304288707,9.29734730006498e-05,0.4713153664116551,0.0001756478514589,0.4713153664116551,0.0001756478514589,0.1020873540125301,6.189089431960458e-05,0.1020873540125301,6.189089431960458e-05,0.1832429459513818,5.128737582004289e-05,0.1832429459513818,5.128737582004289e-05,0.5133611504768257,0.0001724545709754,0.3737499029073019,0.0002214074675086,0.3189042651470114,0.0001198341596576,0.6079363951677148,0.0001990924362764,0.4275818808810008,0.0007237568477122
2024-05-18,2460449.3108832072,6.378556436764226,6.249428235605467,0.07488953085083228,0.32854435703633045,19.0,-0.5800297027505742,0.00034466139600494223,1.1155530612322586,249,43,0.1544169816128215,0.0001985113147316,0.2451451502094942,9.59273459104738e-05,0.1751409025394691,8.81343298027655e-05,0.1799674234366292,9.279958519452278e-05,0.4712602197318873,0.0001750175558861,0.4712602197318873,0.0001750175558861,0.1019799361857278,6.164243184969059e-05,0.1019799361857278,6.164243184969059e-05,0.1831879145679804,5.109797551679634e-05,0.1831879145679804,5.109797551679634e-05,0.513643295443554,0.0001716149735467,0.3737432681804696,0.0002203041316159,0.319423539125467,0.0001193310024711,0.6068906773619382,0.0001979549745738,0.4283501102847194,0.0007244519803122
2024-05-19,2460450.309224015,5.81563437844209,5.686071411954386,0.07078051676237049,0.4585949426105457,21.0,-0.5791599347358941,3.902900046811409e-05,1.1151407703406646,235,45,0.1536917113973839,0.0001965342025703,0.2444140191899899,9.540626073784471e-05,0.1747655790871734,8.773297149943716e-05,0.1798303329107938,9.248761173120234e-05,0.4695471139228079,0.0001737771930325,0.4695471139228079,0.0001737771930325,0.1019888921851245,6.134099015473933e-05,0.1019888921851245,6.134099015473933e-05,0.1836096984818944,5.0904517273816824e-05,0.1836096984818944,5.0904517273816824e-05,0.5150899594739167,0.0001708225464944,0.3735619744938059,0.0002192157168462,0.3221894263363907,0.0001193386379118,0.604382482294828,0.0001934600994468,0.4273957248819069,0.0007220816061439
2024-05-21,2460452.30866868,3.5618410486551952,3.432225888056985,0.0705257115623769,0.2985426920387226,23.0,-0.5774320657612337,2.0923649242364266e-05,1.1003201081910043,253,47,0.1514188202281965,0.0002047495972609,0.2439410837418832,9.806092737951887e-05,0.1740984480047842,9.001802480838861e-05,0.1793901329528707,9.492254054433676e-05,0.4697060517235424,0.0001805531767335,0.4697060517235424,0.0001805531767335,0.1013086519786224,6.350618860646638e-05,0.1013086519786224,6.350618860646638e-05,0.183428193207935,5.284608891183269e-05,0.183428193207935,5.284608891183269e-05,0.5155671246321855,0.0001781852291655,0.3733504078433971,0.0002287002455084,0.3222084366417289,0.0001244092630871,0.6028545117093738,0.0001984508855434,0.4276652641446803,0.0007373375443174
2024-05-22,2460453.288763535,1.3262505467364225,1.1936400087125223,0.07689940747207961,0.4427909867458994,19.0,-0.5768143867327442,-0.004770538222901527,1.1017219104148188,231,41,0.1502255251219141,0.0002032729684018,0.2436342810607857,9.62287851763074e-05,0.1739309617428293,8.838032348527479e-05,0.179432724132966,9.332439436040746e-05,0.4695324823794368,0.0001774916536458,0.4695324823794368,0.0001774916536458,0.1012432452495947,6.241073370111875e-05,0.1012432452495947,6.241073370111875e-05,0.1835648905816647,5.197060913381301e-05,0.1835648905816647,5.197060913381301e-05,0.5162343712410052,0.0001755412864532,0.3732615734121232,0.0002256322506169,0.3226888156056891,0.0001225816109641,0.6022668168991624,0.0001943457928739,0.4270196143652375,0.0007256388683727
2024-05-23,2460454.306669182,-0.7703375448858376,-0.9002699963413879,0.07344437266894262,0.29712505184165044,21.0,-0.576021783442951,-0.00015339827648894774,1.104090581650264,252,45,0.1484243344929859,0.0002022015829056,0.2431279613972443,9.74319578386598e-05,0.1735169005659226,8.953963181262396e-05,0.1788752713667103,9.45530172536169e-05,0.4687864333944176,0.0001792752730348,0.4687864333944176,0.0001792752730348,0.1010549591499713,6.305647389443177e-05,0.1010549591499713,6.305647389443177e-05,0.1835800847350828,5.255040827112659e-05,0.1835800847350828,5.255040827112659e-05,0.5163463273629888,0.0001771089526232,0.3730644502916275,0.0002274232160552,0.3235729958273622,0.0001239792600592,0.6015216239454805,0.0001970049102639,0.4273989447354582,0.0007383607549731
2024-05-24,2460455.2932922975,-1.901248061356508,-2.033207617329029,0.07648895610724708,0.4229381040098007,20.0,-0.5754142553351691,-0.00278207586550869,1.1000080068172895,251,44,0.1469671121998732,0.0002051825230155,0.2429679642338802,9.905789529238672e-05,0.1732277527130881,9.096715842522052e-05,0.1784683360610492,9.60203943533639e-05,0.4697882289739455,0.0001826547174867,0.4697882289739455,0.0001826547174867,0.1007737352742748,6.406016694329154e-05,0.1007737352742748,6.406016694329154e-05,0.183306745957342,5.342277861949375e-05,0.183306745957342,5.342277861949375e-05,0.5160536837269885,0.0001800618615187,0.3730132793189366,0.0002311866670831,0.321960978878687,0.0001256530323402,0.6049793462884112,0.000203135453459,0.4271511130558419,0.0007493250666299
2024-05-25,2460456.306924517,-1.1821483726046151,-1.3121871241786724,0.0686265573591059,0.3710592862121485,23.0,-0.5747505360613188,-0.0004599970116278776,1.103454868386723,254,47,0.1463793093543237,0.0001959523648207,0.2429036938166568,9.560926246561258e-05,0.1731714590536501,8.776441396710834e-05,0.1784748353857858,9.258280090690796e-05,0.4700929713665405,0.0001760307630391,0.4700929713665405,0.0001760307630391,0.1008357634582368,6.17401252760674e-05,0.1008357634582368,6.17401252760674e-05,0.1834711734126719,5.150215846473563e-05,0.1834711734126719,5.150215846473563e-05,0.5161166812956851,0.0001735280875247,0.372875837830319,0.000222448544588,0.3211891751376143,0.0001208232442407,0.606180954819199,0.0001965043201411,0.4270975050381928,0.0007216193114885
2024-05-26,2460457.304642323,-0.5833915537720107,-0.713739932991873,0.07356946739697762,0.3576037142108191,20.0,-0.5742821622940855,-0.0006398746989699498,1.1146328102149143,247,42,0.1461709670753673,0.00019589308491,0.2429300856793558,9.573657856906796e-05,0.173032543141335,8.780100375577459e-05,0.1783756238670363,9.266148593816694e-05,0.4699813000838044,0.0001760485382344,0.4699813000838044,0.0001760485382344,0.100618481063032,6.169152825340614e-05,0.100618481063032,6.169152825340614e-05,0.1834335732552451,5.150923199368248e-05,0.1834335732552451,5.150923199368248e-05,0.5161760962577211,0.0001736916876401,0.3729558041090864,0.0002225511079149,0.3210415258563101,0.0001209064942008,0.6058316285174518,0.0001962143564994,0.4273001848450707,0.0007238906057529
2024-05-27,2460458.268605453,-0.6789591350361673,-0.813838185283626,0.10031690776898317,0.19697841986719042,11.0,-0.5738615250438271,-0.007832180081088946,1.1004089239920374,237,33,0.1463413677713035,0.0001988939934578,0.2430786372085058,9.673702185612609e-05,0.1730563933148715,8.871336754353776e-05,0.1786669291894578,9.37191720788649e-05,0.4702308379810193,0.0001780484068568,0.4702308379810193,0.0001780484068568,0.1004908006708035,6.234090713003522e-05,0.1004908006708035,6.234090713003522e-05,0.1833970189525457,5.20748540835907e-05,0.1833970189525457,5.20748540835907e-05,0.51611278234952,0.0001756450044701,0.37302854165833,0.0002251676333603,0.3211250372054288,0.0001222903030945,0.6059284763786882,0.0001983515992016,0.4276185752054613,0.0007326340250994
2024-05-28,2460459.2854923024,0.2700963817875426,0.1369635941082442,0.10075474088710826,0.37166051595842997,11.0,-0.5732485277867109,-0.004110102431204173,1.095388480135013,206,31,0.1470006350588259,0.0002001771080057,0.2432374606663118,9.70298896911095e-05,0.1733817524332397,8.906253213329023e-05,0.1786136818710537,9.392868255314864e-05,0.4702367335810295,0.0001785810795893,0.4702367335810295,0.0001785810795893,0.1004963602669683,6.253572471080479e-05,0.1004963602669683,6.253572471080479e-05,0.1835429783192974,5.225471899144117e-05,0.1835429783192974,5.225471899144117e-05,0.5160324433048779,0.0001761087496619,0.3728856992560757,0.0002256941138525,0.3210069066970908,0.0001225790062634,0.6066700715111161,0.0001992508087033,0.4280312020316755,0.0007354517586552
2024-05-29,2460460.300731335,2.121405259076064,1.9905201986764016,0.06944448075969967,0.5146066025378853,23.0,-0.5727437226596163,-0.0011800697519041604,1.0949519351252166,254,47,0.148068801686419,0.0001998620885495,0.2433197537179689,9.670539684925564e-05,0.1736569328493023,8.880327444974593e-05,0.1792666298338333,9.390018933829044e-05,0.4698620159993964,0.0001777816912424,0.4698620159993964,0.0001777816912424,0.1006169943122986,6.231979089028745e-05,0.1006169943122986,6.231979089028745e-05,0.1836543988852204,5.207384254205506e-05,0.1836543988852204,5.207384254205506e-05,0.5160827468174726,0.0001753149766959,0.3728493224025119,0.000224719161706,0.3221809363602463,0.0001223486871443,0.6038306064681997,0.0001967413384285,0.4270805066151643,0.0007324322254028
2024-05-30,2460461.2065232582,3.6814717033158906,3.537448562401419,0.19456261401120617,0.15734811666691112,3.0,-0.5736714727120774,-0.020944843054411234,1.2119771550967242,42,6,0.1487873905498861,0.000204693735168,0.2438548052904473,9.669978024865134e-05,0.1739779227942119,8.881544405768949e-05,0.1794312921366071,9.384460611477144e-05,0.4700898862227833,0.0001782648625776,0.4700898862227833,0.0001782648625776,0.1005750725986034,6.245561032593593e-05,0.1005750725986034,6.245561032593593e-05,0.1834025367189524,5.215489242498365e-05,0.1834025367189524,5.215489242498365e-05,0.5157880362428258,0.0001762496463532,0.3730298638600608,0.0002261390567211,0.3223726491745955,0.0001230853153434,0.6043028609376254,0.0001969648458755,0.4272254181393363,0.0007307301015436
2024-05-31,2460462.298802333,4.344303298412726,4.213150835692186,0.07909697385637376,0.43192313049192615,18.0,-0.5720908843743823,-0.001490125544790411,1.1036405041629775,236,41,0.1496892514120988,0.0002025969870563,0.2437930640863853,9.717386371011924e-05,0.1742125188633995,8.931679693884481e-05,0.1795927029027176,9.43460768936332e-05,0.4701887905055734,0.0001787880125642,0.4701887905055734,0.0001787880125642,0.1010286302720249,6.279213137304305e-05,0.1010286302720249,6.279213137304305e-05,0.1836217088751358,5.234712574583802e-05,0.1836217088751358,5.234712574583802e-05,0.5154688926148913,0.0001761720231247,0.373365781326024,0.0002261569083171,0.3217958471126385,0.0001228662882698,0.6052214374955628,0.0001986759386648,0.4271691622529385,0.0007352296782009
2024-06-01,2460463.2956302133,6.031749314416756,5.900220455117219,0.07906415198357192,0.2549981610486873,18.0,-0.5718201663231266,-0.0012584943407397498,1.1061676957106021,234,42,0.1508470905273573,0.0002034068602413,0.2440167693459701,9.70559022033049e-05,0.1745794252005633,8.926741033470125e-05,0.1799711946794478,9.43399772181627e-05,0.4698149461550583,0.0001784224340408,0.4698149461550583,0.0001784224340408,0.1011106008796893,6.269780244609238e-05,0.1011106008796893,6.269780244609238e-05,0.1838539175298354,5.228550012470976e-05,0.1838539175298354,5.228550012470976e-05,0.5158412905035379,0.0001759357566866,0.3732597928419974,0.0002258149546207,0.3227823453029956,0.0001229069721273,0.6044485663473004,0.0001972617207238,0.4275352849056584,0.0007348977656644
2024-06-03,2460465.3013197463,3.372118265856097,3.2413288483601863,0.07469076539867738,0.5684817691493176,20.0,-0.5713057284868502,-0.00047316954265932504,1.1091089722058913,248,43,0.151181181482509,0.0002022872374393,0.2442885783457871,9.680746663715324e-05,0.1748028310629168,8.898284908581832e-05,0.1799096516752478,9.388361433861868e-05,0.470824865206379,0.0001780919657778,0.470824865206379,0.0001780919657778,0.1013798336397914,6.260064509639659e-05,0.1013798336397914,6.260064509639659e-05,0.1837905496078556,5.212053748371599e-05,0.1837905496078556,5.212053748371599e-05,0.5148324668168812,0.0001752520418673,0.3732487036641401,0.0002247525254635,0.3203427090045364,0.0001218880765317,0.6050093656494827,0.0001991712048628,0.4271944434151865,0.0007300142160304
2024-06-05,2460467.2717366437,-0.00588890220712668,-0.13977403360207596,0.10156093438869784,0.47473949784981173,11.0,-0.5709428229876262,-0.005406598441795454,1.096063754727644,227,31,0.1502937938029121,0.0002045520764911,0.2446318023020834,9.781929953205356e-05,0.1744925852954398,8.972494059199628e-05,0.1791376893737371,9.4455592410185e-05,0.4722899697209353,0.0001801775991175,0.4722899697209353,0.0001801775991175,0.1015277580241763,6.327899304785643e-05,0.1015277580241763,6.327899304785643e-05,0.1833599782494393,5.258672722714728e-05,0.1833599782494393,5.258672722714728e-05,0.5131994621962799,0.0001768441995098,0.3731905870133692,0.0002269991981273,0.3167726345669406,0.0001222826614116,0.6062264403354113,0.0002046083153323,0.4285881064735395,0.000737744800425
2024-06-12,2460474.2944807294,3.9315801018094816,3.800301693631177,0.08336844990681458,0.517122723948831,18.0,-0.570517139169374,-0.001892124337756272,1.1031914717708355,245,38,0.1505549957323515,0.0002200739283022,0.2445757467152771,9.83878077336302e-05,0.1744008601950822,9.0254090178318e-05,0.1790321506496297,9.510741384427995e-05,0.4713743107801705,0.0001838226794942,0.4713743107801705,0.0001838226794942,0.1016222717840458,6.469037952739812e-05,0.1016222717840458,6.469037952739812e-05,0.1827849467759507,5.364006268834788e-05,0.1827849467759507,5.364006268834788e-05,0.5135070114875285,0.0001820386657696,0.3733631209209093,0.000235134544967,0.3180243585340678,0.0001261290493783,0.6064360919603439,0.0002063556451868,0.4280365867983524,0.0007380931948373
2024-06-14,2460476.297076944,4.292942310880833,4.161979929600148,0.07307491649451833,0.4214912418091701,21.0,-0.5706409435554993,-0.0010763078019733288,1.092382163369588,253,45,0.1507028364648552,0.0002029081269481,0.2437057354139065,9.655914938629149e-05,0.1740663024914562,8.871603258732507e-05,0.1792527900674842,9.37444934624276e-05,0.4690426386675555,0.0001780687499823,0.4690426386675555,0.0001780687499823,0.1014222239324109,6.2756172801581e-05,0.1014222239324109,6.2756172801581e-05,0.1836137727376992,5.220701864900188e-05,0.1836137727376992,5.220701864900188e-05,0.5159196115891379,0.0001758564437162,0.3732698975186036,0.000225791581577,0.3234990060628669,0.0001230469076648,0.6032612238543639,0.0001961927101853,0.4268800887403776,0.000728812292648
2024-06-15,2460477.3076570714,3.86021448665828,3.7302490033925384,0.08085510188096652,0.2864839765774145,18.0,-0.5707976226096284,-0.00030190202895012224,1.094174890651164,250,43,0.1501609705037241,0.0002092998699888,0.2440484652107852,9.791226464105489e-05,0.1740508752906912,8.984819774381809e-05,0.1791315119161635,9.483025737114473e-05,0.4704543665048568,0.0001814867173374,0.4704543665048568,0.0001814867173374,0.1014485479058109,6.385727170221839e-05,0.1014485479058109,6.385727170221839e-05,0.1834136367137788,5.309809826037592e-05,0.1834136367137788,5.309809826037592e-05,0.5146803832635044,0.0001791707694452,0.373382633761354,0.0002304137504055,0.3202059463053418,0.0001245810487778,0.6084472935022346,0.0002036401414482,0.427696788745588,0.0007366400562385
2024-06-16,2460478.3051291853,4.1995215385293045,4.0692742411842175,0.06883863246998398,0.4766183767544774,24.0,-0.5709883465006005,-0.0007628340100418834,1.0914852336255674,256,48,0.1495673583595611,0.0002038522549374,0.2438435836228291,9.737529480737592e-05,0.1738949384159419,8.93442819558673e-05,0.1790644534991521,9.435704550948936e-05,0.470256941157656,0.0001797958922876,0.470256941157656,0.0001797958922876,0.1011405159415245,6.317111906081886e-05,0.1011405159415245,6.317111906081886e-05,0.1834289268205574,5.261343992144209e-05,0.1834289268205574,5.261343992144209e-05,0.5149157217899304,0.0001771461566169,0.3733210398391147,0.000227337083546,0.3205511126332112,0.0001232867687799,0.6080861591711534,0.0002019085247183,0.4277647277867156,0.0007344102223282
2024-06-17,2460479.3049912546,4.110138565658407,3.9799024935135026,0.06783803314255914,0.3757209700680444,24.0,-0.5712405564044082,-0.00038351063758086565,1.0914066956159891,256,48,0.1487468104773996,0.0001990056556567,0.2438600557609997,9.664737706555708e-05,0.1739150033399558,8.870231396739953e-05,0.179052790554088,9.362536043306844e-05,0.4704290148520223,0.0001781964454822,0.4704290148520223,0.0001781964454822,0.1010721951398511,6.258158971370635e-05,0.1010721951398511,6.258158971370635e-05,0.1834514122526182,5.214873265617527e-05,0.1834514122526182,5.214873265617527e-05,0.5146071280900693,0.0001752107035409,0.3732116219376931,0.0002246294691125,0.3201835412903926,0.0001218955812902,0.6071178824013336,0.0002002810320531,0.4271584364183973,0.0007284426181857
2024-06-18,2460480.3079793593,0.8730299230560588,0.7430068465601383,0.06942493860576956,0.39808146220145374,23.0,-0.5715279511800593,-0.0002596925205938673,1.091389473500973,255,47,0.1480678062968769,0.0001989984227465,0.2439163018098937,9.69133837350755e-05,0.1739296224824495,8.889989983254664e-05,0.1788945605581558,9.37258469230036e-05,0.4716383141874294,0.0001789113616621,0.4716383141874294,0.0001789113616621,0.101197389257427,6.279945448144282e-05,0.101197389257427,6.279945448144282e-05,0.1833409377139668,5.227048679405877e-05,0.1833409377139668,5.227048679405877e-05,0.5140326350137634,0.0001757029105027,0.3729957962900613,0.0002248688883476,0.317424130353566,0.0001215363668631,0.6052422104609129,0.0002025810974721,0.4281159198460645,0.0007306176872515
2024-06-19,2460481.3092696173,-1.8492379323730146,-1.9791071123212371,0.07137864758905847,0.53546227721721,22.0,-0.5718519619247138,-0.00018605238925733624,1.0889622722931054,254,46,0.1478784134878323,0.0002006050633987,0.2439376658941163,9.74228780302178e-05,0.1738081407318461,8.924446403181556e-05,0.178863350441463,9.408756666454288e-05,0.4719710495203278,0.0001799286255743,0.4719710495203278,0.0001799286255743,0.1013033297034934,6.317912059652818e-05,0.1013033297034934,6.317912059652818e-05,0.1834637887456304,5.257082579795187e-05,0.1834637887456304,5.257082579795187e-05,0.5140332155887373,0.0001769719397289,0.3729482536756298,0.0002263751979499,0.3165447881835527,0.0001221590674971,0.6065994285684733,0.0002044388728068,0.4279738896439805,0.0007336556630535
2024-06-23,2460485.3835499547,0.5828706161854448,0.45687973792779657,0.20020965112220995,0.2974302714117472,3.0,-0.5736896772666168,0.003495154224124067,1.099454393217864,66,9,0.1475587010964194,0.0002118972650769,0.2455700594200108,9.969864669911392e-05,0.1746476993342197,9.117817478780648e-05,0.1787629484109025,9.552044899308938e-05,0.4763368389972091,0.0001859908800427,0.4763368389972091,0.0001859908800427,0.1016986361437077,6.515502666091967e-05,0.1016986361437077,6.515502666091967e-05,0.1822084742725463,5.392014670707088e-05,0.1822084742725463,5.392014670707088e-05,0.5082952730433388,0.0001820288871747,0.3730203261643338,0.0002334710014591,0.3055163661911675,0.0001232179760059,0.5906037654105327,0.0002135027414556,0.4312146455162591,0.0007475441737737
2024-06-25,2460487.394614348,3.85210953639074,3.726394471204907,0.3399217239020385,0.0,1.0,-0.5751261150886359,0.0031954372420452,1.128744646404639,46,4,0.1505224276414684,0.000207813666478,0.2467882472479172,9.809491438564348e-05,0.1755881366762493,8.96646329041953e-05,0.1796243820489685,9.390265285930024e-05,0.4768604181675307,0.0001821632684003,0.4768604181675307,0.0001821632684003,0.1024463517482507,6.40014223051476e-05,0.1024463517482507,6.40014223051476e-05,0.182056090205768,5.274455917616084e-05,0.182056090205768,5.274455917616084e-05,0.5072852072019141,0.00017791238367,0.3731130956675856,0.0002280535321572,0.3045787953310147,0.0001202347916898,0.5858944862788144,0.0002090712033493,0.4305625865284016,0.0007340805636818
2024-06-27,2460489.2975347727,5.497300614696863,5.367226101857533,0.10273657786942136,0.6477014812427556,11.0,-0.5758946690157369,-0.0002888271292110818,1.0465994617987189,202,31,0.1527073942234573,0.0002091855710837,0.2466561296825503,9.916433663098214e-05,0.1756926155984189,9.07175374762399e-05,0.1797513152523761,9.513264311382602e-05,0.475488890832756,0.0001833968158561,0.475488890832756,0.0001833968158561,0.1025714524954786,6.455437678938403e-05,0.1025714524954786,6.455437678938403e-05,0.1825973635030524,5.325479225382048e-05,0.1825973635030524,5.325479225382048e-05,0.5086643697566304,0.000179235149954,0.3734246274792427,0.0002300314317557,0.3087910580065908,0.0001221942081083,0.59568581903485,0.0002109159331586,0.4294868373477787,0.0007431239765608
2024-06-28,2460490.2742639193,4.75483641198591,4.623923046377933,0.10882771515447338,0.4374453276948614,10.0,-0.5768068410875802,-0.0018170648610566597,1.0677906895084632,193,27,0.1527606108579597,0.0002114318295739,0.2465727239820793,9.953407883076632e-05,0.1756377751183954,9.107173982697464e-05,0.1795387666186658,9.548948431324162e-05,0.4754408328720799,0.0001844668868583,0.4754408328720799,0.0001844668868583,0.102456887701295,6.491714821021578e-05,0.102456887701295,6.491714821021578e-05,0.1825385312987761,5.356508375815785e-05,0.1825385312987761,5.356508375815785e-05,0.5089177877962382,0.0001804970239417,0.3734867354469905,0.0002317484972755,0.3089988217417851,0.0001231081358801,0.5957842812638169,0.0002117379172751,0.4294550890739074,0.00074530223261
