1963 332  0  31  79.0 0.006205
1963 333  0  39  79.0 0.006169
1963 334  0  40  79.0 0.006133
1963 335  0  40  79.0 0.006133
1963 336  0  44  80.0 0.006133
1963 337  0  43  79.0 0.006166
1963 338  0  43  77.0 0.006130
1963 339  0  40  76.0 0.006130
1963 340  0  36  76.0 0.006094
1963 341  0  25  77.0 0.006062
1963 342  0  19  77.0 0.006130
1963 343  0  45  78.0 0.006130
1963 344  0  39  79.0 0.006094
1963 345  0  37  80.0 0.006130
1963 346  0  26  82.0 0.006126
1963 347  0  15  81.0 0.006126
1963 348  0  12  79.0 0.006198
1963 349  0  11  81.0 0.006198
1963 350  0  11  78.0 0.006198
1963 351  0  12  78.0 0.006194
1963 352  0  25  79.0 0.006126
1963 353  0  22  78.0 0.006126
1963 354  0  25  79.0 0.006091
1963 355  0  21  79.0 0.006091
1963 356  0  19  77.0 0.006126
1963 357  0  14  76.0 0.006126
1963 358  0  24  76.0 0.006126
1963 359  0  12 999.9 0.006091
1963 360  0  11  74.0 0.006055
1963 361  0   0  74.0 0.006019
1963 362  0   0  73.0 0.006019
1963 363  0   0  72.0 0.005987
1963 364  0   0  71.0 0.005987
1963 365  0   0  71.0 0.005987
1964   1  0   0 999.9 0.005987
1964   2  0  21  68.3 0.005987
1964   3  0  12  70.7 0.005987
1964   4  0  11  70.4 0.005987
1964   5  0  19  71.3 0.005987
1964   6  0  25  72.5 0.006019
1964   7  0  29  72.8 0.006055
1964   8  0  24  70.8 0.006055
1964   9  0  19  71.0 0.006055
1964  10  0  22  70.9 0.006091
1964  11  0  28  72.1 0.006126
1964  12  0  29  73.7 0.006126
1964  13  0  39  73.6 0.006194
1964  14  0  35  73.1 0.006230
1964  15  0  32  72.1 0.006194
1964  16  0  24  72.0 0.006194
1964  17  0  29  69.2 0.006126
1964  18  0  11  71.5 0.006126
1964  19  0  21  72.4 0.006194
1964  20  0  17  73.5 0.006162
1964  21  0  17  72.5 0.006162
1964  22  0  17  72.3 0.006162
1964  23  0  17  72.4 0.006162
1964  24  0  26  72.0 0.006162
1964  25  0  25  70.9 0.006126
1964  26  0  15  71.5 0.006058
1964  27  0  14  71.1 0.006058
1964  28  0  35  74.9 0.006058
1964  29  0  39  75.2 0.006130
1964  30  0  32  72.7 0.006130
1964  31  0  17  72.1 0.006062
1964  32  0   0  70.8 0.006026
1964  33  0   0  69.5 0.005958
1964  34  0   0  68.8 0.005958
1964  35  0   0  69.2 0.005958
1964  36  0   0  70.4 0.005958
1964  37  0   0  70.7 0.005958
1964  38  0  15  70.1 0.005962
1964  39  0  19  71.2 0.005962
1964  40  0  26  69.9 0.005962
1964  41  0  14  70.8 0.005926
1964  42  0  11  69.8 0.005926
1964  43  0   0  70.9 0.005962
1964  44  0   0  71.5 0.005965
1964  45  0  12  70.8 0.005965
1964  46  0  19  70.9 0.006001
1964  47  0  25  71.3 0.006001
1964  48  0  31  72.1 0.006069
1964  49  0  22  74.3 0.006073
1964  50  0  19  73.9 0.006108
1964  51  0  33  74.5 0.006108
1964  52  0  55  76.8 0.006144
1964  53  0  59  78.0 0.006144
1964  54  0  76  82.6 0.006216
1964  55  0  62  83.4 0.006216
1964  56  0  51  82.7 0.006216
1964  57  0  48  84.8 0.006216
1964  58  0  48  83.3 0.006219
1964  59  0  48  82.8 0.006219
1964  60  0  40  79.3 0.006219
1964  61  0  39  76.1 0.006219
1964  62  0  12  73.9 0.006187
1964  63  0  19  72.5 0.006187
1964  64  0  11  73.8 0.006223
1964  65  0  11  70.9 0.006187
1964  66  0   0  72.4 0.006155
1964  67  0  22  71.8 0.006155
1964  68  0  14  72.7 0.006087
1964  69  0  12  70.6 0.006051
1964  70  0   0  72.2 0.006015
1964  71  0  21  74.1 0.006019
1964  72  0  33  76.3 0.006055
1964  73  0  57  77.3 0.006126
1964  74  0  45  78.0 0.006091
1964  75  0  41  77.8 0.006126
1964  76  0  40  76.2 0.006126
1964  77  0  29  76.7 0.006166
1964  78  0  12  74.6 0.006166
1964  79  0  15  73.6 0.006166
1964  80  0  17  73.7 0.006130
1964  81  0  29  73.9 0.006133
1964  82  0  45  77.9 0.006169
1964  83  0  43  76.9 0.006169
1964  84  0  39  76.5 0.006169
1964  85  0  33  73.7 0.006173
1964  86  0  29  74.0 0.006173
1964  87  0  24  74.9 0.006173
1964  88  0  21  75.5 0.006176
1964  89  0  11  74.8 0.006248
1964  90  0  11  78.0 0.006248
1964  91  0  11  76.7 0.006176
1964  92  0  15  77.3 0.006252
1964  93  0   0  75.3 0.006252
1964  94  0  19  76.8 0.006252
1964  95  0   0  76.9 0.006252
1964  96  0  15  76.1 0.006291
1964  97  0  17  75.8 0.006327
1964  98  0  22  75.7 0.006291
1964  99  0  19  73.7 0.006259
1964 100  0  15  75.2 0.006223
1964 101  0  14  73.1 0.006187
1964 102  0  12  74.3 0.006223
1964 103  0  11  73.1 0.006227
1964 104  0  11  73.4 0.006191
1964 105  0  11  72.0 0.006191
1964 106  0  11  71.9 0.006155
1964 107  0  11  71.2 0.006159
1964 108  0  19  72.4 0.006159
1964 109  0  11  72.4 0.006123
1964 110  0   0  71.5 0.006087
1964 111  0  14  72.1 0.006087
1964 112  0  28  72.3 0.006091
1964 113  0  25  71.5 0.006091
1964 114  0  24  71.1 0.006019
1964 115  0  33  72.5 0.006019
1964 116  0  18  71.4 0.005983
1964 117  0  11  70.5 0.005983
1964 118  0   0  70.5 0.005947
1964 119  0   0  70.9 0.005987
1964 120  0   0  69.8 0.005987
1964 121  0   0  70.0 0.005951
1964 122  0  11  70.0 0.005951
1964 123  0   0  69.5 0.005990
1964 124  0   0  71.0 0.006062
1964 125  0  15  71.5 0.006101
1964 126  0  21  73.2 0.006101
1964 127  0  17  72.2 0.006137
1964 128  0  17  72.2 0.006141
1964 129  0  15  72.9 0.006105
1964 130  0  11  72.2 0.006105
1964 131  0  11  71.5 0.006069
1964 132  0  11  71.5 0.006069
1964 133  0   0  70.9 0.006033
1964 134  0   0  69.9 0.006033
1964 135  0  14  69.8 0.005997
1964 136  0  25  69.5 0.005962
1964 137  0  25  71.6 0.005962
1964 138  0  33  71.2 0.006001
1964 139  0  17  72.1 0.006001
1964 140  0  14  70.3 0.006001
1964 141  0  11  69.3 0.006001
1964 142  0  11  69.7 0.005965
1964 143  0  26  68.8 0.005965
1964 144  0  19  69.0 0.005965
1964 145  0  17  69.8 0.005965
1964 146  0  17  69.3 0.005965
1964 147  0  21  70.2 0.005969
1964 148  0  12  69.5 0.005969
1964 149  0  12  71.5 0.005969
1964 150  0  12  71.0 0.005969
1964 151  0  14  70.1 0.005969
1964 152  0  14  69.6 0.005969
1964 153  0  12  69.7 0.005969
1964 154  0  12  70.0 0.005972
1964 155  0  12  70.2 0.006008
1964 156  0  12  70.2 0.006008
1964 157  0   0  69.8 0.006008
1964 158  0   0  70.5 0.006048
1964 159  0  21  71.7 0.006008
1964 160  0   0  71.9 0.006048
1964 161  0  11  71.1 0.006012
1964 162  0  11  72.5 0.006012
1964 163  0  21  72.5 0.006087
1964 164  0  32  71.0 0.006087
1964 165  0  18  72.4 0.006012
1964 166  0  26  72.8 0.006087
1964 167  0  35  73.9 0.006087
1964 168  0  33  72.9 0.006087
1964 169  0  19  73.8 0.006087
1964 170  0  32  74.1 0.006087
1964 171  0  35  72.4 0.006087
1964 172  0  28  72.7 0.006015
1964 173  0  14  72.0 0.006015
1964 174  0   0  71.8 0.006022
1964 175  0   0  69.6 0.006008
1964 176  0   0  70.2 0.005987
1964 177  0   0  69.9 0.005987
1964 178  0   0  69.9 0.005994
1964 179  0   0  69.7 0.006087
1964 180  0   0  69.6 0.006091
1964 181  0  11  69.4 0.006126
1964 182  0  11  69.5 0.006126
1964 183  0  11  69.7 0.006091
1964 184  0   0  69.3 0.006091
1964 185  0   0  69.6 0.006091
1964 186  0  12  70.4 0.006015
1964 187  0  15  69.9 0.006091
1964 188  0  12  70.1 0.006091
1964 189  0  11  69.3 0.006091
1964 190  0   0  70.2 0.006015
1964 191  0   0  69.4 0.006015
1964 192  0   0  68.9 0.006015
1964 193  0   0  69.9 0.006087
1964 194  0   0  69.1 0.006087
1964 195  0   0  68.7 0.006087
1964 196  0  15  71.5 0.006087
1964 197  0  18  71.8 0.006126
1964 198  0  17  71.6 0.006126
1964 199  0  14  70.9 0.006126
1964 200  0  12  70.2 0.006123
1964 201  0   0  69.6 0.006087
1964 202  0   0  68.8 0.006012
1964 203  0   0  68.5 0.005976
1964 204  0   0  68.2 0.005976
1964 205  0   0  68.5 0.005976
1964 206  0   0  68.2 0.005976
1964 207  0   0  67.9 0.005976
1964 208  0   0  66.9 0.005972
1964 209  0   0  67.3 0.005972
1964 210  0   0  67.4 0.005972
1964 211  0   0  67.9 0.005972
1964 212  0   0  68.3 0.005972
1964 213  0  11  68.2 0.005972
1964 214  0  14  68.9 0.006008
1964 215  0  29  69.7 0.006008
1964 216  0  25  70.1 0.006044
1964 217  0  14  69.8 0.006008
1964 218  0  12  71.0 0.006044
1964 219  0  11  70.2 0.006044
1964 220  0  11  69.6 0.006044
1964 221  0   0  69.4 0.006005
1964 222  0   0  69.8 0.006044
1964 223  0  11  70.7 0.006080
1964 224  0  12  69.9 0.006080
1964 225  0  31  70.6 0.006076
1964 226  0  33  75.9 0.006076
1964 227  0  51  78.0 0.006151
1964 228  0  43  77.3 0.006148
1964 229  0  43  74.8 0.006076
1964 230  0  28  73.3 0.006076
1964 231  0  14  71.3 0.006073
1964 232  0  12  72.2 0.006037
1964 233  0  11  71.4 0.006037
1964 234  0  11  70.8 0.005997
1964 235  0   0  70.6 0.005997
1964 236  0   0  70.3 0.005997
1964 237  0   0  69.9 0.005997
1964 238  0   0  69.1 0.005997
1964 239  0   0  68.9 0.005997
1964 240  0   0  69.6 0.005994
1964 241  0   0  68.6 0.005994
1964 242  0   0  68.5 0.005994
1964 243  0   0  69.9 0.005994
1964 244  0  11  70.2 0.005994
1964 245  0  11  71.3 0.005990
1964 246  0  12  70.4 0.005990
1964 247  0  12  70.8 0.005990
1964 248  0   0  71.0 0.006062
1964 249  0   0  70.8 0.006062
1964 250  0   0  71.5 0.006022
1964 251  0  11  71.8 0.006022
1964 252  0  29  71.9 0.006022
1964 253  0  18  72.4 0.006022
1964 254  0  17  72.8 0.006022
1964 255  0  17  73.0 0.006019
1964 256  0  29  73.2 0.006019
1964 257  0  26  72.9 0.006091
1964 258  0  17  72.5 0.006091
1964 259  0   0  71.9 0.006055
1964 260  0   0  70.2 0.006015
1964 261  0   0  69.0 0.005979
1964 262  0   0  69.0 0.005979
1964 263  0   0  69.4 0.005979
1964 264  0   0  69.5 0.005976
1964 265  0   0  69.1 0.005976
1964 266  0   0  69.1 0.005976
1964 267  0   0  69.0 0.005976
1964 268  0   0  68.4 0.005972
1964 269  0   0  68.1 0.005972
1964 270  0   0  69.7 0.005972
1964 271  0   0  70.0 0.005972
1964 272  0   0  70.5 0.005983
1964 273  0   0  70.9 0.005987
1964 274  0  11  71.6 0.006005
1964 275  0  25  72.0 0.006005
1964 276  0  18  71.6 0.005965
1964 277  0   0  71.8 0.006001
1964 278  0   0  70.8 0.005965
1964 279  0   0  71.6 0.005965
1964 280  0  21  72.6 0.006001
1964 281  0  29  74.0 0.005997
1964 282  0  24  76.8 0.006069
1964 283  0  17  72.9 0.005997
1964 284  0   0  72.7 0.005997
1964 285  0   0  71.5 0.005994
1964 286  0   0  69.7 0.005994
1964 287  0   0  71.9 0.005958
1964 288  0   0  70.3 0.005958
1964 289  0   0  70.2 0.005958
1964 290  0   0  70.5 0.005954
1964 291  0   0  70.4 0.005954
1964 292  0  18  71.8 0.005954
1964 293  0  17  72.2 0.005987
1964 294  0  15  71.9 0.005987
1964 295  0   0  70.3 0.005987
1964 296  0   0  71.8 0.005987
1964 297  0   0  72.3 0.005983
1964 298  0  11  73.0 0.006019
1964 299  0  12  75.4 0.006019
1964 300  0  11  75.4 0.006055
1964 301  0  14  74.9 0.006087
1964 302  0   0  73.5 0.006087
1964 303  0  14  73.2 0.006051
1964 304  0  24  73.2 0.006051
1964 305  0  14  74.0 0.006048
1964 306  0  14  73.6 0.006048
1964 307  0  12  73.3 0.006083
1964 308  0  12  72.7 0.006083
1964 309  0   0  72.1 0.006048
1964 310  0   0  71.6 0.006044
1964 311  0  11  72.6 0.006044
1964 312  0  11  71.5 0.006044
1964 313  0  11  71.1 0.005972
1964 314  0   0  70.4 0.005972
1964 315  0   0  70.1 0.005972
1964 316  0   0  70.2 0.005969
1964 317  0  14  70.7 0.005969
1964 318  0  11  70.7 0.005969
1964 319  0  25  71.1 0.006005
1964 320  0  12  70.6 0.006030
1964 321  0  24  70.3 0.006073
1964 322  0  22  73.7 0.006108
1964 323  0  28  73.3 0.006105
1964 324  0  18  73.1 0.006069
1964 325  0  28  74.0 0.006033
1964 326  0  31  72.0 0.006033
1964 327  0  12  71.5 0.005997
1964 328  0   0  69.9 0.005997
1964 329  0  12  69.3 0.005962
1964 330  0  14  69.5 0.005962
1964 331  0   0  68.1 0.005997
1964 332  0   0  69.6 0.005997
1964 333  0  11  68.8 0.005994
1964 334  0   0  71.0 0.005994
1964 335  0   0  71.5 0.005994
1964 336  0   0  73.9 0.006030
1964 337  0   0  73.8 0.006030
1964 338  0   0  74.4 0.006026
1964 339  0   0  75.7 0.006130
1964 340  0  11  75.3 0.006130
1964 341  0   0  74.6 0.006094
1964 342  0   0  73.8 0.006094
1964 343  0  12  75.0 0.006130
1964 344  0  11  75.0 0.006198
1964 345  0  15  76.0 0.006270
1964 346  0  18  77.0 0.006302
1964 347  0  24  74.3 0.006266
1964 348  0  15  75.5 0.006230
1964 349  0  25  76.1 0.006266
1964 350  0  15  76.5 0.006266
1964 351  0  25  78.2 0.006230
1964 352  0  39  77.8 0.006194
1964 353  0  40  78.1 0.006230
1964 354  0  43  79.1 0.006266
1964 355  0  41  77.6 0.006230
1964 356  0  33  76.2 0.006230
1964 357  0  37  74.9 0.006230
1964 358  0  24  73.5 0.006194
1964 359  0  26  72.5 0.006126
1964 360  0  28  72.4 0.006126
1964 361  0  21  71.5 0.006091
1964 362  0  28  73.8 0.006091
1964 363  0  40  74.7 0.006091
1964 364  0  54  75.1 0.006126
1964 365  0  31  74.1 0.006123
1964 366  0  28  75.9 0.006194
1965   1  0  33  82.7 0.006227
1965   2  0  37  81.5 0.006262
1965   3  0  44  79.4 0.006262
1965   4  0  44  78.0 0.006227
1965   5  0  37  77.4 0.006262
1965   6  0  28  77.7 0.006262
1965   7  0  26  75.7 0.006262
1965   8  0  25  74.9 0.006230
1965   9  0  17  74.1 0.006230
1965  10  0  12  73.5 0.006194
1965  11  0  11  72.7 0.006194
1965  12  0   0  72.6 0.006126
1965  13  0   0  72.5 0.006126
1965  14  0  11  72.0 0.006126
1965  15  0  12  72.4 0.006126
1965  16  0  11  71.4 0.006126
1965  17  0  11  71.2 0.006091
1965  18  0  29  72.1 0.006091
1965  19  0  32  71.5 0.006091
1965  20  0  40  73.7 0.006126
1965  21  0  33  74.1 0.006091
1965  22  0  32  74.4 0.006094
1965  23  0  19  73.4 0.006094
1965  24  0  28  74.1 0.006094
1965  25  0  26  73.1 0.006058
1965  26  0  26  73.5 0.006058
1965  27  0  48  76.8 0.006094
1965  28  0  25  75.1 0.006198
1965  29  0  36  76.6 0.006198
1965  30  0  32  78.6 0.006198
1965  31  0  22  77.7 0.006202
1965  32  0  21  76.2 0.006202
1965  33  0  19  76.8 0.006130
1965  34  0  19  76.4 0.006202
1965  35  0  19  75.2 0.006202
1965  36  0  15  74.1 0.006133
1965  37  0  33  74.1 0.006098
1965  38  0  33  75.2 0.006133
1965  39  0  25  73.4 0.006133
1965  40  0  33  73.4 0.006101
1965  41  0  25  73.9 0.006137
1965  42  0  25  71.8 0.006101
1965  43  0  33  71.2 0.006101
1965  44  0  36  70.6 0.006069
1965  45  0  24  70.1 0.006069
1965  46  0  33  70.8 0.006069
1965  47  0  22  71.4 0.006069
1965  48  0  12  71.6 0.006069
1965  49  0  12  70.5 0.006037
1965  50  0   0  70.6 0.006037
1965  51  0   0  69.8 0.006037
1965  52  0  11  70.0 0.006005
1965  53  0   0  70.3 0.006005
1965  54  0   0  71.5 0.006005
1965  55  0  19  72.9 0.006040
1965  56  0  22  72.7 0.006076
1965  57  0  32  72.3 0.006112
1965  58  0  33  74.6 0.006148
1965  59  0  26  74.8 0.006148
1965  60  0  24  75.1 0.006219
1965  61  0  11  74.0 0.006219
1965  62  0   0  73.7 0.006151
1965  63  0  12  73.8 0.006151
1965  64  0  19  74.8 0.006155
1965  65  0  37  75.5 0.006155
1965  66  0  37  75.8 0.006155
1965  67  0  11  73.4 0.006155
1965  68  0   0  71.9 0.006123
1965  69  0  18  72.1 0.006087
1965  70  0  14  70.9 0.006087
1965  71  0  26  72.6 0.006091
1965  72  0  24  74.6 0.006091
1965  73  0  25  73.7 0.006091
1965  74  0  18  71.9 0.006091
1965  75  0  14  70.5 0.006058
1965  76  0  17  70.8 0.006058
1965  77  0  32  74.3 0.006094
1965  78  0  25  76.3 0.006130
1965  79  0  28  73.8 0.006094
1965  80  0  14  73.4 0.006098
1965  81  0   0  72.1 0.006098
1965  82  0   0  72.5 0.006062
1965  83  0  11  72.0 0.006065
1965  84  0  25  73.4 0.006101
1965  85  0  15  73.0 0.006137
1965  86  0  26  71.8 0.006101
1965  87  0  18  71.4 0.006105
1965  88  0  14  71.7 0.006105
1965  89  0  14  71.2 0.006105
1965  90  0  12  71.4 0.006105
1965  91  0   0  71.1 0.006108
1965  92  0   0  71.5 0.006108
1965  93  0   0  71.3 0.006073
1965  94  0   0  71.1 0.006073
1965  95  0   0  70.8 0.006076
1965  96  0   0  71.0 0.006076
1965  97  0   0  70.8 0.006076
1965  98  0   0  70.7 0.006076
1965  99  0   0  71.9 0.006080
1965 100  0   0  73.4 0.006080
1965 101  0   0  74.1 0.006116
1965 102  0  14  73.7 0.006151
1965 103  0  14  74.0 0.006155
1965 104  0  22  75.8 0.006119
1965 105  0  39  75.5 0.006155
1965 106  0  26  75.1 0.006194
1965 107  0  25  73.8 0.006159
1965 108  0  12  73.7 0.006159
1965 109  0  11  74.8 0.006159
1965 110  0  11  73.1 0.006162
1965 111  0  14  73.7 0.006126
1965 112  0  22  73.5 0.006126
1965 113  0  25  74.0 0.006091
1965 114  0  15  71.6 0.006091
1965 115  0  11  70.4 0.006094
1965 116  0  17  70.0 0.006058
1965 117  0  15  70.2 0.006058
1965 118  0  12  70.5 0.006058
1965 119  0   0  71.2 0.006058
1965 120  0   0  70.9 0.006062
1965 121  0   0  72.2 0.006062
1965 122  0  21  71.9 0.006098
1965 123  0  12  71.9 0.006062
1965 124  0  12  70.9 0.006065
1965 125  0  11  70.2 0.006065
1965 126  0   0  71.7 0.006065
1965 127  0  17  72.7 0.006101
1965 128  0  22  73.4 0.006105
1965 129  0  14  73.8 0.006141
1965 130  0   0  73.5 0.006141
1965 131  0   0  72.5 0.006141
1965 132  0  22  73.3 0.006144
1965 133  0  31  76.0 0.006180
1965 134  0  22  77.0 0.006180
1965 135  0  43  82.3 0.006219
1965 136  0  51  88.3 0.006291
1965 137  0  78  93.2 0.006366
1965 138  0 102  92.6 0.006441
1965 139  0 106  94.6 0.006441
1965 140  0 102  97.0 0.006553
1965 141  0  99  95.1 0.006588
1965 142  0  88  94.5 0.006553
1965 143  0  71  88.4 0.006481
1965 144  0  61  87.3 0.006409
1965 145  0  43  83.1 0.006373
1965 146  0  32  80.0 0.006334
1965 147  0  11  78.1 0.006338
1965 148  0   0  76.5 0.006302
1965 149  0   0  75.8 0.006227
1965 150  0   0  76.1 0.006191
1965 151  0   0  73.6 0.006191
1965 152  0  14  72.8 0.006191
1965 153  0  35  75.8 0.006191
1965 154  0  51  77.4 0.006230
1965 155  0  54  80.5 0.006305
1965 156  0  48  80.6 0.006341
1965 157  0  43  80.7 0.006341
1965 158  0  45  79.5 0.006341
1965 159  0  35  80.7 0.006305
1965 160  0  33  81.4 0.006341
1965 161  0  14  80.7 0.006381
1965 162  0  11  78.9 0.006345
1965 163  0   0  78.4 0.006345
1965 164  0   0  79.2 0.006345
1965 165  0  21  78.5 0.006309
1965 166  0   0  79.1 0.006234
1965 167  0   0  78.4 0.006234
1965 168  0  18  78.7 0.006234
1965 169  0  36  80.8 0.006309
1965 170  0  24  77.4 0.006345
1965 171  0  31  78.5 0.006309
1965 172  0  28  78.4 0.006234
1965 173  0  21  80.7 0.006348
1965 174  0  11  82.8 0.006384
1965 175  0  11  80.7 0.006384
1965 176  0  11  81.9 0.006348
1965 177  0  11  81.4 0.006348
1965 178  0  12  80.3 0.006309
1965 179  0  33  79.3 0.006348
1965 180  0  26  79.0 0.006309
1965 181  0  21  79.6 0.006313
1965 182  0  26  78.6 0.006313
1965 183  0  29  78.2 0.006313
1965 184  0  28  78.8 0.006313
1965 185  0  25  78.5 0.006313
1965 186  0  12  78.0 0.006313
1965 187  0  25  81.2 0.006348
1965 188  0  32  84.3 0.006384
1965 189  0  41  83.8 0.006384
1965 190  0  47  84.1 0.006384
1965 191  0  41  83.0 0.006384
1965 192  0  50  82.6 0.006384
1965 193  0  43  80.8 0.006348
1965 194  0  33  78.8 0.006348
1965 195  0  18  77.2 0.006309
1965 196  0  17  77.0 0.006348
1965 197  0  12  74.5 0.006237
1965 198  0  11  74.3 0.006234
1965 199  0   0  74.3 0.006198
1965 200  0   0  74.9 0.006234
1965 201  0   0  75.4 0.006234
1965 202  0   0  75.0 0.006198
1965 203  0   0  73.9 0.006198
1965 204  0   0  73.2 0.006159
1965 205  0   0  72.4 0.006159
1965 206  0  11  72.3 0.006159
1965 207  0   0  71.7 0.006159
1965 208  0  11  72.3 0.006159
1965 209  0   0  72.9 0.006159
1965 210  0   0  73.4 0.006159
1965 211  0  14  73.4 0.006159
1965 212  0  11  73.0 0.006159
1965 213  0   0  74.2 0.006159
1965 214  0   0  75.2 0.006194
1965 215  0  22  79.6 0.006230
1965 216  0  21  80.7 0.006302
1965 217  0   0  78.5 0.006341
1965 218  0  24  81.1 0.006377
1965 219  0  11  81.8 0.006413
1965 220  0  44  79.5 0.006413
1965 221  0  18  79.8 0.006373
1965 222  0  21  78.2 0.006373
1965 223  0  24  78.8 0.006373
1965 224  0  19  77.9 0.006334
1965 225  0  12  76.7 0.006298
1965 226  0  11  75.6 0.006298
1965 227  0   0  74.4 0.006223
1965 228  0   0  75.6 0.006223
1965 229  0   0  74.2 0.006184
1965 230  0  11  75.0 0.006184
1965 231  0  11  76.1 0.006184
1965 232  0  11  75.5 0.006184
1965 233  0  11  75.3 0.006184
1965 234  0   0  74.6 0.006180
1965 235  0   0  74.6 0.006180
1965 236  0  12  74.3 0.006180
1965 237  0   0  73.8 0.006180
1965 238  0  12  73.5 0.006180
1965 239  0  21  76.0 0.006176
1965 240  0  18  74.7 0.006212
1965 241  0  24  75.7 0.006212
1965 242  0  22  76.4 0.006176
1965 243  0  32  76.3 0.006212
1965 244  0  29  76.8 0.006212
1965 245  0  29  77.3 0.006209
1965 246  0  31  77.9 0.006209
1965 247  0  32  78.0 0.006280
1965 248  0  32  80.0 0.006280
1965 249  0  28  78.3 0.006205
1965 250  0  33  78.9 0.006277
1965 251  0  32  79.8 0.006277
1965 252  0  26  77.2 0.006205
1965 253  0  22  76.7 0.006277
1965 254  0  28  76.7 0.006273
1965 255  0  25  76.3 0.006273
1965 256  0  25  75.9 0.006202
1965 257  0  12  76.1 0.006273
1965 258  0  12  75.7 0.006270
1965 259  0  24  74.5 0.006198
1965 260  0  12  74.5 0.006198
1965 261  0  14  73.7 0.006194
1965 262  0  11  73.4 0.006194
1965 263  0   0  73.4 0.006194
1965 264  0   0  73.1 0.006194
1965 265  0   0  71.7 0.006155
1965 266  0  17  72.3 0.006155
1965 267  0  25  76.6 0.006155
1965 268  0  19  76.2 0.006187
1965 269  0  25  77.4 0.006187
1965 270  0  35  78.7 0.006259
1965 271  0  33  80.8 0.006295
1965 272  0  52  87.6 0.006327
1965 273  0  71  89.3 0.006363
1965 274  0  74  92.2 0.006399
1965 275  0  89  93.3 0.006506
1965 276  0  85  96.1 0.006502
1965 277  0  88  97.5 0.006574
1965 278  0  78  91.6 0.006502
1965 279  0  55  85.1 0.006391
1965 280  0  39  83.5 0.006356
1965 281  0  11  82.6 0.006320
1965 282  0  12  83.0 0.006320
1965 283  0  19  80.1 0.006316
1965 284  0  12  75.7 0.006280
1965 285  0  14  74.5 0.006245
1965 286  0  12  75.4 0.006173
1965 287  0  11  74.3 0.006169
1965 288  0   0  73.3 0.006169
1965 289  0  11  71.8 0.006169
1965 290  0   0  72.0 0.006166
1965 291  0   0  71.6 0.006130
1965 292  0  15  71.2 0.006130
1965 293  0  18  72.0 0.006130
1965 294  0  22  72.6 0.006130
1965 295  0  37  75.4 0.006126
1965 296  0  33  77.9 0.006162
1965 297  0  24  75.5 0.006234
1965 298  0  35  77.0 0.006230
1965 299  0  25  77.3 0.006266
1965 300  0  25  77.0 0.006266
1965 301  0  14  76.2 0.006298
1965 302  0  12  75.6 0.006298
1965 303  0  12  75.1 0.006298
1965 304  0  21  76.9 0.006259
1965 305  0  41  77.6 0.006295
1965 306  0  40  78.2 0.006295
1965 307  0  29  79.8 0.006327
1965 308  0  19  78.4 0.006291
1965 309  0  19  76.7 0.006255
1965 310  0  41  79.2 0.006291
1965 311  0  57  83.7 0.006323
1965 312  0  65  78.9 0.006287
1965 313  0  54  80.4 0.006287
1965 314  0  58  82.4 0.006323
1965 315  0  57  82.5 0.006320
1965 316  0  37  79.1 0.006320
1965 317  0  25  75.7 0.006284
1965 318  0  24  74.4 0.006248
1965 319  0  15  74.8 0.006212
1965 320  0  14  72.4 0.006141
1965 321  0  11  72.6 0.006141
1965 322  0   0  73.3 0.006141
1965 323  0   0  71.6 0.006141
1965 324  0   0  70.9 0.006105
1965 325  0   0  70.5 0.006105
1965 326  0  11  70.0 0.006105
1965 327  0   0  69.5 0.006101
1965 328  0  11  69.3 0.006101
1965 329  0   0  68.8 0.006065
1965 330  0  11  69.9 0.006101
1965 331  0   0  72.1 0.006133
1965 332  0  12  74.9 0.006133
1965 333  0  12  71.9 0.006133
1965 334  0  22  73.0 0.006133
1965 335  0  19  73.3 0.006202
1965 336  0  12  72.9 0.006202
1965 337  0  12  72.7 0.006202
1965 338  0  12  72.3 0.006202
1965 339  0  12  73.2 0.006202
1965 340  0  12  74.0 0.006234
1965 341  0  12  73.0 0.006234
1965 342  0  22  74.4 0.006270
1965 343  0  11  72.7 0.006234
1965 344  0  11  73.0 0.006198
1965 345  0   0  73.2 0.006198
1965 346  0   0  73.5 0.006198
1965 347  0  21  71.7 0.006198
1965 348  0   0  72.4 0.006230
1965 349  0  21  74.4 0.006230
1965 350  0  32  75.1 0.006266
1965 351  0  31  75.9 0.006230
1965 352  0  29  75.9 0.006230
1965 353  0  26  74.3 0.006230
1965 354  0  22  72.1 0.006194
1965 355  0  15  71.7 0.006194
1965 356  0  17  70.0 0.006126
1965 357  0  14  70.3 0.006091
1965 358  0  12  68.8 0.006091
1965 359  0  18  69.7 0.006091
1965 360  0  33  74.4 0.006194
1965 361  0  41  80.9 0.006262
1965 362  0  91  81.0 0.006330
1965 363  0  91  81.9 0.006366
1965 364  0  62  79.2 0.006366
1965 365  0  54  78.1 0.006366
1966   1  0  32  79.3 0.006330
1966   2  0  31  76.3 0.006298
1966   3  0  29  75.9 0.006298
1966   4  0  25  77.8 0.006298
1966   5  0  17  77.4 0.006330
1966   6  0   0  77.1 0.006330
1966   7  0  11  78.2 0.006330
1966   8  0  19  77.9 0.006330
1966   9  0  19  77.4 0.006366
1966  10  0   0  77.2 0.006330
1966  11  0   0  78.2 0.006330
1966  12  0   0  81.2 0.006366
1966  13  0  25  84.3 0.006366
1966  14  0  43  90.1 0.006470
1966  15  0  57  98.5 0.006506
1966  16  0  82 102.6 0.006574
1966  17  0  72  98.4 0.006610
1966  18  0  91 101.4 0.006749
1966  19  0  96 105.1 0.006749
1966  20  0  91  99.0 0.006717
1966  21  0  82  95.7 0.006613
1966  22  0  74  91.8 0.006578
1966  23  0  59  90.6 0.006510
1966  24  0  62  88.9 0.006474
1966  25  0  52  85.4 0.006441
1966  26  0  33  82.7 0.006338
1966  27  0  25  79.9 0.006302
1966  28  0  24  78.1 0.006302
1966  29  0  31  78.3 0.006270
1966  30  0  40  76.3 0.006270
1966  31  0  28  75.4 0.006270
1966  32  0  11  77.6 0.006270
1966  33  0  17  76.9 0.006237
1966  34  0  31  77.5 0.006237
1966  35  0  25  79.0 0.006237
1966  36  0  28  80.6 0.006237
1966  37  0  25  82.1 0.006273
1966  38  0  25  82.8 0.006273
1966  39  0  21  82.3 0.006309
1966  40  0  18  82.9 0.006309
1966  41  0  18  83.8 0.006309
1966  42  0  21  83.6 0.006345
1966  43  0  17  83.2 0.006345
1966  44  0  26  83.9 0.006348
1966  45  0  21  83.9 0.006384
1966  46  0  24  83.3 0.006384
1966  47  0  19  82.7 0.006348
1966  48  0  28  82.1 0.006352
1966  49  0  35  82.2 0.006316
1966  50  0  41  81.1 0.006316
1966  51  0  55  82.8 0.006316
1966  52  0  59  85.7 0.006320
1966  53  0  71  86.0 0.006356
1966  54  0  78  82.7 0.006320
1966  55  0  64  81.9 0.006287
1966  56  0  55  79.3 0.006287
1966  57  0  57  83.1 0.006287
1966  58  0  51  83.2 0.006287
1966  59  0  47  84.1 0.006287
1966  60  0  36  79.7 0.006255
1966  61  0  17  76.7 0.006255
1966  62  0  21  75.8 0.006223
1966  63  0  29  75.5 0.006223
1966  64  0  22  74.8 0.006223
1966  65  0  22  75.5 0.006223
1966  66  0  18  76.2 0.006155
1966  67  0  17  76.4 0.006155
1966  68  0  22  78.5 0.006262
1966  69  0  21  78.6 0.006262
1966  70  0  15  78.0 0.006302
1966  71  0   0  78.3 0.006302
1966  72  0  11  80.0 0.006266
1966  73  0   0  81.4 0.006302
1966  74  0  15  87.1 0.006373
1966  75  0  37  92.9 0.006553
1966  76  0  62 105.1 0.006588
1966  77  0  75 109.6 0.006556
1966  78  0  85 114.6 0.006807
1966  79  0  76 111.0 0.006807
1966  80  0  71 120.3 0.006703
1966  81  0  74 105.1 0.006631
1966  82  0  57  96.2 0.006527
1966  83  0  44  92.9 0.006420
1966  84  0  35  91.1 0.006352
1966  85  0  26  84.7 0.006316
1966  86  0  15  83.1 0.006280
1966  87  0  18  87.6 0.006280
1966  88  0  50  96.1 0.006391
1966  89  0  62  99.0 0.006391
1966  90  0  74 110.4 0.006427
1966  91  0  91 106.8 0.006431
1966  92  0  82 106.3 0.006431
1966  93  0 105 102.1 0.006574
1966  94  0 105 102.6 0.006538
1966  95  0  84 102.0 0.006542
1966  96  0  89 104.2 0.006578
1966  97  0  99 102.8 0.006617
1966  98  0  92 107.3 0.006653
1966  99  0  69 100.3 0.006581
1966 100  0  52  94.8 0.006545
1966 101  0  41  93.9 0.006513
1966 102  0  39  94.8 0.006513
1966 103  0  35  93.1 0.006513
1966 104  0  41  91.0 0.006553
1966 105  0  41  96.3 0.006553
1966 106  0  50  93.2 0.006592
1966 107  0  57  95.2 0.006592
1966 108  0  57  92.9 0.006592
1966 109  0  43  89.0 0.006592
1966 110  0  58  93.5 0.006560
1966 111  0  62  91.7 0.006560
1966 112  0  79  93.4 0.006524
1966 113  0  98  98.8 0.006599
1966 114  0  82 103.7 0.006635
1966 115  0  86 103.8 0.006674
1966 116  0  76 101.3 0.006710
1966 117  0  57  96.0 0.006749
1966 118  0  57  94.9 0.006714
1966 119  0  68  94.5 0.006714
1966 120  0  75  93.3 0.006714
1966 121  0  71  91.7 0.006717
1966 122  0  74  94.0 0.006717
1966 123  0  81  94.0 0.006717
1966 124  0  86  92.5 0.006721
1966 125  0  61  88.6 0.006685
1966 126  0  45  87.5 0.006613
1966 127  0  41  89.9 0.006613
1966 128  0  25  87.8 0.006613
1966 129  0  12  87.5 0.006578
1966 130  0   0  86.6 0.006581
1966 131  0  21  88.3 0.006545
1966 132  0  21  92.6 0.006581
1966 133  0  33  92.9 0.006656
1966 134  0  71  97.2 0.006732
1966 135  0  65  99.2 0.006878
1966 136  0  67 100.1 0.006914
1966 137  0  50  98.9 0.006914
1966 138  0  40  98.7 0.006918
1966 139  0  50 107.1 0.006954
1966 140  0  82 115.5 0.006957
1966 141  0 113 123.6 0.006993
1966 142  0 102 121.0 0.006957
1966 143  0  96 113.9 0.006957
1966 144  0  96 117.7 0.006961
1966 145  0  91 115.1 0.006997
1966 146  0  99 112.3 0.006961
1966 147  0  93 108.5 0.007000
1966 148  0  85 999.9 0.006961
1966 149  0  59 106.8 0.006964
1966 150  0  79 101.6 0.006929
1966 151  0  82 105.6 0.006893
1966 152  0 101 104.8 0.006782
1966 153  0 105 103.9 0.006782
1966 154  0  58 102.6 0.006857
1966 155  0  85 102.0 0.006893
1966 156  0  68 101.7 0.006896
1966 157  0  67 101.9 0.006785
1966 158  0  57  96.9 0.006785
1966 159  0  50  99.5 0.006749
1966 160  0  47  98.9 0.006749
1966 161  0  36  96.8 0.006749
1966 162  0  61  96.1 0.006789
1966 163  0  48  95.9 0.006789
1966 164  0  48  96.1 0.006753
1966 165  0  44  96.9 0.006753
1966 166  0  32  94.7 0.006714
1966 167  0  57  97.9 0.006717
1966 168  0  65  99.5 0.006789
1966 169  0  57  98.2 0.006789
1966 170  0  51  96.9 0.006789
1966 171  0  59  94.3 0.006753
1966 172  0  47  93.5 0.006753
1966 173  0  50  96.1 0.006753
1966 174  0  88  99.2 0.006792
1966 175  0  93 103.5 0.006868
1966 176  0 113 104.8 0.006939
1966 177  0 116 105.6 0.006903
1966 178  0 108 100.8 0.006792
1966 179  0  74 101.4 0.006717
1966 180  0  67  99.8 0.006757
1966 181  0  78 100.7 0.006792
1966 182  0  69 100.1 0.006792
1966 183  0  69  98.2 0.006868
1966 184  0  76  99.3 0.006868
1966 185  0  75 104.8 0.006792
1966 186  0  68 105.0 0.006868
1966 187  0  65 109.7 0.006903
1966 188  0  82 112.6 0.006979
1966 189  0  96 114.4 0.006939
1966 190  0  85 107.8 0.006979
1966 191  0  92 108.1 0.006939
1966 192  0  74 109.0 0.006939
1966 193  0  88 102.7 0.006939
1966 194  0  79 100.4 0.006868
1966 195  0  59  99.8 0.006792
1966 196  0  48 101.1 0.006864
1966 197  0  68 102.8 0.006939
1966 198  0  59 101.2 0.006939
1966 199  0  69 101.3 0.006939
1966 200  0  54 101.5 0.006939
1966 201  0  92 101.8 0.006939
1966 202  0  78 103.7 0.006939
1966 203  0  93 106.5 0.006975
1966 204  0  79 114.9 0.007047
1966 205  0  99 120.6 0.007158
1966 206  0  95 126.0 0.007233
1966 207  0 105 127.6 0.007305
1966 208  0  92 123.8 0.007380
1966 209  0  99 124.2 0.007451
1966 210  0 108 132.9 0.007634
1966 211  0  84 128.0 0.007634
1966 212  0  88 124.6 0.007559
1966 213  0 110 125.9 0.007559
1966 214  0 105 119.6 0.007559
1966 215  0 102 118.2 0.007448
1966 216  0  96 116.0 0.007408
1966 217  0  85 110.5 0.007262
1966 218  0  71 106.0 0.007111
1966 219  0  47 101.5 0.006964
1966 220  0  19  97.7 0.006853
1966 221  0  19  96.4 0.006742
1966 222  0   0  94.3 0.006742
1966 223  0  24  92.5 0.006739
1966 224  0  51  92.8 0.006739
1966 225  0  43  93.2 0.006739
1966 226  0  52  92.8 0.006775
1966 227  0  58  93.7 0.006775
1966 228  0  57  95.1 0.006807
1966 229  0  58  96.8 0.006846
1966 230  0  55  97.5 0.006846
1966 231  0  47 100.0 0.006882
1966 232  0  40 101.6 0.006954
1966 233  0  32 102.7 0.006954
1966 234  0  54 105.5 0.006950
1966 235  0  92 114.7 0.007022
1966 236  0 101 122.0 0.007204
1966 237  0 126 126.3 0.007387
1966 238  0 135 130.2 0.007534
1966 239  0 127 133.4 0.007530
1966 240  0 119 132.6 0.007530
1966 241  0 126 129.8 0.007602
1966 242  0 108 126.1 0.007491
1966 243  0  93 120.9 0.007451
1966 244  0  62 116.6 0.007233
1966 245  0  62 106.3 0.007011
1966 246  0  36 103.2 0.006900
1966 247  0  26 101.9 0.006828
1966 248  0  37 100.5 0.006753
1966 249  0  43  97.9 0.006753
1966 250  0  51  95.8 0.006749
1966 251  0  54  96.2 0.006714
1966 252  0  55  95.3 0.006714
1966 253  0  52  93.9 0.006710
1966 254  0  59  96.6 0.006746
1966 255  0  54 100.8 0.006818
1966 256  0  47 102.4 0.006889
1966 257  0  50 107.4 0.006997
1966 258  0  54 112.0 0.007104
1966 259  0  81 124.6 0.007211
1966 260  0 108 129.1 0.007426
1966 261  0 118 142.6 0.007677
1966 262  0 108 146.6 0.007677
1966 263  0 110 146.0 0.007709
1966 264  0 126 137.2 0.007491
1966 265  0 122 131.5 0.007383
1966 266  0 101 127.5 0.007380
1966 267  0  95 126.0 0.007380
1966 268  0  96 118.8 0.007340
1966 269  0  76 109.4 0.007158
1966 270  0  68 102.9 0.006979
1966 271  0  59  97.9 0.006903
1966 272  0  64  98.6 0.006832
1966 273  0  59  95.7 0.006792
1966 274  0  81 101.4 0.006721
1966 275  0  78 102.0 0.006685
1966 276  0  71 103.2 0.006789
1966 277  0  51 100.6 0.006861
1966 278  0  57 100.0 0.006861
1966 279  0  62 101.9 0.006857
1966 280  0  75 103.1 0.006893
1966 281  0  68  99.4 0.006961
1966 282  0  62 103.5 0.007068
1966 283  0  92 106.5 0.007140
1966 284  0  93 109.8 0.007136
1966 285  0  91 114.8 0.007136
1966 286  0 102 122.8 0.007276
1966 287  0  91 120.3 0.007380
1966 288  0  85 120.6 0.007308
1966 289  0  99 120.3 0.007380
1966 290  0  99 120.5 0.007412
1966 291  0  99 118.5 0.007305
1966 292  0 108 115.6 0.007265
1966 293  0 136 124.1 0.007301
1966 294  0 129 120.9 0.007297
1966 295  0 118 119.8 0.007190
1966 296  0 106 111.1 0.007118
1966 297  0  91 106.1 0.007083
1966 298  0  71 100.8 0.007011
1966 299  0  67  97.7 0.006939
1966 300  0  55  92.0 0.006864
1966 301  0  51  94.1 0.006757
1966 302  0  39  99.7 0.006792
1966 303  0  39  95.7 0.006825
1966 304  0  50  97.1 0.006789
1966 305  0  61  94.6 0.006825
1966 306  0  59  96.7 0.006821
1966 307  0  54  93.1 0.006821
1966 308  0  54  91.7 0.006821
1966 309  0  29  97.9 0.006853
1966 310  0  45 104.7 0.006993
1966 311  0  68 113.4 0.007029
1966 312  0  78 116.9 0.007061
1966 313  0  84 117.2 0.007097
1966 314  0  89 121.9 0.007165
1966 315  0 102 126.1 0.007305
1966 316  0 113 126.2 0.007337
1966 317  0  96 126.4 0.007301
1966 318  0  93 124.0 0.007265
1966 319  0  93 122.6 0.007229
1966 320  0  74 121.2 0.007158
1966 321  0  84 113.2 0.007122
1966 322  0  81 113.4 0.007118
1966 323  0  92 111.0 0.007083
1966 324  0 105 110.9 0.007118
1966 325  0 109 110.7 0.007083
1966 326  0 110 116.5 0.007115
1966 327  0 108 114.7 0.007079
1966 328  0 102 113.8 0.007007
1966 329  0 105 110.7 0.006972
1966 330  0  95 107.3 0.006903
1966 331  0  84 111.1 0.006868
1966 332  0  58 104.1 0.006868
1966 333  0  52  98.0 0.006796
1966 334  0  52  94.6 0.006760
1966 335  0  50  92.2 0.006792
1966 336  0  47  95.1 0.006792
1966 337  0  43 999.9 0.006828
1966 338  0  81 104.8 0.007036
1966 339  0  98 110.9 0.007208
1966 340  0  96 115.6 0.007312
1966 341  0  91 117.7 0.007380
1966 342  0 125 123.7 0.007519
1966 343  0 122 146.2 0.007588
1966 344  0 159 157.3 0.007759
1966 345  0 177 162.8 0.007795
1966 346  0 184 157.6 0.007759
1966 347  0 167 155.5 0.007792
1966 348  0 160 149.5 0.007792
1966 349  0 152 144.9 0.007720
1966 350  0 164 135.1 0.007584
1966 351  0 125 124.9 0.007444
1966 352  0 108 111.2 0.007269
1966 353  0  81 112.3 0.007201
1966 354  0  65 107.6 0.007061
1966 355  0  52 106.5 0.007025
1966 356  0  48 105.5 0.007025
1966 357  0  54 110.6 0.007025
1966 358  0  64 110.5 0.007093
1966 359  0  85 111.6 0.007197
1966 360  0  92 110.9 0.007197
1966 361  0  68 109.6 0.007129
1966 362  0  68 107.5 0.007129
1966 363  0  72 109.3 0.007197
1966 364  0  99 115.1 0.007265
1966 365  0  96 120.5 0.007337
1967   1  0 103 124.4 0.007369
1967   2  0 136 143.0 0.007613
1967   3  0 176 154.0 0.007716
1967   4  0 210 160.7 0.007960
1967   5  0 212 168.2 0.008236
1967   6  0 210 160.5 0.008028
1967   7  0 190 153.6 0.007888
1967   8  0 164 142.9 0.007784
1967   9  0 157 144.7 0.007752
1967  10  0 157 145.6 0.007716
1967  11  0 147 139.8 0.007545
1967  12  0 137 139.1 0.007509
1967  13  0 132 138.1 0.007337
1967  14  0 120 135.2 0.007269
1967  15  0  85 126.6 0.007093
1967  16  0  79 120.2 0.007061
1967  17  0  84 116.9 0.007025
1967  18  0 102 117.4 0.006993
1967  19  0 116 116.4 0.007029
1967  20  0 130 127.0 0.007201
1967  21  0 177 138.2 0.007373
1967  22  0 198 139.9 0.007512
1967  23  0 215 148.8 0.007584
1967  24  0 173 146.8 0.007724
1967  25  0 188 142.7 0.007656
1967  26  0 193 154.3 0.007724
1967  27  0 184 158.3 0.007656
1967  28  0 177 156.2 0.007727
1967  29  0 173 158.2 0.007727
1967  30  0 187 159.0 0.007763
1967  31  0 156 156.4 0.007867
1967  32  0 132 151.6 0.007835
1967  33  0 125 143.5 0.007870
1967  34  0 130 138.7 0.007870
1967  35  0 142 137.3 0.007906
1967  36  0 102 146.8 0.007906
1967  37  0 126 148.8 0.008014
1967  38  0 195 162.5 0.008050
1967  39  0 154 148.3 0.007910
1967  40  0 159 145.9 0.007738
1967  41  0 137 140.5 0.007566
1967  42  0 136 133.7 0.007530
1967  43  0 112 132.9 0.007534
1967  44  0 109 130.0 0.007534
1967  45  0  82 129.2 0.007466
1967  46  0  82 126.4 0.007398
1967  47  0  85 124.9 0.007362
1967  48  0  85 122.2 0.007362
1967  49  0  99 124.2 0.007401
1967  50  0  95 121.0 0.007505
1967  51  0 105 128.6 0.007613
1967  52  0 116 131.8 0.007648
1967  53  0 122 146.0 0.007792
1967  54  0 119 149.3 0.007863
1967  55  0 142 162.2 0.007863
1967  56  0 150 159.5 0.007899
1967  57  0 174 173.3 0.007935
1967  58  0 263 176.7 0.007938
1967  59  0 235 180.2 0.008046
1967  60  0 244 194.2 0.008365
1967  61  0 253 197.8 0.008508
1967  62  0 270 196.4 0.008511
1967  63  0 244 205.9 0.008408
1967  64  0 232 179.2 0.008408
1967  65  0 222 177.4 0.008411
1967  66  0 194 163.8 0.008272
1967  67  0 139 156.1 0.007956
1967  68  0 120 157.9 0.007853
1967  69  0 130 148.4 0.007784
1967  70  0 126 141.6 0.007677
1967  71  0  98 134.3 0.007609
1967  72  0  75 129.1 0.007577
1967  73  0  71 127.2 0.007541
1967  74  0  74 132.4 0.007545
1967  75  0  82 132.1 0.007580
1967  76  0 105 132.6 0.007620
1967  77  0 106 132.2 0.007691
1967  78  0 103 136.0 0.007799
1967  79  0 122 140.4 0.007838
1967  80  0 130 147.2 0.007874
1967  81  0 153 149.5 0.007949
1967  82  0 157 155.7 0.007985
1967  83  0 171 161.9 0.008060
1967  84  0 185 169.2 0.008132
1967  85  0 194 163.9 0.008204
1967  86  0 173 162.8 0.008171
1967  87  0 183 180.7 0.008318
1967  88  0 188 178.4 0.008461
1967  89  0 187 175.8 0.008393
1967  90  0 177 167.6 0.008429
1967  91  0 149 158.6 0.008433
1967  92  0 116 141.0 0.008150
1967  93  0  89 133.3 0.007971
1967  94  0  85 125.0 0.007724
1967  95  0  96 122.1 0.007688
1967  96  0 102 119.0 0.007691
1967  97  0 122 126.2 0.007691
1967  98  0 153 135.7 0.007731
1967  99  0 125 133.3 0.007695
1967 100  0  96 130.3 0.007627
1967 101  0  88 131.1 0.007555
1967 102  0  72 129.8 0.007487
1967 103  0  89 126.8 0.007487
1967 104  0  68 133.5 0.007491
1967 105  0  72 124.1 0.007455
1967 106  0  45 126.1 0.007419
1967 107  0  59 125.9 0.007423
1967 108  0  82 128.7 0.007423
1967 109  0  79 126.7 0.007462
1967 110  0  74 127.1 0.007609
1967 111  0  91 134.0 0.007681
1967 112  0 108 131.5 0.007756
1967 113  0 139 128.0 0.007684
1967 114  0 118 130.5 0.007688
1967 115  0 120 132.9 0.007763
1967 116  0  93 125.4 0.007691
1967 117  0  93 129.2 0.007656
1967 118  0 115 135.1 0.007695
1967 119  0 112 137.5 0.007767
1967 120  0 103 135.3 0.007734
1967 121  0 115 136.6 0.007699
1967 122  0 112 131.8 0.007738
1967 123  0  88 999.9 0.007738
1967 124  0  88 125.8 0.007742
1967 125  0  96 128.1 0.007630
1967 126  0  69 122.8 0.007451
1967 127  0  58 119.7 0.007344
1967 128  0  26 116.9 0.007237
1967 129  0  36 113.6 0.007201
1967 130  0  25 109.4 0.007129
1967 131  0  36 106.1 0.007093
1967 132  0  48 109.7 0.007093
1967 133  0  48 107.3 0.007133
1967 134  0  57 108.6 0.007133
1967 135  0  61 111.0 0.007172
1967 136  0  62 113.1 0.007244
1967 137  0  62 115.4 0.007394
1967 138  0  78 124.8 0.007541
1967 139  0  99 135.6 0.007763
1967 140  0 113 146.3 0.007799
1967 141  0 140 160.3 0.007985
1967 142  0 167 182.7 0.008096
1967 143  0 205 194.0 0.008246
1967 144  0 225 200.9 0.008465
1967 145  0 232 210.7 0.008540
1967 146  0 246 218.9 0.008691
1967 147  0 275 213.8 0.008691
1967 148  0 279 202.6 0.008547
1967 149  0 232 188.3 0.008511
1967 150  0 212 177.4 0.008289
1967 151  0 208 175.4 0.008107
1967 152  0 195 174.6 0.008035
1967 153  0 167 158.0 0.007853
1967 154  0 144 150.4 0.007777
1967 155  0 147 148.4 0.007670
1967 156  0 127 138.7 0.007484
1967 157  0 113 130.5 0.007301
1967 158  0  84 119.1 0.007190
1967 159  0  61 110.1 0.006972
1967 160  0  37 103.7 0.006932
1967 161  0  31  97.1 0.006896
1967 162  0  29  96.9 0.006861
1967 163  0  28  96.5 0.006861
1967 164  0  28  99.8 0.006900
1967 165  0  29 103.8 0.006936
1967 166  0  50 107.2 0.006975
1967 167  0  58 111.8 0.007122
1967 168  0  81 112.0 0.007161
1967 169  0  91 115.4 0.007308
1967 170  0  95 119.0 0.007419
1967 171  0 119 121.3 0.007530
1967 172  0 112 122.9 0.007681
1967 173  0 118 129.6 0.007827
1967 174  0 113 133.1 0.007827
1967 175  0 140 132.4 0.007792
1967 176  0 136 133.1 0.007792
1967 177  0 112 127.8 0.007720
1967 178  0  86 131.5 0.007645
1967 179  0 113 136.7 0.007681
1967 180  0  92 133.4 0.007645
1967 181  0 126 126.1 0.007534
1967 182  0 120 125.0 0.007498
1967 183  0 126 125.7 0.007498
1967 184  0 130 129.6 0.007498
1967 185  0 135 127.2 0.007423
1967 186  0 139 123.7 0.007387
1967 187  0 137 116.6 0.007276
1967 188  0 116 116.0 0.007237
1967 189  0 116 111.8 0.007201
1967 190  0 119 109.7 0.007201
1967 191  0  95 105.8 0.007161
1967 192  0  75 107.1 0.007126
1967 193  0  85 106.1 0.007050
1967 194  0  75 113.8 0.007161
1967 195  0  99 122.4 0.007237
1967 196  0 123 127.6 0.007383
1967 197  0 113 130.1 0.007494
1967 198  0 106 129.6 0.007530
1967 199  0 110 131.3 0.007641
1967 200  0  88 128.6 0.007677
1967 201  0  59 135.5 0.007716
1967 202  0  89 140.2 0.007788
1967 203  0 103 152.4 0.007935
1967 204  0 132 161.8 0.008046
1967 205  0 139 176.4 0.008082
1967 206  0 153 195.5 0.008193
1967 207  0 167 199.9 0.008304
1967 208  0 174 213.2 0.008375
1967 209  0 222 213.1 0.008375
1967 210  0 219 215.7 0.008447
1967 211  0 234 211.6 0.008300
1967 212  0 215 188.9 0.008225
1967 213  0 197 176.6 0.008075
1967 214  0 178 166.7 0.008003
1967 215  0 160 163.5 0.007964
1967 216  0 135 149.3 0.007817
1967 217  0 146 155.4 0.007702
1967 218  0 150 155.4 0.007555
1967 219  0 139 150.2 0.007516
1967 220  0 169 143.4 0.007516
1967 221  0 152 141.2 0.007441
1967 222  0 129 136.7 0.007476
1967 223  0 133 136.2 0.007512
1967 224  0 109 138.9 0.007512
1967 225  0 106 137.5 0.007512
1967 226  0  93 130.0 0.007437
1967 227  0  86 127.4 0.007437
1967 228  0 109 132.9 0.007434
1967 229  0 135 148.3 0.007616
1967 230  0 161 157.1 0.007727
1967 231  0 156 172.3 0.007835
1967 232  0 160 172.9 0.007759
1967 233  0 170 178.8 0.007795
1967 234  0 174 178.5 0.007903
1967 235  0 173 178.3 0.008157
1967 236  0 173 169.9 0.008229
1967 237  0 184 170.8 0.008300
1967 238  0 177 172.0 0.008336
1967 239  0 171 171.2 0.008225
1967 240  0 169 169.9 0.008150
1967 241  0 157 172.7 0.008150
1967 242  0 171 164.0 0.008039
1967 243  0 183 165.7 0.007964
1967 244  0 174 160.5 0.007960
1967 245  0 163 156.6 0.007924
1967 246  0 169 147.0 0.007813
1967 247  0 171 140.9 0.007810
1967 248  0 177 138.7 0.007774
1967 249  0 170 133.8 0.007699
1967 250  0 154 128.4 0.007659
1967 251  0 147 133.9 0.007623
1967 252  0 140 131.5 0.007620
1967 253  0 135 133.6 0.007584
1967 254  0 109 131.8 0.007509
1967 255  0 112 131.7 0.007580
1967 256  0  92 127.6 0.007505
1967 257  0  72 128.0 0.007466
1967 258  0  51 130.4 0.007430
1967 259  0  55 126.4 0.007426
1967 260  0  62 126.7 0.007498
1967 261  0  71 128.7 0.007605
1967 262  0  84 127.7 0.007749
1967 263  0  89 130.6 0.007781
1967 264  0  95 126.6 0.007745
1967 265  0  88 124.6 0.007706
1967 266  0  78 123.8 0.007670
1967 267  0  72 131.8 0.007666
1967 268  0  86 134.1 0.007702
1967 269  0  75 134.4 0.007699
1967 270  0  71 137.3 0.007663
1967 271  0 101 134.6 0.007659
1967 272  0  93 131.7 0.007659
1967 273  0 105 131.7 0.007620
1967 274  0 108 139.7 0.007656
1967 275  0 109 135.0 0.007652
1967 276  0 135 131.5 0.007652
1967 277  0 139 129.9 0.007648
1967 278  0 146 125.7 0.007541
1967 279  0 139 129.9 0.007537
1967 280  0 130 125.8 0.007537
1967 281  0 108 121.5 0.007426
1967 282  0 113 122.1 0.007391
1967 283  0 116 127.3 0.007387
1967 284  0 127 136.5 0.007459
1967 285  0  92 135.4 0.007562
1967 286  0  78 130.8 0.007562
1967 287  0  89 127.8 0.007451
1967 288  0  67 122.6 0.007416
1967 289  0  58 118.0 0.007380
1967 290  0  54 117.3 0.007412
1967 291  0  71 113.3 0.007444
1967 292  0  88 119.3 0.007552
1967 293  0 118 131.2 0.007584
1967 294  0 113 130.1 0.007688
1967 295  0 120 137.3 0.007688
1967 296  0 143 139.4 0.007792
1967 297  0 132 141.3 0.007860
1967 298  0 161 142.1 0.007964
1967 299  0 177 148.2 0.008067
1967 300  0 177 161.1 0.008139
1967 301  0 221 177.0 0.008171
1967 302  0 194 163.4 0.008204
1967 303  0 187 159.5 0.008168
1967 304  0 164 148.6 0.008096
1967 305  0 163 140.3 0.007917
1967 306  0 173 140.9 0.007881
1967 307  0 160 137.5 0.007842
1967 308  0 156 130.5 0.007630
1967 309  0 129 121.8 0.007523
1967 310  0  72 119.6 0.007308
1967 311  0  68 113.1 0.007237
1967 312  0  39 112.8 0.007097
1967 313  0  48 111.1 0.007097
1967 314  0  58 117.3 0.007057
1967 315  0  54 124.1 0.007093
1967 316  0  79 132.7 0.007161
1967 317  0 109 134.7 0.007369
1967 318  0 135 136.9 0.007405
1967 319  0 139 142.9 0.007577
1967 320  0 169 151.8 0.007752
1967 321  0 171 154.9 0.007892
1967 322  0 190 156.9 0.008100
1967 323  0 185 166.7 0.008168
1967 324  0 164 166.0 0.008132
1967 325  0 135 161.4 0.008128
1967 326  0 130 159.4 0.008057
1967 327  0 146 156.6 0.007917
1967 328  0 153 152.6 0.007917
1967 329  0 181 154.7 0.008017
1967 330  0 154 157.9 0.007913
1967 331  0 149 155.0 0.007981
1967 332  0 159 157.2 0.007981
1967 333  0 166 150.3 0.007838
1967 334  0 174 144.4 0.007595
1967 335  0 185 140.0 0.007595
1967 336  0 178 131.5 0.007487
1967 337  0 126 120.5 0.007315
1967 338  0 112 126.3 0.007280
1967 339  0 112 121.6 0.007244
1967 340  0 126 130.3 0.007244
1967 341  0 178 127.6 0.007240
1967 342  0 185 129.6 0.007308
1967 343  0 166 130.0 0.007344
1967 344  0 161 127.7 0.007448
1967 345  0 187 136.6 0.007480
1967 346  0 191 139.1 0.007792
1967 347  0 194 143.0 0.007756
1967 348  0 198 153.4 0.007792
1967 349  0 214 164.3 0.007964
1967 350  0 227 181.3 0.008135
1967 351  0 244 202.0 0.008311
1967 352  0 241 212.4 0.008343
1967 353  0 183 205.4 0.008343
1967 354  0 200 201.5 0.008343
1967 355  0 184 198.0 0.008343
1967 356  0 149 182.3 0.008340
1967 357  0 143 164.0 0.008307
1967 358  0 129 152.9 0.008236
1967 359  0 157 159.4 0.008204
1967 360  0 201 165.3 0.008236
1967 361  0 198 177.0 0.008096
1967 362  0 234 184.1 0.008064
1967 363  0 200 176.5 0.008028
1967 364  0 176 158.9 0.007992
1967 365  0 169 152.6 0.007856
1968   1  0 169 171.4 0.007856
1968   2  0 174 171.8 0.008028
1968   3  0 181 179.3 0.008096
1968   4  0 194 183.8 0.008236
1968   5  0 215 191.2 0.008268
1968   6  0 212 209.7 0.008443
1968   7  0 232 223.9 0.008719
1968   8  0 258 230.2 0.008963
1968   9  0 283 222.0 0.009135
1968  10  0 280 208.3 0.009274
1968  11  0 218 202.5 0.009135
1968  12  0 204 198.9 0.008895
1968  13  0 197 197.2 0.008791
1968  14  0 152 187.0 0.008791
1968  15  0 133 176.6 0.008443
1968  16  0 110 160.8 0.008239
1968  17  0  96 157.4 0.008100
1968  18  0  85 148.5 0.007996
1968  19  0  82 141.6 0.007860
1968  20  0  78 137.3 0.007824
1968  21  0  78 132.5 0.007824
1968  22  0  98 135.7 0.007896
1968  23  0 106 137.9 0.008035
1968  24  0 132 148.6 0.008207
1968  25  0 127 160.1 0.008315
1968  26  0 123 174.0 0.008454
1968  27  0 125 185.0 0.008522
1968  28  0 198 213.0 0.008734
1968  29  0 248 220.7 0.008977
1968  30  0 262 229.1 0.009221
1968  31  0 296 239.1 0.009360
1968  32  0 295 254.1 0.009536
1968  33  0 299 253.0 0.009607
1968  34  0 282 244.3 0.009539
1968  35  0 241 220.3 0.009299
1968  36  0 194 191.4 0.009056
1968  37  0 161 172.2 0.008780
1968  38  0 122 164.2 0.008572
1968  39  0 137 151.5 0.008329
1968  40  0 135 151.7 0.008121
1968  41  0 130 155.7 0.008017
1968  42  0 126 155.7 0.007913
1968  43  0 108 159.1 0.007845
1968  44  0  95 149.1 0.007813
1968  45  0  98 145.7 0.007777
1968  46  0 123 141.8 0.007745
1968  47  0 120 142.5 0.007781
1968  48  0 133 138.6 0.007677
1968  49  0 110 135.2 0.007681
1968  50  0  92 137.5 0.007820
1968  51  0 102 138.6 0.007996
1968  52  0 112 148.5 0.008103
1968  53  0 116 151.8 0.008139
1968  54  0 132 156.5 0.008107
1968  55  0 169 164.6 0.008250
1968  56  0 228 177.4 0.008426
1968  57  0 212 183.9 0.008497
1968  58  0 178 175.7 0.008537
1968  59  0 176 170.7 0.008501
1968  60  0 170 167.4 0.008433
1968  61  0 153 162.8 0.008436
1968  62  0 156 164.4 0.008404
1968  63  0 130 150.8 0.008300
1968  64  0 122 144.5 0.008161
1968  65  0 109 137.8 0.008021
1968  66  0  95 136.0 0.007881
1968  67  0  82 131.6 0.007849
1968  68  0  95 124.1 0.007673
1968  69  0  92 122.8 0.007641
1968  70  0 105 124.1 0.007641
1968  71  0 120 128.3 0.007609
1968  72  0 123 130.4 0.007609
1968  73  0 126 127.8 0.007541
1968  74  0  95 127.9 0.007505
1968  75  0  84 125.9 0.007401
1968  76  0  65 128.2 0.007405
1968  77  0  84 135.2 0.007512
1968  78  0  84 132.2 0.007548
1968  79  0  75 130.1 0.007516
1968  80  0  85 129.6 0.007588
1968  81  0  99 140.0 0.007731
1968  82  0 129 142.2 0.007806
1968  83  0 160 145.5 0.007842
1968  84  0 187 154.4 0.007989
1968  85  0 202 156.0 0.008096
1968  86  0 200 156.8 0.008204
1968  87  0 207 159.2 0.008386
1968  88  0 195 157.1 0.008318
1968  89  0 180 156.2 0.008246
1968  90  0 218 160.3 0.008322
1968  91  0 190 155.8 0.008250
1968  92  0 173 143.8 0.008075
1968  93  0 153 144.1 0.007899
1968  94  0 139 137.1 0.007827
1968  95  0 136 131.7 0.007652
1968  96  0 126 129.1 0.007580
1968  97  0 120 125.1 0.007476
1968  98  0 112 124.7 0.007441
1968  99  0 116 130.7 0.007480
1968 100  0 133 141.1 0.007552
1968 101  0 147 142.8 0.007591
1968 102  0 135 138.4 0.007555
1968 103  0 118 142.7 0.007559
1968 104  0  85 141.9 0.007595
1968 105  0 136 138.3 0.007562
1968 106  0 156 140.0 0.007562
1968 107  0 161 141.0 0.007494
1968 108  0 129 132.2 0.007566
1968 109  0  89 127.7 0.007570
1968 110  0  75 125.3 0.007570
1968 111  0  89 122.4 0.007573
1968 112  0  91 123.4 0.007609
1968 113  0  96 115.6 0.007613
1968 114  0  71 111.7 0.007613
1968 115  0  68 117.5 0.007688
1968 116  0  91 119.9 0.007724
1968 117  0  71 114.3 0.007656
1968 118  0  81 119.1 0.007620
1968 119  0 116 128.4 0.007512
1968 120  0 101 128.0 0.007512
1968 121  0 136 132.8 0.007623
1968 122  0 178 144.8 0.007663
1968 123  0 204 148.2 0.007774
1968 124  0 202 156.3 0.007956
1968 125  0 195 154.5 0.008067
1968 126  0 180 156.0 0.008035
1968 127  0 201 148.5 0.007964
1968 128  0 191 145.4 0.007892
1968 129  0 181 141.6 0.007820
1968 130  0 173 139.8 0.007820
1968 131  0 166 139.7 0.007749
1968 132  0 150 133.5 0.007605
1968 133  0 116 127.3 0.007459
1968 134  0 129 128.3 0.007498
1968 135  0 113 138.2 0.007681
1968 136  0 135 141.8 0.007792
1968 137  0 146 150.7 0.007906
1968 138  0 161 166.5 0.008017
1968 139  0 193 178.4 0.008239
1968 140  0 195 185.3 0.008311
1968 141  0 198 193.6 0.008461
1968 142  0 201 194.6 0.008572
1968 143  0 202 190.3 0.008501
1968 144  0 211 185.7 0.008465
1968 145  0 234 182.6 0.008357
1968 146  0 207 181.0 0.008322
1968 147  0 171 177.1 0.008250
1968 148  0 197 170.9 0.008214
1968 149  0 188 158.1 0.008178
1968 150  0 191 150.9 0.008178
1968 151  0 178 151.3 0.008178
1968 152  0 193 148.9 0.008182
1968 153  0 197 152.0 0.008107
1968 154  0 190 145.4 0.008071
1968 155  0 171 143.8 0.008035
1968 156  0 161 144.0 0.008039
1968 157  0 163 138.3 0.008039
1968 158  0 183 145.5 0.008003
1968 159  0 195 152.2 0.007967
1968 160  0 169 154.6 0.008042
1968 161  0 146 149.0 0.008007
1968 162  0 140 147.9 0.008007
1968 163  0 123 146.5 0.008082
1968 164  0 149 143.4 0.008082
1968 165  0 153 143.4 0.008082
1968 166  0 161 139.5 0.008046
1968 167  0 152 139.7 0.008085
1968 168  0 146 138.2 0.008046
1968 169  0 160 139.6 0.008050
1968 170  0 171 143.2 0.008085
1968 171  0 152 147.5 0.008121
1968 172  0 146 151.5 0.008125
1968 173  0 153 157.2 0.008196
1968 174  0 133 154.6 0.008272
1968 175  0 143 163.8 0.008347
1968 176  0 160 157.5 0.008383
1968 177  0 157 154.0 0.008386
1968 178  0 152 146.2 0.008236
1968 179  0 144 147.6 0.008275
1968 180  0 157 142.8 0.008200
1968 181  0 133 139.1 0.008053
1968 182  0 125 135.9 0.007942
1968 183  0  78 128.3 0.007792
1968 184  0  52 120.3 0.007534
1968 185  0  43 117.2 0.007498
1968 186  0  37 116.0 0.007498
1968 187  0  40 119.4 0.007498
1968 188  0  58 120.1 0.007534
1968 189  0  76 135.0 0.007570
1968 190  0 126 147.1 0.007831
1968 191  0 129 153.6 0.007942
1968 192  0 140 157.0 0.007978
1968 193  0 176 162.8 0.008014
1968 194  0 215 166.1 0.008050
1968 195  0 208 155.6 0.008014
1968 196  0 195 155.9 0.007978
1968 197  0 174 147.9 0.007827
1968 198  0 183 149.5 0.007792
1968 199  0 166 143.6 0.007863
1968 200  0 136 135.2 0.007792
1968 201  0 144 135.3 0.007752
1968 202  0 132 133.9 0.007788
1968 203  0 132 133.0 0.007752
1968 204  0 122 139.0 0.007824
1968 205  0 132 146.1 0.008010
1968 206  0 143 152.7 0.008082
1968 207  0 176 158.2 0.008007
1968 208  0 184 154.4 0.007971
1968 209  0 180 146.8 0.007931
1968 210  0 167 143.6 0.007749
1968 211  0 183 144.3 0.007745
1968 212  0 163 138.6 0.007634
1968 213  0 132 134.7 0.007559
1968 214  0 139 134.2 0.007487
1968 215  0 129 134.2 0.007412
1968 216  0 130 140.9 0.007519
1968 217  0 133 135.6 0.007484
1968 218  0 133 135.9 0.007555
1968 219  0 135 148.0 0.007666
1968 220  0 142 139.8 0.007666
1968 221  0 160 141.8 0.007702
1968 222  0 139 146.7 0.007774
1968 223  0 127 146.6 0.007810
1968 224  0 147 150.7 0.007917
1968 225  0 164 161.6 0.007953
1968 226  0 201 170.8 0.008024
1968 227  0 234 185.1 0.008246
1968 228  0 244 185.7 0.008318
1968 229  0 241 179.0 0.008243
1968 230  0 227 169.2 0.008315
1968 231  0 210 164.8 0.008315
1968 232  0 193 159.8 0.008239
1968 233  0 173 159.9 0.008053
1968 234  0 195 158.6 0.008014
1968 235  0 202 153.8 0.007942
1968 236  0 178 137.7 0.007903
1968 237  0 153 130.8 0.007645
1968 238  0 122 124.2 0.007462
1968 239  0 109 118.0 0.007423
1968 240  0  95 114.5 0.007383
1968 241  0  69 119.4 0.007383
1968 242  0  91 121.7 0.007491
1968 243  0  96 125.5 0.007527
1968 244  0  89 123.5 0.007634
1968 245  0 110 129.5 0.007742
1968 246  0 116 134.2 0.007888
1968 247  0 169 142.8 0.008032
1968 248  0 167 143.2 0.008211
1968 249  0 157 139.6 0.008246
1968 250  0 136 136.0 0.008135
1968 251  0 127 141.1 0.008132
1968 252  0 150 149.4 0.008060
1968 253  0 181 149.4 0.008057
1968 254  0 195 156.2 0.008053
1968 255  0 205 152.5 0.008053
1968 256  0 212 156.0 0.008014
1968 257  0 217 150.6 0.007978
1968 258  0 160 146.7 0.007974
1968 259  0 125 135.7 0.007935
1968 260  0 119 132.0 0.007863
1968 261  0 115 131.5 0.007788
1968 262  0 120 128.7 0.007784
1968 263  0 125 127.3 0.007677
1968 264  0 119 127.4 0.007709
1968 265  0 127 133.6 0.007673
1968 266  0 140 127.5 0.007670
1968 267  0 167 126.8 0.007634
1968 268  0 211 143.0 0.007738
1968 269  0 265 158.1 0.007881
1968 270  0 261 160.0 0.008024
1968 271  0 249 157.8 0.008128
1968 272  0 211 158.8 0.008164
1968 273  0 194 154.0 0.008196
1968 274  0 129 144.3 0.008085
1968 275  0 106 136.5 0.007978
1968 276  0 103 136.3 0.007903
1968 277  0 153 145.2 0.007938
1968 278  0 169 146.1 0.007971
1968 279  0 167 147.9 0.007935
1968 280  0 178 145.3 0.007931
1968 281  0 191 146.9 0.007892
1968 282  0 159 141.6 0.007856
1968 283  0 123 137.3 0.007745
1968 284  0  99 134.6 0.007709
1968 285  0 135 133.9 0.007673
1968 286  0 140 136.8 0.007670
1968 287  0  99 127.2 0.007630
1968 288  0 108 132.1 0.007595
1968 289  0 127 137.0 0.007630
1968 290  0 125 137.2 0.007663
1968 291  0 116 142.5 0.007659
1968 292  0 153 149.6 0.007731
1968 293  0 159 153.7 0.007727
1968 294  0 161 155.5 0.007799
1968 295  0 173 163.3 0.007867
1968 296  0 190 164.8 0.007935
1968 297  0 193 167.0 0.007935
1968 298  0 197 173.3 0.008286
1968 299  0 195 171.7 0.008178
1968 300  0 188 172.5 0.008211
1968 301  0 195 172.8 0.008386
1968 302  0 167 171.0 0.008347
1968 303  0 161 191.1 0.008311
1968 304  0 159 163.9 0.008415
1968 305  0 140 159.5 0.008519
1968 306  0 126 153.4 0.008304
1968 307  0 108 151.5 0.008196
1968 308  0 108 146.1 0.008161
1968 309  0 115 140.3 0.008121
1968 310  0 137 132.9 0.007946
1968 311  0 130 131.4 0.007942
1968 312  0 130 129.1 0.007835
1968 313  0 126 133.1 0.007799
1968 314  0 149 135.4 0.007763
1968 315  0 157 135.2 0.007795
1968 316  0 150 132.6 0.007795
1968 317  0 133 129.3 0.007863
1968 318  0 133 131.5 0.007827
1968 319  0 120 131.3 0.007896
1968 320  0 119 133.5 0.007860
1968 321  0 119 127.6 0.007752
1968 322  0 116 140.5 0.007749
1968 323  0 109 148.0 0.007820
1968 324  0 113 141.3 0.007888
1968 325  0 130 139.1 0.007853
1968 326  0 119 133.8 0.007921
1968 327  0 115 131.0 0.008024
1968 328  0 108 132.3 0.008021
1968 329  0  95 134.2 0.008053
1968 330  0 113 135.3 0.008053
1968 331  0 126 135.2 0.008017
1968 332  0 123 134.1 0.007981
1968 333  0 103 129.6 0.007874
1968 334  0 103 128.2 0.007838
1968 335  0 118 128.6 0.007802
1968 336  0 147 140.2 0.007838
1968 337  0 154 149.9 0.007906
1968 338  0 160 149.6 0.008010
1968 339  0 164 147.9 0.007870
1968 340  0 167 146.6 0.007835
1968 341  0 166 142.9 0.007831
1968 342  0 164 140.2 0.007799
1968 343  0 173 141.8 0.007831
1968 344  0 184 145.6 0.007863
1968 345  0 166 148.0 0.007827
1968 346  0 143 143.6 0.007863
1968 347  0  96 139.0 0.007759
1968 348  0 106 131.5 0.007724
1968 349  0 115 134.3 0.007652
1968 350  0 119 134.1 0.007720
1968 351  0  95 127.0 0.007616
1968 352  0 109 130.2 0.007720
1968 353  0 132 133.9 0.007824
1968 354  0 143 141.9 0.007856
1968 355  0 144 144.7 0.007892
1968 356  0 152 147.1 0.007960
1968 357  0 161 147.3 0.008032
1968 358  0 161 146.3 0.008064
1968 359  0 177 154.0 0.008028
1968 360  0 185 155.3 0.008096
1968 361  0 198 154.0 0.008096
1968 362  0 210 163.5 0.008200
1968 363  0 197 150.7 0.008200
1968 364  0 197 147.2 0.008060
1968 365  0 169 144.2 0.008060
1968 366  0 166 139.6 0.007960
1969   1  0  96 139.9 0.007856
1969   2  0 106 142.1 0.007888
1969   3  0 102 144.1 0.007856
1969   4  0 139 154.5 0.007960
1969   5  0 166 162.5 0.007992
1969   6  0 181 178.9 0.008132
1969   7  0 207 183.0 0.008236
1969   8  0 219 183.1 0.008340
1969   9  0 215 183.3 0.008340
1969  10  0 212 169.3 0.008304
1969  11  0 195 168.5 0.008236
1969  12  0 194 163.1 0.008236
1969  13  0 176 157.2 0.008204
1969  14  0 169 153.3 0.008064
1969  15  0 164 154.1 0.007996
1969  16  0 164 152.8 0.007996
1969  17  0 142 149.1 0.007960
1969  18  0 120 144.3 0.007892
1969  19  0 103 131.6 0.007824
1969  20  0 108 128.0 0.007824
1969  21  0 120 131.9 0.007824
1969  22  0 149 133.9 0.007792
1969  23  0 125 124.8 0.007827
1969  24  0 137 130.8 0.007863
1969  25  0 146 134.1 0.007899
1969  26  0 142 142.2 0.007899
1969  27  0 120 131.5 0.007863
1969  28  0 112 129.6 0.007759
1969  29  0 116 129.2 0.007623
1969  30  0 113 126.1 0.007623
1969  31  0 123 126.4 0.007659
1969  32  0 130 129.8 0.007835
1969  33  0 136 139.0 0.007903
1969  34  0 139 139.1 0.007974
1969  35  0 122 137.8 0.008010
1969  36  0 133 138.9 0.007906
1969  37  0 143 138.5 0.007978
1969  38  0 173 140.3 0.008014
1969  39  0 154 134.3 0.007910
1969  40  0 144 133.3 0.007842
1969  41  0 120 129.6 0.007670
1969  42  0 105 128.9 0.007602
1969  43  0  91 124.6 0.007566
1969  44  0  78 126.2 0.007462
1969  45  0  76 125.0 0.007394
1969  46  0  99 124.8 0.007502
1969  47  0 123 128.0 0.007537
1969  48  0 147 134.3 0.007573
1969  49  0 143 139.4 0.007645
1969  50  0 178 150.0 0.007892
1969  51  0 201 159.1 0.007996
1969  52  0 239 169.2 0.008243
1969  53  0 280 184.7 0.008282
1969  54  0 293 201.4 0.008386
1969  55  0 304 205.8 0.008426
1969  56  0 295 207.1 0.008286
1969  57  0 268 194.7 0.008322
1969  58  0 242 197.1 0.008010
1969  59  0 219 180.5 0.007938
1969  60  0 187 165.6 0.007838
1969  61  0 157 152.0 0.007806
1969  62  0 146 147.8 0.007806
1969  63  0 149 143.9 0.007774
1969  64  0 153 135.9 0.007774
1969  65  0 166 139.4 0.007706
1969  66  0 163 138.1 0.007638
1969  67  0 153 137.3 0.007602
1969  68  0 160 141.8 0.007605
1969  69  0 152 137.8 0.007641
1969  70  0 143 136.0 0.007573
1969  71  0 120 138.5 0.007573
1969  72  0 125 134.0 0.007788
1969  73  0 127 139.0 0.007827
1969  74  0 161 161.8 0.008039
1969  75  0 224 174.9 0.008218
1969  76  0 241 200.1 0.008400
1969  77  0 280 210.9 0.008436
1969  78  0 272 208.5 0.008580
1969  79  0 278 213.7 0.008902
1969  80  0 293 230.8 0.009260
1969  81  0 276 222.5 0.009264
1969  82  0 222 205.8 0.008981
1969  83  0 207 195.4 0.008698
1969  84  0 201 181.1 0.008594
1969  85  0 211 191.2 0.008490
1969  86  0 195 177.7 0.008565
1969  87  0 198 177.5 0.008318
1969  88  0 201 181.9 0.008426
1969  89  0 205 182.9 0.008393
1969  90  0 195 185.5 0.008465
1969  91  0 221 188.7 0.008397
1969  92  0 202 191.4 0.008257
1969  93  0 202 189.8 0.008186
1969  94  0 173 177.3 0.008010
1969  95  0 143 175.7 0.008014
1969  96  0 110 162.6 0.007942
1969  97  0 116 154.2 0.007906
1969  98  0 109 147.6 0.007874
1969  99  0 127 143.8 0.007842
1969 100  0 120 148.9 0.007878
1969 101  0 130 150.8 0.007953
1969 102  0 129 155.5 0.008024
1969 103  0 173 172.5 0.008171
1969 104  0 211 179.4 0.008537
1969 105  0 215 181.2 0.008680
1969 106  0 204 167.1 0.008393
1969 107  0 219 154.7 0.008289
1969 108  0 210 146.8 0.008254
1969 109  0 181 146.4 0.008257
1969 110  0 176 149.3 0.008186
1969 111  0 173 157.2 0.007971
1969 112  0 127 147.8 0.008118
1969 113  0 113 144.1 0.007938
1969 114  0 115 144.7 0.007906
1969 115  0 115 147.7 0.007906
1969 116  0 110 143.7 0.007910
1969 117  0 110 135.0 0.007946
1969 118  0 102 134.9 0.007874
1969 119  0  96 128.2 0.007806
1969 120  0 102 129.1 0.007806
1969 121  0 127 125.0 0.007810
1969 122  0 109 127.8 0.007702
1969 123  0  99 131.9 0.007666
1969 124  0 103 135.5 0.007742
1969 125  0 125 154.1 0.007777
1969 126  0 101 138.2 0.007924
1969 127  0  81 129.8 0.007817
1969 128  0 123 138.5 0.007892
1969 129  0 115 135.4 0.007931
1969 130  0 142 137.7 0.007967
1969 131  0 177 150.1 0.008042
1969 132  0 211 160.3 0.008229
1969 133  0 219 154.1 0.008264
1969 134  0 239 157.7 0.008268
1969 135  0 207 158.8 0.008268
1969 136  0 171 159.4 0.008236
1969 137  0 176 164.1 0.008200
1969 138  0 166 162.4 0.008164
1969 139  0 170 157.6 0.008092
1969 140  0 174 159.0 0.008204
1969 141  0 231 170.7 0.008168
1969 142  0 252 177.4 0.008354
1969 143  0 280 172.8 0.008501
1969 144  0 290 171.4 0.008429
1969 145  0 258 168.5 0.008357
1969 146  0 251 163.7 0.008211
1969 147  0 205 153.5 0.007917
1969 148  0 193 143.2 0.007699
1969 149  0 125 122.6 0.007516
1969 150  0  76 116.7 0.007405
1969 151  0  71 111.9 0.007262
1969 152  0  45 113.3 0.007262
1969 153  0  67 121.2 0.007373
1969 154  0 105 133.4 0.007448
1969 155  0 109 159.0 0.007817
1969 156  0 164 177.8 0.008186
1969 157  0 222 196.4 0.008519
1969 158  0 265 222.2 0.008705
1969 159  0 269 238.4 0.008744
1969 160  0 262 235.8 0.008891
1969 161  0 272 243.5 0.009042
1969 162  0 276 246.6 0.009117
1969 163  0 265 236.7 0.008859
1969 164  0 252 228.7 0.008823
1969 165  0 235 223.5 0.008895
1969 166  0 211 200.5 0.008640
1969 167  0 190 174.7 0.008529
1969 168  0 149 157.2 0.008490
1969 169  0 144 153.9 0.008454
1969 170  0 122 147.0 0.008347
1969 171  0 137 144.9 0.008125
1969 172  0 119 139.7 0.008014
1969 173  0  79 133.1 0.007863
1969 174  0  61 131.6 0.007792
1969 175  0  61 128.9 0.007756
1969 176  0  72 120.2 0.007494
1969 177  0  40 117.2 0.007312
1969 178  0  50 114.2 0.007237
1969 179  0  69 118.3 0.007272
1969 180  0  89 123.8 0.007312
1969 181  0 101 136.8 0.007459
1969 182  0 177 149.2 0.007681
1969 183  0 190 162.1 0.007867
1969 184  0 236 167.5 0.008089
1969 185  0 227 169.2 0.008089
1969 186  0 205 166.6 0.008275
1969 187  0 184 165.2 0.008386
1969 188  0 174 166.7 0.008239
1969 189  0 173 165.2 0.008275
1969 190  0 173 165.8 0.008347
1969 191  0 170 164.4 0.008458
1969 192  0 170 158.1 0.008347
1969 193  0 159 151.4 0.008311
1969 194  0 139 145.1 0.008236
1969 195  0 112 134.3 0.008125
1969 196  0 109 126.5 0.007978
1969 197  0 106 126.1 0.007827
1969 198  0 110 124.2 0.007716
1969 199  0 103 119.9 0.007530
1969 200  0  93 118.1 0.007494
1969 201  0  86 115.4 0.007419
1969 202  0  88 115.7 0.007380
1969 203  0  85 115.1 0.007308
1969 204  0  78 116.5 0.007269
1969 205  0  78 115.7 0.007269
1969 206  0  75 117.8 0.007269
1969 207  0  75 119.2 0.007305
1969 208  0  81 126.3 0.007416
1969 209  0 112 135.1 0.007527
1969 210  0 135 137.1 0.007634
1969 211  0 154 147.0 0.007781
1969 212  0 194 167.0 0.008003
1969 213  0 248 175.7 0.008225
1969 214  0 258 192.5 0.008372
1969 215  0 251 188.8 0.008590
1969 216  0 255 192.9 0.008515
1969 217  0 242 187.7 0.008479
1969 218  0 217 171.9 0.008365
1969 219  0 197 163.1 0.008293
1969 220  0 161 150.3 0.008178
1969 221  0 153 145.5 0.008067
1969 222  0 149 139.3 0.007992
1969 223  0 122 135.9 0.007810
1969 224  0  99 128.6 0.007734
1969 225  0  88 123.1 0.007659
1969 226  0  84 117.5 0.007473
1969 227  0  88 115.5 0.007398
1969 228  0  71 112.3 0.007287
1969 229  0  58 107.9 0.007251
1969 230  0  50 105.2 0.007100
1969 231  0  45 103.9 0.007029
1969 232  0  40 109.5 0.007136
1969 233  0  55 116.2 0.007208
1969 234  0  68 121.0 0.007244
1969 235  0  88 133.2 0.007391
1969 236  0  96 146.0 0.007498
1969 237  0 109 154.8 0.007716
1969 238  0 129 156.4 0.007971
1969 239  0 147 167.8 0.008225
1969 240  0 166 171.5 0.008479
1969 241  0 202 177.6 0.008587
1969 242  0 195 169.6 0.008658
1969 243  0 171 163.8 0.008583
1969 244  0 149 156.3 0.008544
1969 245  0 133 155.2 0.008433
1969 246  0 115 151.7 0.008393
1969 247  0 105 150.5 0.008246
1969 248  0 101 138.2 0.007992
1969 249  0 102 135.7 0.007881
1969 250  0 101 128.3 0.007734
1969 251  0  95 124.1 0.007584
1969 252  0  72 117.3 0.007441
1969 253  0  72 116.6 0.007330
1969 254  0  95 119.0 0.007254
1969 255  0 103 120.7 0.007362
1969 256  0 129 131.2 0.007434
1969 257  0 135 129.8 0.007430
1969 258  0 161 135.3 0.007430
1969 259  0 167 134.2 0.007502
1969 260  0 174 133.3 0.007570
1969 261  0 171 134.4 0.007605
1969 262  0 126 131.5 0.007605
1969 263  0  92 136.5 0.007673
1969 264  0 106 137.8 0.007709
1969 265  0 126 140.5 0.007777
1969 266  0 129 145.5 0.007849
1969 267  0 139 159.7 0.008028
1969 268  0 169 169.3 0.008239
1969 269  0 180 158.9 0.008239
1969 270  0 174 151.3 0.008200
1969 271  0 166 142.7 0.008017
1969 272  0 152 139.9 0.007981
1969 273  0 140 137.0 0.007763
1969 274  0 140 133.9 0.007691
1969 275  0 143 143.2 0.007724
1969 276  0 140 132.5 0.007688
1969 277  0 140 132.2 0.007613
1969 278  0 154 140.9 0.007577
1969 279  0 170 143.2 0.007609
1969 280  0 174 145.0 0.007537
1969 281  0 154 150.1 0.007570
1969 282  0 132 141.7 0.007570
1969 283  0 120 136.7 0.007530
1969 284  0 102 130.1 0.007530
1969 285  0  85 128.0 0.007455
1969 286  0  81 124.3 0.007383
1969 287  0  89 119.1 0.007344
1969 288  0  76 117.7 0.007344
1969 289  0  67 115.4 0.007308
1969 290  0  59 122.3 0.007340
1969 291  0  64 128.8 0.007408
1969 292  0  71 145.8 0.007656
1969 293  0 123 161.9 0.008046
1969 294  0 144 177.0 0.008042
1969 295  0 160 186.2 0.008146
1969 296  0 180 193.1 0.008357
1969 297  0 194 204.5 0.008461
1969 298  0 200 204.0 0.008426
1969 299  0 205 204.6 0.008529
1969 300  0 205 200.8 0.008422
1969 301  0 185 189.6 0.008383
1969 302  0 170 172.5 0.008311
1969 303  0 147 161.7 0.008132
1969 304  0 123 153.9 0.008024
1969 305  0 116 139.4 0.007917
1969 306  0  96 138.9 0.007774
1969 307  0 118 126.7 0.007702
1969 308  0 122 129.6 0.007595
1969 309  0 125 130.0 0.007627
1969 310  0 139 131.9 0.007591
1969 311  0 137 135.8 0.007591
1969 312  0 126 130.4 0.007519
1969 313  0 133 127.7 0.007552
1969 314  0 120 122.8 0.007552
1969 315  0 115 122.0 0.007408
1969 316  0 108 122.3 0.007408
1969 317  0  95 126.6 0.007405
1969 318  0  95 134.1 0.007473
1969 319  0  96 137.9 0.007473
1969 320  0  95 145.5 0.007401
1969 321  0 106 160.1 0.007577
1969 322  0 122 177.2 0.007749
1969 323  0 133 185.2 0.007853
1969 324  0 174 188.9 0.007853
1969 325  0 180 198.2 0.007781
1969 326  0 187 205.3 0.007849
1969 327  0 183 209.5 0.007881
1969 328  0 169 200.7 0.007917
1969 329  0 167 185.7 0.008017
1969 330  0 160 175.3 0.007913
1969 331  0 154 172.8 0.008017
1969 332  0 144 156.8 0.008014
1969 333  0 130 141.5 0.007874
1969 334  0 127 136.5 0.007770
1969 335  0 129 130.2 0.007734
1969 336  0 152 131.5 0.007802
1969 337  0 144 131.7 0.007799
1969 338  0 146 138.9 0.007799
1969 339  0 135 133.3 0.007799
1969 340  0  99 123.4 0.007623
1969 341  0  75 120.7 0.007519
1969 342  0  61 112.1 0.007448
1969 343  0  62 116.1 0.007276
1969 344  0  55 114.8 0.007272
1969 345  0  40 117.9 0.007240
1969 346  0  72 122.3 0.007237
1969 347  0 105 129.6 0.007308
1969 348  0 133 132.7 0.007376
1969 349  0 137 135.9 0.007548
1969 350  0 137 136.9 0.007720
1969 351  0 140 144.1 0.007824
1969 352  0 132 144.1 0.007860
1969 353  0 125 147.2 0.007892
1969 354  0 136 154.2 0.007960
1969 355  0 164 160.3 0.008064
1969 356  0 191 163.0 0.007960
1969 357  0 173 156.3 0.007960
1969 358  0 183 152.9 0.007820
1969 359  0 194 153.6 0.007784
1969 360  0 185 151.0 0.007784
1969 361  0 193 146.9 0.007752
1969 362  0 197 149.0 0.007716
1969 363  0 215 153.4 0.007784
1969 364  0 215 157.9 0.007856
1969 365  0 173 151.3 0.007888
1970   1  0 163 159.0 0.007820
1970   2  0 118 144.5 0.007681
1970   3  0 110 137.1 0.007648
1970   4  0  98 131.5 0.007509
1970   5  0  93 126.5 0.007369
1970   6  0  81 117.6 0.007301
1970   7  0  43 113.0 0.007197
1970   8  0  52 113.3 0.007197
1970   9  0  84 119.6 0.007265
1970  10  0 119 134.5 0.007473
1970  11  0 150 160.1 0.007716
1970  12  0 195 171.6 0.007924
1970  13  0 205 172.9 0.008132
1970  14  0 227 171.8 0.008272
1970  15  0 219 180.0 0.008375
1970  16  0 205 174.3 0.008515
1970  17  0 227 180.6 0.008479
1970  18  0 238 179.4 0.008483
1970  19  0 234 175.3 0.008447
1970  20  0 188 168.4 0.008343
1970  21  0 167 177.0 0.008207
1970  22  0 147 160.5 0.008139
1970  23  0 112 153.4 0.007999
1970  24  0 103 143.6 0.007863
1970  25  0 139 149.5 0.007899
1970  26  0 174 156.4 0.008003
1970  27  0 184 163.0 0.007967
1970  28  0 221 162.0 0.007831
1970  29  0 218 163.3 0.007795
1970  30  0 195 154.8 0.007727
1970  31  0 185 143.4 0.007591
1970  32  0 171 134.6 0.007451
1970  33  0 136 133.1 0.007348
1970  34  0 116 123.7 0.007280
1970  35  0  96 119.4 0.007211
1970  36  0 102 121.0 0.007315
1970  37  0 132 131.9 0.007455
1970  38  0 147 139.4 0.007630
1970  39  0 144 152.6 0.007806
1970  40  0 174 154.1 0.007981
1970  41  0 188 170.3 0.008089
1970  42  0 248 184.3 0.008193
1970  43  0 217 201.0 0.008404
1970  44  0 205 197.6 0.008544
1970  45  0 176 196.2 0.008547
1970  46  0 163 201.6 0.008619
1970  47  0 197 193.3 0.008551
1970  48  0 201 193.9 0.008411
1970  49  0 202 197.7 0.008447
1970  50  0 170 198.5 0.008415
1970  51  0 177 196.5 0.008347
1970  52  0 181 191.1 0.008383
1970  53  0 187 183.0 0.008386
1970  54  0 232 183.9 0.008386
1970  55  0 235 185.9 0.008286
1970  56  0 245 179.6 0.008182
1970  57  0 202 178.3 0.008146
1970  58  0 212 176.9 0.008186
1970  59  0 207 174.1 0.008114
1970  60  0 194 175.7 0.008085
1970  61  0 183 173.0 0.008085
1970  62  0 160 167.3 0.008089
1970  63  0 152 165.3 0.008229
1970  64  0 152 169.8 0.008304
1970  65  0 146 167.8 0.008340
1970  66  0 157 168.4 0.008379
1970  67  0 167 172.8 0.008451
1970  68  0 170 164.4 0.008522
1970  69  0 177 158.3 0.008383
1970  70  0 146 156.3 0.008315
1970  71  0 125 164.4 0.008282
1970  72  0 147 152.4 0.008250
1970  73  0 119 147.3 0.008075
1970  74  0  92 144.9 0.007899
1970  75  0  68 139.0 0.007795
1970  76  0  41 133.7 0.007759
1970  77  0  58 133.5 0.007763
1970  78  0  68 130.2 0.007763
1970  79  0 132 141.1 0.007767
1970  80  0 163 149.7 0.007874
1970  81  0 173 150.9 0.008017
1970  82  0 191 164.9 0.008164
1970  83  0 198 169.8 0.008092
1970  84  0 201 167.2 0.007989
1970  85  0 173 166.4 0.008028
1970  86  0 163 159.2 0.007921
1970  87  0 156 153.8 0.007853
1970  88  0 146 153.1 0.007856
1970  89  0 157 149.4 0.007856
1970  90  0 143 149.3 0.007824
1970  91  0 159 160.8 0.007931
1970  92  0 149 167.1 0.007971
1970  93  0 171 163.5 0.007971
1970  94  0 164 170.4 0.008118
1970  95  0 170 179.4 0.008515
1970  96  0 163 192.9 0.008730
1970  97  0 174 193.4 0.008755
1970  98  0 208 203.1 0.009310
1970  99  0 244 218.5 0.009457
1970 100  0 266 224.7 0.009425
1970 101  0 259 206.4 0.009102
1970 102  0 231 198.5 0.009106
1970 103  0 200 185.3 0.008784
1970 104  0 176 173.8 0.008501
1970 105  0 150 163.6 0.008286
1970 106  0 130 152.2 0.008071
1970 107  0 116 148.0 0.007964
1970 108  0  96 141.9 0.007892
1970 109  0  95 135.7 0.007824
1970 110  0  92 131.2 0.007788
1970 111  0  91 126.3 0.007792
1970 112  0  81 128.6 0.007827
1970 113  0  95 130.1 0.007795
1970 114  0 127 130.1 0.007795
1970 115  0 132 134.8 0.007763
1970 116  0 115 135.3 0.007727
1970 117  0 125 138.0 0.007691
1970 118  0 150 148.6 0.007802
1970 119  0 159 156.1 0.007913
1970 120  0 164 153.3 0.008060
1970 121  0 167 159.5 0.008207
1970 122  0 167 160.7 0.008211
1970 123  0 173 163.5 0.008357
1970 124  0 169 162.3 0.008397
1970 125  0 160 167.9 0.008361
1970 126  0 163 163.3 0.008146
1970 127  0 139 162.4 0.008110
1970 128  0 123 156.7 0.008110
1970 129  0 127 154.9 0.008114
1970 130  0 157 162.8 0.008078
1970 131  0 187 176.2 0.008078
1970 132  0 190 180.3 0.008229
1970 133  0 201 193.1 0.008411
1970 134  0 205 196.8 0.008451
1970 135  0 225 206.3 0.008454
1970 136  0 228 206.0 0.008490
1970 137  0 239 197.0 0.008565
1970 138  0 245 194.6 0.008640
1970 139  0 249 197.4 0.008716
1970 140  0 207 183.9 0.008572
1970 141  0 202 174.9 0.008501
1970 142  0 177 170.3 0.008390
1970 143  0 150 163.7 0.008282
1970 144  0 173 162.6 0.008246
1970 145  0 156 160.6 0.008211
1970 146  0 177 162.8 0.008286
1970 147  0 178 155.2 0.008397
1970 148  0 150 153.8 0.008325
1970 149  0 167 158.5 0.008436
1970 150  0 164 163.7 0.008476
1970 151  0 180 165.2 0.008440
1970 152  0 144 145.6 0.008257
1970 153  0 130 141.8 0.008182
1970 154  0  91 133.4 0.008075
1970 155  0  89 131.7 0.007999
1970 156  0  84 132.9 0.007928
1970 157  0  81 130.0 0.007856
1970 158  0  82 134.5 0.007892
1970 159  0  86 134.2 0.007967
1970 160  0  85 138.2 0.008007
1970 161  0 130 145.9 0.008007
1970 162  0 173 169.5 0.008007
1970 163  0 195 171.7 0.008340
1970 164  0 217 200.3 0.008712
1970 165  0 234 207.4 0.008895
1970 166  0 238 209.2 0.008748
1970 167  0 217 198.6 0.008712
1970 168  0 210 190.6 0.008716
1970 169  0 190 181.8 0.008640
1970 170  0 149 175.1 0.008569
1970 171  0 140 163.3 0.008494
1970 172  0 136 160.6 0.008418
1970 173  0 136 150.1 0.008311
1970 174  0 123 143.7 0.008311
1970 175  0 144 142.3 0.008311
1970 176  0 178 149.3 0.008347
1970 177  0 180 151.4 0.008458
1970 178  0 161 160.0 0.008497
1970 179  0 160 160.5 0.008461
1970 180  0 176 168.0 0.008497
1970 181  0 180 174.8 0.008386
1970 182  0 194 179.9 0.008461
1970 183  0 217 189.0 0.008572
1970 184  0 219 194.6 0.008794
1970 185  0 225 195.0 0.008755
1970 186  0 234 191.0 0.008683
1970 187  0 228 186.4 0.008533
1970 188  0 177 166.3 0.008497
1970 189  0 163 160.4 0.008275
1970 190  0 147 148.4 0.008200
1970 191  0 127 143.8 0.008125
1970 192  0 115 137.7 0.007978
1970 193  0 105 135.4 0.007827
1970 194  0 112 130.7 0.007792
1970 195  0  96 126.3 0.007827
1970 196  0  86 121.9 0.007792
1970 197  0  86 121.4 0.007716
1970 198  0  84 125.9 0.007681
1970 199  0  79 131.0 0.007677
1970 200  0 130 135.8 0.007752
1970 201  0 130 136.4 0.007752
1970 202  0 170 150.6 0.007788
1970 203  0 173 163.8 0.007974
1970 204  0 150 158.7 0.008046
1970 205  0 156 164.0 0.008046
1970 206  0 173 169.0 0.008229
1970 207  0 195 176.3 0.008451
1970 208  0 217 185.9 0.008597
1970 209  0 207 182.1 0.008597
1970 210  0 217 161.0 0.008486
1970 211  0 173 156.1 0.008264
1970 212  0 153 141.5 0.008150
1970 213  0 109 134.0 0.008039
1970 214  0  96 128.5 0.008003
1970 215  0  91 127.9 0.007888
1970 216  0  84 127.4 0.007742
1970 217  0  92 128.4 0.007666
1970 218  0  96 128.0 0.007555
1970 219  0 102 128.2 0.007591
1970 220  0 116 131.8 0.007663
1970 221  0 108 138.3 0.007699
1970 222  0 101 137.3 0.007774
1970 223  0 106 127.2 0.007659
1970 224  0 103 136.9 0.007734
1970 225  0 130 149.7 0.007770
1970 226  0 133 167.0 0.007802
1970 227  0 153 169.1 0.007878
1970 228  0 142 162.5 0.007913
1970 229  0 140 151.6 0.007838
1970 230  0 153 149.0 0.007763
1970 231  0 160 145.4 0.007870
1970 232  0 166 148.6 0.007870
1970 233  0 166 142.8 0.007906
1970 234  0 153 141.7 0.008125
1970 235  0 143 146.2 0.008014
1970 236  0 164 140.2 0.008085
1970 237  0 161 136.5 0.008010
1970 238  0 154 135.7 0.007935
1970 239  0 129 137.2 0.007931
1970 240  0 143 141.6 0.007931
1970 241  0 161 148.7 0.008039
1970 242  0 170 149.0 0.008075
1970 243  0 157 154.5 0.008110
1970 244  0 139 154.1 0.008071
1970 245  0 147 156.7 0.008107
1970 246  0 156 163.2 0.008178
1970 247  0 163 163.4 0.008139
1970 248  0 170 162.3 0.008100
1970 249  0 188 161.5 0.008171
1970 250  0 193 164.4 0.008132
1970 251  0 177 156.9 0.008132
1970 252  0 164 157.2 0.008057
1970 253  0 146 143.9 0.008017
1970 254  0 116 134.4 0.007906
1970 255  0 108 126.1 0.007870
1970 256  0 103 120.1 0.007688
1970 257  0 108 121.9 0.007577
1970 258  0 106 118.0 0.007573
1970 259  0  96 118.4 0.007502
1970 260  0  92 116.9 0.007426
1970 261  0 106 120.7 0.007426
1970 262  0 139 134.7 0.007423
1970 263  0 161 146.9 0.007638
1970 264  0 183 149.4 0.007853
1970 265  0 154 155.2 0.007960
1970 266  0 147 161.6 0.008064
1970 267  0 183 156.0 0.008100
1970 268  0 161 155.8 0.008168
1970 269  0 152 155.9 0.008060
1970 270  0 123 145.0 0.008021
1970 271  0 120 144.5 0.007946
1970 272  0 115 138.7 0.007838
1970 273  0 109 134.7 0.007763
1970 274  0  89 128.7 0.007656
1970 275  0  81 125.4 0.007616
1970 276  0  61 126.0 0.007580
1970 277  0  78 137.3 0.007577
1970 278  0 106 134.5 0.007613
1970 279  0  75 128.0 0.007609
1970 280  0 102 133.3 0.007573
1970 281  0 108 142.0 0.007605
1970 282  0 110 144.9 0.007677
1970 283  0 112 147.6 0.007781
1970 284  0 106 142.8 0.007742
1970 285  0 113 135.4 0.007670
1970 286  0 119 131.8 0.007702
1970 287  0 123 134.9 0.007810
1970 288  0 123 140.2 0.008021
1970 289  0 133 134.0 0.007806
1970 290  0 119 131.5 0.007695
1970 291  0 108 138.5 0.007802
1970 292  0 118 139.0 0.007835
1970 293  0  99 137.2 0.007831
1970 294  0  98 136.5 0.007795
1970 295  0 103 135.0 0.007759
1970 296  0 126 149.0 0.007827
1970 297  0 142 161.2 0.007896
1970 298  0 157 168.6 0.008035
1970 299  0 166 187.1 0.008211
1970 300  0 201 191.8 0.008207
1970 301  0 185 190.3 0.008243
1970 302  0 197 189.0 0.008132
1970 303  0 178 175.2 0.008096
1970 304  0 166 168.6 0.008164
1970 305  0 122 163.3 0.008164
1970 306  0 116 159.1 0.008125
1970 307  0 113 153.2 0.008089
1970 308  0 110 148.3 0.008017
1970 309  0  95 147.5 0.008085
1970 310  0 126 149.8 0.008118
1970 311  0 122 150.6 0.007906
1970 312  0  98 141.1 0.007799
1970 313  0 109 141.9 0.007763
1970 314  0 110 147.8 0.007759
1970 315  0 137 155.6 0.007863
1970 316  0 126 165.1 0.007935
1970 317  0 149 179.1 0.008143
1970 318  0 166 186.4 0.008279
1970 319  0 177 200.0 0.008315
1970 320  0 188 193.5 0.008275
1970 321  0 191 184.1 0.008135
1970 322  0 191 193.1 0.008483
1970 323  0 187 185.5 0.008411
1970 324  0 181 173.7 0.008164
1970 325  0 169 163.3 0.008096
1970 326  0 149 154.2 0.007989
1970 327  0 136 142.4 0.007917
1970 328  0 109 133.9 0.007810
1970 329  0  88 127.9 0.007706
1970 330  0  92 129.3 0.007634
1970 331  0 105 135.1 0.007774
1970 332  0 126 148.9 0.007910
1970 333  0 110 148.4 0.007874
1970 334  0 146 152.5 0.007910
1970 335  0 129 146.4 0.007942
1970 336  0 110 148.4 0.008010
1970 337  0 110 148.1 0.008078
1970 338  0 108 154.0 0.008078
1970 339  0 125 161.9 0.008110
1970 340  0 127 167.5 0.008214
1970 341  0 129 166.5 0.008178
1970 342  0 142 167.3 0.008143
1970 343  0 136 171.5 0.008211
1970 344  0 156 170.9 0.008315
1970 345  0 170 172.6 0.008454
1970 346  0 156 178.4 0.008554
1970 347  0 127 164.3 0.008383
1970 348  0 120 154.6 0.008275
1970 349  0 119 154.1 0.008171
1970 350  0  96 146.7 0.007999
1970 351  0  89 146.8 0.007964
1970 352  0 112 151.6 0.007860
1970 353  0 135 152.4 0.007892
1970 354  0 147 155.6 0.007928
1970 355  0 143 146.3 0.007824
1970 356  0 137 136.8 0.007684
1970 357  0 120 132.1 0.007580
1970 358  0  93 124.4 0.007545
1970 359  0 106 124.0 0.007441
1970 360  0  91 122.3 0.007405
1970 361  0  75 119.8 0.007369
1970 362  0  71 117.3 0.007369
1970 363  0  84 123.4 0.007405
1970 364  0 105 129.0 0.007473
1970 365  0  96 133.3 0.007509
1971   1  0  96 130.5 0.007473
1971   2  0  95 134.8 0.007509
1971   3  0  92 134.7 0.007613
1971   4  0  98 140.2 0.007716
1971   5  0  89 146.1 0.007749
1971   6  0  91 146.9 0.007716
1971   7  0  95 150.2 0.007856
1971   8  0 112 149.1 0.007960
1971   9  0 126 152.8 0.008028
1971  10  0 113 152.1 0.007924
1971  11  0 108 149.0 0.007888
1971  12  0 129 150.5 0.007856
1971  13  0 116 148.1 0.007716
1971  14  0 110 153.9 0.007788
1971  15  0  91 153.7 0.007684
1971  16  0  95 156.4 0.007648
1971  17  0 108 155.3 0.007684
1971  18  0 144 160.3 0.007720
1971  19  0 154 165.8 0.007684
1971  20  0 170 169.2 0.007616
1971  21  0 185 178.7 0.007756
1971  22  0 177 180.6 0.007896
1971  23  0 170 182.9 0.007931
1971  24  0 170 177.0 0.007999
1971  25  0 159 168.6 0.007967
1971  26  0 154 164.9 0.007795
1971  27  0 171 166.7 0.007724
1971  28  0 154 166.2 0.007656
1971  29  0 153 160.7 0.007727
1971  30  0 135 163.0 0.007727
1971  31  0 146 170.1 0.007835
1971  32  0 127 165.6 0.007938
1971  33  0 120 160.5 0.007974
1971  34  0 115 154.7 0.007906
1971  35  0 113 148.6 0.007870
1971  36  0 103 144.7 0.007767
1971  37  0 110 143.7 0.007666
1971  38  0 116 133.4 0.007562
1971  39  0  91 123.2 0.007459
1971  40  0  64 110.4 0.007179
1971  41  0  57 109.5 0.007075
1971  42  0  88 109.7 0.007043
1971  43  0  81 110.5 0.007079
1971  44  0  92 113.2 0.007183
1971  45  0  91 114.8 0.007151
1971  46  0  98 117.1 0.007186
1971  47  0  98 129.8 0.007434
1971  48  0 101 132.6 0.007537
1971  49  0 115 130.4 0.007609
1971  50  0 136 138.5 0.007681
1971  51  0 137 136.2 0.007752
1971  52  0 143 136.1 0.007648
1971  53  0 147 143.6 0.007580
1971  54  0 144 143.2 0.007580
1971  55  0 143 147.5 0.007724
1971  56  0 139 146.4 0.007584
1971  57  0 123 143.2 0.007516
1971  58  0 120 140.0 0.007516
1971  59  0 119 136.6 0.007484
1971  60  0 118 129.2 0.007416
1971  61  0 132 125.8 0.007348
1971  62  0 119 121.7 0.007348
1971  63  0 102 116.0 0.007351
1971  64  0  89 113.7 0.007315
1971  65  0  74 109.1 0.007211
1971  66  0  68 105.2 0.007143
1971  67  0  62 104.0 0.007075
1971  68  0  52 104.5 0.007040
1971  69  0  58 107.0 0.007040
1971  70  0  69 109.5 0.007115
1971  71  0  96 115.3 0.007115
1971  72  0 108 112.5 0.007151
1971  73  0 101 111.7 0.007190
1971  74  0 102 110.3 0.007226
1971  75  0 112 114.5 0.007297
1971  76  0 112 116.1 0.007369
1971  77  0 108 114.2 0.007373
1971  78  0  91 109.1 0.007301
1971  79  0  75 106.3 0.007269
1971  80  0  82 112.6 0.007237
1971  81  0  78 112.4 0.007201
1971  82  0  72 108.2 0.007129
1971  83  0  72 107.8 0.007097
1971  84  0  68 108.3 0.007097
1971  85  0  71 107.8 0.007065
1971  86  0  78 108.5 0.007029
1971  87  0  74 106.2 0.007032
1971  88  0  69 103.4 0.006961
1971  89  0  76 100.9 0.007000
1971  90  0  76 102.9 0.006857
1971  91  0  82 100.5 0.006893
1971  92  0  81 107.6 0.006968
1971  93  0  84 109.0 0.007004
1971  94  0  79 107.7 0.007007
1971  95  0  88 108.3 0.007007
1971  96  0  82 107.3 0.006972
1971  97  0  84 113.2 0.007047
1971  98  0  86 110.1 0.007154
1971  99  0  67 108.9 0.007122
1971 100  0  76 109.8 0.007194
1971 101  0  72 124.1 0.007269
1971 102  0 120 129.7 0.007451
1971 103  0 146 139.6 0.007666
1971 104  0 177 141.0 0.007813
1971 105  0 174 140.0 0.007817
1971 106  0 154 139.6 0.007817
1971 107  0 144 139.9 0.007820
1971 108  0 144 137.2 0.007856
1971 109  0 156 138.4 0.007860
1971 110  0 150 136.8 0.007716
1971 111  0 139 128.9 0.007466
1971 112  0 116 120.5 0.007287
1971 113  0  78 117.5 0.007215
1971 114  0  71 109.1 0.007143
1971 115  0  68 106.0 0.007036
1971 116  0  75 104.8 0.007000
1971 117  0  72 101.7 0.006929
1971 118  0  69  97.5 0.006932
1971 119  0  64  95.8 0.006825
1971 120  0  51  94.8 0.006825
1971 121  0  67  95.3 0.006861
1971 122  0  69  99.6 0.006864
1971 123  0  76 106.2 0.006864
1971 124  0  86 112.6 0.006975
1971 125  0  93 117.9 0.007158
1971 126  0  93 125.6 0.007197
1971 127  0 102 131.1 0.007308
1971 128  0  99 132.7 0.007344
1971 129  0  98 138.3 0.007455
1971 130  0 103 135.8 0.007530
1971 131  0 101 135.3 0.007530
1971 132  0 105 130.2 0.007570
1971 133  0 110 125.0 0.007570
1971 134  0 110 122.3 0.007534
1971 135  0 108 118.0 0.007502
1971 136  0 105 116.1 0.007426
1971 137  0  92 112.8 0.007430
1971 138  0  79 111.2 0.007247
1971 139  0  68 109.8 0.007100
1971 140  0  64 106.0 0.007065
1971 141  0  61 102.0 0.006957
1971 142  0  50  93.4 0.006775
1971 143  0  29  89.7 0.006739
1971 144  0  29  88.9 0.006664
1971 145  0  39  92.3 0.006703
1971 146  0  51  93.7 0.006739
1971 147  0  69 103.9 0.006778
1971 148  0  91 107.0 0.006889
1971 149  0  95 108.5 0.006964
1971 150  0  96 110.3 0.006964
1971 151  0  89 111.6 0.007004
1971 152  0  69 110.1 0.007040
1971 153  0  86 108.3 0.007115
1971 154  0  85 107.8 0.007115
1971 155  0  78 107.3 0.007154
1971 156  0  61 106.2 0.007190
1971 157  0  40 105.0 0.007154
1971 158  0  41 101.5 0.007190
1971 159  0  54 101.8 0.007194
1971 160  0  40 100.9 0.007154
1971 161  0  35  97.5 0.007047
1971 162  0  37  96.0 0.006896
1971 163  0  43  93.3 0.006789
1971 164  0  33  93.7 0.006753
1971 165  0  45  94.0 0.006714
1971 166  0  29  91.3 0.006678
1971 167  0  51  90.8 0.006678
1971 168  0  57  93.1 0.006678
1971 169  0  57  95.4 0.006789
1971 170  0  40  94.6 0.006753
1971 171  0  50  94.2 0.006753
1971 172  0  50  95.2 0.006717
1971 173  0  54  98.4 0.006717
1971 174  0  69  94.9 0.006753
1971 175  0  82 105.3 0.006828
1971 176  0  98 110.1 0.006903
1971 177  0 125 115.9 0.006939
1971 178  0 146 122.5 0.007161
1971 179  0 150 131.1 0.007272
1971 180  0 156 141.1 0.007459
1971 181  0 159 148.8 0.007681
1971 182  0 135 145.1 0.007459
1971 183  0 137 139.4 0.007276
1971 184  0 139 130.5 0.007201
1971 185  0 135 134.7 0.007165
1971 186  0 119 134.6 0.007126
1971 187  0 112 127.0 0.007050
1971 188  0 105 122.5 0.007014
1971 189  0  96 116.7 0.006979
1971 190  0  82 107.7 0.006939
1971 191  0  64 108.5 0.006868
1971 192  0  68 108.7 0.006903
1971 193  0  82 109.6 0.006903
1971 194  0  76 111.2 0.006903
1971 195  0  86 113.9 0.007014
1971 196  0 116 125.6 0.007086
1971 197  0 132 125.3 0.007237
1971 198  0 123 121.5 0.007197
1971 199  0 110 121.0 0.007197
1971 200  0 147 126.9 0.007308
1971 201  0 129 118.8 0.007308
1971 202  0 137 113.6 0.007197
1971 203  0 164 115.7 0.007158
1971 204  0 118 121.3 0.007158
1971 205  0 159 134.5 0.007194
1971 206  0 159 121.4 0.007194
1971 207  0 119 122.3 0.007158
1971 208  0 106 119.0 0.007158
1971 209  0 102 116.7 0.007194
1971 210  0  99 114.3 0.007154
1971 211  0 102 116.3 0.007118
1971 212  0  98 113.2 0.007154
1971 213  0 102 109.7 0.007154
1971 214  0  86 109.2 0.007115
1971 215  0  82 106.4 0.007079
1971 216  0  68 106.4 0.007040
1971 217  0  64 106.9 0.007004
1971 218  0  54 105.0 0.006964
1971 219  0  62 102.6 0.007000
1971 220  0  82 108.6 0.007036
1971 221  0  88 112.1 0.007036
1971 222  0  91 109.7 0.007036
1971 223  0  88 104.7 0.006961
1971 224  0  85 102.1 0.006925
1971 225  0  84 101.9 0.006886
1971 226  0  82 100.7 0.006886
1971 227  0  74  97.3 0.006846
1971 228  0  69  98.8 0.006846
1971 229  0  74 103.6 0.006882
1971 230  0  89 110.5 0.006993
1971 231  0  92 126.2 0.007100
1971 232  0 119 141.1 0.007355
1971 233  0 144 150.3 0.007502
1971 234  0 142 151.2 0.007462
1971 235  0 153 148.6 0.007609
1971 236  0 137 157.6 0.007462
1971 237  0 129 143.5 0.007423
1971 238  0 116 138.8 0.007387
1971 239  0  81 135.3 0.007312
1971 240  0  57 123.6 0.007201
1971 241  0  41 112.0 0.007054
1971 242  0  31 103.3 0.006868
1971 243  0  31  96.3 0.006796
1971 244  0  32  90.3 0.006757
1971 245  0  28  90.1 0.006646
1971 246  0  37  92.5 0.006646
1971 247  0  41  92.6 0.006717
1971 248  0  59  95.2 0.006753
1971 249  0 101 101.8 0.006825
1971 250  0 105 107.3 0.006789
1971 251  0  84 103.5 0.006821
1971 252  0  67  98.3 0.006714
1971 253  0  32  91.8 0.006603
1971 254  0  24  89.3 0.006563
1971 255  0  39  91.6 0.006599
1971 256  0  64  98.9 0.006635
1971 257  0  85 108.1 0.006742
1971 258  0 102 113.5 0.006814
1971 259  0  91 112.5 0.006850
1971 260  0 113 116.5 0.006957
1971 261  0 120 116.6 0.007029
1971 262  0 103 113.1 0.007097
1971 263  0  85 110.3 0.007097
1971 264  0  88 109.2 0.007093
1971 265  0  98 110.3 0.007093
1971 266  0  86 108.1 0.007057
1971 267  0  51 106.3 0.007054
1971 268  0  43 109.2 0.006946
1971 269  0  37 111.9 0.006943
1971 270  0  57 116.6 0.007014
1971 271  0  79 116.6 0.006975
1971 272  0  88 114.8 0.006975
1971 273  0  99 116.9 0.006939
1971 274  0  89 114.6 0.006900
1971 275  0  82 114.2 0.006972
1971 276  0  68 113.4 0.007004
1971 277  0  52 109.1 0.006825
1971 278  0  74 106.1 0.006717
1971 279  0  59 102.4 0.006678
1971 280  0  61  98.3 0.006678
1971 281  0  62  98.1 0.006642
1971 282  0  57  99.5 0.006603
1971 283  0  52  95.4 0.006603
1971 284  0  37  94.5 0.006603
1971 285  0  50  94.9 0.006671
1971 286  0  47  91.0 0.006635
1971 287  0  43  89.9 0.006599
1971 288  0  31  89.8 0.006703
1971 289  0  35  89.3 0.006703
1971 290  0  40  94.7 0.006664
1971 291  0  55  99.1 0.006699
1971 292  0  59 109.8 0.006771
1971 293  0  93 115.6 0.006803
1971 294  0 103 119.3 0.006839
1971 295  0 105 122.2 0.006871
1971 296  0 110 123.9 0.006764
1971 297  0 115 125.7 0.006835
1971 298  0 123 124.3 0.006903
1971 299  0 116 119.3 0.006832
1971 300  0 112 116.1 0.006864
1971 301  0  98 110.5 0.006828
1971 302  0  88 105.1 0.006828
1971 303  0  74 107.5 0.006825
1971 304  0  84 106.2 0.006861
1971 305  0 103 109.5 0.006893
1971 306  0  98 111.7 0.006929
1971 307  0  88 115.2 0.006961
1971 308  0  93 112.8 0.006925
1971 309  0  98 116.0 0.006961
1971 310  0  91 109.5 0.006957
1971 311  0  75 104.6 0.006921
1971 312  0  82 100.7 0.006921
1971 313  0  79 101.6 0.006886
1971 314  0  69 102.7 0.006882
1971 315  0  64 104.6 0.006954
1971 316  0  65 102.6 0.006986
1971 317  0  59 103.3 0.006914
1971 318  0  43 103.1 0.006878
1971 319  0  40 101.1 0.006878
1971 320  0  37 104.7 0.006843
1971 321  0  59 105.4 0.006875
1971 322  0  64 104.1 0.006911
1971 323  0  68 107.6 0.006875
1971 324  0  71 113.0 0.006871
1971 325  0  88 114.9 0.006907
1971 326  0 105 118.8 0.006907
1971 327  0 110 120.4 0.007043
1971 328  0 122 121.6 0.007043
1971 329  0 123 121.7 0.006972
1971 330  0 137 128.8 0.006972
1971 331  0 144 128.1 0.007040
1971 332  0 150 125.6 0.007075
1971 333  0 140 117.2 0.007040
1971 334  0 119 114.1 0.007004
1971 335  0  89 116.9 0.006968
1971 336  0  92 109.4 0.006896
1971 337  0  78 109.7 0.006861
1971 338  0  58 106.2 0.006825
1971 339  0  84 111.7 0.006792
1971 340  0 116 111.8 0.006896
1971 341  0 119 113.0 0.006929
1971 342  0 122 114.7 0.007032
1971 343  0 142 121.2 0.007136
1971 344  0 143 122.4 0.007240
1971 345  0 144 122.2 0.007168
1971 346  0 139 124.0 0.007168
1971 347  0 122 118.7 0.007168
1971 348  0 119 118.5 0.007168
1971 349  0 126 117.3 0.007168
1971 350  0 126 117.6 0.007201
1971 351  0 157 131.2 0.007269
1971 352  0 166 134.6 0.007373
1971 353  0 153 134.4 0.007337
1971 354  0 144 135.2 0.007305
1971 355  0 126 135.7 0.007337
1971 356  0 125 139.2 0.007373
1971 357  0 125 132.9 0.007373
1971 358  0 129 129.4 0.007301
1971 359  0 125 126.8 0.007233
1971 360  0 108 120.2 0.007093
1971 361  0 106 120.2 0.006954
1971 362  0  92 113.2 0.006921
1971 363  0  85 112.7 0.006850
1971 364  0  76 112.4 0.006886
1971 365  0  74 106.8 0.006886
1972   1  0  71 104.7 0.006886
1972   2  0  67 103.1 0.006818
1972   3  0  69  99.6 0.006886
1972   4  0  71  97.9 0.006850
1972   5  0  76  99.1 0.006850
1972   6  0  78 103.1 0.006886
1972   7  0  75  99.5 0.006850
1972   8  0  71  98.8 0.006818
1972   9  0  55  94.3 0.006782
1972  10  0  41  92.3 0.006782
1972  11  0  32  95.8 0.006749
1972  12  0  39  99.6 0.006749
1972  13  0  40  99.0 0.006818
1972  14  0  52 105.8 0.006853
1972  15  0  57 115.4 0.006886
1972  16  0  52 113.5 0.006957
1972  17  0  64 113.9 0.006921
1972  18  0  76 110.9 0.006921
1972  19  0  86 115.9 0.006957
1972  20  0  98 123.0 0.006957
1972  21  0 110 127.9 0.006993
1972  22  0 126 123.2 0.007065
1972  23  0 149 136.3 0.007133
1972  24  0 171 137.2 0.007168
1972  25  0 144 131.8 0.007168
1972  26  0 129 123.8 0.007204
1972  27  0 130 118.9 0.007204
1972  28  0 143 119.5 0.007204
1972  29  0 144 116.1 0.007172
1972  30  0 102 112.9 0.007068
1972  31  0  79 111.9 0.006964
1972  32  0  75 106.7 0.006896
1972  33  0  69 106.5 0.006861
1972  34  0  59 104.8 0.006861
1972  35  0  62 103.6 0.006828
1972  36  0  64 102.6 0.006792
1972  37  0  57  98.6 0.006724
1972  38  0  64 102.2 0.006760
1972  39  0  76 104.3 0.006760
1972  40  0  71 106.3 0.006764
1972  41  0  74 113.6 0.006832
1972  42  0  81 118.4 0.007043
1972  43  0  85 123.9 0.007219
1972  44  0 101 126.3 0.007322
1972  45  0 120 136.7 0.007362
1972  46  0 147 145.8 0.007398
1972  47  0 183 153.2 0.007537
1972  48  0 191 168.2 0.007817
1972  49  0 204 184.4 0.007888
1972  50  0 224 190.6 0.007924
1972  51  0 222 202.5 0.008139
1972  52  0 218 189.6 0.007928
1972  53  0 222 180.4 0.007931
1972  54  0 193 175.6 0.007931
1972  55  0 159 164.2 0.007759
1972  56  0 132 151.9 0.007584
1972  57  0 125 149.3 0.007444
1972  58  0 112 140.3 0.007340
1972  59  0 120 133.2 0.007237
1972  60  0 123 130.5 0.007204
1972  61  0 109 125.5 0.007168
1972  62  0 118 129.7 0.007136
1972  63  0 122 131.1 0.007136
1972  64  0 112 137.1 0.007280
1972  65  0  98 140.8 0.007351
1972  66  0  91 143.7 0.007355
1972  67  0  98 143.3 0.007319
1972  68  0 115 141.6 0.007319
1972  69  0 112 137.4 0.007358
1972  70  0 112 132.5 0.007358
1972  71  0 102 134.9 0.007326
1972  72  0 103 128.5 0.007362
1972  73  0 120 129.3 0.007362
1972  74  0 139 129.7 0.007401
1972  75  0 156 135.3 0.007580
1972  76  0 147 133.0 0.007616
1972  77  0 154 133.8 0.007584
1972  78  0 147 131.9 0.007548
1972  79  0 146 131.0 0.007588
1972  80  0 152 135.2 0.007552
1972  81  0 152 135.8 0.007627
1972  82  0 144 131.2 0.007591
1972  83  0 161 140.0 0.007523
1972  84  0 154 126.6 0.007630
1972  85  0 139 116.4 0.007240
1972  86  0  78 110.5 0.007100
1972  87  0  48 104.1 0.006993
1972  88  0  41 101.1 0.006818
1972  89  0  43  96.5 0.006782
1972  90  0  54  98.3 0.006678
1972  91  0  52  95.7 0.006714
1972  92  0  57  96.0 0.006717
1972  93  0  61  97.3 0.006753
1972  94  0  61  98.1 0.006861
1972  95  0  54 101.0 0.006936
1972  96  0  59 105.3 0.007007
1972  97  0  79 118.1 0.007118
1972  98  0 101 121.3 0.007226
1972  99  0 103 123.8 0.007226
1972 100  0 112 130.5 0.007408
1972 101  0 116 130.3 0.007627
1972 102  0 105 129.8 0.007627
1972 103  0 113 128.3 0.007523
1972 104  0 105 128.4 0.007451
1972 105  0  89 125.0 0.007380
1972 106  0  95 126.0 0.007312
1972 107  0  85 124.3 0.007276
1972 108  0  78 120.3 0.007315
1972 109  0  84 115.7 0.007459
1972 110  0  82 115.4 0.007280
1972 111  0  92 111.3 0.007100
1972 112  0 109 106.9 0.007104
1972 113  0 115 109.4 0.007104
1972 114  0 118 108.4 0.007104
1972 115  0 116 110.2 0.007108
1972 116  0 125 111.6 0.007072
1972 117  0 118 109.9 0.007036
1972 118  0  89 109.0 0.007040
1972 119  0  82 103.2 0.006932
1972 120  0  54  98.6 0.006932
1972 121  0  32  97.0 0.006932
1972 122  0  40  95.0 0.006896
1972 123  0  55  94.9 0.006864
1972 124  0  45  97.7 0.006864
1972 125  0  48 102.7 0.006939
1972 126  0  69 108.7 0.007086
1972 127  0  96 117.6 0.007305
1972 128  0 112 120.9 0.007380
1972 129  0 110 128.8 0.007380
1972 130  0 137 133.0 0.007455
1972 131  0 133 138.3 0.007530
1972 132  0 125 140.8 0.007677
1972 133  0 130 148.6 0.007716
1972 134  0 150 161.6 0.007752
1972 135  0 188 162.8 0.007903
1972 136  0 174 164.6 0.008014
1972 137  0 177 161.8 0.008050
1972 138  0 198 169.3 0.008125
1972 139  0 188 165.5 0.008089
1972 140  0 180 156.7 0.008017
1972 141  0 163 152.3 0.007838
1972 142  0 136 148.2 0.007763
1972 143  0 112 143.3 0.007620
1972 144  0  92 135.2 0.007437
1972 145  0  82 135.5 0.007290
1972 146  0  79 127.3 0.007179
1972 147  0  74 116.3 0.006997
1972 148  0  62 114.3 0.006925
1972 149  0  62 110.8 0.006925
1972 150  0  82 116.2 0.006889
1972 151  0 112 116.8 0.006929
1972 152  0 120 122.5 0.007040
1972 153  0 120 128.2 0.007186
1972 154  0 136 130.0 0.007297
1972 155  0 149 137.5 0.007448
1972 156  0 171 149.5 0.007595
1972 157  0 197 164.8 0.007817
1972 158  0 163 159.1 0.007892
1972 159  0 140 152.7 0.007820
1972 160  0 127 150.2 0.007709
1972 161  0 112 149.1 0.007673
1972 162  0  96 139.5 0.007673
1972 163  0  89 143.2 0.007673
1972 164  0  74 149.7 0.007824
1972 165  0  68 138.9 0.007824
1972 166  0  88 136.5 0.007749
1972 167  0 125 139.5 0.007713
1972 168  0 139 142.7 0.007788
1972 169  0 149 149.6 0.007788
1972 170  0 135 149.0 0.007716
1972 171  0 125 143.2 0.007641
1972 172  0 130 142.5 0.007681
1972 173  0 142 139.0 0.007605
1972 174  0 137 135.1 0.007570
1972 175  0 130 130.7 0.007534
1972 176  0 125 128.5 0.007459
1972 177  0 118 125.5 0.007383
1972 178  0 109 120.8 0.007348
1972 179  0 112 121.9 0.007383
1972 180  0 115 127.3 0.007498
1972 181  0 110 132.4 0.007570
1972 182  0 110 134.5 0.007645
1972 183  0  96 133.0 0.007756
1972 184  0 105 137.0 0.007756
1972 185  0 116 139.9 0.007792
1972 186  0 129 146.7 0.007942
1972 187  0 147 150.2 0.007942
1972 188  0 135 146.1 0.007942
1972 189  0 129 143.2 0.007831
1972 190  0 116 136.7 0.007720
1972 191  0 106 127.1 0.007609
1972 192  0  91 121.7 0.007423
1972 193  0  88 123.6 0.007348
1972 194  0 105 119.3 0.007312
1972 195  0 119 119.9 0.007272
1972 196  0 113 119.5 0.007272
1972 197  0  86 117.6 0.007237
1972 198  0  75 115.1 0.007237
1972 199  0  84 114.6 0.007197
1972 200  0  78 108.9 0.007197
1972 201  0  93 108.9 0.007161
1972 202  0  79 110.9 0.007197
1972 203  0  93 111.7 0.007233
1972 204  0  98 111.6 0.007269
1972 205  0  92 109.6 0.007197
1972 206  0  88 109.5 0.007194
1972 207  0  88 112.4 0.007269
1972 208  0 109 120.6 0.007340
1972 209  0 116 127.2 0.007487
1972 210  0 122 133.3 0.007562
1972 211  0 144 139.1 0.007598
1972 212  0 153 141.2 0.007634
1972 213  0 163 150.2 0.007709
1972 214  0 146 156.3 0.007892
1972 215  0 132 150.4 0.008039
1972 216  0 126 147.1 0.007888
1972 217  0 120 146.0 0.007777
1972 218  0 132 146.5 0.007702
1972 219  0 120 143.4 0.007630
1972 220  0  92 139.0 0.007555
1972 221  0  85 125.3 0.007405
1972 222  0  84 123.8 0.007147
1972 223  0  67 118.6 0.007147
1972 224  0  44 113.3 0.007147
1972 225  0  71 107.6 0.007032
1972 226  0  78 101.7 0.006997
1972 227  0  57  97.9 0.006957
1972 228  0  59  97.6 0.006957
1972 229  0  81 100.6 0.006957
1972 230  0  84 106.4 0.007065
1972 231  0  81 109.6 0.007140
1972 232  0  81 116.2 0.007211
1972 233  0  85 117.9 0.007247
1972 234  0  88 119.5 0.007247
1972 235  0 120 127.3 0.007391
1972 236  0 112 122.9 0.007537
1972 237  0 116 122.6 0.007498
1972 238  0 101 127.8 0.007570
1972 239  0 112 137.4 0.007677
1972 240  0 132 144.1 0.007788
1972 241  0 167 147.2 0.007896
1972 242  0 208 163.3 0.007967
1972 243  0 200 163.3 0.008039
1972 244  0 194 154.2 0.007964
1972 245  0 180 144.3 0.007960
1972 246  0 140 139.7 0.007924
1972 247  0 112 129.4 0.007702
1972 248  0 110 122.0 0.007591
1972 249  0 113 117.0 0.007408
1972 250  0 115 119.2 0.007297
1972 251  0 103 110.4 0.007222
1972 252  0 101 115.9 0.007115
1972 253  0  84 112.9 0.007004
1972 254  0  65 107.2 0.006964
1972 255  0  61 102.7 0.006929
1972 256  0  51 100.6 0.006889
1972 257  0  45  94.6 0.006818
1972 258  0  52  99.5 0.006814
1972 259  0  64 103.4 0.006850
1972 260  0  75 103.1 0.006886
1972 261  0  62 100.3 0.006957
1972 262  0  54 102.6 0.007029
1972 263  0  47 106.2 0.007061
1972 264  0  67 113.2 0.007133
1972 265  0  85 113.4 0.007204
1972 266  0  98 119.4 0.007272
1972 267  0  92 125.2 0.007380
1972 268  0 109 126.8 0.007523
1972 269  0 116 126.3 0.007523
1972 270  0 110 122.5 0.007519
1972 271  0 109 118.3 0.007516
1972 272  0  95 116.4 0.007480
1972 273  0  99 115.2 0.007476
1972 274  0 106 118.5 0.007405
1972 275  0  99 114.7 0.007330
1972 276  0  92 108.4 0.007222
1972 277  0 103 107.3 0.007147
1972 278  0 103 103.3 0.007111
1972 279  0  95 100.6 0.007075
1972 280  0  81  98.4 0.007036
1972 281  0  76  96.1 0.007000
1972 282  0  74  97.2 0.006961
1972 283  0  48 100.5 0.006925
1972 284  0  43  94.7 0.006925
1972 285  0  48  93.5 0.006814
1972 286  0  33  94.7 0.006814
1972 287  0  22  94.5 0.006814
1972 288  0  12  97.0 0.006775
1972 289  0  21 102.1 0.006846
1972 290  0  48 106.2 0.006986
1972 291  0  43 112.1 0.007093
1972 292  0  40 111.0 0.007161
1972 293  0  62 117.1 0.007194
1972 294  0  85 122.2 0.007373
1972 295  0  98 132.8 0.007476
1972 296  0 110 141.7 0.007616
1972 297  0 120 151.2 0.007863
1972 298  0 133 156.5 0.008071
1972 299  0 149 171.8 0.008178
1972 300  0 157 170.0 0.008103
1972 301  0 156 167.6 0.007960
1972 302  0 147 159.1 0.007853
1972 303  0 126 999.9 0.007709
1972 304  0 139 144.6 0.007673
1972 305  0 132 140.1 0.007566
1972 306  0 106 129.9 0.007387
1972 307  0  95 121.8 0.007247
1972 308  0  69 113.9 0.007068
1972 309  0  43 115.8 0.006997
1972 310  0  33 102.6 0.006853
1972 311  0  28  93.2 0.006749
1972 312  0  12  85.7 0.006606
1972 313  0  11  82.5 0.006535
1972 314  0  21  82.3 0.006499
1972 315  0  18  84.7 0.006463
1972 316  0  43  88.3 0.006531
1972 317  0  47  88.7 0.006635
1972 318  0  43  86.7 0.006671
1972 319  0  39  85.1 0.006703
1972 320  0  31  86.5 0.006739
1972 321  0  36  89.6 0.006878
1972 322  0  45  91.5 0.006911
1972 323  0  40  94.6 0.006979
1972 324  0  59  99.7 0.007083
1972 325  0  82 109.4 0.007118
1972 326  0  92 109.3 0.007151
1972 327  0  98 110.9 0.007011
1972 328  0 112 115.3 0.007043
1972 329  0 109 115.4 0.007115
1972 330  0  92 112.7 0.007079
1972 331  0  81 108.6 0.007147
1972 332  0  78 102.3 0.007040
1972 333  0  86  97.5 0.006900
1972 334  0  67  92.7 0.006760
1972 335  0  61  95.1 0.006689
1972 336  0  57  91.1 0.006653
1972 337  0  44  89.4 0.006549
1972 338  0  40  85.2 0.006481
1972 339  0  35  82.3 0.006373
1972 340  0  31  80.4 0.006341
1972 341  0  26  77.8 0.006234
1972 342  0  35  87.1 0.006305
1972 343  0  41  91.6 0.006338
1972 344  0  59  94.7 0.006441
1972 345  0  75  97.2 0.006510
1972 346  0  86 105.1 0.006510
1972 347  0  91 108.9 0.006613
1972 348  0  95 111.2 0.006821
1972 349  0  98 114.8 0.006925
1972 350  0 101 116.1 0.006853
1972 351  0  93 110.2 0.006957
1972 352  0 101 111.9 0.006889
1972 353  0  82 112.4 0.006889
1972 354  0  69 113.2 0.006993
1972 355  0  76 111.4 0.007097
1972 356  0  95 113.4 0.007093
1972 357  0  84 107.9 0.007093
1972 358  0  81 106.2 0.007061
1972 359  0  68 101.1 0.006957
1972 360  0  61 103.3 0.006886
1972 361  0  55  97.7 0.006782
1972 362  0  48  97.6 0.006714
1972 363  0  37  91.9 0.006574
1972 364  0  36  92.8 0.006574
1972 365  0  41  92.0 0.006574
1972 366  0  52  94.3 0.006538
1973   1  0  64  93.9 0.006506
1973   2  0  75  98.2 0.006538
1973   3  0  86 105.1 0.006610
1973   4  0  93 109.3 0.006746
1973   5  0 105 113.3 0.006782
1973   6  0 118 115.0 0.006850
1973   7  0  93 112.3 0.006886
1973   8  0  88 103.2 0.006886
1973   9  0  95 103.7 0.006921
1973  10  0  82 103.8 0.006921
1973  11  0  74 102.8 0.006921
1973  12  0  45 103.5 0.006957
1973  13  0  45 100.9 0.006921
1973  14  0  29  96.2 0.006853
1973  15  0  24  94.6 0.006818
1973  16  0  17  93.8 0.006785
1973  17  0  39  94.2 0.006785
1973  18  0  59  95.3 0.006785
1973  19  0  67  94.8 0.006785
1973  20  0  85  98.3 0.006785
1973  21  0  88  97.9 0.006821
1973  22  0  88  98.5 0.006753
1973  23  0  85  97.2 0.006717
1973  24  0  71  96.9 0.006717
1973  25  0  55  95.6 0.006717
1973  26  0  39  95.3 0.006717
1973  27  0  21  93.4 0.006685
1973  28  0  21  91.7 0.006649
1973  29  0  19  91.4 0.006617
1973  30  0  24  89.7 0.006617
1973  31  0  21  87.7 0.006617
1973  32  0  21  88.6 0.006617
1973  33  0  25  88.6 0.006653
1973  34  0  32  93.1 0.006689
1973  35  0  31  94.1 0.006689
1973  36  0  58  94.3 0.006689
1973  37  0  45  95.3 0.006689
1973  38  0  48  98.5 0.006760
1973  39  0  75 100.5 0.006796
1973  40  0  85 100.9 0.006832
1973  41  0  86 102.1 0.006868
1973  42  0  84 101.2 0.006868
1973  43  0 113 104.6 0.006903
1973  44  0 118 104.7 0.006939
1973  45  0 120 105.6 0.006939
1973  46  0 105 104.7 0.006907
1973  47  0  76  98.7 0.006803
1973  48  0  57  94.2 0.006699
1973  49  0  40  90.7 0.006560
1973  50  0  26  88.9 0.006492
1973  51  0  43  89.4 0.006456
1973  52  0  44  89.9 0.006459
1973  53  0  45  89.7 0.006495
1973  54  0  52  91.4 0.006459
1973  55  0  59  93.6 0.006495
1973  56  0  62  97.2 0.006531
1973  57  0  52  95.6 0.006499
1973  58  0  51  98.2 0.006499
1973  59  0  51 100.9 0.006535
1973  60  0  57  99.5 0.006606
1973  61  0  54 101.6 0.006610
1973  62  0  50  97.8 0.006610
1973  63  0  45  96.6 0.006646
1973  64  0  32  94.8 0.006610
1973  65  0  45  98.9 0.006649
1973  66  0  54  92.2 0.006613
1973  67  0  71  98.9 0.006581
1973  68  0  75 104.7 0.006653
1973  69  0  95 105.6 0.006757
1973  70  0  98 113.4 0.006868
1973  71  0 120 114.5 0.006903
1973  72  0 132 118.9 0.006939
1973  73  0 118 114.0 0.006903
1973  74  0 103 107.1 0.006871
1973  75  0  91 106.9 0.006803
1973  76  0  74 101.5 0.006732
1973  77  0  62  94.9 0.006556
1973  78  0  54  96.7 0.006520
1973  79  0  33  91.0 0.006452
1973  80  0  29  87.4 0.006381
1973  81  0  43  90.3 0.006381
1973  82  0  52  87.1 0.006384
1973  83  0  41  89.4 0.006384
1973  84  0  39  90.0 0.006420
1973  85  0  33  88.6 0.006424
1973  86  0  45  92.0 0.006495
1973  87  0  61  94.2 0.006567
1973  88  0  65  99.0 0.006642
1973  89  0  71 102.7 0.006642
1973  90  0  84 110.3 0.006714
1973  91  0  92 115.0 0.006825
1973  92  0 112 118.1 0.006968
1973  93  0 132 129.4 0.007111
1973  94  0 132 122.3 0.007186
1973  95  0 106 117.7 0.007222
1973  96  0 106 112.7 0.007154
1973  97  0 108 110.3 0.007118
1973  98  0 101 121.0 0.007190
1973  99  0 120 120.5 0.007194
1973 100  0  92 115.5 0.007086
1973 101  0  88 110.3 0.006943
1973 102  0  65 103.4 0.006839
1973 103  0  58  99.4 0.006660
1973 104  0  52  92.7 0.006553
1973 105  0  50  89.5 0.006409
1973 106  0  41  85.0 0.006338
1973 107  0  24  82.1 0.006266
1973 108  0  22  80.9 0.006230
1973 109  0  43  82.8 0.006234
1973 110  0  52  86.4 0.006305
1973 111  0  64  95.2 0.006377
1973 112  0  88 105.0 0.006524
1973 113  0 103 109.2 0.006599
1973 114  0 101 109.0 0.006671
1973 115  0  95 109.2 0.006818
1973 116  0  95 110.0 0.006893
1973 117  0  92 111.6 0.006929
1973 118  0  85 112.6 0.006932
1973 119  0  76 109.5 0.007004
1973 120  0  59 106.2 0.007079
1973 121  0  35 111.9 0.007043
1973 122  0  65 115.0 0.007083
1973 123  0  91 117.3 0.007154
1973 124  0 109 115.9 0.007122
1973 125  0 130 115.0 0.007122
1973 126  0  96 109.7 0.007086
1973 127  0 116 103.4 0.007050
1973 128  0  74 100.0 0.006943
1973 129  0  43  95.1 0.006760
1973 130  0  36  90.9 0.006617
1973 131  0  37  87.0 0.006470
1973 132  0  26  86.8 0.006434
1973 133  0  11  85.2 0.006474
1973 134  0  11  89.3 0.006474
1973 135  0  36  90.1 0.006438
1973 136  0  47  89.5 0.006402
1973 137  0  48  91.4 0.006402
1973 138  0  58  95.4 0.006477
1973 139  0  59  99.4 0.006624
1973 140  0  65 104.7 0.006624
1973 141  0  74 102.2 0.006699
1973 142  0  79 103.1 0.006775
1973 143  0  67  99.6 0.006810
1973 144  0  81 104.5 0.006810
1973 145  0  91 104.7 0.006775
1973 146  0  69 101.1 0.006778
1973 147  0  72  99.9 0.006778
1973 148  0  45  94.1 0.006742
1973 149  0  41  93.3 0.006707
1973 150  0  31  90.8 0.006707
1973 151  0  25  87.2 0.006707
1973 152  0  12  97.7 0.006671
1973 153  0  12  98.2 0.006635
1973 154  0  24  95.2 0.006560
1973 155  0  21  89.8 0.006524
1973 156  0  11  91.4 0.006488
1973 157  0  24  99.2 0.006488
1973 158  0  52 105.4 0.006416
1973 159  0  58 108.8 0.006452
1973 160  0  44 109.4 0.006492
1973 161  0  54 108.8 0.006527
1973 162  0  85 106.1 0.006603
1973 163  0  82 101.3 0.006638
1973 164  0  74 100.3 0.006603
1973 165  0  76  85.2 0.006603
1973 166  0  68  83.1 0.006642
1973 167  0  64  81.5 0.006717
1973 168  0  51  81.0 0.006717
1973 169  0  26  82.5 0.006717
1973 170  0  54  85.1 0.006789
1973 171  0  72  85.3 0.006864
1973 172  0 106  87.4 0.006828
1973 173  0  93  88.9 0.006864
1973 174  0  76  91.0 0.006903
1973 175  0  72  92.9 0.006868
1973 176  0  69  93.6 0.006792
1973 177  0  65  96.3 0.006757
1973 178  0  61  94.8 0.006717
1973 179  0  59  95.2 0.006681
1973 180  0  72  95.1 0.006681
1973 181  0  47  94.1 0.006646
1973 182  0  41  90.9 0.006570
1973 183  0  44  93.1 0.006606
1973 184  0  55  93.5 0.006646
1973 185  0  45  94.9 0.006681
1973 186  0  59  97.9 0.006681
1973 187  0  79  99.4 0.006681
1973 188  0  81  99.9 0.006717
1973 189  0  71  97.6 0.006757
1973 190  0  54  98.6 0.006757
1973 191  0  45 100.5 0.006681
1973 192  0  33  94.0 0.006606
1973 193  0  21  85.4 0.006535
1973 194  0  22  80.3 0.006495
1973 195  0  15  79.5 0.006459
1973 196  0  24  78.7 0.006459
1973 197  0  14  79.5 0.006459
1973 198  0  40  79.1 0.006459
1973 199  0  59  83.6 0.006495
1973 200  0  33  84.1 0.006495
1973 201  0  12  79.5 0.006495
1973 202  0  12  79.4 0.006456
1973 203  0  21  77.6 0.006420
1973 204  0   0  78.6 0.006381
1973 205  0  14  81.6 0.006456
1973 206  0  21  83.8 0.006492
1973 207  0  12  85.0 0.006567
1973 208  0  14  85.5 0.006638
1973 209  0  15  84.2 0.006603
1973 210  0  25  89.5 0.006603
1973 211  0  17  86.1 0.006674
1973 212  0  32  86.6 0.006674
1973 213  0  51  86.9 0.006674
1973 214  0  40  86.8 0.006674
1973 215  0  31  85.0 0.006674
1973 216  0  40  86.2 0.006635
1973 217  0  48  85.1 0.006635
1973 218  0  57  88.8 0.006671
1973 219  0  59  90.8 0.006671
1973 220  0  57  87.5 0.006631
1973 221  0  54  87.1 0.006556
1973 222  0  39  83.4 0.006484
1973 223  0  33  78.9 0.006445
1973 224  0   0  76.3 0.006373
1973 225  0   0  74.7 0.006334
1973 226  0   0  74.1 0.006298
1973 227  0   0  72.6 0.006223
1973 228  0   0  74.1 0.006223
1973 229  0   0  75.0 0.006223
1973 230  0  11  75.3 0.006259
1973 231  0  11  75.4 0.006255
1973 232  0  11  76.8 0.006291
1973 233  0  22  80.4 0.006366
1973 234  0  15  80.4 0.006402
1973 235  0  25  81.8 0.006402
1973 236  0  32  85.3 0.006474
1973 237  0  40  88.9 0.006545
1973 238  0  54  91.2 0.006617
1973 239  0  52  95.1 0.006724
1973 240  0  67  97.5 0.006835
1973 241  0  79 100.8 0.006907
1973 242  0  91 101.3 0.006907
1973 243  0 116 109.6 0.006939
1973 244  0 126 114.9 0.006975
1973 245  0 176 129.2 0.007122
1973 246  0 184 136.5 0.007194
1973 247  0 171 135.0 0.007229
1973 248  0 153 135.1 0.007154
1973 249  0 119 130.9 0.007154
1973 250  0 109 121.7 0.007043
1973 251  0 102 115.7 0.006861
1973 252  0 106 113.1 0.006714
1973 253  0  82 106.7 0.006638
1973 254  0  59  96.8 0.006563
1973 255  0  32  89.5 0.006456
1973 256  0   0  84.6 0.006381
1973 257  0   0  82.9 0.006345
1973 258  0  19  82.6 0.006341
1973 259  0  37  83.9 0.006377
1973 260  0  29  81.8 0.006413
1973 261  0  24  84.6 0.006413
1973 262  0  12  86.6 0.006484
1973 263  0  43  92.0 0.006556
1973 264  0  55  94.9 0.006664
1973 265  0  68  99.5 0.006696
1973 266  0  82 103.9 0.006803
1973 267  0  89 106.2 0.006839
1973 268  0 105 112.7 0.006982
1973 269  0 110 115.5 0.007014
1973 270  0 110 115.9 0.007050
1973 271  0 113 118.1 0.007047
1973 272  0 106 116.5 0.007083
1973 273  0 101 116.5 0.007083
1973 274  0  96 109.0 0.007079
1973 275  0  93 106.1 0.007007
1973 276  0  74 103.5 0.006932
1973 277  0  71  94.9 0.006861
1973 278  0  62  90.6 0.006681
1973 279  0  54  85.9 0.006570
1973 280  0  43  82.2 0.006391
1973 281  0  32  80.1 0.006320
1973 282  0  33  79.1 0.006284
1973 283  0  12  77.0 0.006245
1973 284  0   0  74.9 0.006209
1973 285  0   0  72.0 0.006137
1973 286  0  12  70.5 0.006137
1973 287  0  15  72.7 0.006169
1973 288  0  24  75.7 0.006205
1973 289  0  26  75.6 0.006277
1973 290  0  28  79.5 0.006309
1973 291  0  22  78.3 0.006345
1973 292  0   0  76.7 0.006309
1973 293  0   0  73.4 0.006305
1973 294  0   0  80.0 0.006377
1973 295  0  24  85.0 0.006445
1973 296  0  40  89.9 0.006517
1973 297  0  51  97.6 0.006585
1973 298  0  75 101.0 0.006656
1973 299  0  84 101.0 0.006724
1973 300  0  75 101.7 0.006760
1973 301  0  88 100.7 0.006757
1973 302  0  92  99.1 0.006721
1973 303  0  78  97.4 0.006685
1973 304  0  52  89.5 0.006649
1973 305  0  44  87.0 0.006578
1973 306  0  47  83.9 0.006506
1973 307  0  33  81.1 0.006399
1973 308  0  29  77.4 0.006291
1973 309  0  11  73.9 0.006255
1973 310  0   0  73.2 0.006184
1973 311  0   0  72.1 0.006148
1973 312  0   0  70.4 0.006148
1973 313  0   0  70.4 0.006112
1973 314  0   0  70.7 0.006112
1973 315  0  11  71.2 0.006144
1973 316  0   0  70.7 0.006144
1973 317  0  14  72.6 0.006144
1973 318  0  17  73.8 0.006180
1973 319  0  18  75.0 0.006176
1973 320  0  19  76.2 0.006212
1973 321  0  24  75.3 0.006212
1973 322  0  24  75.5 0.006245
1973 323  0  32  75.4 0.006280
1973 324  0  24  76.8 0.006280
1973 325  0  33  80.7 0.006280
1973 326  0  41  84.7 0.006313
1973 327  0  55  86.5 0.006348
1973 328  0  54  87.0 0.006381
1973 329  0  65  88.0 0.006381
1973 330  0  88  91.8 0.006449
1973 331  0  85  88.8 0.006484
1973 332  0  86  90.7 0.006484
1973 333  0  91  94.9 0.006449
1973 334  0  84  95.7 0.006413
1973 335  0  65  86.9 0.006341
1973 336  0  35  86.3 0.006270
1973 337  0  35  82.7 0.006237
1973 338  0   0  78.6 0.006202
1973 339  0   0  73.6 0.006130
1973 340  0   0  70.9 0.006062
1973 341  0   0  70.4 0.006062
1973 342  0  11  70.9 0.006058
1973 343  0  12  71.2 0.006058
1973 344  0  24  72.3 0.006058
1973 345  0  14  71.9 0.006094
1973 346  0  14  72.5 0.006126
1973 347  0  12  73.1 0.006126
1973 348  0  12  73.8 0.006162
1973 349  0  25  76.6 0.006198
1973 350  0  37  79.7 0.006266
1973 351  0  57  82.1 0.006298
1973 352  0  61  84.9 0.006402
1973 353  0  58  87.8 0.006438
1973 354  0  67  89.9 0.006506
1973 355  0  72  97.6 0.006574
1973 356  0  72  96.7 0.006610
1973 357  0  67  96.0 0.006646
1973 358  0  72  98.1 0.006646
1973 359  0  75  97.6 0.006646
1973 360  0  81  92.9 0.006538
1973 361  0  37  88.6 0.006330
1973 362  0  18  81.7 0.006230
1973 363  0   0  76.4 0.006194
1973 364  0   0  74.1 0.006159
1973 365  0   0  72.0 0.006091
1974   1  0  18  71.5 0.006055
1974   2  0  22  73.2 0.006055
1974   3  0  19  73.3 0.006091
1974   4  0  18  72.5 0.006123
1974   5  0  12  72.1 0.006091
1974   6  0   0  74.7 0.006123
1974   7  0   0  76.0 0.006159
1974   8  0  35  79.7 0.006230
1974   9  0  41  84.9 0.006298
1974  10  0  61  89.2 0.006330
1974  11  0  68  91.0 0.006366
1974  12  0  76  94.6 0.006470
1974  13  0  64  94.8 0.006506
1974  14  0  99  95.7 0.006610
1974  15  0 103  91.8 0.006646
1974  16  0  91  90.0 0.006610
1974  17  0  89  89.2 0.006646
1974  18  0  78  87.1 0.006610
1974  19  0  75  85.8 0.006578
1974  20  0  68  84.4 0.006542
1974  21  0  47  79.7 0.006474
1974  22  0  51  83.5 0.006370
1974  23  0  40  81.0 0.006266
1974  24  0  21  77.8 0.006234
1974  25  0   0  74.1 0.006094
1974  26  0  12  71.5 0.006058
1974  27  0   0  70.7 0.006058
1974  28  0  12  70.8 0.006026
1974  29  0   0  70.7 0.006026
1974  30  0   0  70.8 0.006026
1974  31  0   0  71.3 0.006062
1974  32  0  19  71.8 0.006098
1974  33  0  15  73.1 0.006166
1974  34  0  11  73.1 0.006133
1974  35  0  11  72.9 0.006133
1974  36  0   0  74.0 0.006133
1974  37  0   0  75.4 0.006169
1974  38  0  11  77.4 0.006205
1974  39  0  22  78.8 0.006273
1974  40  0  31  80.8 0.006309
1974  41  0  32  80.5 0.006309
1974  42  0  29  77.5 0.006309
1974  43  0  32  76.5 0.006345
1974  44  0  68  77.3 0.006313
1974  45  0  37  76.3 0.006313
1974  46  0  64  83.7 0.006313
1974  47  0  68  84.7 0.006348
1974  48  0  69  85.9 0.006384
1974  49  0  67  87.5 0.006384
1974  50  0  61  82.7 0.006316
1974  51  0  55  82.2 0.006284
1974  52  0  50  82.2 0.006284
1974  53  0  54  82.2 0.006284
1974  54  0  44  84.2 0.006252
1974  55  0  41  80.9 0.006216
1974  56  0  25  78.6 0.006216
1974  57  0  28  76.2 0.006216
1974  58  0  52  76.4 0.006219
1974  59  0  47  75.8 0.006219
1974  60  0  35  76.4 0.006255
1974  61  0  21  76.5 0.006255
1974  62  0   0  77.1 0.006259
1974  63  0  15  79.0 0.006295
1974  64  0  21  78.6 0.006259
1974  65  0  28  77.5 0.006191
1974  66  0  29  76.0 0.006262
1974  67  0  21  77.0 0.006298
1974  68  0  29  80.2 0.006298
1974  69  0  43  86.1 0.006370
1974  70  0  52  85.9 0.006370
1974  71  0  54  86.2 0.006373
1974  72  0  43  84.5 0.006409
1974  73  0  55  81.9 0.006409
1974  74  0  48  82.9 0.006445
1974  75  0  33  81.8 0.006413
1974  76  0  29  82.7 0.006484
1974  77  0  40  80.2 0.006484
1974  78  0  31  80.0 0.006449
1974  79  0  22  79.6 0.006416
1974  80  0  24  79.1 0.006416
1974  81  0  40  80.0 0.006381
1974  82  0  36  79.8 0.006384
1974  83  0  31  76.6 0.006348
1974  84  0  24  74.3 0.006245
1974  85  0  15  72.6 0.006173
1974  86  0  14  71.8 0.006101
1974  87  0  25  70.4 0.006141
1974  88  0  28  71.5 0.006141
1974  89  0  35  72.1 0.006105
1974  90  0  37  72.9 0.006105
1974  91  0  32  72.1 0.006144
1974  92  0  29  71.3 0.006108
1974  93  0  28  71.6 0.006108
1974  94  0  32  73.3 0.006144
1974  95  0  31  76.3 0.006219
1974  96  0  33  80.0 0.006291
1974  97  0  40  80.2 0.006291
1974  98  0  54  81.1 0.006295
1974  99  0  79  87.8 0.006402
1974 100  0  93  93.5 0.006474
1974 101  0 101  99.8 0.006585
1974 102  0 105 105.6 0.006621
1974 103  0 109 102.8 0.006660
1974 104  0 118 116.3 0.006624
1974 105  0 123 122.9 0.006735
1974 106  0 109 115.0 0.006699
1974 107  0  95 101.8 0.006664
1974 108  0  78  98.0 0.006556
1974 109  0  64  87.5 0.006449
1974 110  0  59  82.3 0.006305
1974 111  0  50  79.5 0.006234
1974 112  0  36  75.3 0.006234
1974 113  0  25  73.9 0.006237
1974 114  0  26  75.0 0.006237
1974 115  0  28  76.5 0.006273
1974 116  0  29  74.9 0.006273
1974 117  0  40  75.3 0.006241
1974 118  0  22  77.9 0.006313
1974 119  0  32  81.6 0.006388
1974 120  0  24  91.7 0.006499
1974 121  0  67  98.5 0.006606
1974 122  0  99 113.1 0.006789
1974 123  0 120 115.5 0.007011
1974 124  0 139 118.0 0.007011
1974 125  0 142 119.7 0.007122
1974 126  0 144 123.0 0.007269
1974 127  0 139 119.3 0.007344
1974 128  0 136 115.8 0.007380
1974 129  0 125 110.0 0.007165
1974 130  0  98 105.1 0.007165
1974 131  0  88 104.3 0.007093
1974 132  0  69  97.1 0.007022
1974 133  0  54  93.5 0.006911
1974 134  0  45  88.2 0.006732
1974 135  0  33  84.9 0.006510
1974 136  0  24  80.3 0.006438
1974 137  0  12  75.8 0.006330
1974 138  0   0  75.2 0.006255
1974 139  0   0  73.0 0.006219
1974 140  0   0  72.5 0.006184
1974 141  0   0  71.9 0.006184
1974 142  0  11  72.2 0.006187
1974 143  0  14  71.5 0.006151
1974 144  0  11  71.6 0.006151
1974 145  0   0  72.4 0.006151
1974 146  0  29  79.6 0.006227
1974 147  0  26  85.1 0.006338
1974 148  0  40  87.4 0.006484
1974 149  0  26  89.4 0.006560
1974 150  0  11  91.3 0.006520
1974 151  0  43  95.1 0.006595
1974 152  0  47  97.9 0.006707
1974 153  0  58 100.1 0.006782
1974 154  0  74  98.9 0.006932
1974 155  0  95  98.2 0.007043
1974 156  0  88  96.5 0.006932
1974 157  0 102  95.0 0.006896
1974 158  0  92  92.8 0.006785
1974 159  0  84  95.0 0.006785
1974 160  0  91  95.1 0.006825
1974 161  0  84  97.0 0.006603
1974 162  0  68  95.3 0.006567
1974 163  0  54  91.7 0.006527
1974 164  0  62  89.8 0.006456
1974 165  0  58  88.1 0.006456
1974 166  0  45  84.7 0.006456
1974 167  0  36  86.2 0.006495
1974 168  0  36  87.2 0.006456
1974 169  0  39  84.4 0.006456
1974 170  0  40  82.8 0.006420
1974 171  0  29  83.8 0.006384
1974 172  0  24  81.4 0.006345
1974 173  0  17  82.3 0.006384
1974 174  0  17  80.2 0.006348
1974 175  0  22  79.1 0.006309
1974 176  0  22  78.8 0.006309
1974 177  0  12  79.6 0.006309
1974 178  0  12  82.4 0.006348
1974 179  0  26  83.0 0.006459
1974 180  0  43  89.4 0.006459
1974 181  0  67  93.1 0.006535
1974 182  0 112 105.4 0.006646
1974 183  0 123 112.7 0.006717
1974 184  0 127 118.5 0.006757
1974 185  0 132 127.8 0.006828
1974 186  0 135 125.6 0.006868
1974 187  0 132 121.5 0.006828
1974 188  0 110 110.9 0.006646
1974 189  0  84 104.7 0.006570
1974 190  0  57  95.5 0.006459
1974 191  0  37  88.2 0.006384
1974 192  0  32  83.1 0.006309
1974 193  0  32  83.3 0.006309
1974 194  0  40  83.3 0.006384
1974 195  0  54  83.3 0.006420
1974 196  0  69  85.5 0.006420
1974 197  0  76  91.3 0.006459
1974 198  0  74  91.0 0.006495
1974 199  0  75  86.5 0.006495
1974 200  0  67  87.1 0.006495
1974 201  0  71  86.7 0.006456
1974 202  0  78  90.1 0.006420
1974 203  0  82  95.3 0.006492
1974 204  0  85  98.5 0.006531
1974 205  0  81  92.1 0.006531
1974 206  0  84  89.5 0.006567
1974 207  0  85  93.1 0.006638
1974 208  0  76  87.9 0.006603
1974 209  0  72  84.5 0.006603
1974 210  0  59  85.2 0.006563
1974 211  0  58  85.9 0.006638
1974 212  0  54  87.4 0.006638
1974 213  0  52  85.1 0.006599
1974 214  0  33  85.2 0.006524
1974 215  0  18  83.0 0.006452
1974 216  0  25  85.8 0.006413
1974 217  0  26  86.5 0.006413
1974 218  0  37  88.0 0.006377
1974 219  0  45  85.8 0.006413
1974 220  0  48  89.4 0.006449
1974 221  0  61  87.5 0.006520
1974 222  0  68  88.3 0.006556
1974 223  0  76  94.4 0.006556
1974 224  0  95  99.4 0.006628
1974 225  0  98  95.2 0.006664
1974 226  0  93  93.2 0.006628
1974 227  0  84  92.1 0.006553
1974 228  0  81  96.6 0.006553
1974 229  0  74  98.8 0.006588
1974 230  0  62  95.1 0.006588
1974 231  0  61  88.8 0.006513
1974 232  0  45  82.6 0.006438
1974 233  0  40  81.2 0.006402
1974 234  0  48  80.6 0.006366
1974 235  0  48  81.0 0.006327
1974 236  0  40  77.4 0.006252
1974 237  0  36  75.7 0.006216
1974 238  0  12  73.8 0.006180
1974 239  0  12  72.7 0.006141
1974 240  0  12  71.8 0.006176
1974 241  0  21  72.4 0.006176
1974 242  0  12  74.2 0.006212
1974 243  0  22  75.6 0.006212
1974 244  0  12  77.8 0.006212
1974 245  0  12  79.4 0.006284
1974 246  0  24  79.2 0.006320
1974 247  0  52  81.0 0.006356
1974 248  0  57  81.5 0.006388
1974 249  0  62  82.2 0.006424
1974 250  0  54  85.4 0.006495
1974 251  0  45  93.4 0.006606
1974 252  0  89  96.0 0.006678
1974 253  0 105 102.0 0.006821
1974 254  0 113 104.6 0.006818
1974 255  0 113 105.6 0.006710
1974 256  0 105 106.8 0.006742
1974 257  0  95 104.1 0.006671
1974 258  0  91 103.6 0.006631
1974 259  0  96 102.0 0.006667
1974 260  0 101 100.3 0.006667
1974 261  0  93 100.0 0.006628
1974 262  0  72  91.7 0.006592
1974 263  0  44  85.9 0.006520
1974 264  0  19  82.7 0.006409
1974 265  0   0  81.0 0.006338
1974 266  0  11  74.6 0.006262
1974 267  0  17  72.8 0.006155
1974 268  0  17  72.8 0.006187
1974 269  0  19  75.4 0.006187
1974 270  0  28  77.0 0.006223
1974 271  0  33  80.7 0.006295
1974 272  0  54  90.7 0.006402
1974 273  0  82  91.5 0.006470
1974 274  0  86  93.1 0.006506
1974 275  0  75  94.6 0.006542
1974 276  0  65  93.4 0.006610
1974 277  0  85 100.5 0.006681
1974 278  0 120 113.3 0.006753
1974 279  0 118 115.0 0.006821
1974 280  0 119 114.5 0.006857
1974 281  0 137 125.2 0.006961
1974 282  0 152 128.9 0.007068
1974 283  0 161 129.3 0.007140
1974 284  0 156 137.5 0.007208
1974 285  0 130 144.1 0.007100
1974 286  0 108 126.6 0.006921
1974 287  0  89 113.2 0.006775
1974 288  0  68 103.7 0.006631
1974 289  0  58  94.9 0.006452
1974 290  0  40  83.8 0.006309
1974 291  0  24  81.0 0.006273
1974 292  0  14  75.2 0.006202
1974 293  0  17  75.5 0.006166
1974 294  0  18  73.9 0.006162
1974 295  0  14  72.6 0.006126
1974 296  0  11  74.0 0.006126
1974 297  0  11  74.7 0.006162
1974 298  0  12  76.9 0.006194
1974 299  0  24  80.7 0.006230
1974 300  0  43  80.0 0.006298
1974 301  0  39  81.6 0.006334
1974 302  0  32  81.6 0.006370
1974 303  0  32  82.7 0.006438
1974 304  0  24  86.7 0.006474
1974 305  0  26  90.2 0.006506
1974 306  0  39  92.0 0.006542
1974 307  0  55  96.2 0.006610
1974 308  0  64  99.5 0.006646
1974 309  0  51  97.6 0.006678
1974 310  0  36  92.3 0.006642
1974 311  0  32  85.6 0.006606
1974 312  0  21  82.0 0.006535
1974 313  0  11  78.9 0.006427
1974 314  0  35  78.4 0.006359
1974 315  0  39  77.3 0.006252
1974 316  0  35  79.1 0.006216
1974 317  0  24  76.1 0.006216
1974 318  0  12  77.7 0.006212
1974 319  0  24  80.0 0.006212
1974 320  0  29  82.5 0.006248
1974 321  0  29  84.6 0.006248
1974 322  0  26  88.5 0.006316
1974 323  0  48  96.0 0.006384
1974 324  0  57  95.6 0.006452
1974 325  0  57  96.2 0.006524
1974 326  0  62  98.7 0.006556
1974 327  0  62  98.1 0.006628
1974 328  0  52  95.9 0.006660
1974 329  0  41  94.5 0.006660
1974 330  0  36  92.2 0.006624
1974 331  0  33  90.8 0.006588
1974 332  0  19  86.6 0.006553
1974 333  0  11  83.8 0.006517
1974 334  0  11  82.0 0.006445
1974 335  0   0  79.7 0.006377
1974 336  0   0  78.7 0.006341
1974 337  0  14  76.7 0.006341
1974 338  0  24  74.7 0.006305
1974 339  0  25  73.2 0.006234
1974 340  0  12  71.9 0.006166
1974 341  0  11  71.1 0.006130
1974 342  0   0  69.6 0.006130
1974 343  0   0  69.6 0.006058
1974 344  0  14  70.4 0.006026
1974 345  0  31  76.2 0.006094
1974 346  0  44  77.9 0.006162
1974 347  0  48  78.0 0.006162
1974 348  0  47  78.2 0.006198
1974 349  0  50  83.2 0.006302
1974 350  0  57  88.3 0.006370
1974 351  0  51  88.3 0.006370
1974 352  0  48  90.3 0.006438
1974 353  0  61  91.9 0.006506
1974 354  0  57  87.3 0.006542
1974 355  0  57  86.0 0.006574
1974 356  0  52  84.4 0.006542
1974 357  0  40  83.0 0.006470
1974 358  0  37  80.1 0.006366
1974 359  0  14  78.9 0.006334
1974 360  0  12  75.8 0.006298
1974 361  0  12  74.3 0.006230
1974 362  0  29  73.7 0.006159
1974 363  0  24  74.1 0.006159
1974 364  0  28  74.5 0.006159
1974 365  0  19  76.1 0.006159
1975   1  0  43  78.0 0.006194
1975   2  0  43  75.8 0.006227
1975   3  0  40  77.1 0.006194
1975   4  0  28  74.4 0.006194
1975   5  0  26  73.7 0.006159
1975   6  0  33  73.8 0.006194
1975   7  0  41  75.7 0.006227
1975   8  0  41  77.7 0.006194
1975   9  0  52  79.9 0.006230
1975  10  0  45  80.5 0.006262
1975  11  0  43  81.2 0.006330
1975  12  0  40  82.4 0.006334
1975  13  0  45  80.4 0.006334
1975  14  0  19  77.7 0.006334
1975  15  0  29  77.4 0.006262
1975  16  0  28  76.5 0.006266
1975  17  0  24  74.7 0.006266
1975  18  0  29  75.8 0.006266
1975  19  0  29  74.1 0.006230
1975  20  0  33  73.8 0.006194
1975  21  0  24  74.5 0.006198
1975  22  0  24  73.6 0.006162
1975  23  0  22  72.7 0.006162
1975  24  0  11  71.0 0.006126
1975  25  0  11  70.3 0.006126
1975  26  0  11  70.5 0.006094
1975  27  0   0  70.1 0.006094
1975  28  0  11  70.7 0.006094
1975  29  0  11  70.4 0.006094
1975  30  0  11  70.5 0.006094
1975  31  0   0  70.1 0.006094
1975  32  0   0  70.8 0.006062
1975  33  0  26  72.3 0.006062
1975  34  0  39  74.3 0.006098
1975  35  0  39  75.4 0.006133
1975  36  0  29  76.5 0.006169
1975  37  0  37  81.1 0.006202
1975  38  0  48  79.4 0.006237
1975  39  0  41  78.8 0.006273
1975  40  0  32  77.1 0.006273
1975  41  0  26  76.7 0.006277
1975  42  0  19  74.8 0.006205
1975  43  0  26  74.9 0.006209
1975  44  0  14  73.7 0.006173
1975  45  0  12  72.0 0.006137
1975  46  0  12  69.7 0.006105
1975  47  0  12  71.4 0.006105
1975  48  0   0  69.3 0.006105
1975  49  0   0  68.3 0.006073
1975  50  0   0  70.0 0.006037
1975  51  0  11  69.5 0.006037
1975  52  0  12  68.9 0.006037
1975  53  0   0  68.3 0.006040
1975  54  0   0  68.3 0.006040
1975  55  0  18  68.6 0.006040
1975  56  0  14  69.4 0.006040
1975  57  0   0  68.8 0.006040
1975  58  0   0  69.4 0.006044
1975  59  0   0  68.6 0.006044
1975  60  0   0  70.7 0.006044
1975  61  0  14  72.4 0.006116
1975  62  0  21  73.4 0.006187
1975  63  0  19  72.8 0.006187
1975  64  0  21  71.3 0.006187
1975  65  0  21  72.4 0.006155
1975  66  0  11  71.9 0.006155
1975  67  0  26  72.5 0.006191
1975  68  0  29  73.8 0.006191
1975  69  0  29  73.3 0.006194
1975  70  0  26  73.0 0.006194
1975  71  0  22  74.2 0.006194
1975  72  0  22  75.6 0.006194
1975  73  0  25  75.0 0.006198
1975  74  0  35  73.4 0.006162
1975  75  0  43  76.0 0.006162
1975  76  0  40  75.3 0.006198
1975  77  0  32  74.2 0.006166
1975  78  0  29  72.9 0.006130
1975  79  0  21  71.9 0.006094
1975  80  0  14  71.2 0.006098
1975  81  0   0  69.3 0.006062
1975  82  0   0  67.6 0.006026
1975  83  0   0  67.4 0.006030
1975  84  0   0  67.5 0.006030
1975  85  0  11  68.6 0.006030
1975  86  0   0  67.3 0.006030
1975  87  0   0  67.8 0.006033
1975  88  0   0  69.0 0.006033
1975  89  0   0  69.0 0.006069
1975  90  0  12  70.5 0.006105
1975  91  0   0  70.2 0.006108
1975  92  0   0  71.2 0.006144
1975  93  0   0  72.2 0.006180
1975  94  0   0  73.0 0.006180
1975  95  0   0  73.7 0.006219
1975  96  0   0  73.7 0.006255
1975  97  0  11  74.3 0.006255
1975  98  0  25  73.6 0.006219
1975  99  0  22  73.4 0.006259
1975 100  0  11  72.4 0.006223
1975 101  0   0  72.3 0.006187
1975 102  0   0  70.8 0.006151
1975 103  0   0  70.7 0.006083
1975 104  0   0  69.7 0.006083
1975 105  0   0  69.7 0.006083
1975 106  0   0  69.2 0.006048
1975 107  0   0  69.6 0.006051
1975 108  0   0  68.3 0.006051
1975 109  0   0  67.5 0.006015
1975 110  0   0  68.0 0.006015
1975 111  0   0  68.2 0.006015
1975 112  0   0  67.8 0.006019
1975 113  0  11  68.7 0.006019
1975 114  0  12  69.3 0.006055
1975 115  0  11  71.6 0.006094
1975 116  0  11  72.1 0.006130
1975 117  0  32  74.4 0.006130
1975 118  0  31  74.8 0.006169
1975 119  0  24  73.2 0.006169
1975 120  0  29  73.4 0.006169
1975 121  0  37  76.3 0.006245
1975 122  0  47  81.1 0.006280
1975 123  0  48  79.6 0.006316
1975 124  0  45  79.6 0.006284
1975 125  0  43  78.4 0.006284
1975 126  0  29  75.9 0.006248
1975 127  0  21  73.6 0.006212
1975 128  0   0  71.9 0.006176
1975 129  0   0  70.6 0.006105
1975 130  0  12  70.1 0.006105
1975 131  0   0  69.8 0.006105
1975 132  0   0  69.6 0.006105
1975 133  0   0  69.1 0.006069
1975 134  0  11  68.7 0.006073
1975 135  0  11  68.0 0.006073
1975 136  0  12  68.5 0.006037
1975 137  0   0  68.3 0.006037
1975 138  0  12  68.7 0.006037
1975 139  0   0  68.9 0.006001
1975 140  0   0  68.6 0.006073
1975 141  0   0  69.7 0.006076
1975 142  0  12  70.8 0.006076
1975 143  0  12  70.6 0.006076
1975 144  0  11  70.6 0.006076
1975 145  0   0  70.2 0.006116
1975 146  0   0  69.0 0.006076
1975 147  0  11  70.5 0.006116
1975 148  0  19  70.6 0.006116
1975 149  0   0  71.0 0.006116
1975 150  0   0  71.0 0.006116
1975 151  0  12  71.1 0.006116
1975 152  0  11  71.4 0.006119
1975 153  0  17  73.0 0.006119
1975 154  0  12  70.8 0.006119
1975 155  0  11  70.4 0.006119
1975 156  0  11  69.3 0.006083
1975 157  0  11  68.2 0.006083
1975 158  0   0  68.1 0.006083
1975 159  0   0  67.5 0.006048
1975 160  0   0  67.7 0.006048
1975 161  0   0  68.8 0.006048
1975 162  0  14  68.1 0.006012
1975 163  0   0  68.4 0.006048
1975 164  0   0  67.9 0.006048
1975 165  0   0  68.5 0.006012
1975 166  0  12  68.9 0.006051
1975 167  0  28  71.4 0.006051
1975 168  0  25  70.2 0.006051
1975 169  0  18  70.2 0.006051
1975 170  0  22  71.0 0.006087
1975 171  0   0  72.5 0.006087
1975 172  0  11  68.7 0.006087
1975 173  0   0  69.9 0.006051
1975 174  0  18  72.9 0.006087
1975 175  0  29  75.9 0.006126
1975 176  0  35  77.7 0.006162
1975 177  0  47  79.8 0.006198
1975 178  0  54  81.5 0.006198
1975 179  0  51  80.7 0.006237
1975 180  0  33  79.4 0.006273
1975 181  0  32  78.8 0.006313
1975 182  0  33  78.7 0.006313
1975 183  0  26  76.8 0.006273
1975 184  0  32  77.1 0.006237
1975 185  0  24  76.8 0.006237
1975 186  0  33  76.8 0.006202
1975 187  0  47  76.1 0.006198
1975 188  0  33  74.1 0.006198
1975 189  0  28  74.0 0.006162
1975 190  0  24  73.3 0.006126
1975 191  0  33  73.0 0.006126
1975 192  0  41  77.6 0.006126
1975 193  0  47  82.7 0.006198
1975 194  0  61  88.5 0.006237
1975 195  0  65  89.0 0.006273
1975 196  0  61  85.6 0.006273
1975 197  0  55  83.6 0.006273
1975 198  0  36  81.2 0.006273
1975 199  0  45  82.8 0.006273
1975 200  0  51  81.9 0.006273
1975 201  0  40  83.3 0.006273
1975 202  0  43  83.1 0.006309
1975 203  0  39  82.7 0.006309
1975 204  0  28  82.0 0.006309
1975 205  0  43  79.3 0.006345
1975 206  0  47  79.8 0.006305
1975 207  0  43  80.0 0.006305
1975 208  0  41  78.5 0.006305
1975 209  0  37  76.5 0.006270
1975 210  0  29  75.5 0.006234
1975 211  0  39  78.9 0.006230
1975 212  0  48  81.9 0.006230
1975 213  0  52  91.6 0.006305
1975 214  0  51  95.4 0.006377
1975 215  0  65  97.0 0.006413
1975 216  0 110 104.6 0.006488
1975 217  0 132 107.9 0.006524
1975 218  0 147 120.0 0.006595
1975 219  0 144 123.2 0.006595
1975 220  0 126 123.7 0.006671
1975 221  0 118 115.9 0.006631
1975 222  0 113 116.5 0.006556
1975 223  0 102 107.3 0.006520
1975 224  0  64 104.5 0.006481
1975 225  0  74  98.0 0.006445
1975 226  0  48  90.9 0.006409
1975 227  0  44  86.0 0.006370
1975 228  0  37  82.8 0.006334
1975 229  0  28  79.0 0.006295
1975 230  0  24  76.4 0.006295
1975 231  0  12  76.7 0.006295
1975 232  0  32  77.2 0.006291
1975 233  0  33  80.0 0.006291
1975 234  0  11  78.5 0.006327
1975 235  0  21  76.8 0.006291
1975 236  0  12  77.0 0.006252
1975 237  0  17  80.6 0.006287
1975 238  0  24  81.3 0.006323
1975 239  0  26  83.6 0.006323
1975 240  0  15  83.3 0.006395
1975 241  0  15  84.7 0.006431
1975 242  0  31  86.2 0.006467
1975 243  0  31  86.7 0.006538
1975 244  0  21  87.0 0.006538
1975 245  0  24  87.9 0.006574
1975 246  0  28  87.8 0.006646
1975 247  0  41  92.8 0.006646
1975 248  0  36  94.4 0.006646
1975 249  0  35  94.0 0.006642
1975 250  0  35  91.1 0.006570
1975 251  0  33  88.5 0.006495
1975 252  0  25  84.3 0.006424
1975 253  0  15  82.5 0.006348
1975 254  0  15  81.1 0.006309
1975 255  0  24  78.2 0.006273
1975 256  0  28  75.2 0.006237
1975 257  0  25  74.2 0.006234
1975 258  0  12  74.1 0.006234
1975 259  0  21  74.3 0.006234
1975 260  0  21  74.8 0.006234
1975 261  0  26  76.2 0.006270
1975 262  0  19  76.2 0.006302
1975 263  0  43  76.5 0.006302
1975 264  0  39  76.7 0.006302
1975 265  0  33  75.3 0.006302
1975 266  0   0  76.1 0.006298
1975 267  0   0  76.8 0.006298
1975 268  0   0  76.7 0.006334
1975 269  0   0  76.7 0.006330
1975 270  0   0  75.7 0.006330
1975 271  0   0  76.1 0.006330
1975 272  0   0  75.9 0.006327
1975 273  0  11  75.8 0.006327
1975 274  0  22  76.4 0.006327
1975 275  0  12  78.1 0.006291
1975 276  0  14  78.4 0.006287
1975 277  0  15  76.3 0.006287
1975 278  0  12  76.1 0.006252
1975 279  0  15  75.1 0.006252
1975 280  0  14  74.3 0.006248
1975 281  0  24  74.0 0.006248
1975 282  0  22  75.4 0.006212
1975 283  0  12  74.3 0.006209
1975 284  0  12  73.3 0.006173
1975 285  0  15  74.8 0.006173
1975 286  0  31  79.0 0.006245
1975 287  0  37  80.0 0.006313
1975 288  0  31  80.3 0.006348
1975 289  0  26  78.5 0.006345
1975 290  0  24  78.9 0.006345
1975 291  0  24  79.2 0.006309
1975 292  0  22  78.0 0.006273
1975 293  0  15  77.1 0.006270
1975 294  0  11  75.7 0.006270
1975 295  0   0  74.2 0.006270
1975 296  0   0  74.3 0.006270
1975 297  0  11  72.7 0.006234
1975 298  0   0  72.1 0.006230
1975 299  0   0  71.9 0.006230
1975 300  0   0  72.1 0.006230
1975 301  0   0  71.7 0.006194
1975 302  0   0  70.8 0.006159
1975 303  0   0  70.2 0.006155
1975 304  0   0  69.9 0.006155
1975 305  0   0  70.4 0.006155
1975 306  0   0  71.4 0.006151
1975 307  0  11  73.0 0.006223
1975 308  0  26  75.4 0.006255
1975 309  0  32  78.9 0.006291
1975 310  0  39  80.1 0.006359
1975 311  0  43  80.5 0.006359
1975 312  0  47  80.9 0.006359
1975 313  0  43  78.8 0.006359
1975 314  0  37  78.9 0.006359
1975 315  0  43  78.6 0.006391
1975 316  0  35  79.9 0.006391
1975 317  0  32  79.2 0.006320
1975 318  0  41  82.7 0.006284
1975 319  0  40  83.7 0.006320
1975 320  0  40  87.6 0.006424
1975 321  0  43  88.9 0.006492
1975 322  0  47  90.8 0.006492
1975 323  0  51  93.0 0.006456
1975 324  0  50  90.9 0.006488
1975 325  0  44  86.6 0.006488
1975 326  0  33  81.5 0.006452
1975 327  0  18  77.2 0.006313
1975 328  0  17  74.7 0.006241
1975 329  0  14  73.7 0.006205
1975 330  0  11  71.9 0.006169
1975 331  0   0  70.7 0.006133
1975 332  0   0  70.4 0.006101
1975 333  0   0  70.9 0.006098
1975 334  0   0  70.6 0.006098
1975 335  0  11  72.1 0.006133
1975 336  0  33  74.8 0.006166
1975 337  0  29  74.3 0.006202
1975 338  0  33  74.1 0.006202
1975 339  0  31  77.4 0.006202
1975 340  0  26  75.8 0.006270
1975 341  0  29  73.7 0.006234
1975 342  0  26  76.0 0.006198
1975 343  0  12  73.3 0.006234
1975 344  0   0  73.3 0.006234
1975 345  0   0  74.3 0.006266
1975 346  0   0  73.4 0.006234
1975 347  0   0  72.8 0.006230
1975 348  0  11  71.8 0.006230
1975 349  0  11  71.8 0.006230
1975 350  0  11  70.5 0.006198
1975 351  0  14  70.5 0.006162
1975 352  0  12  69.6 0.006162
1975 353  0  11  69.1 0.006162
1975 354  0   0  69.7 0.006162
1975 355  0   0  69.0 0.006126
1975 356  0   0  68.9 0.006126
1975 357  0   0  69.6 0.006091
1975 358  0  26  71.4 0.006091
1975 359  0  21  71.0 0.006091
1975 360  0  12  71.8 0.006126
1975 361  0   0  72.5 0.006159
1975 362  0   0  71.5 0.006194
1975 363  0   0  72.5 0.006194
1975 364  0   0  71.9 0.006194
1975 365  0   0  72.1 0.006194
1976   1  0   0  72.1 0.006194
1976   2  0   0  71.2 0.006194
1976   3  0   0  71.3 0.006194
1976   4  0   0  71.8 0.006194
1976   5  0   0  71.9 0.006194
1976   6  0   0  71.7 0.006159
1976   7  0   0  71.6 0.006159
1976   8  0   0  70.9 0.006126
1976   9  0   0  69.4 0.006126
1976  10  0   0  70.5 0.006126
1976  11  0   0  72.1 0.006159
1976  12  0  29  76.9 0.006194
1976  13  0  37  80.0 0.006230
1976  14  0  48  82.1 0.006230
1976  15  0  29  80.4 0.006230
1976  16  0  32  78.1 0.006194
1976  17  0  32  76.6 0.006194
1976  18  0  29  76.7 0.006194
1976  19  0  26  75.2 0.006162
1976  20  0  24  74.6 0.006162
1976  21  0  17  72.1 0.006162
1976  22  0  15  70.9 0.006126
1976  23  0  15  70.2 0.006094
1976  24  0   0  68.5 0.006094
1976  25  0   0  68.2 0.006094
1976  26  0   0  68.2 0.006058
1976  27  0  11  67.2 0.006058
1976  28  0   0  67.1 0.006058
1976  29  0  12  67.4 0.006026
1976  30  0  12  68.9 0.006062
1976  31  0   0  69.1 0.006062
1976  32  0   0  68.6 0.006062
1976  33  0   0  68.6 0.006062
1976  34  0   0  68.4 0.006030
1976  35  0   0  68.4 0.006030
1976  36  0   0  67.6 0.006030
1976  37  0   0  68.1 0.006030
1976  38  0   0  69.3 0.006065
1976  39  0   0  68.4 0.006101
1976  40  0   0  68.3 0.006065
1976  41  0   0  68.5 0.006065
1976  42  0   0  68.4 0.006065
1976  43  0   0  67.8 0.006069
1976  44  0  19  69.7 0.006069
1976  45  0  24  69.9 0.006069
1976  46  0  26  69.6 0.006069
1976  47  0  17  69.7 0.006069
1976  48  0  12  69.9 0.006069
1976  49  0  22  70.1 0.006073
1976  50  0  15  70.1 0.006073
1976  51  0  18  70.0 0.006073
1976  52  0  12  68.8 0.006073
1976  53  0  11  68.9 0.006073
1976  54  0   0  69.2 0.006108
1976  55  0   0  69.6 0.006108
1976  56  0   0  68.4 0.006112
1976  57  0   0  68.5 0.006076
1976  58  0  11  68.5 0.006076
1976  59  0   0  67.9 0.006008
1976  60  0   0  67.4 0.006008
1976  61  0   0  67.7 0.006008
1976  62  0   0  68.1 0.006044
1976  63  0   0  67.4 0.006048
1976  64  0   0  67.4 0.006048
1976  65  0   0  67.6 0.006048
1976  66  0  15  67.5 0.006012
1976  67  0  18  67.9 0.006015
1976  68  0  11  67.9 0.006015
1976  69  0  15  68.2 0.006015
1976  70  0  18  68.4 0.006015
1976  71  0  19  68.8 0.006019
1976  72  0  19  68.9 0.006055
1976  73  0  19  70.9 0.006055
1976  74  0  32  70.1 0.006055
1976  75  0  24  69.1 0.006055
1976  76  0  17  72.5 0.006091
1976  77  0  43  74.4 0.006130
1976  78  0  61  79.0 0.006202
1976  79  0  67  81.6 0.006273
1976  80  0  68  85.0 0.006309
1976  81  0  62  91.2 0.006381
1976  82  0  51  83.0 0.006313
1976  83  0  37  86.9 0.006313
1976  84  0  32  82.2 0.006313
1976  85  0  32  85.1 0.006280
1976  86  0  54  84.1 0.006280
1976  87  0  64  85.5 0.006245
1976  88  0  61  87.1 0.006280
1976  89  0  54  84.0 0.006248
1976  90  0  45  82.4 0.006176
1976  91  0  37  82.7 0.006248
1976  92  0  33  79.6 0.006216
1976  93  0  33  76.8 0.006144
1976  94  0  31  76.1 0.006108
1976  95  0  19  74.7 0.006108
1976  96  0  18  73.0 0.006076
1976  97  0  14  71.3 0.006076
1976  98  0   0  70.3 0.006076
1976  99  0   0  71.9 0.006076
1976 100  0  12  74.1 0.006116
1976 101  0  15  75.3 0.006151
1976 102  0  22  77.1 0.006187
1976 103  0  25  78.1 0.006262
1976 104  0  25  79.6 0.006298
1976 105  0  28  79.5 0.006298
1976 106  0  28  79.2 0.006338
1976 107  0  28  80.6 0.006373
1976 108  0  32  80.5 0.006373
1976 109  0  39  80.5 0.006413
1976 110  0  39  79.8 0.006377
1976 111  0  43  80.0 0.006341
1976 112  0  52  78.0 0.006305
1976 113  0  29  76.2 0.006309
1976 114  0  25  75.7 0.006273
1976 115  0  24  76.8 0.006237
1976 116  0  25  75.7 0.006237
1976 117  0  37  75.7 0.006237
1976 118  0  33  74.6 0.006241
1976 119  0  31  73.4 0.006205
1976 120  0  35  79.6 0.006241
1976 121  0  45  79.5 0.006241
1976 122  0  43  77.6 0.006209
1976 123  0  33  74.2 0.006133
1976 124  0  36  71.9 0.006137
1976 125  0  12  71.5 0.006137
1976 126  0  31  71.1 0.006137
1976 127  0  15  69.9 0.006137
1976 128  0  15  70.3 0.006141
1976 129  0  14  70.2 0.006141
1976 130  0  12  70.6 0.006141
1976 131  0  15  71.7 0.006141
1976 132  0  24  72.5 0.006141
1976 133  0  25  72.6 0.006180
1976 134  0  33  73.6 0.006216
1976 135  0  43  74.2 0.006255
1976 136  0  25  76.9 0.006291
1976 137  0  18  79.2 0.006327
1976 138  0  26  76.5 0.006291
1976 139  0  12  75.6 0.006295
1976 140  0  29  73.8 0.006259
1976 141  0  29  73.0 0.006259
1976 142  0  19  74.0 0.006223
1976 143  0  11  72.5 0.006223
1976 144  0  22  71.9 0.006187
1976 145  0  12  70.8 0.006151
1976 146  0   0  69.8 0.006151
1976 147  0  11  69.5 0.006151
1976 148  0   0  69.6 0.006116
1976 149  0   0  69.0 0.006080
1976 150  0   0  68.0 0.006044
1976 151  0   0  68.1 0.006044
1976 152  0   0  68.7 0.006044
1976 153  0   0  68.4 0.006044
1976 154  0   0  67.9 0.006044
1976 155  0   0  68.1 0.006044
1976 156  0   0  68.4 0.006044
1976 157  0   0  68.7 0.006008
1976 158  0   0  69.3 0.006048
1976 159  0   0  69.0 0.006048
1976 160  0  15  70.7 0.006083
1976 161  0  15  70.1 0.006083
1976 162  0  11  71.0 0.006083
1976 163  0  11  71.4 0.006087
1976 164  0  12  71.7 0.006123
1976 165  0  12  72.0 0.006123
1976 166  0  22  73.7 0.006159
1976 167  0  26  74.3 0.006198
1976 168  0  22  77.1 0.006198
1976 169  0  26  77.1 0.006234
1976 170  0  35  77.9 0.006234
1976 171  0  33  76.9 0.006234
1976 172  0  29  76.9 0.006234
1976 173  0  43  77.7 0.006273
1976 174  0  44  78.9 0.006273
1976 175  0  32  76.5 0.006237
1976 176  0  36  75.2 0.006162
1976 177  0  26  74.9 0.006126
1976 178  0  25  74.3 0.006126
1976 179  0  14  72.8 0.006126
1976 180  0  17  71.8 0.006091
1976 181  0  17  71.3 0.006091
1976 182  0  15  70.3 0.006091
1976 183  0  14  69.3 0.006051
1976 184  0  12  69.1 0.006051
1976 185  0  15  69.5 0.006051
1976 186  0  12  68.6 0.006051
1976 187  0  12  69.5 0.006051
1976 188  0  15  69.6 0.006091
1976 189  0  11  69.5 0.006126
1976 190  0   0  69.7 0.006091
1976 191  0   0  69.7 0.006091
1976 192  0   0  70.1 0.006051
1976 193  0   0  70.2 0.006087
1976 194  0   0  69.8 0.006051
1976 195  0   0  69.8 0.006087
1976 196  0   0  70.7 0.006087
1976 197  0   0  71.4 0.006126
1976 198  0   0  69.8 0.006162
1976 199  0   0  69.4 0.006126
1976 200  0   0  70.6 0.006123
1976 201  0   0  70.2 0.006087
1976 202  0   0  69.4 0.006087
1976 203  0   0  70.1 0.006087
1976 204  0   0  70.1 0.006087
1976 205  0   0  68.7 0.006087
1976 206  0   0  69.4 0.006087
1976 207  0   0  68.8 0.006048
1976 208  0   0  68.5 0.006048
1976 209  0   0  69.4 0.006048
1976 210  0   0  69.4 0.006048
1976 211  0   0  69.4 0.006048
1976 212  0   0  70.7 0.006083
1976 213  0   0  72.3 0.006159
1976 214  0  15  75.9 0.006194
1976 215  0  24  77.8 0.006230
1976 216  0  25  82.3 0.006266
1976 217  0  19  82.3 0.006266
1976 218  0  24  84.2 0.006266
1976 219  0  21  84.3 0.006302
1976 220  0  35  83.7 0.006302
1976 221  0  39  82.0 0.006302
1976 222  0  44  82.8 0.006262
1976 223  0  35  82.8 0.006298
1976 224  0  33  80.4 0.006298
1976 225  0  40  80.6 0.006262
1976 226  0  37  78.7 0.006262
1976 227  0  22  73.4 0.006187
1976 228  0  12  72.8 0.006112
1976 229  0  22  72.9 0.006148
1976 230  0  28  77.8 0.006148
1976 231  0  32  78.2 0.006184
1976 232  0  36  76.1 0.006219
1976 233  0  29  74.5 0.006148
1976 234  0  25  73.2 0.006108
1976 235  0  12  72.3 0.006144
1976 236  0  14  70.8 0.006108
1976 237  0  22  70.9 0.006144
1976 238  0  15  70.6 0.006105
1976 239  0  21  70.1 0.006141
1976 240  0  11  71.5 0.006141
1976 241  0  12  72.8 0.006141
1976 242  0  14  73.3 0.006176
1976 243  0  15  73.0 0.006212
1976 244  0  14  73.8 0.006212
1976 245  0  25  76.3 0.006248
1976 246  0  29  75.3 0.006248
1976 247  0  18  75.7 0.006209
1976 248  0  17  75.9 0.006245
1976 249  0  25  75.4 0.006245
1976 250  0  15  73.1 0.006245
1976 251  0  14  73.0 0.006205
1976 252  0  14  72.9 0.006169
1976 253  0  26  73.2 0.006130
1976 254  0  32  75.8 0.006166
1976 255  0  35  75.7 0.006202
1976 256  0  29  75.7 0.006202
1976 257  0  26  74.3 0.006202
1976 258  0  15  74.7 0.006234
1976 259  0  24  73.9 0.006198
1976 260  0  21  75.8 0.006198
1976 261  0  12  76.5 0.006234
1976 262  0  12  74.3 0.006230
1976 263  0  11  73.3 0.006194
1976 264  0   0  72.2 0.006194
1976 265  0   0  70.9 0.006159
1976 266  0   0  70.5 0.006155
1976 267  0  11  72.0 0.006155
1976 268  0  11  72.5 0.006155
1976 269  0  24  73.4 0.006187
1976 270  0  25  72.8 0.006187
1976 271  0  26  73.3 0.006187
1976 272  0  26  73.6 0.006223
1976 273  0  33  71.9 0.006184
1976 274  0  43  72.6 0.006184
1976 275  0  43  74.6 0.006219
1976 276  0  40  73.9 0.006219
1976 277  0  43  73.8 0.006216
1976 278  0  43  73.1 0.006216
1976 279  0  36  74.8 0.006180
1976 280  0  35  74.7 0.006216
1976 281  0  43  74.5 0.006212
1976 282  0  11  74.6 0.006248
1976 283  0  21  74.8 0.006248
1976 284  0   0  74.9 0.006209
1976 285  0   0  73.7 0.006245
1976 286  0  19  73.3 0.006209
1976 287  0  25  72.6 0.006209
1976 288  0  33  74.4 0.006205
1976 289  0  36  75.5 0.006205
1976 290  0  40  77.0 0.006241
1976 291  0  44  78.0 0.006273
1976 292  0  35  77.3 0.006273
1976 293  0  29  76.6 0.006237
1976 294  0  28  75.8 0.006202
1976 295  0  22  73.5 0.006234
1976 296  0  32  75.4 0.006234
1976 297  0  40  80.1 0.006270
1976 298  0  43  80.1 0.006266
1976 299  0  43  84.7 0.006266
1976 300  0  41  80.4 0.006266
1976 301  0  35  77.4 0.006266
1976 302  0  28  73.8 0.006194
1976 303  0  22  72.1 0.006227
1976 304  0  12  72.1 0.006191
1976 305  0   0  70.4 0.006155
1976 306  0   0  70.9 0.006119
1976 307  0   0  69.1 0.006119
1976 308  0   0  69.8 0.006116
1976 309  0   0  69.9 0.006116
1976 310  0   0  70.9 0.006151
1976 311  0   0  69.7 0.006151
1976 312  0   0  69.5 0.006112
1976 313  0   0  69.3 0.006112
1976 314  0   0  70.7 0.006112
1976 315  0   0  69.4 0.006148
1976 316  0   0  70.5 0.006112
1976 317  0   0  70.8 0.006108
1976 318  0   0  69.4 0.006144
1976 319  0   0  69.2 0.006108
1976 320  0  11  71.1 0.006144
1976 321  0  11  71.1 0.006176
1976 322  0  21  72.8 0.006176
1976 323  0  29  75.6 0.006176
1976 324  0  19  74.6 0.006209
1976 325  0  18  72.9 0.006245
1976 326  0  12  73.2 0.006209
1976 327  0  19  73.3 0.006209
1976 328  0  17  72.5 0.006209
1976 329  0  15  72.9 0.006205
1976 330  0  14  72.7 0.006173
1976 331  0  14  72.1 0.006169
1976 332  0  12  73.7 0.006169
1976 333  0  12  71.7 0.006205
1976 334  0  12  69.7 0.006169
1976 335  0   0  69.7 0.006133
1976 336  0   0  70.2 0.006098
1976 337  0   0  71.6 0.006166
1976 338  0   0  71.2 0.006202
1976 339  0   0  71.3 0.006202
1976 340  0   0  70.1 0.006166
1976 341  0   0  70.1 0.006166
1976 342  0  11  69.7 0.006166
1976 343  0  28  70.8 0.006166
1976 344  0  32  74.3 0.006198
1976 345  0  28  76.8 0.006198
1976 346  0  32  78.3 0.006234
1976 347  0  24  78.6 0.006266
1976 348  0  18  78.1 0.006266
1976 349  0  45  81.0 0.006266
1976 350  0  48  79.8 0.006302
1976 351  0  51  77.8 0.006302
1976 352  0  48  75.5 0.006298
1976 353  0  35  73.8 0.006266
1976 354  0  22  72.9 0.006230
1976 355  0  12  71.7 0.006194
1976 356  0  14  71.8 0.006194
1976 357  0  14  73.4 0.006194
1976 358  0  14  73.7 0.006230
1976 359  0  25  74.2 0.006230
1976 360  0  32  75.6 0.006194
1976 361  0  36  75.6 0.006262
1976 362  0  24  75.2 0.006262
1976 363  0  25  74.5 0.006262
1976 364  0  28  74.8 0.006262
1976 365  0  28  75.1 0.006262
1976 366  0  18  76.4 0.006227
1977   1  0  29  73.8 0.006227
1977   2  0  45  76.5 0.006227
1977   3  0  36  76.0 0.006227
1977   4  0  36  75.5 0.006194
1977   5  0  35  74.0 0.006159
1977   6  0  19  72.4 0.006123
1977   7  0   0  71.4 0.006123
1977   8  0   0  69.6 0.006091
1977   9  0   0  68.4 0.006055
1977  10  0   0  68.8 0.006055
1977  11  0  21  71.2 0.006091
1977  12  0  32  74.9 0.006126
1977  13  0  33  77.5 0.006159
1977  14  0  32  74.5 0.006159
1977  15  0  35  75.6 0.006194
1977  16  0  26  77.5 0.006194
1977  17  0  43  76.1 0.006194
1977  18  0  37  75.4 0.006194
1977  19  0  11  76.9 0.006194
1977  20  0   0  75.2 0.006230
1977  21  0  22  74.0 0.006230
1977  22  0  35  76.8 0.006230
1977  23  0  48  78.7 0.006266
1977  24  0  50  77.4 0.006302
1977  25  0  29  74.9 0.006302
1977  26  0  21  76.0 0.006266
1977  27  0   0  75.3 0.006302
1977  28  0  19  77.1 0.006270
1977  29  0  17  76.1 0.006270
1977  30  0  12  76.3 0.006305
1977  31  0  15  79.6 0.006270
1977  32  0  22  81.7 0.006341
1977  33  0  28  82.1 0.006341
1977  34  0  28  80.9 0.006377
1977  35  0  24  78.7 0.006341
1977  36  0  26  77.8 0.006305
1977  37  0  11  75.2 0.006273
1977  38  0  11  74.6 0.006237
1977  39  0  37  78.6 0.006309
1977  40  0  31  83.1 0.006309
1977  41  0  36  83.5 0.006309
1977  42  0  40  84.6 0.006309
1977  43  0  68  86.9 0.006345
1977  44  0  96  88.5 0.006452
1977  45  0  86  85.2 0.006524
1977  46  0  64  84.4 0.006488
1977  47  0  69  85.7 0.006524
1977  48  0  67  89.6 0.006524
1977  49  0  52  86.5 0.006560
1977  50  0  36  82.8 0.006492
1977  51  0  21  81.1 0.006424
1977  52  0  14  78.6 0.006352
1977  53  0  14  75.9 0.006356
1977  54  0  14  75.9 0.006320
1977  55  0  12  74.2 0.006320
1977  56  0  12  74.3 0.006287
1977  57  0  12  72.3 0.006252
1977  58  0   0  72.0 0.006219
1977  59  0   0  72.6 0.006219
1977  60  0   0  72.6 0.006219
1977  61  0  12  75.4 0.006255
1977  62  0  12  74.8 0.006259
1977  63  0  12  76.9 0.006259
1977  64  0  12  77.6 0.006295
1977  65  0  14  77.6 0.006330
1977  66  0  12  77.2 0.006366
1977  67  0  29  81.6 0.006402
1977  68  0  29  80.3 0.006438
1977  69  0  28  80.5 0.006477
1977  70  0  28  78.9 0.006441
1977  71  0  21  78.6 0.006406
1977  72  0  12  77.9 0.006409
1977  73  0  11  77.2 0.006409
1977  74  0   0  74.8 0.006373
1977  75  0   0  74.1 0.006305
1977  76  0  12  74.1 0.006270
1977  77  0   0  73.9 0.006305
1977  78  0   0  74.0 0.006273
1977  79  0   0  72.3 0.006273
1977  80  0   0  72.8 0.006273
1977  81  0  15  74.6 0.006277
1977  82  0  14  74.7 0.006277
1977  83  0  11  74.8 0.006277
1977  84  0  21  74.0 0.006245
1977  85  0  12  75.1 0.006245
1977  86  0  14  74.5 0.006245
1977  87  0  24  74.4 0.006248
1977  88  0  24  75.4 0.006248
1977  89  0  12  74.6 0.006212
1977  90  0  12  74.1 0.006284
1977  91  0  11  74.8 0.006287
1977  92  0  17  76.3 0.006287
1977  93  0  15  76.6 0.006359
1977  94  0  11  76.8 0.006395
1977  95  0  11  75.5 0.006327
1977  96  0  12  76.1 0.006363
1977  97  0  11  75.5 0.006291
1977  98  0   0  74.3 0.006259
1977  99  0   0  74.8 0.006259
1977 100  0   0  76.5 0.006330
1977 101  0  12  79.2 0.006370
1977 102  0  18  80.2 0.006370
1977 103  0  24  82.7 0.006334
1977 104  0  32  83.4 0.006334
1977 105  0  41  86.8 0.006373
1977 106  0  44  83.7 0.006445
1977 107  0  45  83.6 0.006484
1977 108  0  41  80.8 0.006377
1977 109  0  32  79.8 0.006341
1977 110  0  18  80.4 0.006341
1977 111  0  29  80.8 0.006341
1977 112  0  28  80.1 0.006345
1977 113  0  26  77.5 0.006309
1977 114  0  12  76.5 0.006309
1977 115  0   0  76.4 0.006273
1977 116  0  21  75.4 0.006273
1977 117  0  12  74.9 0.006241
1977 118  0  17  74.2 0.006277
1977 119  0  15  74.8 0.006313
1977 120  0  14  76.6 0.006280
1977 121  0  22  77.2 0.006316
1977 122  0  21  78.5 0.006316
1977 123  0  32  81.9 0.006316
1977 124  0  33  81.4 0.006320
1977 125  0  26  79.6 0.006320
1977 126  0  24  78.5 0.006320
1977 127  0  18  77.1 0.006359
1977 128  0  28  77.9 0.006359
1977 129  0  36  83.6 0.006431
1977 130  0  41  80.8 0.006434
1977 131  0  48  80.8 0.006399
1977 132  0  50  79.7 0.006399
1977 133  0  37  81.5 0.006474
1977 134  0  47  84.8 0.006510
1977 135  0  37  85.0 0.006549
1977 136  0  36  85.1 0.006549
1977 137  0  29  84.1 0.006513
1977 138  0  18  82.9 0.006513
1977 139  0   0  82.1 0.006513
1977 140  0  17  81.3 0.006517
1977 141  0  21  81.4 0.006481
1977 142  0  11  82.9 0.006445
1977 143  0  11  82.4 0.006481
1977 144  0  11  79.2 0.006409
1977 145  0   0  77.4 0.006373
1977 146  0  11  76.8 0.006334
1977 147  0  19  77.9 0.006373
1977 148  0  24  79.1 0.006409
1977 149  0  29  81.7 0.006449
1977 150  0  43  89.9 0.006484
1977 151  0  57  92.0 0.006524
1977 152  0  62  88.9 0.006524
1977 153  0  61  90.9 0.006524
1977 154  0  61  93.0 0.006599
1977 155  0  69  94.2 0.006635
1977 156  0  57  90.2 0.006635
1977 157  0  55  90.6 0.006599
1977 158  0  58  92.0 0.006638
1977 159  0  54  91.9 0.006638
1977 160  0  47  90.9 0.006603
1977 161  0  41  89.2 0.006527
1977 162  0  39  87.2 0.006527
1977 163  0  32  83.3 0.006492
1977 164  0  29  84.2 0.006456
1977 165  0  36  82.3 0.006420
1977 166  0  12  82.3 0.006345
1977 167  0  12  81.4 0.006309
1977 168  0  12  82.4 0.006345
1977 169  0  31  84.3 0.006384
1977 170  0  47  85.2 0.006456
1977 171  0  31  88.9 0.006495
1977 172  0  40  92.4 0.006531
1977 173  0  57  98.8 0.006642
1977 174  0  81  99.4 0.006681
1977 175  0  85 107.4 0.006681
1977 176  0 105 113.8 0.006792
1977 177  0 101 120.7 0.006939
1977 178  0 105 115.9 0.006979
1977 179  0  92 113.4 0.006939
1977 180  0  71 111.9 0.006903
1977 181  0  64 106.9 0.006828
1977 182  0  59 102.0 0.006792
1977 183  0  64 100.7 0.006781
1977 184  0  59  97.4 0.006827
1977 185  0  55  94.0 0.006857
1977 186  0  57  88.0 0.006873
1977 187  0  57  90.2 0.006873
1977 188  0  36  85.2 0.006842
1977 189  0  29  82.1 0.006827
1977 190  0  25  79.0 0.006796
1977 191  0  33  76.9 0.006765
1977 192  0  14  76.2 0.006719
1977 193  0  12  75.8 0.006689
1977 194  0  15  77.8 0.006673
1977 195  0  11  76.8 0.006643
1977 196  0   0  76.0 0.006597
1977 197  0   0  76.9 0.006581
1977 198  0   0  76.5 0.006581
1977 199  0   0  76.9 0.006597
1977 200  0  11  76.9 0.006612
1977 201  0  12  80.1 0.006612
1977 202  0  12  81.7 0.006612
1977 203  0  33  83.1 0.006612
1977 204  0  43  85.0 0.006643
1977 205  0  54  84.0 0.006689
1977 206  0  59  86.0 0.006765
1977 207  0  59  86.0 0.006811
1977 208  0  52  85.4 0.006796
1977 209  0  37  87.5 0.006765
1977 210  0  24  86.7 0.006719
1977 211  0  15  84.1 0.006673
1977 212  0  12  80.4 0.006612
1977 213  0  25  83.0 0.006566
1977 214  0  22  82.8 0.006505
1977 215  0  35  82.3 0.006474
1977 216  0  28  82.9 0.006474
1977 217  0  33  86.4 0.006505
1977 218  0  37  88.2 0.006535
1977 219  0  40  86.9 0.006566
1977 220  0  36  85.1 0.006612
1977 221  0  43  85.9 0.006673
1977 222  0  36  87.2 0.006750
1977 223  0  33  87.6 0.006781
1977 224  0  41  86.5 0.006842
1977 225  0  57  89.0 0.006965
1977 226  0  57  87.5 0.007118
1977 227  0  59  86.9 0.007226
1977 228  0  54  87.3 0.007256
1977 229  0  51  87.1 0.007241
1977 230  0  57  88.6 0.007241
1977 231  0  50  87.0 0.007226
1977 232  0  47  88.7 0.007180
1977 233  0  47  90.8 0.007103
1977 234  0  54  89.6 0.006980
1977 235  0  22  86.0 0.006873
1977 236  0  28  86.0 0.006811
1977 237  0  36  87.7 0.006781
1977 238  0  48  86.4 0.006796
1977 239  0  54  85.4 0.006781
1977 240  0  51  82.4 0.006735
1977 241  0  57  86.1 0.006658
1977 242  0  51  85.5 0.006612
1977 243  0  44  84.7 0.006597
1977 244  0  32  83.1 0.006597
1977 245  0  41  84.2 0.006581
1977 246  0  41  87.2 0.006581
1977 247  0  36  84.2 0.006581
1977 248  0  29  85.6 0.006581
1977 249  0  37  84.9 0.006581
1977 250  0  36  89.3 0.006551
1977 251  0  26  91.6 0.006551
1977 252  0  43  95.9 0.006612
1977 253  0  57  99.8 0.006704
1977 254  0  64 104.6 0.006811
1977 255  0  72 107.8 0.006888
1977 256  0  68 112.9 0.006950
1977 257  0  67 118.2 0.006996
1977 258  0  75 120.7 0.006996
1977 259  0  79 120.4 0.006934
1977 260  0  75 120.6 0.006842
1977 261  0  85 120.5 0.006735
1977 262  0  84 104.5 0.006658
1977 263  0  85 108.8 0.006551
1977 264  0  82 104.9 0.006459
1977 265  0  59 102.4 0.006412
1977 266  0  58  99.3 0.006412
1977 267  0  68 100.6 0.006397
1977 268  0  65  98.8 0.006366
1977 269  0  69  99.4 0.006320
1977 270  0  76 100.0 0.006244
1977 271  0  86 100.0 0.006198
1977 272  0  91  99.4 0.006152
1977 273  0  85  97.7 0.006152
1977 274  0  61  93.8 0.006152
1977 275  0  52  93.2 0.006182
1977 276  0  67  97.4 0.006198
1977 277  0  67  98.8 0.006228
1977 278  0  68 104.0 0.006244
1977 279  0  78 103.5 0.006366
1977 280  0  81 105.5 0.006566
1977 281  0  74 103.8 0.006750
1977 282  0  67 100.7 0.006857
1977 283  0  54  96.4 0.006873
1977 284  0  40  95.3 0.006903
1977 285  0  47 100.8 0.006919
1977 286  0  75  98.5 0.006934
1977 287  0  68  98.9 0.006919
1977 288  0  76  98.2 0.006903
1977 289  0  75  96.8 0.006857
1977 290  0  72  94.9 0.006781
1977 291  0  71  95.4 0.006673
1977 292  0  76 105.0 0.006566
1977 293  0  76  99.6 0.006474
1977 294  0  59  98.6 0.006382
1977 295  0  50  93.9 0.006305
1977 296  0  43  87.3 0.006259
1977 297  0  41  88.3 0.006244
1977 298  0  40  88.1 0.006259
1977 299  0  43  88.6 0.006259
1977 300  0  54  88.5 0.006274
1977 301  0  52  90.3 0.006290
1977 302  0  59  90.3 0.006290
1977 303  0  64  94.9 0.006290
1977 304  0  74  95.9 0.006290
1977 305  0  62  94.4 0.006290
1977 306  0  57  93.6 0.006305
1977 307  0  36  90.4 0.006336
1977 308  0  32  89.4 0.006351
1977 309  0  36  90.6 0.006382
1977 310  0  39  91.1 0.006397
1977 311  0  48  90.2 0.006428
1977 312  0  39  90.3 0.006443
1977 313  0  44  91.1 0.006489
1977 314  0  36  93.1 0.006520
1977 315  0  37  94.9 0.006597
1977 316  0  39  91.4 0.006704
1977 317  0  40  94.0 0.006842
1977 318  0  44  97.9 0.006996
1977 319  0  55  97.9 0.007164
1977 320  0  69  95.9 0.007318
1977 321  0  72 100.4 0.007471
1977 322  0  76 102.0 0.007594
1977 323  0  74  99.2 0.007671
1977 324  0  54  95.7 0.007732
1977 325  0  45  92.8 0.007763
1977 326  0  40  89.3 0.007763
1977 327  0  35  88.0 0.007732
1977 328  0  26  86.7 0.007701
1977 329  0  15  84.7 0.007671
1977 330  0  14  84.1 0.007640
1977 331  0  21  83.8 0.007625
1977 332  0  14  85.6 0.007594
1977 333  0  15  85.6 0.007563
1977 334  0  33  85.3 0.007563
1977 335  0  29  88.4 0.007563
1977 336  0  29  91.2 0.007563
1977 337  0  44  93.7 0.007533
1977 338  0  67  95.9 0.007502
1977 339  0  82  96.9 0.007487
1977 340  0  82 102.0 0.007440
1977 341  0  78 105.5 0.007410
1977 342  0  64 106.7 0.007364
1977 343  0  82 112.6 0.007333
1977 344  0 106 114.7 0.007287
1977 345  0 101 107.4 0.007256
1977 346  0  88 111.0 0.007226
1977 347  0  62 100.6 0.007180
1977 348  0  52  93.7 0.007149
1977 349  0  58  92.5 0.007103
1977 350  0  55  92.5 0.007072
1977 351  0  41  91.1 0.007042
1977 352  0  47  93.6 0.007011
1977 353  0  57  91.0 0.006996
1977 354  0  33  88.7 0.006980
1977 355  0  33  87.8 0.006965
1977 356  0  25  89.9 0.006965
1977 357  0  33  91.2 0.006980
1977 358  0  44  93.9 0.007042
1977 359  0  50  96.3 0.007164
1977 360  0  58  99.3 0.007333
1977 361  0  71  98.3 0.007533
1977 362  0  64  98.9 0.007732
1977 363  0  82 105.6 0.007901
1977 364  0  91 114.7 0.008100
1977 365  0  95 120.2 0.008284
1978   1  0 127 126.9 0.008499
1978   2  0 133 133.9 0.008683
1978   3  0 147 130.2 0.008729
1978   4  0 146 124.8 0.008607
1978   5  0 129 119.2 0.008392
1978   6  0 112 118.7 0.008131
1978   7  0  78 111.6 0.007870
1978   8  0  55 102.8 0.007609
1978   9  0  51  97.0 0.007379
1978  10  0  22  93.5 0.007195
1978  11  0  29  93.1 0.007042
1978  12  0  37  92.1 0.006903
1978  13  0  47  90.3 0.006811
1978  14  0  52  88.6 0.006750
1978  15  0  48  89.6 0.006719
1978  16  0  39  86.4 0.006658
1978  17  0  37  83.8 0.006612
1978  18  0  21  84.7 0.006566
1978  19  0  12  85.4 0.006597
1978  20  0  12  87.0 0.006658
1978  21  0  28  91.4 0.006750
1978  22  0  40  96.9 0.006842
1978  23  0  57  99.6 0.006934
1978  24  0  57 100.4 0.007026
1978  25  0  54 103.3 0.007118
1978  26  0  69 112.7 0.007210
1978  27  0  95 116.4 0.007348
1978  28  0 110 127.7 0.007548
1978  29  0 127 132.2 0.007809
1978  30  0 146 134.9 0.008039
1978  31  0 167 133.3 0.008192
1978  32  0 181 139.1 0.008330
1978  33  0 170 152.6 0.008422
1978  34  0 184 156.6 0.008499
1978  35  0 201 154.0 0.008514
1978  36  0 194 159.0 0.008484
1978  37  0 183 156.1 0.008422
1978  38  0 173 157.3 0.008346
1978  39  0 127 157.0 0.008269
1978  40  0 137 155.2 0.008192
1978  41  0 144 148.7 0.008116
1978  42  0 159 154.2 0.008039
1978  43  0 163 159.0 0.007947
1978  44  0 136 151.2 0.007870
1978  45  0 116 148.4 0.007793
1978  46  0  92 136.8 0.007717
1978  47  0  91 130.2 0.007640
1978  48  0  82 125.9 0.007563
1978  49  0  81 124.9 0.007502
1978  50  0  79 119.1 0.007517
1978  51  0  82 122.2 0.007609
1978  52  0  92 122.2 0.007732
1978  53  0 103 127.7 0.007855
1978  54  0 108 131.8 0.007931
1978  55  0 129 135.6 0.007947
1978  56  0 133 139.3 0.007962
1978  57  0 127 134.8 0.007962
1978  58  0 120 137.5 0.007962
1978  59  0 125 135.4 0.007977
1978  60  0 144 136.3 0.007977
1978  61  0 130 141.1 0.007977
1978  62  0 135 146.6 0.007993
1978  63  0 139 148.4 0.007993
1978  64  0 119 154.5 0.007993
1978  65  0 106 162.8 0.008008
1978  66  0 127 165.2 0.008008
1978  67  0 140 168.7 0.008008
1978  68  0 133 183.7 0.008024
1978  69  0 130 179.1 0.008024
1978  70  0 125 175.2 0.008024
1978  71  0 110 169.8 0.008039
1978  72  0 103 160.9 0.008039
1978  73  0 102 160.5 0.008024
1978  74  0 105 154.2 0.007977
1978  75  0 105 143.3 0.007870
1978  76  0 105 135.4 0.007717
1978  77  0 105 132.3 0.007548
1978  78  0  92 128.1 0.007425
1978  79  0  84 125.3 0.007364
1978  80  0 109 118.2 0.007348
1978  81  0 119 117.0 0.007348
1978  82  0 125 116.4 0.007333
1978  83  0 120 117.5 0.007318
1978  84  0 105 118.2 0.007287
1978  85  0  85 112.5 0.007272
1978  86  0  74 114.1 0.007241
1978  87  0  69 112.7 0.007226
1978  88  0  68 111.1 0.007226
1978  89  0  64 115.4 0.007226
1978  90  0  82 124.5 0.007226
1978  91  0  99 130.0 0.007241
1978  92  0  96 129.8 0.007256
1978  93  0 101 134.5 0.007287
1978  94  0 106 143.3 0.007348
1978  95  0 133 146.7 0.007394
1978  96  0 130 145.3 0.007425
1978  97  0 125 146.9 0.007502
1978  98  0 149 148.6 0.007594
1978  99  0 178 156.1 0.007655
1978 100  0 177 155.4 0.007625
1978 101  0 170 162.8 0.007533
1978 102  0 154 156.2 0.007440
1978 103  0 149 145.6 0.007348
1978 104  0 129 139.1 0.007256
1978 105  0 127 141.4 0.007164
1978 106  0 135 137.6 0.007088
1978 107  0 140 133.4 0.007072
1978 108  0 146 134.1 0.007103
1978 109  0 157 139.5 0.007149
1978 110  0 163 138.1 0.007180
1978 111  0 161 138.4 0.007164
1978 112  0 163 146.4 0.007134
1978 113  0 169 162.9 0.007118
1978 114  0 150 159.8 0.007103
1978 115  0 193 159.1 0.007103
1978 116  0 163 166.7 0.007072
1978 117  0 140 172.8 0.006980
1978 118  0 118 176.6 0.006873
1978 119  0 110 185.2 0.006811
1978 120  0 106 182.1 0.006811
1978 121  0 120 181.4 0.006857
1978 122  0 126 183.0 0.006934
1978 123  0 132 182.2 0.007011
1978 124  0 130 178.4 0.007088
1978 125  0 126 173.9 0.007180
1978 126  0 120 173.1 0.007241
1978 127  0 106 162.6 0.007287
1978 128  0  89 143.4 0.007302
1978 129  0  88 135.1 0.007302
1978 130  0  85 129.5 0.007302
1978 131  0  89 133.8 0.007302
1978 132  0  93 138.2 0.007302
1978 133  0 105 140.2 0.007318
1978 134  0 105 143.7 0.007348
1978 135  0 110 146.1 0.007425
1978 136  0 129 147.8 0.007533
1978 137  0 122 143.8 0.007640
1978 138  0 126 135.6 0.007747
1978 139  0 119 133.6 0.007793
1978 140  0 105 132.3 0.007793
1978 141  0 108 132.7 0.007747
1978 142  0 105 135.7 0.007747
1978 143  0 103 142.9 0.007747
1978 144  0 116 146.5 0.007732
1978 145  0 120 147.6 0.007686
1978 146  0 125 152.8 0.007640
1978 147  0 137 150.6 0.007625
1978 148  0 132 147.1 0.007609
1978 149  0 146 148.6 0.007609
1978 150  0 152 147.2 0.007594
1978 151  0 160 152.6 0.007579
1978 152  0 169 149.1 0.007533
1978 153  0 139 147.0 0.007456
1978 154  0 110 130.8 0.007333
1978 155  0  85 118.6 0.007195
1978 156  0  72 116.9 0.007057
1978 157  0  44 109.8 0.006965
1978 158  0  55 110.6 0.006919
1978 159  0  64 109.3 0.006873
1978 160  0  51 106.5 0.006842
1978 161  0  41 108.4 0.006888
1978 162  0  81 113.2 0.006980
1978 163  0  88 116.4 0.007103
1978 164  0  88 120.3 0.007210
1978 165  0  91 126.4 0.007333
1978 166  0 126 132.5 0.007456
1978 167  0 133 139.5 0.007594
1978 168  0 146 149.0 0.007732
1978 169  0 163 153.5 0.007885
1978 170  0 154 162.0 0.008070
1978 171  0 154 174.2 0.008254
1978 172  0 218 185.4 0.008453
1978 173  0 224 190.3 0.008622
1978 174  0 224 196.7 0.008745
1978 175  0 218 194.8 0.008821
1978 176  0 191 183.5 0.008852
1978 177  0 215 182.4 0.008821
1978 178  0 202 179.5 0.008714
1978 179  0 184 174.1 0.008530
1978 180  0 163 167.4 0.008330
1978 181  0 146 154.6 0.008116
1978 182  0  91 142.9 0.007901
1978 183  0  86 127.6 0.007732
1978 184  0  72 116.5 0.007625
1978 185  0  68 117.4 0.007579
1978 186  0  76 118.9 0.007579
1978 187  0  89 119.3 0.007609
1978 188  0 119 128.9 0.007655
1978 189  0 149 135.9 0.007717
1978 190  0 153 147.1 0.007809
1978 191  0 163 156.0 0.007916
1978 192  0 180 163.2 0.007993
1978 193  0 157 174.2 0.008024
1978 194  0 161 165.5 0.008024
1978 195  0 154 163.1 0.008039
1978 196  0 144 169.5 0.008039
1978 197  0 156 163.4 0.008054
1978 198  0 139 159.5 0.008054
1978 199  0 119 154.1 0.008054
1978 200  0 109 148.6 0.008070
1978 201  0 108 142.9 0.008070
1978 202  0 109 140.2 0.008054
1978 203  0  68 127.0 0.007977
1978 204  0  54 123.4 0.007901
1978 205  0  54 118.5 0.007793
1978 206  0  43 113.7 0.007655
1978 207  0  19 112.2 0.007517
1978 208  0  32 110.8 0.007425
1978 209  0  44 109.9 0.007394
1978 210  0  68 109.2 0.007348
1978 211  0  55 109.2 0.007333
1978 212  0  51 108.8 0.007333
1978 213  0  59 106.0 0.007379
1978 214  0  68 106.0 0.007440
1978 215  0  54 109.6 0.007502
1978 216  0  88 112.3 0.007609
1978 217  0 105 117.6 0.007732
1978 218  0  93 122.6 0.007855
1978 219  0  82 128.2 0.007962
1978 220  0  88 130.6 0.008054
1978 221  0  91 128.1 0.008131
1978 222  0  95 127.5 0.008162
1978 223  0  82 121.7 0.008162
1978 224  0 101 124.5 0.008162
1978 225  0 132 134.9 0.008131
1978 226  0 132 132.7 0.008100
1978 227  0 109 130.0 0.008039
1978 228  0  74 123.6 0.007977
1978 229  0  71 119.3 0.007901
1978 230  0  71 115.6 0.007824
1978 231  0  59 111.6 0.007778
1978 232  0  43 107.5 0.007732
1978 233  0  43 104.8 0.007671
1978 234  0  51 106.0 0.007563
1978 235  0  64 104.1 0.007471
1978 236  0  68 105.4 0.007410
1978 237  0  78 104.2 0.007379
1978 238  0  64 100.7 0.007394
1978 239  0  81 107.3 0.007425
1978 240  0  81 107.7 0.007440
1978 241  0  84 116.2 0.007471
1978 242  0 102 124.1 0.007563
1978 243  0 142 133.9 0.007701
1978 244  0 193 159.8 0.007901
1978 245  0 236 171.7 0.008100
1978 246  0 225 167.0 0.008254
1978 247  0 229 174.4 0.008361
1978 248  0 251 179.4 0.008438
1978 249  0 251 181.1 0.008468
1978 250  0 208 177.5 0.008468
1978 251  0 170 167.1 0.008422
1978 252  0 154 157.6 0.008346
1978 253  0 140 149.8 0.008208
1978 254  0 119 141.5 0.008085
1978 255  0 102 138.5 0.007977
1978 256  0 130 138.0 0.007931
1978 257  0 160 143.5 0.007931
1978 258  0 188 152.6 0.007993
1978 259  0 202 161.5 0.008100
1978 260  0 193 161.8 0.008162
1978 261  0 221 169.3 0.008162
1978 262  0 225 168.8 0.008070
1978 263  0 231 168.6 0.007962
1978 264  0 242 172.5 0.007855
1978 265  0 210 171.5 0.007763
1978 266  0 221 165.5 0.007671
1978 267  0 231 158.9 0.007594
1978 268  0 238 157.2 0.007563
1978 269  0 215 148.5 0.007579
1978 270  0 201 146.2 0.007609
1978 271  0 178 147.8 0.007640
1978 272  0 173 148.1 0.007655
1978 273  0 133 142.6 0.007686
1978 274  0 136 139.0 0.007732
1978 275  0 159 137.8 0.007824
1978 276  0 149 131.7 0.007916
1978 277  0 142 132.0 0.007993
1978 278  0 103 138.7 0.008054
1978 279  0 105 137.4 0.008100
1978 280  0 135 141.6 0.008085
1978 281  0 146 150.1 0.008039
1978 282  0 171 155.8 0.007977
1978 283  0 211 162.3 0.007947
1978 284  0 224 171.6 0.007977
1978 285  0 224 177.2 0.008054
1978 286  0 221 178.5 0.008146
1978 287  0 241 180.1 0.008254
1978 288  0 235 182.0 0.008346
1978 289  0 231 176.7 0.008361
1978 290  0 202 171.5 0.008300
1978 291  0 191 169.4 0.008192
1978 292  0 218 170.4 0.008100
1978 293  0 214 171.0 0.008024
1978 294  0 204 166.9 0.007962
1978 295  0 177 161.4 0.007870
1978 296  0 164 161.4 0.007747
1978 297  0 147 156.9 0.007609
1978 298  0 136 156.1 0.007517
1978 299  0 144 154.4 0.007487
1978 300  0 163 150.7 0.007502
1978 301  0 166 148.4 0.007517
1978 302  0 194 149.8 0.007533
1978 303  0 181 146.5 0.007563
1978 304  0 157 144.0 0.007609
1978 305  0 154 152.0 0.007671
1978 306  0 173 159.0 0.007717
1978 307  0 177 169.9 0.007763
1978 308  0 183 177.4 0.007778
1978 309  0 171 181.2 0.007778
1978 310  0 153 172.2 0.007763
1978 311  0 159 174.6 0.007732
1978 312  0 167 168.0 0.007717
1978 313  0 153 164.9 0.007701
1978 314  0 170 166.3 0.007686
1978 315  0 167 163.7 0.007655
1978 316  0 140 150.4 0.007640
1978 317  0 127 145.3 0.007640
1978 318  0 110 136.3 0.007625
1978 319  0  84 133.8 0.007640
1978 320  0 109 128.8 0.007640
1978 321  0 130 128.1 0.007640
1978 322  0 132 127.4 0.007640
1978 323  0 120 128.9 0.007640
1978 324  0 108 134.9 0.007671
1978 325  0  96 126.0 0.007701
1978 326  0 109 127.1 0.007763
1978 327  0  78 121.9 0.007809
1978 328  0  86 123.5 0.007870
1978 329  0 120 124.7 0.007916
1978 330  0 143 132.7 0.007962
1978 331  0 167 144.4 0.008024
1978 332  0 167 154.1 0.008070
1978 333  0 157 162.2 0.008131
1978 334  0 146 167.8 0.008177
1978 335  0 156 166.6 0.008223
1978 336  0 156 167.6 0.008269
1978 337  0 166 164.2 0.008284
1978 338  0 163 165.3 0.008269
1978 339  0 147 169.5 0.008254
1978 340  0 173 164.5 0.008238
1978 341  0 195 178.5 0.008223
1978 342  0 210 189.9 0.008238
1978 343  0 215 189.6 0.008269
1978 344  0 204 204.7 0.008284
1978 345  0 241 210.5 0.008284
1978 346  0 266 217.3 0.008238
1978 347  0 234 210.6 0.008192
1978 348  0 212 197.0 0.008146
1978 349  0 198 192.7 0.008100
1978 350  0 202 180.5 0.008054
1978 351  0 207 177.7 0.007993
1978 352  0 187 161.5 0.007916
1978 353  0 135 152.9 0.007839
1978 354  0 119 138.1 0.007747
1978 355  0  96 132.1 0.007701
1978 356  0  89 132.7 0.007747
1978 357  0  84 133.4 0.007855
1978 358  0  92 135.2 0.007977
1978 359  0 115 138.0 0.008116
1978 360  0 132 144.2 0.008254
1978 361  0 156 148.7 0.008392
1978 362  0 173 164.1 0.008530
1978 363  0 191 166.2 0.008668
1978 364  0 225 181.7 0.008806
1978 365  0 251 195.1 0.008944
1979   1  0 224 194.1 0.009067
1979   2  0 224 200.1 0.009205
1979   3  0 270 203.5 0.009343
1979   4  0 222 192.7 0.009481
1979   5  0 207 194.9 0.009588
1979   6  0 245 190.9 0.009588
1979   7  0 231 186.2 0.009527
1979   8  0 244 200.1 0.009466
1979   9  0 234 192.6 0.009466
1979  10  0 231 186.2 0.009481
1979  11  0 222 179.5 0.009466
1979  12  0 225 174.5 0.009420
1979  13  0 214 193.9 0.009328
1979  14  0 222 200.0 0.009236
1979  15  0 252 192.1 0.009159
1979  16  0 232 189.9 0.009067
1979  17  0 232 175.7 0.008913
1979  18  0 207 177.6 0.008806
1979  19  0 195 187.8 0.008745
1979  20  0 251 197.2 0.008775
1979  21  0 272 210.3 0.008867
1979  22  0 266 226.9 0.009005
1979  23  0 283 225.1 0.009113
1979  24  0 296 208.5 0.009159
1979  25  0 296 206.1 0.009159
1979  26  0 245 192.9 0.009159
1979  27  0 236 205.4 0.009159
1979  28  0 222 209.6 0.009159
1979  29  0 217 209.3 0.009205
1979  30  0 211 194.1 0.009297
1979  31  0 184 193.7 0.009435
1979  32  0 164 185.8 0.009527
1979  33  0 160 185.6 0.009604
1979  34  0 195 187.4 0.009619
1979  35  0 174 187.7 0.009650
1979  36  0 190 197.4 0.009681
1979  37  0 207 206.5 0.009696
1979  38  0 204 203.4 0.009727
1979  39  0 201 207.2 0.009757
1979  40  0 197 198.7 0.009757
1979  41  0 194 198.4 0.009650
1979  42  0 194 202.2 0.009542
1979  43  0 195 195.4 0.009420
1979  44  0 215 195.4 0.009358
1979  45  0 231 204.2 0.009328
1979  46  0 228 205.0 0.009328
1979  47  0 225 209.2 0.009420
1979  48  0 227 213.1 0.009573
1979  49  0 229 237.7 0.009727
1979  50  0 235 237.8 0.009834
1979  51  0 256 230.1 0.009849
1979  52  0 242 225.1 0.009803
1979  53  0 219 223.3 0.009604
1979  54  0 180 196.0 0.009358
1979  55  0 140 182.8 0.009128
1979  56  0 125 167.5 0.009021
1979  57  0 153 166.0 0.009036
1979  58  0 137 162.7 0.009067
1979  59  0 135 163.6 0.009113
1979  60  0 164 168.5 0.009190
1979  61  0 195 170.7 0.009358
1979  62  0 200 173.3 0.009558
1979  63  0 201 181.4 0.009665
1979  64  0 191 180.1 0.009650
1979  65  0 204 182.4 0.009527
1979  66  0 207 183.1 0.009404
1979  67  0 202 178.9 0.009328
1979  68  0 207 181.4 0.009236
1979  69  0 198 180.6 0.009190
1979  70  0 221 181.7 0.009236
1979  71  0 241 188.7 0.009343
1979  72  0 239 186.3 0.009450
1979  73  0 225 189.4 0.009496
1979  74  0 219 181.3 0.009496
1979  75  0 184 183.5 0.009496
1979  76  0 201 177.7 0.009496
1979  77  0 201 188.6 0.009496
1979  78  0 195 177.6 0.009420
1979  79  0 185 184.1 0.009389
1979  80  0 190 182.2 0.009358
1979  81  0 198 181.1 0.009374
1979  82  0 197 188.5 0.009343
1979  83  0 167 188.3 0.009266
1979  84  0 161 188.2 0.009144
1979  85  0 161 200.2 0.009082
1979  86  0 166 187.9 0.009082
1979  87  0 161 188.6 0.009159
1979  88  0 174 191.4 0.009251
1979  89  0 191 186.6 0.009374
1979  90  0 208 201.4 0.009466
1979  91  0 185 202.6 0.009404
1979  92  0 190 203.4 0.009297
1979  93  0 191 194.2 0.009328
1979  94  0 195 183.5 0.009297
1979  95  0 154 179.3 0.009128
1979  96  0 129 176.3 0.008729
1979  97  0 109 166.7 0.008453
1979  98  0  98 169.0 0.008284
1979  99  0  86 169.6 0.008116
1979 100  0 106 173.0 0.007993
1979 101  0 133 170.0 0.007962
1979 102  0 152 174.5 0.008116
1979 103  0 160 175.8 0.008392
1979 104  0 164 170.9 0.008699
1979 105  0 166 168.1 0.008852
1979 106  0 169 171.7 0.008837
1979 107  0 152 168.0 0.008729
1979 108  0 139 158.7 0.008653
1979 109  0 112 159.4 0.008545
1979 110  0  96 156.1 0.008453
1979 111  0  96 161.5 0.008346
1979 112  0 112 159.7 0.008254
1979 113  0 108 162.3 0.008192
1979 114  0 102 161.9 0.008177
1979 115  0 120 172.5 0.008269
1979 116  0 167 182.0 0.008407
1979 117  0 177 195.1 0.008561
1979 118  0 187 192.1 0.008653
1979 119  0 187 185.7 0.008668
1979 120  0 170 185.2 0.008607
1979 121  0 153 180.4 0.008499
1979 122  0 150 179.2 0.008392
1979 123  0 146 164.3 0.008300
1979 124  0 159 176.0 0.008238
1979 125  0 160 169.6 0.008192
1979 126  0 173 171.1 0.008162
1979 127  0 210 178.0 0.008131
1979 128  0 222 182.4 0.008100
1979 129  0 229 181.3 0.008085
1979 130  0 205 174.7 0.008162
1979 131  0 210 178.6 0.008315
1979 132  0 224 184.2 0.008499
1979 133  0 231 186.6 0.008637
1979 134  0 287 182.0 0.008714
1979 135  0 293 181.9 0.008668
1979 136  0 265 176.4 0.008576
1979 137  0 261 187.7 0.008422
1979 138  0 210 171.3 0.008284
1979 139  0 154 161.5 0.008100
1979 140  0 152 155.6 0.008008
1979 141  0 161 155.7 0.008008
1979 142  0 171 156.5 0.008100
1979 143  0 166 156.0 0.008177
1979 144  0 169 159.2 0.008330
1979 145  0 176 153.3 0.008468
1979 146  0 174 149.1 0.008576
1979 147  0 167 149.4 0.008607
1979 148  0 156 149.2 0.008607
1979 149  0 160 150.2 0.008561
1979 150  0 136 158.4 0.008453
1979 151  0 170 174.9 0.008392
1979 152  0 171 189.5 0.008453
1979 153  0 205 206.8 0.008637
1979 154  0 218 216.1 0.008867
1979 155  0 252 228.8 0.009067
1979 156  0 293 230.2 0.009236
1979 157  0 320 238.1 0.009389
1979 158  0 314 238.1 0.009466
1979 159  0 312 242.7 0.009450
1979 160  0 317 247.4 0.009343
1979 161  0 290 239.9 0.009190
1979 162  0 263 229.6 0.008975
1979 163  0 282 208.3 0.008714
1979 164  0 244 193.7 0.008407
1979 165  0 211 185.7 0.008146
1979 166  0 166 176.0 0.007977
1979 167  0 146 167.5 0.007931
1979 168  0 173 158.1 0.007931
1979 169  0 178 152.6 0.007931
1979 170  0 156 146.2 0.007977
1979 171  0 157 151.5 0.008070
1979 172  0 176 148.9 0.008192
1979 173  0 153 141.1 0.008254
1979 174  0 136 139.0 0.008238
1979 175  0 127 141.2 0.008254
1979 176  0 170 147.8 0.008330
1979 177  0 187 153.7 0.008438
1979 178  0 159 158.5 0.008561
1979 179  0 181 159.1 0.008683
1979 180  0 176 166.9 0.008791
1979 181  0 218 176.7 0.008913
1979 182  0 224 186.3 0.009036
1979 183  0 238 200.9 0.009144
1979 184  0 290 213.4 0.009282
1979 185  0 310 218.1 0.009481
1979 186  0 329 204.5 0.009635
1979 187  0 353 211.3 0.009727
1979 188  0 316 207.2 0.009696
1979 189  0 310 206.7 0.009619
1979 190  0 270 197.9 0.009450
1979 191  0 231 185.9 0.009190
1979 192  0 219 178.6 0.008867
1979 193  0 205 170.1 0.008561
1979 194  0 201 161.4 0.008361
1979 195  0 180 154.7 0.008223
1979 196  0 171 151.1 0.008146
1979 197  0 152 143.6 0.008085
1979 198  0 154 142.7 0.008131
1979 199  0 154 141.2 0.008238
1979 200  0 191 143.6 0.008361
1979 201  0 224 146.6 0.008453
1979 202  0 214 143.7 0.008484
1979 203  0 215 155.7 0.008499
1979 204  0 218 163.1 0.008499
1979 205  0 202 168.6 0.008514
1979 206  0 204 164.5 0.008530
1979 207  0 201 165.6 0.008576
1979 208  0 207 159.1 0.008653
1979 209  0 187 158.1 0.008760
1979 210  0 210 156.7 0.008852
1979 211  0 212 160.3 0.008898
1979 212  0 204 152.4 0.008867
1979 213  0 163 149.1 0.008837
1979 214  0 136 143.9 0.008791
1979 215  0 171 145.1 0.008775
1979 216  0 156 141.7 0.008729
1979 217  0 132 141.6 0.008668
1979 218  0 147 149.5 0.008576
1979 219  0 156 151.1 0.008514
1979 220  0 187 152.7 0.008468
1979 221  0 163 157.3 0.008484
1979 222  0 130 152.1 0.008514
1979 223  0 119 154.4 0.008545
1979 224  0 123 144.8 0.008576
1979 225  0 129 155.8 0.008591
1979 226  0 159 158.2 0.008668
1979 227  0 191 167.6 0.008745
1979 228  0 163 164.8 0.008852
1979 229  0 176 165.8 0.008883
1979 230  0 202 180.0 0.008913
1979 231  0 249 186.4 0.008959
1979 232  0 265 204.2 0.009128
1979 233  0 309 207.6 0.009358
1979 234  0 306 223.2 0.009588
1979 235  0 292 218.6 0.009727
1979 236  0 287 225.2 0.009834
1979 237  0 285 229.3 0.009911
1979 238  0 258 223.3 0.009911
1979 239  0 268 212.8 0.009834
1979 240  0 246 214.2 0.009681
1979 241  0 224 197.6 0.009496
1979 242  0 212 187.8 0.009266
1979 243  0 238 179.9 0.009067
1979 244  0 234 175.8 0.008898
1979 245  0 200 180.1 0.008791
1979 246  0 210 180.8 0.008729
1979 247  0 222 175.3 0.008729
1979 248  0 197 177.1 0.008775
1979 249  0 197 180.4 0.008837
1979 250  0 241 186.3 0.008913
1979 251  0 272 183.6 0.008990
1979 252  0 269 187.4 0.009082
1979 253  0 251 184.6 0.009220
1979 254  0 236 181.5 0.009312
1979 255  0 221 181.7 0.009343
1979 256  0 248 186.1 0.009343
1979 257  0 263 192.6 0.009389
1979 258  0 251 193.8 0.009420
1979 259  0 231 196.3 0.009435
1979 260  0 219 202.7 0.009404
1979 261  0 251 215.7 0.009420
1979 262  0 276 218.1 0.009450
1979 263  0 270 213.9 0.009466
1979 264  0 261 218.4 0.009481
1979 265  0 252 216.5 0.009542
1979 266  0 310 224.2 0.009650
1979 267  0 334 230.7 0.009757
1979 268  0 357 235.5 0.009757
1979 269  0 370 229.9 0.009681
1979 270  0 363 228.7 0.009527
1979 271  0 338 233.8 0.009404
1979 272  0 333 225.0 0.009236
1979 273  0 330 231.9 0.009082
1979 274  0 302 212.8 0.008944
1979 275  0 265 211.5 0.008837
1979 276  0 236 204.7 0.008775
1979 277  0 221 197.7 0.008745
1979 278  0 238 192.8 0.008775
1979 279  0 238 195.5 0.008806
1979 280  0 253 197.0 0.008837
1979 281  0 269 200.3 0.008867
1979 282  0 297 209.5 0.008883
1979 283  0 252 208.7 0.008913
1979 284  0 259 211.8 0.009005
1979 285  0 268 216.4 0.009128
1979 286  0 285 239.1 0.009205
1979 287  0 302 236.4 0.009251
1979 288  0 280 230.7 0.009282
1979 289  0 262 232.3 0.009328
1979 290  0 303 226.0 0.009420
1979 291  0 317 236.8 0.009542
1979 292  0 313 237.3 0.009665
1979 293  0 303 236.7 0.009788
1979 294  0 296 230.1 0.009880
1979 295  0 270 221.9 0.009895
1979 296  0 253 214.9 0.009819
1979 297  0 228 225.6 0.009650
1979 298  0 217 215.2 0.009466
1979 299  0 205 202.9 0.009266
1979 300  0 193 211.2 0.009098
1979 301  0 201 210.0 0.009021
1979 302  0 261 214.8 0.009036
1979 303  0 269 213.7 0.009174
1979 304  0 316 214.9 0.009328
1979 305  0 317 211.6 0.009435
1979 306  0 222 209.5 0.009420
1979 307  0 219 207.5 0.009374
1979 308  0 244 214.2 0.009312
1979 309  0 235 235.5 0.009343
1979 310  0 287 273.2 0.009481
1979 311  0 340 286.9 0.009681
1979 312  0 396 310.1 0.009865
1979 313  0 395 314.4 0.010049
1979 314  0 428 367.0 0.010264
1979 315  0 418 325.7 0.010448
1979 316  0 351 294.4 0.010432
1979 317  0 259 272.7 0.010279
1979 318  0 309 256.4 0.010125
1979 319  0 263 239.7 0.010018
1979 320  0 235 230.6 0.009957
1979 321  0 337 231.8 0.009880
1979 322  0 244 231.9 0.009681
1979 323  0 246 214.8 0.009374
1979 324  0 217 205.9 0.008944
1979 325  0 176 189.8 0.008591
1979 326  0 164 182.5 0.008346
1979 327  0 201 183.2 0.008223
1979 328  0 229 175.2 0.008192
1979 329  0 219 165.8 0.008208
1979 330  0 200 161.6 0.008208
1979 331  0 163 155.7 0.008162
1979 332  0 169 150.1 0.008116
1979 333  0 139 154.0 0.008085
1979 334  0 164 152.2 0.008131
1979 335  0 173 161.9 0.008208
1979 336  0 221 172.0 0.008315
1979 337  0 265 195.1 0.008453
1979 338  0 309 221.0 0.008668
1979 339  0 329 223.4 0.008959
1979 340  0 292 223.4 0.009266
1979 341  0 300 222.6 0.009619
1979 342  0 371 228.9 0.009972
1979 343  0 396 232.4 0.010264
1979 344  0 368 230.3 0.010494
1979 345  0 343 230.6 0.010693
1979 346  0 370 232.3 0.010908
1979 347  0 333 231.7 0.011031
1979 348  0 326 238.3 0.011046
1979 349  0 319 231.8 0.010847
1979 350  0 304 216.3 0.010478
1979 351  0 255 202.2 0.010018
1979 352  0 214 187.4 0.009650
1979 353  0 195 183.0 0.009312
1979 354  0 178 180.8 0.008990
1979 355  0 176 176.7 0.008714
1979 356  0 157 175.3 0.008499
1979 357  0 164 168.6 0.008330
1979 358  0 184 160.2 0.008208
1979 359  0 202 162.0 0.008146
1979 360  0 164 159.7 0.008146
1979 361  0 132 153.6 0.008208
1979 362  0 139 163.1 0.008269
1979 363  0 171 174.0 0.008346
1979 364  0 197 185.5 0.008468
1979 365  0 191 188.9 0.008607
1980   1  0 217 189.1 0.008760
1980   2  0 224 199.9 0.008959
1980   3  0 210 211.9 0.009266
1980   4  0 227 212.4 0.009650
1980   5  0 261 207.7 0.009957
1980   6  0 293 222.1 0.010202
1980   7  0 300 228.0 0.010371
1980   8  0 313 228.1 0.010524
1980   9  0 353 240.9 0.010632
1980  10  0 310 253.0 0.010693
1980  11  0 347 255.7 0.010755
1980  12  0 297 245.1 0.010739
1980  13  0 256 221.6 0.010570
1980  14  0 252 203.8 0.010264
1980  15  0 207 200.0 0.009972
1980  16  0 235 188.6 0.009727
1980  17  0 205 186.9 0.009542
1980  18  0 184 177.5 0.009404
1980  19  0 167 164.4 0.009190
1980  20  0 163 156.5 0.008975
1980  21  0 171 153.4 0.008745
1980  22  0 174 158.2 0.008653
1980  23  0 176 166.7 0.008653
1980  24  0 170 171.1 0.008714
1980  25  0 152 171.3 0.008760
1980  26  0 180 178.8 0.008837
1980  27  0 170 190.6 0.008913
1980  28  0 184 194.0 0.009067
1980  29  0 173 197.0 0.009236
1980  30  0 205 197.9 0.009435
1980  31  0 232 213.9 0.009650
1980  32  0 276 212.6 0.009865
1980  33  0 252 217.9 0.010095
1980  34  0 262 225.7 0.010218
1980  35  0 258 231.7 0.010325
1980  36  0 252 218.9 0.010417
1980  37  0 296 221.7 0.010432
1980  38  0 312 223.9 0.010356
1980  39  0 287 218.7 0.010172
1980  40  0 244 208.2 0.009895
1980  41  0 198 204.6 0.009650
1980  42  0 210 213.7 0.009420
1980  43  0 181 213.7 0.009404
1980  44  0 185 217.9 0.009435
1980  45  0 198 201.0 0.009496
1980  46  0 225 201.2 0.009435
1980  47  0 231 200.2 0.009251
1980  48  0 187 182.8 0.009067
1980  49  0 173 180.0 0.008929
1980  50  0 183 177.3 0.008913
1980  51  0 177 174.7 0.008898
1980  52  0 161 169.6 0.008898
1980  53  0 140 167.3 0.008883
1980  54  0 142 160.1 0.008867
1980  55  0 164 157.2 0.008867
1980  56  0 171 165.7 0.008852
1980  57  0 215 169.0 0.008852
1980  58  0 248 173.2 0.008837
1980  59  0 279 171.7 0.008821
1980  60  0 256 176.7 0.008821
1980  61  0 256 175.7 0.008806
1980  62  0 238 172.9 0.008791
1980  63  0 214 170.2 0.008791
1980  64  0 193 172.7 0.008775
1980  65  0 184 171.8 0.008775
1980  66  0 187 169.4 0.008760
1980  67  0 170 166.3 0.008745
1980  68  0 143 164.9 0.008745
1980  69  0 146 161.3 0.008729
1980  70  0  98 153.9 0.008714
1980  71  0  95 147.8 0.008714
1980  72  0  99 138.6 0.008699
1980  73  0 101 144.6 0.008699
1980  74  0  96 141.2 0.008683
1980  75  0  74 139.3 0.008668
1980  76  0  51 137.3 0.008622
1980  77  0  95 142.9 0.008622
1980  78  0  89 147.4 0.008653
1980  79  0 169 162.3 0.008745
1980  80  0 153 162.1 0.008791
1980  81  0 149 162.4 0.008791
1980  82  0 184 162.5 0.008729
1980  83  0 211 172.4 0.008699
1980  84  0 248 172.4 0.008760
1980  85  0 249 182.5 0.008959
1980  86  0 270 185.2 0.009174
1980  87  0 290 195.3 0.009358
1980  88  0 313 203.5 0.009496
1980  89  0 270 199.9 0.009542
1980  90  0 258 194.3 0.009496
1980  91  0 246 187.2 0.009328
1980  92  0 238 181.9 0.009113
1980  93  0 205 181.1 0.008913
1980  94  0 188 176.1 0.008760
1980  95  0 174 184.3 0.008607
1980  96  0 218 209.7 0.008514
1980  97  0 253 238.4 0.008468
1980  98  0 275 236.1 0.008514
1980  99  0 282 241.7 0.008561
1980 100  0 324 244.7 0.008668
1980 101  0 303 249.0 0.008837
1980 102  0 347 249.9 0.009036
1980 103  0 355 245.6 0.009190
1980 104  0 357 232.8 0.009266
1980 105  0 287 226.3 0.009236
1980 106  0 258 206.1 0.009098
1980 107  0 218 192.4 0.008929
1980 108  0 178 191.9 0.008729
1980 109  0 180 201.4 0.008607
1980 110  0 190 214.5 0.008499
1980 111  0 232 215.8 0.008484
1980 112  0 202 207.7 0.008499
1980 113  0 173 199.2 0.008561
1980 114  0 135 186.2 0.008668
1980 115  0 159 186.3 0.008791
1980 116  0 188 185.9 0.008913
1980 117  0 225 186.6 0.008990
1980 118  0 212 200.6 0.008990
1980 119  0 211 203.7 0.008990
1980 120  0 205 203.5 0.008929
1980 121  0 195 200.9 0.008898
1980 122  0 171 218.5 0.008745
1980 123  0 211 223.0 0.008699
1980 124  0 198 221.2 0.008576
1980 125  0 235 223.1 0.008683
1980 126  0 272 221.9 0.008806
1980 127  0 205 203.5 0.008990
1980 128  0 208 203.4 0.009067
1980 129  0 222 200.2 0.009159
1980 130  0 238 193.6 0.009220
1980 131  0 204 191.1 0.009282
1980 132  0 201 191.4 0.009312
1980 133  0 202 189.5 0.009251
1980 134  0 212 192.9 0.009113
1980 135  0 235 202.9 0.008975
1980 136  0 210 199.8 0.008929
1980 137  0 210 202.9 0.008990
1980 138  0 245 207.5 0.009067
1980 139  0 304 214.3 0.009128
1980 140  0 309 234.2 0.009174
1980 141  0 326 244.7 0.009205
1980 142  0 330 252.6 0.009282
1980 143  0 346 276.6 0.009450
1980 144  0 348 289.5 0.009665
1980 145  0 363 290.2 0.009819
1980 146  0 324 292.8 0.009880
1980 147  0 312 284.2 0.009803
1980 148  0 316 281.2 0.009681
1980 149  0 269 280.8 0.009542
1980 150  0 262 252.3 0.009374
1980 151  0 212 222.7 0.009174
1980 152  0 195 200.6 0.008929
1980 153  0 215 191.2 0.008683
1980 154  0 176 184.0 0.008484
1980 155  0 181 178.8 0.008392
1980 156  0 200 181.5 0.008438
1980 157  0 212 178.4 0.008484
1980 158  0 185 172.4 0.008484
1980 159  0 211 165.7 0.008453
1980 160  0 212 172.4 0.008422
1980 161  0 232 174.3 0.008422
1980 162  0 251 176.1 0.008453
1980 163  0 244 182.9 0.008545
1980 164  0 235 189.3 0.008791
1980 165  0 228 186.5 0.009005
1980 166  0 193 188.8 0.009144
1980 167  0 183 186.4 0.009128
1980 168  0 190 193.3 0.009098
1980 169  0 183 197.4 0.009159
1980 170  0 207 207.6 0.009251
1980 171  0 235 219.8 0.009435
1980 172  0 253 227.9 0.009542
1980 173  0 270 228.0 0.009635
1980 174  0 278 250.0 0.009696
1980 175  0 269 251.5 0.009742
1980 176  0 273 245.9 0.009788
1980 177  0 253 238.8 0.009711
1980 178  0 235 226.3 0.009604
1980 179  0 262 212.6 0.009466
1980 180  0 266 199.7 0.009282
1980 181  0 211 188.8 0.009051
1980 182  0 137 183.4 0.008775
1980 183  0 143 160.0 0.008499
1980 184  0 153 154.9 0.008315
1980 185  0 137 147.7 0.008146
1980 186  0 120 146.7 0.008070
1980 187  0 136 152.5 0.008008
1980 188  0 139 150.1 0.008039
1980 189  0 137 152.5 0.008100
1980 190  0 123 152.8 0.008146
1980 191  0 119 155.2 0.008177
1980 192  0 122 162.3 0.008208
1980 193  0 123 173.3 0.008238
1980 194  0 139 178.0 0.008346
1980 195  0 149 196.8 0.008545
1980 196  0 181 209.7 0.008821
1980 197  0 228 218.4 0.009144
1980 198  0 280 235.4 0.009450
1980 199  0 299 250.2 0.009757
1980 200  0 341 249.8 0.009987
1980 201  0 312 255.2 0.010187
1980 202  0 321 258.0 0.010340
1980 203  0 324 254.0 0.010417
1980 204  0 285 248.7 0.010402
1980 205  0 261 235.1 0.010233
1980 206  0 219 222.2 0.010033
1980 207  0 214 206.4 0.009880
1980 208  0 195 197.4 0.009757
1980 209  0 166 188.4 0.009665
1980 210  0 180 169.5 0.009466
1980 211  0 167 155.3 0.009205
1980 212  0 153 143.3 0.008883
1980 213  0 115 136.5 0.008622
1980 214  0 110 131.9 0.008438
1980 215  0  89 131.8 0.008315
1980 216  0  92 133.2 0.008192
1980 217  0  92 130.9 0.008054
1980 218  0  75 132.6 0.008008
1980 219  0 102 143.2 0.008085
1980 220  0  91 142.3 0.008177
1980 221  0 127 146.4 0.008346
1980 222  0 177 156.5 0.008514
1980 223  0 184 173.5 0.008791
1980 224  0 256 184.1 0.009082
1980 225  0 246 189.6 0.009343
1980 226  0 244 193.3 0.009604
1980 227  0 273 191.7 0.009757
1980 228  0 272 191.9 0.009865
1980 229  0 278 195.7 0.009911
1980 230  0 269 197.7 0.009895
1980 231  0 276 204.3 0.009895
1980 232  0 262 201.4 0.009788
1980 233  0 253 193.0 0.009650
1980 234  0 215 194.1 0.009450
1980 235  0 197 178.3 0.009312
1980 236  0 218 174.1 0.009128
1980 237  0 173 164.3 0.008944
1980 238  0 154 153.8 0.008714
1980 239  0 143 154.6 0.008545
1980 240  0 139 159.3 0.008484
1980 241  0 176 168.3 0.008484
1980 242  0 224 178.5 0.008576
1980 243  0 261 191.4 0.008622
1980 244  0 275 198.7 0.008775
1980 245  0 295 213.2 0.008867
1980 246  0 320 224.5 0.009021
1980 247  0 329 232.1 0.009174
1980 248  0 330 225.1 0.009343
1980 249  0 266 215.6 0.009435
1980 250  0 253 210.9 0.009558
1980 251  0 193 213.0 0.009665
1980 252  0 198 200.9 0.009711
1980 253  0 153 189.7 0.009619
1980 254  0 169 188.7 0.009481
1980 255  0 177 188.1 0.009404
1980 256  0 181 178.9 0.009328
1980 257  0 188 171.9 0.009251
1980 258  0 142 163.4 0.009082
1980 259  0 118 153.8 0.008959
1980 260  0 139 159.6 0.008852
1980 261  0 132 158.0 0.008745
1980 262  0 161 154.4 0.008653
1980 263  0 194 160.1 0.008561
1980 264  0 212 167.5 0.008561
1980 265  0 190 159.6 0.008484
1980 266  0 208 178.6 0.008438
1980 267  0 224 188.7 0.008392
1980 268  0 252 191.3 0.008438
1980 269  0 238 183.8 0.008484
1980 270  0 296 184.3 0.008514
1980 271  0 327 183.2 0.008591
1980 272  0 256 185.2 0.008745
1980 273  0 235 178.2 0.009005
1980 274  0 211 174.1 0.009251
1980 275  0 214 171.1 0.009328
1980 276  0 191 167.9 0.009328
1980 277  0 197 174.1 0.009236
1980 278  0 171 175.2 0.009205
1980 279  0 136 182.6 0.009174
1980 280  0 164 185.3 0.009128
1980 281  0 191 198.7 0.009098
1980 282  0 245 212.1 0.009067
1980 283  0 263 223.4 0.009036
1980 284  0 333 232.7 0.009021
1980 285  0 368 240.7 0.009051
1980 286  0 363 247.8 0.009144
1980 287  0 302 253.3 0.009251
1980 288  0 329 251.1 0.009251
1980 289  0 317 237.0 0.009190
1980 290  0 286 214.9 0.009051
1980 291  0 224 201.1 0.008944
1980 292  0 201 200.6 0.008837
1980 293  0 194 203.3 0.008775
1980 294  0 236 200.5 0.008714
1980 295  0 219 204.2 0.008653
1980 296  0 232 205.3 0.008607
1980 297  0 198 196.1 0.008545
1980 298  0 180 192.5 0.008484
1980 299  0 167 182.9 0.008422
1980 300  0 169 180.3 0.008376
1980 301  0 190 177.2 0.008392
1980 302  0 193 178.2 0.008422
1980 303  0 245 186.4 0.008468
1980 304  0 261 201.8 0.008499
1980 305  0 252 211.5 0.008576
1980 306  0 266 226.3 0.008714
1980 307  0 309 234.2 0.008852
1980 308  0 289 241.6 0.009005
1980 309  0 307 249.9 0.009144
1980 310  0 285 263.3 0.009236
1980 311  0 278 273.9 0.009251
1980 312  0 248 272.7 0.009236
1980 313  0 285 266.2 0.009220
1980 314  0 224 255.4 0.009220
1980 315  0 224 257.2 0.009220
1980 316  0 204 256.0 0.009251
1980 317  0 170 233.2 0.009144
1980 318  0 146 226.8 0.009144
1980 319  0 153 218.8 0.008959
1980 320  0 149 205.2 0.008883
1980 321  0 159 191.1 0.008683
1980 322  0 154 181.6 0.008607
1980 323  0 160 174.9 0.008545
1980 324  0 177 172.4 0.008514
1980 325  0 159 161.6 0.008499
1980 326  0 152 161.8 0.008514
1980 327  0 169 171.4 0.008591
1980 328  0 159 167.2 0.008699
1980 329  0 181 174.9 0.008791
1980 330  0 180 176.4 0.008745
1980 331  0 198 189.6 0.008683
1980 332  0 238 185.3 0.008683
1980 333  0 236 191.4 0.008760
1980 334  0 210 206.1 0.008821
1980 335  0 217 216.3 0.008867
1980 336  0 242 223.0 0.008913
1980 337  0 249 213.3 0.008959
1980 338  0 215 197.9 0.008959
1980 339  0 207 199.4 0.008929
1980 340  0 185 186.4 0.008837
1980 341  0 178 171.0 0.008745
1980 342  0 153 176.4 0.008653
1980 343  0 176 169.3 0.008591
1980 344  0 166 175.1 0.008561
1980 345  0 205 180.5 0.008545
1980 346  0 210 203.5 0.008607
1980 347  0 252 240.5 0.008714
1980 348  0 262 244.2 0.008883
1980 349  0 302 253.2 0.009067
1980 350  0 307 266.2 0.009266
1980 351  0 336 273.0 0.009404
1980 352  0 280 254.8 0.009527
1980 353  0 259 255.1 0.009635
1980 354  0 235 238.5 0.009757
1980 355  0 242 235.9 0.009819
1980 356  0 241 224.8 0.009773
1980 357  0 252 231.2 0.009665
1980 358  0 251 226.0 0.009527
1980 359  0 270 223.6 0.009481
1980 360  0 283 220.7 0.009496
1980 361  0 295 220.1 0.009558
1980 362  0 292 220.3 0.009542
1980 363  0 292 231.5 0.009512
1980 364  0 295 217.2 0.009496
1980 365  0 265 209.9 0.009374
1980 366  0 258 199.0 0.009945
1981   1  0 218 189.7 0.009516
1981   2  0 194 181.4 0.009601
1981   3  0 168 173.1 0.009511
1981   4  0 155 166.8 0.009076
1981   5  0 129 161.8 0.008847
1981   6  0  98 157.4 0.008515
1981   7  0 130 168.6 0.008462
1981   8  0 148 169.2 0.008697
1981   9  0 173 167.0 0.008610
1981  10  0 165 164.6 0.008822
1981  11  0 169 160.5 0.009076
1981  12  0 173 156.6 0.009204
1981  13  0 169 158.1 0.008673
1981  14  0 146 153.9 0.009204
1981  15  0 146 149.8 0.008969
1981  16  0 111 152.5 0.008822
1981  17  0  99 155.3 0.008628
1981  18  0 109 161.0 0.008515
1981  19  0 107 165.4 0.008478
1981  20  0 121 159.9 0.008625
1981  21  0 136 156.6 0.008667
1981  22  0 136 156.4 0.009041
1981  23  0 158 156.8 0.009204
1981  24  0 155 157.3 0.008841
1981  25  0 158 169.2 0.008930
1981  26  0 165 174.6 0.009401
1981  27  0 185 175.8 0.009366
1981  28  0 195 197.2 0.009401
1981  29  0 227 204.2 0.009229
1981  30  0 217 209.1 0.009401
1981  31  0 196 209.1 0.009438
1981  32  0 199 207.3 0.009366
1981  33  0 177 210.1 0.009363
1981  34  0 202 205.4 0.009348
1981  35  0 169 197.5 0.009329
1981  36  0 179 187.8 0.009311
1981  37  0 231 185.4 0.009244
1981  38  0 212 180.5 0.009457
1981  39  0 173 179.1 0.009276
1981  40  0 167 176.7 0.009004
1981  41  0 211 185.2 0.008970
1981  42  0 231 186.4 0.008946
1981  43  0 249 190.6 0.009022
1981  44  0 192 197.8 0.008908
1981  45  0 191 200.3 0.008887
1981  46  0 167 193.5 0.008841
1981  47  0 173 186.9 0.008895
1981  48  0 161 188.1 0.008750
1981  49  0 176 190.2 0.008761
1981  50  0 185 178.8 0.008969
1981  51  0 179 188.3 0.008969
1981  52  0 176 189.9 0.008895
1981  53  0 172 199.5 0.009000
1981  54  0 132 217.9 0.008913
1981  55  0 167 231.5 0.009022
1981  56  0 184 233.8 0.009131
1981  57  0 199 238.5 0.009370
1981  58  0 235 235.4 0.009529
1981  59  0 228 224.9 0.009529
1981  60  0 234 224.4 0.009457
1981  61  0 264 230.6 0.009762
1981  62  0 245 238.9 0.009638
1981  63  0 251 245.6 0.009782
1981  64  0 205 227.3 0.009745
1981  65  0 213 212.7 0.009892
1981  66  0 189 201.4 0.009511
1981  67  0 206 200.6 0.009760
1981  68  0 180 202.9 0.009529
1981  69  0 184 203.1 0.009610
1981  70  0 189 199.7 0.009457
1981  71  0 186 188.8 0.009457
1981  72  0 184 202.1 0.009420
1981  73  0 186 208.9 0.009339
1981  74  0 160 206.3 0.009204
1981  75  0 186 194.9 0.009165
1981  76  0 158 181.5 0.009089
1981  77  0 138 180.0 0.009035
1981  78  0 138 175.1 0.008895
1981  79  0 174 182.7 0.009041
1981  80  0 196 189.5 0.009076
1981  81  0 194 189.4 0.009050
1981  82  0 189 188.0 0.009094
1981  83  0 181 191.4 0.009529
1981  84  0 206 199.3 0.009529
1981  85  0 193 198.6 0.009302
1981  86  0 183 197.6 0.009348
1981  87  0 239 203.7 0.009492
1981  88  0 232 212.4 0.009692
1981  89  0 221 208.2 0.009594
1981  90  0 192 214.0 0.009670
1981  91  0 220 210.8 0.009782
1981  92  0 245 211.2 0.010036
1981  93  0 213 221.2 0.009940
1981  94  0 218 219.7 0.010054
1981  95  0 210 226.2 0.010217
1981  96  0 190 235.7 0.010324
1981  97  0 219 242.3 0.010239
1981  98  0 281 268.8 0.010415
1981  99  0 287 287.7 0.010487
1981 100  0 287 268.8 0.010543
1981 101  0 288 272.1 0.010276
1981 102  0 278 251.9 0.009945
1981 103  0 284 254.9 0.009782
1981 104  0 259 256.5 0.009655
1981 105  0 305 254.9 0.009984
1981 106  0 284 247.5 0.009583
1981 107  0 307 242.7 0.009782
1981 108  0 308 229.2 0.009782
1981 109  0 292 214.9 0.009575
1981 110  0 287 200.9 0.009745
1981 111  0 222 196.1 0.009366
1981 112  0 176 191.5 0.009148
1981 113  0 148 204.9 0.009279
1981 114  0 133 203.0 0.009148
1981 115  0 171 203.8 0.009113
1981 116  0 130 198.8 0.009148
1981 117  0 117 194.7 0.009314
1981 118  0 104 178.2 0.009294
1981 119  0 144 176.9 0.009492
1981 120  0 153 175.3 0.009548
1981 121  0 171 188.0 0.009651
1981 122  0 203 193.4 0.009999
1981 123  0 238 206.5 0.010180
1981 124  0 232 221.2 0.010234
1981 125  0 247 237.5 0.010184
1981 126  0 293 231.2 0.010071
1981 127  0 261 234.2 0.010071
1981 128  0 270 222.4 0.010071
1981 129  0 257 218.6 0.009864
1981 130  0 226 217.7 0.009620
1981 131  0 258 228.1 0.009420
1981 132  0 280 223.4 0.009294
1981 133  0 228 221.3 0.009477
1981 134  0 214 232.5 0.009420
1981 135  0 215 223.9 0.009385
1981 136  0 194 218.9 0.009420
1981 137  0 189 207.6 0.009178
1981 138  0 182 194.4 0.009148
1981 139  0 153 186.6 0.008787
1981 140  0 118 180.0 0.008804
1981 141  0 151 180.4 0.008797
1981 142  0 162 169.3 0.008878
1981 143  0 142 159.6 0.008678
1981 144  0 147 169.8 0.008769
1981 145  0 142 177.2 0.008817
1981 146  0 160 173.8 0.009022
1981 147  0 151 177.0 0.009167
1981 148  0 142 181.3 0.009401
1981 149  0 141 170.6 0.008880
1981 150  0 127 164.6 0.009222
1981 151  0 141 156.1 0.008913
1981 152  0  90 149.6 0.008769
1981 153  0  85 144.3 0.008532
1981 154  0  64 134.9 0.008569
1981 155  0  84 133.8 0.008462
1981 156  0  80 136.0 0.008281
1981 157  0  83 140.6 0.008214
1981 158  0  84 146.7 0.008388
1981 159  0  67 146.7 0.008425
1981 160  0  84 152.8 0.008462
1981 161  0  85 157.1 0.008332
1981 162  0 104 154.8 0.008678
1981 163  0 114 152.0 0.008606
1981 164  0 125 152.6 0.008715
1981 165  0 143 159.1 0.008562
1981 166  0 161 164.7 0.008697
1981 167  0 158 169.1 0.008769
1981 168  0 172 171.2 0.008969
1981 169  0 151 170.1 0.008765
1981 170  0 130 165.9 0.008859
1981 171  0 103 159.8 0.008569
1981 172  0 126 153.6 0.008732
1981 173  0 153 166.1 0.008665
1981 174  0 172 171.2 0.008750
1981 175  0 158 174.6 0.008732
1981 176  0 184 183.6 0.008715
1981 177  0 184 193.9 0.008700
1981 178  0 193 193.4 0.008950
1981 179  0 178 191.6 0.008787
1981 180  0 200 187.5 0.008878
1981 181  0 233 179.0 0.008706
1981 182  0 213 175.4 0.008606
1981 183  0 200 168.9 0.008551
1981 184  0 200 163.3 0.008425
1981 185  0 160 165.9 0.008353
1981 186  0 160 152.5 0.008244
1981 187  0 121 148.7 0.008134
1981 188  0  94 149.8 0.008062
1981 189  0  89 152.4 0.008023
1981 190  0  93 150.0 0.008171
1981 191  0 141 156.5 0.008462
1981 192  0 186 167.4 0.008697
1981 193  0 199 167.7 0.008710
1981 194  0 219 174.2 0.009113
1981 195  0 207 184.2 0.009239
1981 196  0 214 194.5 0.009329
1981 197  0 230 205.3 0.009327
1981 198  0 244 200.8 0.009311
1981 199  0 230 204.7 0.009204
1981 200  0 216 220.3 0.009204
1981 201  0 207 234.7 0.009176
1981 202  0 174 228.1 0.008859
1981 203  0 184 235.9 0.008969
1981 204  0 231 254.7 0.009239
1981 205  0 280 261.6 0.009394
1981 206  0 304 259.7 0.009511
1981 207  0 294 273.1 0.009529
1981 208  0 311 255.8 0.009492
1981 209  0 297 223.6 0.009597
1981 210  0 227 213.3 0.009257
1981 211  0 223 204.2 0.009148
1981 212  0 217 197.6 0.008841
1981 213  0 185 183.9 0.008715
1981 214  0 160 182.6 0.008406
1981 215  0 171 192.4 0.008118
1981 216  0 167 190.6 0.008046
1981 217  0 173 178.8 0.007922
1981 218  0 156 179.6 0.008153
1981 219  0 163 173.0 0.008353
1981 220  0 176 178.4 0.008462
1981 221  0 185 180.5 0.008641
1981 222  0 211 182.0 0.008841
1981 223  0 208 206.4 0.009113
1981 224  0 214 209.0 0.009239
1981 225  0 205 208.7 0.009231
1981 226  0 214 208.2 0.009311
1981 227  0 234 225.1 0.009329
1981 228  0 205 221.8 0.009257
1981 229  0 191 228.7 0.009316
1981 230  0 226 244.1 0.009655
1981 231  0 267 254.6 0.009892
1981 232  0 287 269.8 0.010217
1981 233  0 339 267.1 0.010315
1981 234  0 336 262.2 0.010487
1981 235  0 306 254.8 0.010615
1981 236  0 272 258.9 0.010633
1981 237  0 289 254.8 0.010668
1981 238  0 328 272.9 0.010596
1981 239  0 339 281.6 0.010434
1981 240  0 327 275.3 0.010252
1981 241  0 296 259.1 0.010143
1981 242  0 356 265.1 0.009945
1981 243  0 330 256.0 0.009927
1981 244  0 301 248.3 0.010036
1981 245  0 268 242.8 0.010058
1981 246  0 235 229.0 0.010054
1981 247  0 249 233.4 0.009964
1981 248  0 286 248.7 0.010017
1981 249  0 322 263.2 0.010147
1981 250  0 301 262.5 0.010217
1981 251  0 305 266.3 0.010217
1981 252  0 279 256.5 0.010108
1981 253  0 287 247.6 0.009942
1981 254  0 240 240.8 0.009727
1981 255  0 202 234.2 0.009548
1981 256  0 193 230.2 0.009548
1981 257  0 217 228.7 0.009629
1981 258  0 189 230.4 0.009620
1981 259  0 202 227.5 0.009727
1981 260  0 189 218.2 0.009745
1981 261  0 213 216.5 0.009742
1981 262  0 229 210.5 0.009873
1981 263  0 201 200.1 0.009801
1981 264  0 257 191.2 0.009873
1981 265  0 252 183.0 0.009731
1981 266  0 201 183.8 0.009710
1981 267  0 198 182.2 0.009620
1981 268  0 208 182.0 0.009492
1981 269  0 224 188.8 0.009551
1981 270  0 265 202.8 0.009692
1981 271  0 286 200.9 0.009801
1981 272  0 280 204.5 0.009818
1981 273  0 279 203.8 0.009873
1981 274  0 287 210.6 0.009927
1981 275  0 274 204.8 0.010071
1981 276  0 291 196.5 0.010126
1981 277  0 252 191.1 0.009884
1981 278  0 260 193.6 0.009945
1981 279  0 225 200.3 0.010017
1981 280  0 228 204.1 0.009745
1981 281  0 246 200.7 0.009404
1981 282  0 236 205.4 0.009404
1981 283  0 192 213.4 0.009128
1981 284  0 174 220.0 0.009051
1981 285  0 164 236.8 0.009021
1981 286  0 228 256.2 0.009358
1981 287  0 249 275.6 0.009604
1981 288  0 282 287.1 0.009681
1981 289  0 297 302.4 0.009773
1981 290  0 291 302.9 0.009650
1981 291  0 279 296.5 0.009696
1981 292  0 252 278.6 0.009650
1981 293  0 244 257.8 0.009681
1981 294  0 193 238.2 0.009619
1981 295  0 193 218.6 0.009573
1981 296  0 157 208.2 0.009558
1981 297  0 145 201.1 0.009466
1981 298  0 134 186.0 0.009435
1981 299  0 122 172.0 0.009374
1981 300  0 100 171.2 0.009604
1981 301  0 122 182.4 0.009635
1981 302  0 174 187.5 0.009834
1981 303  0 202 201.5 0.009757
1981 304  0 208 207.1 0.009803
1981 305  0 223 222.5 0.009911
1981 306  0 301 241.3 0.010049
1981 307  0 295 255.3 0.010110
1981 308  0 299 263.1 0.010033
1981 309  0 315 254.1 0.010049
1981 310  0 269 244.6 0.010141
1981 311  0 260 241.4 0.010049
1981 312  0 249 234.7 0.009895
1981 313  0 181 232.6 0.009865
1981 314  0 199 231.0 0.009972
1981 315  0 198 217.0 0.010279
1981 316  0 217 223.5 0.010325
1981 317  0 214 215.9 0.010141
1981 318  0 241 207.4 0.009803
1981 319  0 188 191.2 0.009420
1981 320  0 171 181.2 0.009266
1981 321  0 139 172.7 0.008944
1981 322  0 146 160.8 0.008760
1981 323  0 122 157.0 0.008576
1981 324  0 111 152.0 0.008607
1981 325  0 111 153.9 0.008699
1981 326  0  99 152.7 0.008806
1981 327  0  88 151.9 0.008898
1981 328  0  80 150.4 0.009021
1981 329  0  81 159.1 0.009128
1981 330  0  81 178.3 0.009220
1981 331  0 104 190.3 0.009282
1981 332  0 176 206.4 0.009358
1981 333  0 200 226.5 0.009435
1981 334  0 223 231.6 0.009573
1981 335  0 251 230.7 0.009727
1981 336  0 256 230.3 0.009865
1981 337  0 276 238.6 0.009941
1981 338  0 276 241.7 0.010079
1981 339  0 285 260.0 0.010264
1981 340  0 305 262.1 0.010417
1981 341  0 318 275.6 0.010386
1981 342  0 324 287.8 0.010570
1981 343  0 336 292.4 0.010647
1981 344  0 329 278.7 0.010709
1981 345  0 342 266.7 0.010524
1981 346  0 312 254.2 0.010294
1981 347  0 241 218.9 0.009972
1981 348  0 207 193.0 0.009650
1981 349  0 147 172.6 0.009282
1981 350  0  86 157.4 0.008898
1981 351  0 104 144.2 0.008607
1981 352  0 103 136.3 0.008422
1981 353  0  96 129.7 0.008453
1981 354  0  74 133.9 0.008438
1981 355  0  85 142.2 0.008438
1981 356  0  98 145.9 0.008407
1981 357  0 112 153.0 0.008607
1981 358  0  89 156.1 0.008959
1981 359  0  81 162.1 0.009343
1981 360  0 130 166.2 0.009374
1981 361  0 135 176.8 0.009573
1981 362  0 177 183.0 0.009619
1981 363  0 172 183.6 0.009941
1981 364  0 146 185.7 0.009880
1981 365  0 164 182.8 0.009926
1982   1  0 124 179.9 0.009727
1982   2  0 127 177.2 0.009727
1982   3  0 151 176.1 0.009711
1982   4  0 147 170.4 0.009742
1982   5  0 151 165.5 0.009788
1982   6  0 116 166.8 0.009635
1982   7  0 127 166.9 0.009481
1982   8  0 131 156.9 0.009082
1982   9  0 132 164.4 0.008959
1982  10  0 115 145.7 0.008714
1982  11  0  62 136.3 0.008422
1982  12  0  70 132.4 0.008162
1982  13  0  69 127.5 0.008039
1982  14  0  78 130.5 0.008085
1982  15  0 109 136.3 0.008238
1982  16  0 102 146.7 0.008530
1982  17  0 150 152.6 0.008775
1982  18  0 187 167.6 0.009067
1982  19  0 193 169.4 0.009282
1982  20  0 181 167.0 0.009220
1982  21  0 181 163.3 0.009005
1982  22  0 163 152.9 0.008714
1982  23  0 125 148.0 0.008683
1982  24  0  94 149.1 0.008545
1982  25  0 110 169.3 0.008729
1982  26  0 160 182.7 0.008837
1982  27  0 168 197.2 0.009251
1982  28  0 226 234.7 0.009527
1982  29  0 291 267.0 0.009895
1982  30  0 284 284.5 0.010079
1982  31  0 319 289.1 0.010125
1982  32  0 364 284.8 0.010125
1982  33  0 340 279.7 0.010172
1982  34  0 328 272.9 0.010033
1982  35  0 312 252.8 0.009895
1982  36  0 309 245.2 0.009619
1982  37  0 325 245.2 0.009512
1982  38  0 319 239.9 0.009420
1982  39  0 328 245.1 0.009282
1982  40  0 298 231.7 0.009067
1982  41  0 256 213.7 0.008929
1982  42  0 223 211.1 0.008867
1982  43  0 220 204.0 0.008821
1982  44  0 229 194.9 0.008745
1982  45  0 200 185.3 0.008714
1982  46  0 189 180.3 0.008653
1982  47  0 157 170.5 0.008484
1982  48  0 169 162.5 0.008330
1982  49  0 145 165.7 0.008422
1982  50  0 151 170.9 0.008484
1982  51  0 168 171.3 0.008622
1982  52  0 169 165.2 0.008591
1982  53  0 141 163.7 0.008637
1982  54  0 137 173.1 0.008622
1982  55  0 169 185.9 0.008791
1982  56  0 181 184.1 0.009051
1982  57  0 192 204.0 0.009236
1982  58  0 217 222.1 0.009404
1982  59  0 230 224.0 0.009650
1982  60  0 242 231.3 0.009773
1982  61  0 250 228.3 0.009558
1982  62  0 252 230.1 0.009312
1982  63  0 254 238.3 0.009374
1982  64  0 234 245.4 0.009435
1982  65  0 237 230.0 0.009312
1982  66  0 210 228.3 0.009174
1982  67  0 201 207.1 0.008990
1982  68  0 167 192.2 0.008699
1982  69  0 175 178.9 0.008453
1982  70  0 171 178.2 0.008484
1982  71  0 194 181.2 0.008683
1982  72  0 223 185.5 0.009005
1982  73  0 220 201.3 0.008990
1982  74  0 201 207.6 0.008944
1982  75  0 224 227.7 0.008637
1982  76  0 259 230.4 0.008637
1982  77  0 242 226.8 0.008683
1982  78  0 240 219.7 0.008714
1982  79  0 230 217.0 0.008591
1982  80  0 220 212.4 0.008576
1982  81  0 210 213.7 0.008499
1982  82  0 207 202.4 0.008545
1982  83  0 175 189.0 0.008653
1982  84  0 219 189.9 0.008806
1982  85  0 211 192.8 0.008975
1982  86  0 262 195.4 0.009051
1982  87  0 257 200.6 0.009190
1982  88  0 243 198.0 0.009374
1982  89  0 233 194.5 0.009374
1982  90  0 190 184.1 0.009251
1982  91  0 202 172.2 0.009067
1982  92  0 160 172.0 0.008898
1982  93  0 211 169.9 0.008760
1982  94  0 191 158.2 0.008576
1982  95  0 156 159.9 0.008422
1982  96  0 163 165.2 0.008361
1982  97  0 181 164.0 0.008499
1982  98  0 183 162.1 0.008699
1982  99  0 184 167.3 0.008806
1982 100  0 193 177.1 0.008852
1982 101  0 212 178.7 0.008913
1982 102  0 198 177.5 0.008852
1982 103  0 186 170.9 0.008622
1982 104  0 190 157.9 0.008407
1982 105  0 177 152.2 0.008238
1982 106  0 170 148.2 0.008146
1982 107  0 151 145.9 0.008008
1982 108  0 127 147.0 0.007916
1982 109  0 121 145.1 0.007916
1982 110  0 130 144.2 0.007947
1982 111  0 127 145.2 0.008208
1982 112  0 152 156.9 0.008376
1982 113  0 193 175.2 0.008714
1982 114  0 202 181.0 0.008607
1982 115  0 208 182.6 0.008561
1982 116  0 209 178.3 0.008361
1982 117  0 176 167.3 0.008422
1982 118  0 126 161.0 0.008361
1982 119  0 119 155.6 0.008284
1982 120  0 110 149.8 0.008177
1982 121  0  91 151.7 0.008116
1982 122  0  83 147.4 0.008162
1982 123  0  67 147.7 0.008146
1982 124  0  84 144.7 0.008300
1982 125  0  91 148.7 0.008330
1982 126  0  93 153.0 0.008484
1982 127  0 100 151.0 0.008376
1982 128  0 129 150.8 0.008407
1982 129  0  68 139.8 0.008238
1982 130  0  77 130.7 0.008131
1982 131  0  84 132.3 0.007916
1982 132  0 109 132.3 0.007855
1982 133  0 113 129.8 0.007701
1982 134  0  84 132.2 0.007701
1982 135  0  76 132.1 0.007701
1982 136  0 100 139.0 0.007901
1982 137  0 110 142.2 0.008054
1982 138  0 129 146.8 0.008315
1982 139  0 160 155.9 0.008438
1982 140  0 163 155.6 0.008514
1982 141  0 142 165.4 0.008514
1982 142  0 176 158.8 0.008453
1982 143  0 155 155.7 0.008438
1982 144  0 160 144.8 0.008392
1982 145  0 128 145.7 0.008422
1982 146  0 170 158.0 0.008254
1982 147  0 189 171.5 0.008284
1982 148  0 173 171.3 0.008254
1982 149  0 163 170.9 0.008254
1982 150  0 112 142.8 0.008162
1982 151  0 119 136.7 0.008131
1982 152  0 104 134.2 0.008300
1982 153  0 123 135.1 0.008361
1982 154  0 139 141.5 0.008407
1982 155  0 154 158.2 0.008361
1982 156  0 165 156.6 0.008315
1982 157  0 160 149.6 0.008177
1982 158  0 171 158.6 0.008177
1982 159  0 188 167.3 0.008054
1982 160  0 211 177.4 0.008162
1982 161  0 218 196.0 0.008162
1982 162  0 205 224.2 0.008100
1982 163  0 214 238.3 0.008100
1982 164  0 206 240.2 0.008238
1982 165  0 203 240.8 0.008284
1982 166  0 185 235.8 0.008346
1982 167  0 190 210.6 0.008315
1982 168  0 202 206.0 0.008530
1982 169  0 199 200.7 0.008545
1982 170  0 199 207.5 0.008561
1982 171  0 206 207.1 0.008499
1982 172  0 212 210.7 0.008422
1982 173  0 216 197.2 0.008422
1982 174  0 172 187.3 0.008315
1982 175  0 166 168.2 0.008300
1982 176  0 136 159.1 0.008223
1982 177  0 139 142.3 0.008131
1982 178  0  73 127.6 0.008070
1982 179  0  53 123.1 0.007962
1982 180  0  47 111.7 0.007901
1982 181  0  56 108.5 0.007839
1982 182  0  66 106.5 0.007870
1982 183  0  54 106.9 0.007931
1982 184  0  43 109.4 0.008070
1982 185  0  55 111.5 0.007977
1982 186  0  51 114.1 0.007993
1982 187  0  42 121.3 0.007855
1982 188  0  43 128.2 0.007855
1982 189  0  55 150.3 0.007747
1982 190  0  80 176.6 0.007839
1982 191  0 145 203.5 0.008116
1982 192  0 192 226.4 0.008514
1982 193  0 246 239.7 0.008898
1982 194  0 288 252.6 0.009190
1982 195  0 292 269.2 0.009496
1982 196  0 323 274.0 0.009604
1982 197  0 346 269.4 0.009512
1982 198  0 358 273.3 0.009450
1982 199  0 355 247.2 0.009389
1982 200  0 308 234.7 0.009266
1982 201  0 252 196.5 0.009113
1982 202  0 181 173.7 0.008729
1982 203  0 130 149.5 0.008392
1982 204  0  97 128.5 0.007901
1982 205  0  35 117.8 0.007579
1982 206  0  33 108.2 0.007487
1982 207  0  38 102.1 0.007440
1982 208  0  29  97.8 0.007487
1982 209  0  25  96.4 0.007440
1982 210  0  30  97.5 0.007364
1982 211  0  50 112.4 0.007502
1982 212  0  79 114.4 0.007517
1982 213  0  83 123.4 0.007640
1982 214  0 102 138.2 0.007640
1982 215  0 102 153.5 0.007870
1982 216  0 122 167.3 0.008131
1982 217  0 146 180.9 0.008453
1982 218  0 193 201.2 0.008729
1982 219  0 217 219.6 0.009144
1982 220  0 226 217.5 0.009404
1982 221  0 242 212.5 0.009635
1982 222  0 233 209.5 0.009757
1982 223  0 236 205.0 0.009819
1982 224  0 208 195.2 0.009727
1982 225  0 170 182.9 0.009496
1982 226  0 150 176.8 0.009190
1982 227  0 150 173.0 0.008929
1982 228  0 129 161.4 0.008607
1982 229  0 140 165.1 0.008330
1982 230  0 158 166.4 0.008131
1982 231  0 146 159.2 0.007885
1982 232  0 116 144.7 0.007809
1982 233  0 119 138.6 0.007686
1982 234  0 135 138.8 0.007778
1982 235  0 107 141.2 0.007824
1982 236  0 119 142.9 0.007855
1982 237  0 152 158.5 0.007809
1982 238  0 147 166.4 0.007901
1982 239  0 173 180.4 0.008070
1982 240  0 199 181.4 0.008223
1982 241  0 202 183.4 0.008376
1982 242  0 217 174.5 0.008499
1982 243  0 181 175.0 0.008729
1982 244  0 162 184.3 0.008913
1982 245  0 175 168.7 0.008990
1982 246  0 206 171.0 0.009128
1982 247  0 248 188.1 0.009190
1982 248  0 225 179.4 0.009312
1982 249  0 199 172.1 0.009404
1982 250  0 165 176.8 0.009420
1982 251  0 162 178.5 0.009450
1982 252  0 132 179.2 0.009159
1982 253  0 114 165.6 0.008959
1982 254  0 121 158.3 0.008653
1982 255  0 110 152.5 0.008468
1982 256  0 114 151.3 0.008238
1982 257  0 147 147.4 0.008146
1982 258  0 182 149.0 0.008146
1982 259  0 187 147.3 0.008208
1982 260  0 179 147.0 0.008208
1982 261  0 151 143.2 0.008254
1982 262  0 165 142.6 0.008208
1982 263  0 147 146.9 0.008238
1982 264  0 144 145.4 0.008300
1982 265  0 134 146.2 0.008530
1982 266  0 137 152.6 0.008745
1982 267  0 154 165.4 0.008929
1982 268  0 166 170.3 0.009005
1982 269  0 194 187.3 0.009098
1982 270  0 187 191.4 0.009282
1982 271  0 186 196.9 0.009558
1982 272  0 203 204.6 0.009727
1982 273  0 225 202.4 0.009865
1982 274  0 187 205.2 0.009849
1982 275  0 232 209.4 0.009849
1982 276  0 203 197.0 0.009665
1982 277  0 170 182.3 0.009450
1982 278  0 155 163.9 0.009205
1982 279  0  78 151.9 0.008990
1982 280  0  77 140.2 0.008699
1982 281  0  78 136.9 0.008438
1982 282  0  77 137.4 0.008208
1982 283  0 125 134.8 0.008192
1982 284  0 123 137.3 0.008223
1982 285  0 130 136.4 0.008315
1982 286  0 139 143.9 0.008315
1982 287  0 125 140.4 0.008269
1982 288  0 101 134.1 0.008192
1982 289  0  92 129.8 0.008177
1982 290  0  77 130.1 0.008208
1982 291  0  47 132.8 0.008146
1982 292  0  79 136.7 0.008085
1982 293  0  99 146.2 0.008223
1982 294  0 135 161.4 0.008438
1982 295  0 142 168.2 0.008699
1982 296  0 181 177.3 0.008944
1982 297  0 206 190.9 0.009282
1982 298  0 201 196.8 0.009558
1982 299  0 191 193.5 0.009650
1982 300  0 186 187.7 0.009681
1982 301  0 146 181.4 0.009588
1982 302  0 143 170.9 0.009650
1982 303  0 136 166.7 0.009481
1982 304  0 103 165.1 0.009358
1982 305  0 104 159.6 0.009067
1982 306  0 114 154.5 0.008852
1982 307  0  97 147.4 0.008729
1982 308  0 130 143.4 0.008637
1982 309  0 130 136.4 0.008637
1982 310  0  99 142.1 0.008622
1982 311  0 127 142.3 0.008576
1982 312  0 112 144.8 0.008499
1982 313  0 133 147.5 0.008530
1982 314  0 142 152.9 0.008438
1982 315  0 146 154.1 0.008453
1982 316  0 108 164.9 0.008361
1982 317  0 127 161.2 0.008407
1982 318  0 151 159.5 0.008392
1982 319  0 151 157.0 0.008284
1982 320  0 130 163.3 0.008223
1982 321  0 140 158.0 0.008223
1982 322  0 152 170.2 0.008392
1982 323  0 158 182.3 0.008607
1982 324  0 153 189.2 0.008791
1982 325  0 170 200.9 0.009036
1982 326  0 183 231.1 0.009098
1982 327  0 156 196.1 0.009113
1982 328  0 125 172.9 0.009067
1982 329  0  97 164.8 0.009174
1982 330  0  95 168.8 0.009128
1982 331  0  92 158.6 0.009051
1982 332  0  96 160.3 0.008867
1982 333  0 107 161.4 0.008791
1982 334  0  99 164.8 0.008806
1982 335  0 117 167.8 0.008806
1982 336  0 166 166.3 0.008898
1982 337  0 176 181.6 0.008883
1982 338  0 182 194.5 0.008913
1982 339  0 182 195.9 0.008883
1982 340  0 232 210.4 0.008913
1982 341  0 233 244.3 0.009082
1982 342  0 245 241.7 0.009282
1982 343  0 202 258.6 0.009466
1982 344  0 221 273.5 0.009496
1982 345  0 228 259.3 0.009481
1982 346  0 258 251.1 0.009466
1982 347  0 229 239.0 0.009604
1982 348  0 213 235.6 0.009635
1982 349  0 221 221.9 0.009558
1982 350  0 186 213.2 0.009358
1982 351  0 157 200.5 0.009190
1982 352  0 136 186.5 0.009005
1982 353  0 105 176.8 0.008760
1982 354  0  84 159.2 0.008545
1982 355  0 116 149.4 0.008376
1982 356  0 117 150.1 0.008376
1982 357  0 128 157.0 0.008376
1982 358  0 133 166.8 0.008545
1982 359  0 162 170.6 0.008653
1982 360  0 154 168.7 0.008791
1982 361  0 168 166.2 0.008760
1982 362  0 160 157.0 0.008668
1982 363  0 130 147.3 0.008576
1982 364  0 105 142.5 0.008499
1982 365  0  92 134.4 0.008422
1983   1  0  82 131.4 0.008315
1983   2  0  89 131.4 0.008300
1983   3  0  75 136.2 0.008330
1983   4  0  86 138.2 0.008407
1983   5  0 112 154.6 0.008561
1983   6  0 141 161.6 0.008775
1983   7  0 149 163.3 0.008898
1983   8  0 173 155.9 0.008867
1983   9  0 137 150.0 0.008883
1983  10  0 114 144.2 0.008959
1983  11  0 123 139.3 0.008929
1983  12  0 106 135.7 0.008791
1983  13  0 122 135.1 0.008530
1983  14  0 126 137.2 0.008330
1983  15  0 106 141.0 0.008116
1983  16  0 122 140.2 0.008024
1983  17  0 140 138.0 0.007977
1983  18  0 118 134.8 0.007962
1983  19  0 127 127.4 0.007901
1983  20  0 111 120.5 0.007870
1983  21  0 101 116.1 0.007839
1983  22  0 100 113.5 0.007931
1983  23  0  81 115.4 0.008024
1983  24  0  80 114.1 0.008131
1983  25  0 103 122.7 0.008131
1983  26  0 106 132.6 0.008070
1983  27  0 103 133.6 0.007993
1983  28  0 122 140.6 0.008008
1983  29  0 136 148.9 0.008054
1983  30  0 138 154.8 0.008192
1983  31  0 151 161.9 0.008438
1983  32  0 148 162.6 0.008683
1983  33  0 122 156.5 0.008852
1983  34  0 126 145.5 0.008990
1983  35  0 135 156.8 0.009021
1983  36  0 118 154.3 0.009005
1983  37  0 102 152.3 0.008729
1983  38  0 103 142.2 0.008484
1983  39  0  90 133.3 0.008146
1983  40  0  56 121.9 0.008039
1983  41  0  37 113.4 0.007931
1983  42  0  30 106.9 0.007732
1983  43  0  26  99.8 0.007548
1983  44  0  16  95.5 0.007379
1983  45  0  14  91.7 0.007348
1983  46  0  34  88.5 0.007318
1983  47  0  24  89.7 0.007318
1983  48  0  32  91.9 0.007471
1983  49  0  46  97.2 0.007425
1983  50  0  47  94.6 0.007456
1983  51  0  46  97.3 0.007410
1983  52  0  56 101.6 0.007517
1983  53  0  47 106.2 0.007671
1983  54  0  57 112.0 0.007809
1983  55  0  72 114.3 0.007977
1983  56  0  96 120.3 0.008100
1983  57  0 100 126.2 0.008223
1983  58  0 126 138.3 0.008422
1983  59  0 140 137.6 0.008545
1983  60  0 145 145.4 0.008760
1983  61  0 124 138.7 0.008806
1983  62  0 115 141.0 0.008760
1983  63  0 124 143.7 0.008576
1983  64  0 151 146.6 0.008407
1983  65  0 117 139.3 0.008177
1983  66  0 103 132.3 0.008070
1983  67  0  91 128.1 0.007931
1983  68  0  99 122.0 0.007901
1983  69  0  73 115.1 0.007793
1983  70  0  65 103.0 0.007579
1983  71  0  43  99.5 0.007394
1983  72  0  16  95.8 0.007256
1983  73  0  32  95.9 0.007333
1983  74  0  59 100.6 0.007440
1983  75  0  84 107.8 0.007579
1983  76  0  99 114.5 0.007732
1983  77  0 117 117.7 0.007870
1983  78  0 109 118.3 0.007977
1983  79  0 109 120.7 0.008008
1983  80  0 116 118.8 0.007977
1983  81  0  93 117.2 0.008085
1983  82  0  88 116.2 0.008085
1983  83  0  80 117.1 0.008085
1983  84  0  64 114.2 0.007947
1983  85  0  93 114.7 0.007993
1983  86  0  96 109.6 0.008070
1983  87  0  64 104.9 0.008162
1983  88  0  59  98.9 0.008162
1983  89  0  72 100.7 0.008085
1983  90  0  49  98.7 0.007993
1983  91  0  72 100.7 0.007901
1983  92  0  95 101.2 0.007824
1983  93  0  83 101.4 0.007717
1983  94  0  72 100.8 0.007563
1983  95  0  49  98.7 0.007456
1983  96  0  67  99.5 0.007394
1983  97  0  87 102.2 0.007425
1983  98  0  80 104.1 0.007425
1983  99  0  80 106.1 0.007425
1983 100  0  87 103.3 0.007471
1983 101  0  94 104.4 0.007640
1983 102  0  88 107.7 0.007885
1983 103  0  87 109.1 0.008039
1983 104  0  87 111.7 0.008146
1983 105  0  72 103.6 0.008208
1983 106  0  73 105.1 0.008162
1983 107  0  86 113.5 0.008100
1983 108  0 102 120.7 0.008085
1983 109  0 149 125.0 0.008177
1983 110  0 122 127.4 0.008223
1983 111  0 118 133.3 0.008177
1983 112  0 113 139.7 0.008223
1983 113  0 124 140.4 0.008300
1983 114  0 125 142.7 0.008514
1983 115  0 167 145.6 0.008622
1983 116  0 160 146.8 0.008760
1983 117  0 171 149.6 0.008806
1983 118  0 198 156.4 0.008791
1983 119  0 193 148.4 0.008561
1983 120  0 186 147.2 0.008453
1983 121  0 152 142.0 0.008315
1983 122  0 139 145.4 0.008346
1983 123  0 126 139.4 0.008146
1983 124  0 114 132.9 0.007962
1983 125  0 127 130.8 0.007809
1983 126  0 118 125.8 0.007655
1983 127  0 123 117.4 0.007640
1983 128  0 131 127.0 0.007671
1983 129  0 147 132.2 0.007809
1983 130  0 152 143.5 0.007870
1983 131  0 135 159.3 0.007916
1983 132  0 152 160.4 0.007870
1983 133  0 176 154.4 0.007839
1983 134  0 167 153.5 0.007747
1983 135  0 174 145.7 0.007701
1983 136  0 132 134.0 0.007640
1983 137  0 124 131.7 0.007640
1983 138  0 132 137.6 0.007732
1983 139  0 118 146.8 0.007839
1983 140  0 140 151.8 0.007993
1983 141  0 147 149.8 0.008116
1983 142  0 139 152.0 0.008361
1983 143  0 136 143.7 0.008561
1983 144  0 148 140.5 0.008729
1983 145  0 131 138.8 0.008714
1983 146  0 134 132.3 0.008514
1983 147  0 114 130.5 0.008422
1983 148  0  91 133.1 0.008330
1983 149  0 118 139.0 0.008346
1983 150  0  91 135.4 0.008162
1983 151  0  80 138.0 0.007962
1983 152  0  88 131.3 0.007701
1983 153  0 104 139.0 0.007594
1983 154  0 105 139.3 0.007625
1983 155  0  98 149.2 0.007870
1983 156  0 111 167.9 0.007977
1983 157  0 123 191.4 0.008070
1983 158  0 150 179.5 0.008116
1983 159  0 144 173.7 0.008208
1983 160  0 144 159.5 0.008162
1983 161  0 124 150.5 0.008146
1983 162  0 105 139.2 0.007947
1983 163  0  95 134.5 0.007931
1983 164  0 104 128.3 0.007885
1983 165  0 127 126.4 0.007977
1983 166  0 133 128.7 0.007977
1983 167  0 121 128.8 0.008100
1983 168  0 114 130.7 0.008208
1983 169  0 112 130.5 0.008300
1983 170  0 149 133.8 0.008376
1983 171  0 169 136.9 0.008561
1983 172  0 169 144.0 0.008729
1983 173  0 196 148.9 0.008760
1983 174  0 206 149.8 0.008683
1983 175  0 176 141.7 0.008729
1983 176  0 176 141.4 0.008653
1983 177  0 159 144.1 0.008576
1983 178  0 133 137.1 0.008315
1983 179  0 120 129.4 0.008223
1983 180  0  98 128.9 0.008116
1983 181  0  91 126.8 0.008039
1983 182  0  82 124.1 0.008039
1983 183  0  78 125.4 0.008054
1983 184  0  81 131.5 0.008085
1983 185  0 115 137.2 0.008054
1983 186  0 106 132.1 0.008085
1983 187  0 105 132.4 0.008085
1983 188  0 105 132.7 0.008100
1983 189  0 109 127.9 0.007947
1983 190  0  91 123.1 0.007977
1983 191  0  78 123.1 0.007947
1983 192  0  90 125.7 0.008024
1983 193  0 114 124.7 0.007977
1983 194  0 113 123.5 0.008100
1983 195  0 117 124.4 0.008116
1983 196  0 122 124.6 0.008192
1983 197  0 123 121.3 0.008146
1983 198  0 127 120.0 0.008300
1983 199  0 130 116.4 0.008300
1983 200  0 127 119.5 0.008361
1983 201  0 134 125.1 0.008238
1983 202  0 144 128.1 0.008330
1983 203  0 151 138.9 0.008254
1983 204  0 126 132.9 0.008376
1983 205  0 139 136.3 0.008192
1983 206  0 113 136.7 0.008100
1983 207  0  77 128.9 0.007901
1983 208  0  65 123.1 0.007839
1983 209  0  53 127.1 0.007747
1983 210  0  97 138.5 0.007732
1983 211  0 118 144.3 0.007824
1983 212  0 146 153.1 0.007962
1983 213  0 175 151.1 0.008008
1983 214  0 171 145.4 0.008039
1983 215  0 140 139.4 0.008008
1983 216  0 138 136.5 0.007993
1983 217  0 106 136.5 0.008070
1983 218  0  66 142.0 0.008039
1983 219  0  80 141.9 0.008054
1983 220  0  94 141.0 0.007993
1983 221  0  92 142.9 0.007993
1983 222  0  84 151.6 0.008054
1983 223  0 118 151.3 0.008100
1983 224  0 138 156.7 0.008330
1983 225  0 139 147.3 0.008545
1983 226  0 130 141.6 0.008653
1983 227  0 124 135.8 0.008607
1983 228  0 107 132.1 0.008468
1983 229  0  96 126.8 0.008422
1983 230  0  95 122.2 0.008254
1983 231  0  72 117.7 0.008162
1983 232  0  53 118.7 0.008131
1983 233  0  70 114.2 0.008116
1983 234  0  67 110.8 0.008008
1983 235  0  68 110.8 0.007747
1983 236  0  47 108.7 0.007609
1983 237  0  70 104.2 0.007655
1983 238  0  71 105.8 0.007763
1983 239  0  68 103.7 0.007747
1983 240  0  74 102.8 0.007701
1983 241  0  84 105.7 0.007563
1983 242  0  79 104.0 0.007502
1983 243  0  60 104.2 0.007410
1983 244  0  64 110.5 0.007456
1983 245  0  78 110.9 0.007502
1983 246  0  82 106.4 0.007594
1983 247  0  96 110.5 0.007640
1983 248  0 117 117.6 0.007686
1983 249  0 108 120.7 0.007717
1983 250  0 100 118.6 0.007870
1983 251  0  94 118.4 0.008162
1983 252  0 103 115.3 0.008422
1983 253  0  97 109.7 0.008468
1983 254  0  90 110.5 0.008376
1983 255  0  57 104.9 0.008238
1983 256  0  50 104.4 0.008116
1983 257  0  50 105.2 0.007993
1983 258  0  58 106.3 0.007824
1983 259  0  46 106.3 0.007717
1983 260  0  49 105.1 0.007579
1983 261  0  63 102.5 0.007487
1983 262  0  56 101.2 0.007394
1983 263  0  44 100.4 0.007394
1983 264  0  50 103.0 0.007410
1983 265  0  53 106.0 0.007425
1983 266  0  58 112.6 0.007471
1983 267  0  64 111.8 0.007517
1983 268  0  58 110.5 0.007348
1983 269  0  69 114.6 0.007318
1983 270  0  71 119.8 0.007256
1983 271  0  67 114.8 0.007394
1983 272  0  60 114.5 0.007487
1983 273  0  46 113.0 0.007425
1983 274  0  38 117.5 0.007579
1983 275  0  66 120.4 0.007471
1983 276  0  82 123.1 0.007625
1983 277  0  96 125.1 0.007548
1983 278  0  84 126.6 0.007701
1983 279  0  97 132.7 0.007947
1983 280  0 113 133.9 0.008223
1983 281  0 129 131.1 0.008284
1983 282  0 138 130.4 0.008361
1983 283  0 157 133.6 0.008238
1983 284  0 177 138.3 0.008300
1983 285  0 158 133.7 0.008162
1983 286  0 130 133.5 0.008131
1983 287  0 104 131.5 0.007962
1983 288  0  94 127.0 0.007778
1983 289  0  79 117.2 0.007563
1983 290  0  78 110.9 0.007440
1983 291  0  82 103.6 0.007333
1983 292  0  60 105.2 0.007333
1983 293  0  34  99.1 0.007318
1983 294  0  23  89.3 0.007425
1983 295  0  29  87.2 0.007471
1983 296  0  29  87.8 0.007364
1983 297  0  26  88.6 0.007210
1983 298  0  23  89.2 0.007088
1983 299  0  26  89.1 0.007134
1983 300  0  16  88.9 0.007195
1983 301  0  19  90.4 0.007226
1983 302  0  21  90.7 0.007318
1983 303  0  19  92.6 0.007333
1983 304  0  21  95.5 0.007379
1983 305  0  23  98.3 0.007410
1983 306  0  30  97.6 0.007609
1983 307  0  51  96.9 0.007778
1983 308  0  70 103.1 0.007947
1983 309  0  90 105.1 0.008070
1983 310  0 101 999.9 0.008100
1983 311  0 115 108.5 0.008054
1983 312  0 123 103.5 0.007977
1983 313  0  96  99.2 0.007901
1983 314  0  93 100.8 0.007793
1983 315  0  77  96.7 0.007563
1983 316  0  59  89.6 0.007379
1983 317  0  49  91.9 0.007272
1983 318  0  40  91.0 0.007226
1983 319  0  38  90.9 0.007256
1983 320  0  52  90.6 0.007149
1983 321  0  42  85.6 0.007103
1983 322  0  49  84.4 0.007042
1983 323  0  36  82.3 0.007026
1983 324  0  16  80.3 0.006934
1983 325  0  25  79.3 0.006934
1983 326  0   0  80.1 0.006950
1983 327  0   0  78.2 0.006965
1983 328  0   0  78.8 0.007118
1983 329  0   0  79.2 0.007287
1983 330  0  10  80.4 0.007456
1983 331  0  14  84.4 0.007348
1983 332  0  16  86.6 0.007226
1983 333  0  26  89.4 0.007210
1983 334  0  29  90.0 0.007348
1983 335  0  36  90.5 0.007563
1983 336  0  31  88.9 0.007640
1983 337  0  21  88.5 0.007348
1983 338  0  19  91.9 0.007210
1983 339  0  23  92.0 0.007287
1983 340  0  53  97.1 0.007533
1983 341  0  56  98.6 0.007502
1983 342  0  66  98.3 0.007410
1983 343  0  97 108.2 0.007533
1983 344  0 112 108.0 0.007609
1983 345  0 104 101.7 0.007686
1983 346  0  90 101.1 0.007563
1983 347  0  90 100.8 0.007533
1983 348  0  71  96.5 0.007379
1983 349  0  68  92.2 0.007302
1983 350  0  48  93.5 0.007210
1983 351  0  63  92.0 0.007287
1983 352  0  49  90.1 0.007348
1983 353  0  42  86.2 0.007272
1983 354  0  34  83.6 0.007072
1983 355  0  29  82.3 0.006965
1983 356  0  21  82.9 0.006980
1983 357  0  27  83.0 0.006996
1983 358  0  30  83.1 0.006980
1983 359  0  29  82.4 0.006919
1983 360  0  31  82.9 0.006950
1983 361  0  16  83.5 0.007072
1983 362  0  14  80.7 0.007195
1983 363  0  15  81.1 0.007164
1983 364  0  18  81.3 0.007103
1983 365  0  12  83.8 0.007210
1984   1  0  13  84.3 0.007210
1984   2  0  21  87.4 0.007118
1984   3  0  22  89.5 0.007072
1984   4  0  24  91.0 0.007088
1984   5  0  28  88.2 0.007180
1984   6  0  38  85.6 0.007226
1984   7  0  49  86.5 0.007287
1984   8  0  50  92.3 0.007410
1984   9  0  66  94.4 0.007364
1984  10  0  58  95.2 0.007333
1984  11  0  63  96.8 0.007241
1984  12  0  67 101.1 0.007180
1984  13  0  63 102.1 0.007180
1984  14  0  60  99.2 0.007103
1984  15  0  58  97.8 0.007118
1984  16  0  60  96.6 0.007042
1984  17  0  67  95.2 0.007057
1984  18  0  64  95.0 0.006980
1984  19  0  67  93.4 0.007118
1984  20  0  91 102.2 0.007164
1984  21  0 100 103.3 0.007226
1984  22  0  84 110.5 0.007256
1984  23  0  92 113.3 0.007302
1984  24  0  92 126.4 0.007502
1984  25  0 130 146.8 0.007579
1984  26  0 138 164.8 0.007625
1984  27  0 130 172.3 0.007671
1984  28  0 139 168.9 0.007701
1984  29  0 144 174.6 0.007686
1984  30  0 134 161.5 0.007671
1984  31  0 108 169.3 0.007594
1984  32  0 142 154.6 0.007671
1984  33  0 106 142.0 0.007579
1984  34  0  86 131.4 0.007609
1984  35  0  79 126.0 0.007548
1984  36  0  85 114.2 0.007563
1984  37  0  98 111.8 0.007502
1984  38  0 102 113.6 0.007640
1984  39  0 121 127.2 0.007809
1984  40  0 148 139.9 0.007870
1984  41  0 159 136.7 0.007839
1984  42  0 152 141.1 0.007778
1984  43  0 139 135.8 0.007870
1984  44  0 106 128.4 0.007793
1984  45  0  99 120.3 0.007671
1984  46  0 103 113.4 0.007502
1984  47  0  68 114.5 0.007517
1984  48  0  66 116.5 0.007502
1984  49  0  65 122.2 0.007609
1984  50  0  70 128.4 0.007502
1984  51  0  70 134.6 0.007594
1984  52  0  98 143.8 0.007686
1984  53  0 129 158.0 0.007962
1984  54  0 156 166.1 0.008039
1984  55  0 151 172.9 0.008223
1984  56  0 151 169.4 0.008315
1984  57  0 130 164.2 0.008346
1984  58  0 101 154.3 0.008422
1984  59  0 101 148.8 0.008422
1984  60  0 114 148.1 0.008392
1984  61  0 103 143.6 0.008131
1984  62  0 109 138.2 0.008008
1984  63  0  92 122.5 0.007916
1984  64  0  75 114.4 0.007778
1984  65  0  91 109.3 0.007625
1984  66  0  68 109.5 0.007594
1984  67  0  71 105.0 0.007579
1984  68  0  89 103.8 0.007579
1984  69  0  84 102.4 0.007517
1984  70  0  64  98.8 0.007533
1984  71  0  91  98.6 0.007471
1984  72  0 101 102.3 0.007548
1984  73  0 110 114.7 0.007548
1984  74  0 123 121.1 0.007563
1984  75  0 157 134.4 0.007517
1984  76  0 164 124.0 0.007686
1984  77  0 147 129.1 0.007839
1984  78  0 133 125.8 0.007993
1984  79  0 126 126.5 0.007993
1984  80  0 144 126.3 0.008131
1984  81  0 137 122.4 0.008223
1984  82  0 122 122.7 0.008269
1984  83  0 124 115.1 0.008269
1984  84  0 112 113.0 0.008085
1984  85  0 136 111.6 0.007977
1984  86  0 136 120.2 0.007916
1984  87  0 134 129.1 0.007885
1984  88  0 137 135.9 0.007977
1984  89  0 131 138.1 0.008039
1984  90  0 150 143.8 0.008085
1984  91  0 158 143.7 0.008100
1984  92  0 134 135.7 0.008024
1984  93  0 122 134.6 0.008146
1984  94  0 114 128.8 0.008116
1984  95  0 105 129.5 0.007931
1984  96  0  79 118.7 0.007763
1984  97  0  91 112.1 0.007839
1984  98  0  65 107.8 0.007809
1984  99  0  43 100.7 0.007763
1984 100  0  47  94.9 0.007471
1984 101  0  16  93.9 0.007410
1984 102  0  27  97.3 0.007364
1984 103  0  36 107.2 0.007364
1984 104  0  31 113.7 0.007364
1984 105  0  41 118.8 0.007394
1984 106  0  77 119.7 0.007517
1984 107  0  78 117.2 0.007671
1984 108  0  73 122.9 0.007717
1984 109  0  95 119.9 0.007778
1984 110  0 106 112.5 0.007686
1984 111  0  89 124.1 0.007809
1984 112  0  88 127.7 0.007763
1984 113  0  71 130.8 0.007885
1984 114  0  77 136.6 0.007732
1984 115  0 104 142.9 0.007655
1984 116  0 128 152.4 0.007640
1984 117  0 161 174.0 0.007763
1984 118  0 157 183.7 0.007931
1984 119  0 162 182.6 0.007901
1984 120  0 156 178.2 0.007809
1984 121  0 139 170.8 0.007732
1984 122  0 138 153.7 0.007671
1984 123  0 113 139.3 0.007579
1984 124  0  88 123.1 0.007425
1984 125  0  66 113.5 0.007195
1984 126  0  48 114.9 0.007195
1984 127  0  34 108.1 0.007195
1984 128  0  44 118.3 0.007364
1984 129  0  69 121.9 0.007333
1984 130  0  91 138.3 0.007379
1984 131  0 108 150.9 0.007348
1984 132  0 119 147.9 0.007425
1984 133  0 127 148.2 0.007548
1984 134  0 150 151.4 0.007839
1984 135  0 141 146.9 0.007947
1984 136  0 108 139.6 0.007977
1984 137  0 123 137.3 0.007855
1984 138  0 105 130.1 0.007763
1984 139  0  89 131.9 0.007686
1984 140  0  94 137.6 0.007671
1984 141  0  89 138.0 0.007686
1984 142  0  82 145.3 0.007686
1984 143  0  98 130.1 0.007701
1984 144  0 105 130.0 0.007778
1984 145  0 109 126.9 0.007855
1984 146  0  95 125.7 0.007916
1984 147  0 110 121.0 0.007916
1984 148  0 109 120.3 0.007885
1984 149  0  88 118.5 0.007839
1984 150  0  94 121.0 0.007763
1984 151  0  89 119.7 0.007625
1984 152  0  80 115.9 0.007425
1984 153  0  68 116.1 0.007302
1984 154  0  62 111.3 0.007333
1984 155  0  63 109.6 0.007471
1984 156  0  48 106.8 0.007548
1984 157  0  42 104.6 0.007471
1984 158  0  32  98.9 0.007410
1984 159  0  48  97.3 0.007471
1984 160  0  44  94.6 0.007579
1984 161  0  37  93.6 0.007655
1984 162  0  44  92.3 0.007609
1984 163  0  52  93.2 0.007609
1984 164  0  55  93.0 0.007548
1984 165  0  58  98.6 0.007548
1984 166  0  71 110.2 0.007533
1984 167  0 113 116.5 0.007609
1984 168  0 117 110.3 0.007594
1984 169  0 103 109.5 0.007625
1984 170  0  87 108.9 0.007563
1984 171  0  72 107.8 0.007563
1984 172  0  75 106.6 0.007487
1984 173  0  61 103.4 0.007394
1984 174  0  68 104.6 0.007348
1984 175  0  76 105.3 0.007364
1984 176  0  82 103.6 0.007394
1984 177  0  62 104.6 0.007440
1984 178  0  69 100.1 0.007302
1984 179  0  56 101.5 0.007134
1984 180  0  58  99.5 0.006980
1984 181  0  71 100.3 0.006996
1984 182  0  59 101.1 0.007118
1984 183  0  49 101.7 0.007180
1984 184  0  54 103.6 0.007394
1984 185  0  91 104.8 0.007517
1984 186  0 119 105.7 0.007655
1984 187  0 107 104.4 0.007655
1984 188  0  91 100.3 0.007732
1984 189  0  95 100.1 0.007717
1984 190  0 110 101.1 0.007931
1984 191  0  94 104.5 0.007793
1984 192  0 110 101.3 0.007747
1984 193  0  85  96.8 0.007318
1984 194  0  80  94.7 0.007287
1984 195  0  65  92.6 0.007210
1984 196  0  51  92.2 0.007364
1984 197  0  45  92.2 0.007302
1984 198  0  37  90.1 0.007180
1984 199  0  31  87.3 0.006980
1984 200  0  39  85.5 0.006888
1984 201  0  33  84.7 0.006888
1984 202  0  27  84.8 0.006934
1984 203  0  18  86.7 0.006919
1984 204  0  33  86.3 0.006873
1984 205  0  37  87.3 0.006719
1984 206  0  57  86.8 0.006719
1984 207  0  45  85.9 0.006673
1984 208  0  37  83.4 0.006719
1984 209  0  13  83.0 0.006781
1984 210  0  13  82.5 0.006842
1984 211  0  18  82.3 0.006903
1984 212  0  24  82.2 0.006950
1984 213  0  18  83.0 0.007072
1984 214  0  19  84.0 0.007180
1984 215  0  23  86.3 0.007226
1984 216  0  26  88.4 0.007241
1984 217  0  34  85.7 0.007180
1984 218  0  25  85.7 0.007195
1984 219  0  33  89.9 0.007134
1984 220  0  37  92.4 0.007057
1984 221  0  44  94.0 0.007057
1984 222  0  48  94.4 0.007134
1984 223  0  43  95.4 0.007164
1984 224  0  40  90.8 0.007241
1984 225  0  43  88.0 0.007180
1984 226  0  38  86.5 0.007195
1984 227  0  37  84.0 0.006980
1984 228  0  32  82.6 0.006842
1984 229  0  32  83.1 0.006735
1984 230  0  25  81.0 0.006735
1984 231  0  23  79.1 0.006796
1984 232  0  15  76.2 0.006704
1984 233  0  22  75.6 0.006627
1984 234  0  16  77.2 0.006474
1984 235  0  14  75.7 0.006505
1984 236  0  26  76.0 0.006566
1984 237  0  33  81.6 0.006903
1984 238  0  49  83.0 0.006965
1984 239  0  67  87.7 0.007026
1984 240  0  56  90.4 0.006965
1984 241  0  51  88.6 0.007042
1984 242  0  47  90.3 0.006980
1984 243  0  37  91.8 0.006781
1984 244  0  49  93.1 0.006873
1984 245  0  65  94.1 0.006965
1984 246  0  72  93.2 0.007072
1984 247  0  88  94.5 0.007042
1984 248  0  84  91.9 0.007088
1984 249  0  76  89.8 0.007149
1984 250  0  46  85.9 0.007149
1984 251  0  30  85.2 0.007149
1984 252  0  29  83.4 0.007026
1984 253  0  19  80.6 0.006919
1984 254  0  14  79.1 0.006765
1984 255  0  13  77.8 0.006658
1984 256  0  13  76.5 0.006566
1984 257  0  13  75.0 0.006535
1984 258  0   0  74.5 0.006535
1984 259  0  12  73.3 0.006489
1984 260  0  17  73.4 0.006382
1984 261  0   0  74.6 0.006366
1984 262  0   0  73.8 0.006366
1984 263  0  14  74.6 0.006397
1984 264  0   0  74.1 0.006382
1984 265  0  13  75.1 0.006443
1984 266  0  14  75.9 0.006535
1984 267  0  12  76.1 0.006689
1984 268  0  12  76.2 0.006919
1984 269  0  10  74.6 0.007011
1984 270  0   0  74.3 0.007011
1984 271  0   0  73.5 0.006903
1984 272  0   0  73.1 0.006888
1984 273  0   0  71.7 0.006950
1984 274  0  12  72.4 0.006888
1984 275  0   7  72.0 0.006827
1984 276  0   8  74.8 0.006719
1984 277  0  12  75.2 0.006811
1984 278  0  12  75.2 0.006873
1984 279  0   0  74.0 0.006781
1984 280  0   0  73.2 0.006735
1984 281  0   0  73.5 0.006719
1984 282  0  13  74.5 0.006796
1984 283  0  15  73.5 0.006765
1984 284  0  18  74.1 0.006612
1984 285  0  23  74.3 0.006551
1984 286  0  17  73.9 0.006535
1984 287  0  10  74.7 0.006627
1984 288  0   9  73.2 0.006612
1984 289  0  15  76.4 0.006612
1984 290  0  20  76.6 0.006597
1984 291  0  25  76.2 0.006581
1984 292  0  26  76.5 0.006581
1984 293  0  26  74.2 0.006535
1984 294  0  18  73.5 0.006643
1984 295  0  20  73.2 0.006643
1984 296  0  13  74.5 0.006719
1984 297  0  12  72.7 0.006658
1984 298  0   9  70.8 0.006612
1984 299  0  10  70.2 0.006643
1984 300  0  10  69.4 0.006673
1984 301  0   8  68.6 0.006673
1984 302  0   0  69.3 0.006643
1984 303  0   8  68.2 0.006643
1984 304  0  12  68.8 0.006597
1984 305  0  15  69.8 0.006673
1984 306  0  19  69.5 0.006658
1984 307  0  16  70.1 0.006689
1984 308  0  13  72.0 0.006566
1984 309  0  16  72.2 0.006581
1984 310  0  14  71.7 0.006520
1984 311  0   0  71.0 0.006459
1984 312  0  13  70.1 0.006351
1984 313  0  15  70.5 0.006459
1984 314  0  15  72.7 0.006428
1984 315  0  24  75.8 0.006351
1984 316  0  31  73.1 0.006259
1984 317  0  24  72.8 0.006305
1984 318  0  19  71.6 0.006428
1984 319  0  17  72.0 0.006474
1984 320  0  15  72.9 0.006459
1984 321  0  13  70.7 0.006520
1984 322  0  13  71.0 0.006505
1984 323  0  16  71.7 0.006597
1984 324  0  15  72.3 0.006581
1984 325  0  31  74.8 0.006643
1984 326  0  42  78.3 0.006673
1984 327  0  42  78.2 0.006689
1984 328  0  48  79.3 0.006735
1984 329  0  55  81.1 0.006535
1984 330  0  69  83.1 0.006474
1984 331  0  51  82.5 0.006412
1984 332  0  45  82.5 0.006520
1984 333  0  45  81.1 0.006581
1984 334  0  35  77.1 0.006535
1984 335  0  23  76.4 0.006551
1984 336  0  22  77.0 0.006489
1984 337  0  25  76.8 0.006505
1984 338  0  22  77.9 0.006474
1984 339  0  22  75.9 0.006459
1984 340  0  18  73.4 0.006443
1984 341  0  24  73.0 0.006428
1984 342  0  21  72.7 0.006397
1984 343  0  26  74.1 0.006382
1984 344  0  24  74.5 0.006382
1984 345  0  17  75.7 0.006443
1984 346  0  32  78.9 0.006520
1984 347  0  33  77.8 0.006520
1984 348  0  32  76.2 0.006520
1984 349  0  32  75.8 0.006305
1984 350  0  30  74.9 0.006305
1984 351  0  34  74.2 0.006320
1984 352  0  28  72.6 0.006505
1984 353  0  14  70.2 0.006397
1984 354  0  13  71.0 0.006382
1984 355  0  13  69.9 0.006336
1984 356  0  16  69.7 0.006459
1984 357  0  14  70.7 0.006535
1984 358  0  13  71.3 0.006566
1984 359  0  18  71.8 0.006551
1984 360  0  24  72.2 0.006366
1984 361  0  23  72.3 0.006366
1984 362  0  16  72.0 0.006305
1984 363  0  18  72.2 0.006489
1984 364  0  17  72.1 0.006443
1984 365  0  11  71.4 0.006474
1984 366  0  11  70.0 0.006336
1985   1  0   0  68.4 0.006305
1985   2  0   0  67.8 0.006244
1985   3  0   0  67.7 0.006274
1985   4  0   0  67.8 0.006320
1985   5  0   0  67.0 0.006351
1985   6  0   0  67.9 0.006366
1985   7  0   0  68.1 0.006336
1985   8  0  12  67.4 0.006320
1985   9  0  15  68.1 0.006336
1985  10  0   0  67.4 0.006412
1985  11  0   0  67.7 0.006566
1985  12  0  14  68.4 0.006535
1985  13  0  17  72.6 0.006597
1985  14  0  28  72.3 0.006505
1985  15  0  27  72.4 0.006474
1985  16  0  28  74.7 0.006505
1985  17  0  31  75.8 0.006627
1985  18  0  28  74.1 0.006719
1985  19  0  29  75.4 0.006643
1985  20  0  59  81.7 0.006551
1985  21  0  64  84.9 0.006566
1985  22  0  54  85.3 0.006551
1985  23  0  42  82.5 0.006612
1985  24  0  36  78.2 0.006443
1985  25  0  22  73.9 0.006397
1985  26  0  10  71.0 0.006366
1985  27  0   9  69.5 0.006459
1985  28  0   0  69.6 0.006520
1985  29  0  10  68.7 0.006551
1985  30  0   0  68.3 0.006489
1985  31  0  18  69.9 0.006474
1985  32  0  23  72.2 0.006412
1985  33  0  29  73.8 0.006397
1985  34  0  33  73.6 0.006305
1985  35  0  29  70.9 0.006366
1985  36  0  26  71.2 0.006351
1985  37  0  21  70.6 0.006443
1985  38  0   9  70.3 0.006351
1985  39  0  21  72.5 0.006351
1985  40  0  31  73.2 0.006397
1985  41  0  25  73.6 0.006412
1985  42  0  17  73.2 0.006474
1985  43  0  13  72.3 0.006412
1985  44  0  14  70.8 0.006520
1985  45  0  17  70.6 0.006520
1985  46  0  14  70.2 0.006597
1985  47  0  13  69.8 0.006505
1985  48  0  16  70.9 0.006535
1985  49  0  13  73.4 0.006489
1985  50  0  25  76.1 0.006474
1985  51  0  35  75.0 0.006474
1985  52  0  35  74.2 0.006412
1985  53  0  33  73.3 0.006351
1985  54  0  21  71.7 0.006351
1985  55  0  14  70.5 0.006459
1985  56  0  14  70.1 0.006489
1985  57  0  14  69.7 0.006397
1985  58  0  13  68.9 0.006198
1985  59  0  12  69.7 0.006228
1985  60  0  13  69.3 0.006290
1985  61  0  13  69.1 0.006397
1985  62  0   9  69.0 0.006382
1985  63  0   0  68.6 0.006366
1985  64  0   0  67.5 0.006336
1985  65  0   0  68.1 0.006259
1985  66  0   0  68.0 0.006182
1985  67  0  14  68.7 0.006290
1985  68  0  15  68.7 0.006290
1985  69  0  13  68.0 0.006397
1985  70  0  16  69.6 0.006351
1985  71  0  18  69.3 0.006412
1985  72  0  14  69.5 0.006412
1985  73  0  10  69.5 0.006366
1985  74  0   0  69.6 0.006428
1985  75  0  11  70.1 0.006290
1985  76  0  20  72.1 0.006274
1985  77  0  34  74.6 0.006320
1985  78  0  26  74.2 0.006474
1985  79  0  19  74.2 0.006535
1985  80  0   9  76.1 0.006474
1985  81  0  15  75.9 0.006428
1985  82  0  22  77.3 0.006305
1985  83  0  35  79.6 0.006366
1985  84  0  29  78.5 0.006459
1985  85  0  32  79.7 0.006597
1985  86  0  26  77.4 0.006643
1985  87  0  35  77.7 0.006581
1985  88  0  24  76.7 0.006505
1985  89  0  28  75.8 0.006443
1985  90  0  23  76.4 0.006382
1985  91  0  31  72.2 0.006443
1985  92  0  26  72.6 0.006428
1985  93  0  29  72.5 0.006443
1985  94  0  21  71.9 0.006412
1985  95  0  29  71.2 0.006428
1985  96  0  24  70.5 0.006489
1985  97  0  14  70.3 0.006443
1985  98  0  11  69.9 0.006366
1985  99  0  11  69.4 0.006198
1985 100  0   0  69.7 0.006228
1985 101  0   0  69.0 0.006244
1985 102  0   0  69.6 0.006366
1985 103  0   0  69.8 0.006474
1985 104  0  13  70.6 0.006443
1985 105  0   0  70.0 0.006428
1985 106  0   0  69.4 0.006366
1985 107  0   0  70.2 0.006459
1985 108  0  13  71.7 0.006535
1985 109  0  11  71.7 0.006597
1985 110  0  14  72.3 0.006612
1985 111  0  21  77.9 0.006581
1985 112  0  39  89.8 0.006505
1985 113  0  35  93.3 0.006505
1985 114  0  38  89.0 0.006443
1985 115  0  46  95.2 0.006443
1985 116  0  46  88.3 0.006443
1985 117  0  39  80.6 0.006551
1985 118  0  34  78.1 0.006535
1985 119  0  33  83.2 0.006474
1985 120  0  33  80.8 0.006412
1985 121  0  22  80.6 0.006397
1985 122  0  18  76.5 0.006459
1985 123  0  17  72.6 0.006505
1985 124  0  21  70.8 0.006612
1985 125  0  19  71.4 0.006581
1985 126  0  17  75.0 0.006566
1985 127  0  38  79.1 0.006520
1985 128  0  52  83.7 0.006489
1985 129  0  66  89.6 0.006474
1985 130  0  58  91.7 0.006459
1985 131  0  58  89.9 0.006581
1985 132  0  39  92.1 0.006627
1985 133  0  38  91.9 0.006673
1985 134  0  38  90.7 0.006627
1985 135  0  38  92.0 0.006627
1985 136  0  37  95.5 0.006658
1985 137  0  45  92.3 0.006735
1985 138  0  48  92.7 0.006811
1985 139  0  47  89.6 0.006719
1985 140  0  44  86.7 0.006689
1985 141  0  42  84.4 0.006781
1985 142  0  40  82.7 0.006827
1985 143  0  38  80.0 0.006781
1985 144  0  30  78.3 0.006689
1985 145  0  22  77.2 0.006658
1985 146  0  15  75.5 0.006520
1985 147  0  14  74.6 0.006366
1985 148  0  14  72.7 0.006198
1985 149  0  12  72.5 0.006167
1985 150  0   9  71.4 0.006090
1985 151  0   9  69.6 0.006152
1985 152  0  12  69.5 0.006106
1985 153  0   0  72.4 0.006090
1985 154  0  13  74.6 0.006060
1985 155  0  30  77.5 0.006213
1985 156  0  41  84.3 0.006366
1985 157  0  43  87.4 0.006474
1985 158  0  44  88.4 0.006366
1985 159  0  49  88.9 0.006459
1985 160  0  49  89.8 0.006505
1985 161  0  68  91.7 0.006673
1985 162  0  77  91.2 0.006612
1985 163  0  63  89.8 0.006581
1985 164  0  53  89.2 0.006658
1985 165  0  42  85.3 0.006673
1985 166  0  43  83.8 0.006735
1985 167  0  32  80.9 0.006735
1985 168  0  27  77.3 0.006597
1985 169  0  21  73.8 0.006428
1985 170  0  12  72.2 0.006290
1985 171  0  11  71.9 0.006535
1985 172  0  11  71.5 0.006581
1985 173  0  11  71.6 0.006597
1985 174  0  14  71.8 0.006459
1985 175  0  15  70.8 0.006428
1985 176  0  14  71.0 0.006366
1985 177  0  12  70.0 0.006182
1985 178  0   9  70.2 0.006167
1985 179  0   9  71.0 0.006213
1985 180  0  11  72.3 0.006382
1985 181  0  13  74.8 0.006412
1985 182  0  27  76.9 0.006290
1985 183  0  35  79.1 0.006259
1985 184  0  39  81.3 0.006305
1985 185  0  42  80.4 0.006505
1985 186  0  49  83.3 0.006535
1985 187  0  56  87.5 0.006474
1985 188  0  92  97.7 0.006489
1985 189  0  87  96.7 0.006551
1985 190  0 107 100.9 0.006658
1985 191  0 107 104.6 0.006704
1985 192  0  79  97.3 0.006689
1985 193  0  59  92.9 0.006627
1985 194  0  33  85.5 0.006320
1985 195  0  12  76.4 0.006198
1985 196  0  10  73.0 0.006182
1985 197  0  12  71.9 0.006382
1985 198  0  14  71.9 0.006320
1985 199  0  14  71.8 0.006382
1985 200  0  14  71.7 0.006290
1985 201  0  14  71.7 0.006382
1985 202  0  13  71.2 0.006305
1985 203  0  13  71.0 0.006244
1985 204  0  23  71.1 0.006106
1985 205  0  16  71.0 0.006106
1985 206  0  13  75.6 0.006244
1985 207  0  17  77.4 0.006397
1985 208  0  16  79.2 0.006428
1985 209  0  47  81.2 0.006366
1985 210  0  66  83.5 0.006658
1985 211  0  60  83.8 0.006765
1985 212  0  52  82.4 0.006857
1985 213  0  32  80.5 0.006673
1985 214  0  23  80.4 0.006673
1985 215  0  25  79.2 0.006689
1985 216  0  25  79.3 0.006658
1985 217  0  18  78.5 0.006643
1985 218  0  13  77.9 0.006597
1985 219  0  11  79.5 0.006673
1985 220  0  11  78.5 0.006612
1985 221  0  15  74.9 0.006520
1985 222  0  11  72.8 0.006366
1985 223  0  11  68.4 0.006228
1985 224  0  11  69.7 0.006259
1985 225  0   0  68.9 0.006198
1985 226  0   0  69.3 0.006244
1985 227  0   0  69.0 0.006290
1985 228  0  13  68.2 0.006305
1985 229  0  11  67.9 0.006305
1985 230  0  10  68.6 0.006213
1985 231  0  11  69.1 0.006167
1985 232  0   9  70.6 0.006136
1985 233  0   8  70.4 0.006182
1985 234  0   0  72.7 0.006290
1985 235  0   0  72.9 0.006305
1985 236  0   0  72.1 0.006382
1985 237  0   0  72.5 0.006382
1985 238  0   7  72.3 0.006428
1985 239  0   7  73.1 0.006489
1985 240  0   9  73.1 0.006551
1985 241  0   8  73.1 0.006566
1985 242  0   7  73.9 0.006474
1985 243  0   8  74.1 0.006428
1985 244  0   8  73.0 0.006412
1985 245  0   0  72.8 0.006520
1985 246  0   0  73.1 0.006474
1985 247  0   0  73.5 0.006489
1985 248  0   0  72.2 0.006366
1985 249  0   0  72.5 0.006366
1985 250  0   0  70.8 0.006320
1985 251  0   0  70.3 0.006320
1985 252  0   0  70.6 0.006382
1985 253  0   0  70.3 0.006382
1985 254  0   8  69.2 0.006366
1985 255  0   0  68.5 0.006274
1985 256  0  10  70.7 0.006182
1985 257  0  10  70.4 0.006244
1985 258  0  10  71.1 0.006182
1985 259  0  10  70.3 0.006213
1985 260  0   9  70.0 0.006182
1985 261  0  11  70.4 0.006259
1985 262  0  11  70.7 0.006412
1985 263  0  10  69.8 0.006397
1985 264  0   9  69.6 0.006459
1985 265  0   8  69.8 0.006320
1985 266  0   0  69.2 0.006274
1985 267  0   0  69.0 0.006198
1985 268  0   0  68.7 0.006351
1985 269  0   0  68.4 0.006443
1985 270  0   0  67.7 0.006505
1985 271  0   0  67.8 0.006489
1985 272  0   8  68.3 0.006412
1985 273  0   8  68.3 0.006443
1985 274  0   0  68.3 0.006336
1985 275  0   0  67.5 0.006351
1985 276  0   0  68.7 0.006305
1985 277  0   0  68.3 0.006366
1985 278  0   0  67.0 0.006397
1985 279  0   0  66.0 0.006443
1985 280  0   0  65.9 0.006459
1985 281  0   0  65.8 0.006412
1985 282  0   0  66.0 0.006274
1985 283  0   0  66.7 0.006167
1985 284  0   0  67.7 0.006075
1985 285  0   0  66.9 0.006075
1985 286  0  13  66.7 0.006060
1985 287  0  15  69.8 0.006090
1985 288  0  18  71.7 0.006060
1985 289  0  29  73.2 0.006182
1985 290  0  22  75.5 0.006259
1985 291  0  24  75.5 0.006443
1985 292  0  37  77.7 0.006520
1985 293  0  52  79.4 0.006551
1985 294  0  59  84.7 0.006535
1985 295  0  85  94.3 0.006489
1985 296  0  79  93.2 0.006581
1985 297  0  74  92.5 0.006643
1985 298  0  65  88.5 0.006658
1985 299  0  47  83.0 0.006597
1985 300  0  32  78.5 0.006535
1985 301  0  17  76.7 0.006443
1985 302  0  13  73.6 0.006320
1985 303  0   0  70.5 0.006290
1985 304  0   0  69.5 0.006244
1985 305  0   0  69.0 0.006198
1985 306  0   0  68.8 0.006121
1985 307  0   0  68.0 0.006090
1985 308  0   0  67.6 0.006121
1985 309  0  18  68.5 0.006136
1985 310  0  21  70.0 0.006198
1985 311  0  21  71.8 0.006228
1985 312  0  20  73.7 0.006351
1985 313  0  27  72.9 0.006228
1985 314  0  16  72.5 0.006198
1985 315  0  19  74.7 0.006090
1985 316  0  21  74.7 0.006228
1985 317  0  33  74.3 0.006351
1985 318  0  48  76.9 0.006520
1985 319  0  53  82.2 0.006443
1985 320  0  43  78.8 0.006489
1985 321  0  47  77.4 0.006397
1985 322  0  41  77.3 0.006505
1985 323  0  33  75.6 0.006459
1985 324  0  31  75.7 0.006428
1985 325  0  20  73.7 0.006397
1985 326  0  13  73.1 0.006366
1985 327  0  11  72.8 0.006259
1985 328  0   0  71.9 0.006029
1985 329  0   0  70.3 0.005814
1985 330  0   0  69.5 0.005875
1985 331  0   0  69.8 0.006029
1985 332  0   0  69.0 0.006213
1985 333  0   0  69.1 0.006228
1985 334  0   0  68.8 0.006106
1985 335  0   0  67.8 0.006044
1985 336  0  15  68.4 0.005891
1985 337  0  12  68.5 0.005968
1985 338  0   0  68.3 0.005891
1985 339  0  16  69.7 0.005952
1985 340  0  24  71.1 0.005998
1985 341  0  14  71.9 0.006152
1985 342  0  11  73.0 0.006182
1985 343  0  15  75.2 0.006259
1985 344  0  14  75.6 0.006290
1985 345  0  16  76.6 0.006290
1985 346  0  17  77.3 0.006305
1985 347  0  16  75.6 0.006382
1985 348  0  27  76.4 0.006474
1985 349  0  43  80.2 0.006535
1985 350  0  60  83.7 0.006505
1985 351  0  58  80.2 0.006489
1985 352  0  48  78.4 0.006443
1985 353  0  37  77.5 0.006382
1985 354  0  22  75.4 0.006305
1985 355  0  16  75.1 0.006167
1985 356  0  10  73.5 0.006182
1985 357  0   0  71.2 0.006198
1985 358  0   0  69.9 0.006182
1985 359  0   0  67.3 0.006060
1985 360  0   0  66.3 0.005998
1985 361  0   0  66.2 0.005952
1985 362  0   0  66.2 0.005983
1985 363  0   0  66.0 0.005983
1985 364  0   0  66.3 0.006029
1985 365  0   0  66.6 0.005998
1986   1  0   0  67.0 0.005937
1986   2  0   0  67.6 0.005937
1986   3  0   0  68.4 0.005998
1986   4  0   0  69.5 0.006075
1986   5  0   0  70.7 0.006198
1986   6  0   0  72.2 0.006198
1986   7  0   0  71.6 0.006320
1986   8  0   0  71.2 0.006305
1986   9  0   0  72.7 0.006412
1986  10  0   0  72.2 0.006443
1986  11  0   0  71.9 0.006505
1986  12  0   0  71.2 0.006459
1986  13  0  14  74.3 0.006397
1986  14  0  17  76.4 0.006336
1986  15  0  14  75.1 0.006274
1986  16  0  11  75.5 0.006182
1986  17  0   0  74.4 0.006136
1986  18  0   0  73.1 0.006090
1986  19  0   0  70.2 0.005998
1986  20  0   0  69.2 0.005937
1986  21  0   0  67.9 0.005952
1986  22  0   0  67.3 0.006014
1986  23  0   0  67.0 0.006044
1986  24  0   0  66.9 0.006075
1986  25  0   0  68.0 0.006121
1986  26  0   8  67.7 0.006152
1986  27  0   0  67.2 0.006182
1986  28  0   0  70.0 0.006090
1986  29  0   0  71.2 0.006106
1986  30  0  11  73.7 0.006106
1986  31  0  11  76.6 0.006213
1986  32  0  22  81.8 0.006351
1986  33  0  40  86.4 0.006428
1986  34  0  63  96.0 0.006566
1986  35  0  66  97.8 0.006566
1986  36  0  64  99.8 0.006735
1986  37  0  56  99.0 0.006781
1986  38  0  63  96.7 0.006811
1986  39  0  65  94.3 0.006658
1986  40  0  56  92.5 0.006673
1986  41  0  42  93.4 0.006735
1986  42  0  44  95.1 0.006704
1986  43  0  30  88.4 0.006597
1986  44  0  26  86.4 0.006459
1986  45  0  19  86.2 0.006366
1986  46  0  13  79.6 0.006213
1986  47  0   0  71.2 0.006060
1986  48  0   0  68.3 0.006044
1986  49  0   0  68.7 0.006060
1986  50  0   0  68.1 0.006029
1986  51  0  12  68.1 0.005998
1986  52  0  12  66.0 0.006060
1986  53  0  12  67.7 0.006136
1986  54  0  12  67.7 0.006152
1986  55  0  10  68.6 0.006182
1986  56  0  13  70.1 0.006274
1986  57  0  11  72.0 0.006428
1986  58  0  18  75.2 0.006489
1986  59  0  12  77.0 0.006535
1986  60  0  15  84.1 0.006551
1986  61  0  30  89.2 0.006612
1986  62  0  31  91.1 0.006719
1986  63  0  29  91.4 0.006888
1986  64  0  30  90.5 0.006980
1986  65  0  30  89.7 0.006965
1986  66  0  35  87.6 0.006888
1986  67  0  27  85.1 0.006765
1986  68  0  20  84.3 0.006673
1986  69  0  18  81.6 0.006520
1986  70  0  17  79.3 0.006428
1986  71  0  12  76.9 0.006366
1986  72  0   7  74.3 0.006320
1986  73  0   0  71.9 0.006244
1986  74  0   9  69.7 0.006136
1986  75  0   0  68.9 0.006075
1986  76  0   0  68.9 0.006075
1986  77  0   0  68.9 0.006121
1986  78  0   0  68.8 0.006167
1986  79  0  11  68.4 0.006152
1986  80  0  12  68.5 0.006106
1986  81  0   9  69.1 0.006121
1986  82  0  14  69.8 0.006090
1986  83  0  13  69.5 0.006090
1986  84  0   9  69.6 0.006044
1986  85  0   9  70.8 0.006136
1986  86  0  10  70.2 0.006259
1986  87  0  12  70.4 0.006382
1986  88  0  10  71.5 0.006489
1986  89  0  10  71.5 0.006489
1986  90  0   0  71.5 0.006566
1986  91  0  11  71.8 0.006505
1986  92  0  12  70.6 0.006551
1986  93  0  12  70.9 0.006474
1986  94  0   0  71.7 0.006489
1986  95  0   0  71.9 0.006320
1986  96  0   0  71.9 0.006259
1986  97  0   0  71.9 0.006167
1986  98  0  11  71.8 0.006228
1986  99  0   0  72.0 0.006152
1986 100  0  11  72.5 0.006244
1986 101  0  16  72.4 0.006244
1986 102  0  17  73.1 0.006305
1986 103  0  16  74.2 0.006228
1986 104  0  31  76.0 0.006274
1986 105  0  30  76.0 0.006274
1986 106  0  25  75.8 0.006382
1986 107  0  16  75.3 0.006366
1986 108  0  18  74.4 0.006397
1986 109  0  16  74.9 0.006274
1986 110  0  19  75.0 0.006259
1986 111  0  27  74.2 0.006274
1986 112  0  24  75.1 0.006382
1986 113  0  51  82.1 0.006443
1986 114  0  70  87.4 0.006474
1986 115  0  52  85.7 0.006428
1986 116  0  52  84.2 0.006366
1986 117  0  40  83.4 0.006320
1986 118  0  28  80.1 0.006351
1986 119  0  34  77.0 0.006351
1986 120  0  33  74.7 0.006351
1986 121  0  18  72.5 0.006336
1986 122  0  31  74.3 0.006366
1986 123  0  18  73.8 0.006428
1986 124  0  14  71.6 0.006320
1986 125  0  12  70.8 0.006366
1986 126  0   0  69.8 0.006336
1986 127  0   0  69.9 0.006366
1986 128  0   0  69.5 0.006259
1986 129  0   0  69.8 0.006167
1986 130  0   0  70.9 0.006106
1986 131  0   0  71.4 0.006060
1986 132  0   0  70.9 0.005983
1986 133  0   0  71.7 0.006044
1986 134  0   0  71.6 0.006090
1986 135  0  12  72.7 0.006182
1986 136  0  14  74.3 0.006182
1986 137  0  15  75.3 0.006121
1986 138  0  26  78.7 0.006121
1986 139  0  32  78.7 0.006152
1986 140  0  32  79.6 0.006290
1986 141  0  35  79.2 0.006290
1986 142  0  32  79.2 0.006305
1986 143  0  28  78.8 0.006228
1986 144  0  28  79.5 0.006274
1986 145  0  26  81.1 0.006259
1986 146  0  33  77.1 0.006274
1986 147  0  22  74.7 0.006259
1986 148  0  21  74.3 0.006198
1986 149  0  22  74.3 0.006136
1986 150  0  15  72.5 0.006075
1986 151  0  14  73.2 0.006060
1986 152  0   4  71.1 0.006029
1986 153  0   0  69.8 0.005968
1986 154  0   0  69.9 0.005968
1986 155  0   0  69.3 0.005906
1986 156  0   0  69.3 0.005891
1986 157  0   0  69.8 0.005860
1986 158  0   0  70.0 0.005968
1986 159  0   5  70.2 0.005998
1986 160  0   0  71.1 0.006044
1986 161  0   4  70.3 0.005952
1986 162  0   0  70.1 0.006029
1986 163  0   0  70.5 0.006090
1986 164  0   0  70.4 0.006136
1986 165  0   0  72.1 0.006198
1986 166  0   0  71.3 0.006228
1986 167  0   0  70.7 0.006290
1986 168  0   0  69.8 0.006182
1986 169  0   0  69.9 0.006121
1986 170  0   0  69.6 0.006060
1986 171  0   0  69.6 0.006060
1986 172  0   0  69.2 0.005998
1986 173  0   0  69.7 0.006044
1986 174  0   0  69.6 0.005998
1986 175  0   0  68.4 0.006014
1986 176  0   4  68.5 0.006090
1986 177  0   0  68.2 0.006121
1986 178  0   0  68.6 0.006029
1986 179  0   0  68.3 0.005829
1986 180  0   0  68.3 0.005768
1986 181  0   0  68.3 0.005814
1986 182  0   0  68.9 0.005860
1986 183  0   0  68.7 0.005891
1986 184  0  11  68.9 0.005998
1986 185  0  14  69.3 0.005983
1986 186  0  18  71.1 0.005937
1986 187  0  29  73.9 0.005906
1986 188  0  29  72.1 0.005906
1986 189  0  29  71.6 0.006029
1986 190  0  17  72.5 0.005998
1986 191  0  36  75.0 0.006075
1986 192  0  39  74.7 0.006152
1986 193  0  36  73.5 0.006152
1986 194  0  25  74.2 0.006290
1986 195  0  16  74.6 0.006167
1986 196  0  28  74.0 0.006366
1986 197  0  26  74.4 0.006198
1986 198  0  28  74.9 0.006290
1986 199  0  14  74.6 0.006152
1986 200  0  13  73.3 0.006213
1986 201  0  18  73.2 0.006213
1986 202  0  21  72.5 0.006136
1986 203  0  22  73.2 0.006075
1986 204  0  14  71.6 0.006014
1986 205  0   0  71.2 0.006136
1986 206  0   0  70.9 0.006152
1986 207  0   0  71.1 0.006351
1986 208  0  12  71.6 0.006244
1986 209  0  13  72.5 0.006213
1986 210  0  17  74.0 0.005998
1986 211  0  19  73.6 0.006044
1986 212  0  17  72.6 0.006029
1986 213  0  16  72.8 0.006121
1986 214  0  15  72.3 0.006029
1986 215  0  15  72.9 0.005983
1986 216  0  15  71.6 0.005891
1986 217  0  15  71.7 0.005983
1986 218  0  13  72.1 0.006029
1986 219  0  11  71.9 0.006029
1986 220  0  12  71.3 0.006014
1986 221  0  11  71.3 0.006167
1986 222  0   0  70.5 0.006213
1986 223  0   0  68.6 0.006228
1986 224  0   0  68.4 0.006152
1986 225  0   0  67.9 0.005968
1986 226  0   0  68.2 0.005952
1986 227  0   0  69.5 0.005860
1986 228  0  12  69.4 0.005937
1986 229  0  11  68.9 0.005937
1986 230  0   0  69.1 0.005998
1986 231  0   0  69.3 0.006014
1986 232  0  15  70.7 0.005952
1986 233  0  16  70.5 0.005937
1986 234  0  16  70.1 0.005922
1986 235  0  18  69.6 0.005998
1986 236  0  12  69.1 0.005998
1986 237  0  12  69.3 0.006014
1986 238  0  12  69.9 0.006044
1986 239  0  12  69.1 0.006090
1986 240  0  12  68.8 0.006152
1986 241  0  12  68.8 0.006075
1986 242  0  12  69.3 0.005952
1986 243  0  12  69.6 0.005860
1986 244  0  12  69.8 0.005922
1986 245  0  12  69.2 0.006060
1986 246  0  11  69.3 0.006121
1986 247  0  11  69.4 0.006060
1986 248  0   0  69.6 0.006060
1986 249  0  15  69.5 0.006136
1986 250  0  17  69.9 0.006182
1986 251  0  16  69.4 0.006182
1986 252  0  13  69.4 0.006213
1986 253  0  11  69.3 0.006259
1986 254  0  11  68.8 0.006259
1986 255  0   0  68.8 0.006259
1986 256  0   0  69.0 0.006244
1986 257  0   0  70.0 0.006259
1986 258  0   0  71.5 0.006274
1986 259  0   0  70.5 0.006259
1986 260  0   0  69.2 0.006274
1986 261  0   0  68.8 0.006228
1986 262  0   0  68.7 0.006274
1986 263  0   0  68.6 0.006244
1986 264  0   0  68.8 0.006213
1986 265  0   0  68.3 0.006152
1986 266  0   0  68.7 0.006136
1986 267  0   0  68.8 0.006167
1986 268  0   0  69.4 0.006259
1986 269  0   0  68.5 0.006290
1986 270  0   0  68.9 0.006228
1986 271  0   0  70.3 0.006152
1986 272  0  11  71.5 0.006152
1986 273  0  12  71.6 0.006244
1986 274  0  14  71.2 0.006290
1986 275  0  16  71.6 0.006412
1986 276  0  26  72.1 0.006382
1986 277  0  27  70.7 0.006443
1986 278  0  27  71.1 0.006320
1986 279  0  25  72.4 0.006366
1986 280  0  31  74.3 0.006336
1986 281  0  23  74.8 0.006428
1986 282  0  36  74.6 0.006520
1986 283  0  33  73.3 0.006474
1986 284  0  26  73.2 0.006397
1986 285  0  30  75.3 0.006336
1986 286  0  25  75.1 0.006320
1986 287  0   0  75.0 0.006259
1986 288  0   0  71.8 0.006136
1986 289  0  12  79.1 0.006121
1986 290  0  18  82.6 0.006152
1986 291  0  25  86.3 0.006228
1986 292  0  35  88.6 0.006290
1986 293  0  44  92.2 0.006351
1986 294  0  53  91.5 0.006382
1986 295  0  65  94.4 0.006443
1986 296  0  81  97.9 0.006566
1986 297  0  86  97.3 0.006612
1986 298  0  77  94.4 0.006673
1986 299  0  68  94.2 0.006704
1986 300  0  74  94.3 0.006827
1986 301  0  69  93.6 0.006857
1986 302  0  71  91.4 0.006827
1986 303  0  70  89.8 0.006781
1986 304  0  57  89.2 0.006811
1986 305  0  45  87.6 0.006719
1986 306  0  36  84.1 0.006597
1986 307  0  38  80.8 0.006459
1986 308  0  38  82.3 0.006520
1986 309  0  36  81.5 0.006520
1986 310  0  31  80.6 0.006535
1986 311  0  24  76.9 0.006428
1986 312  0  15  73.5 0.006412
1986 313  0  10  71.9 0.006259
1986 314  0   9  70.4 0.006167
1986 315  0   9  69.9 0.006228
1986 316  0   0  71.4 0.006274
1986 317  0  14  76.0 0.006366
1986 318  0  12  74.1 0.006382
1986 319  0  12  75.1 0.006443
1986 320  0  12  75.0 0.006489
1986 321  0  12  73.8 0.006489
1986 322  0  12  73.0 0.006520
1986 323  0  12  72.5 0.006505
1986 324  0  12  72.5 0.006551
1986 325  0  11  74.1 0.006535
1986 326  0  10  74.5 0.006551
1986 327  0  18  75.8 0.006581
1986 328  0  12  77.0 0.006597
1986 329  0   0  75.5 0.006597
1986 330  0   0  74.3 0.006520
1986 331  0  13  73.6 0.006489
1986 332  0   0  73.1 0.006489
1986 333  0   8  72.4 0.006459
1986 334  0   0  70.9 0.006428
1986 335  0   0  70.7 0.006397
1986 336  0   0  70.6 0.006382
1986 337  0   0  70.2 0.006336
1986 338  0   0  69.2 0.006305
1986 339  0   0  70.0 0.006228
1986 340  0   0  69.1 0.006213
1986 341  0   0  68.2 0.006274
1986 342  0   0  69.1 0.006351
1986 343  0  10  70.8 0.006366
1986 344  0  17  72.3 0.006259
1986 345  0  20  73.0 0.006290
1986 346  0  19  71.1 0.006259
1986 347  0  20  71.5 0.006305
1986 348  0  11  71.4 0.006305
1986 349  0   0  70.9 0.006336
1986 350  0   9  70.8 0.006366
1986 351  0   8  71.7 0.006428
1986 352  0   0  71.4 0.006505
1986 353  0   0  71.0 0.006505
1986 354  0   0  70.4 0.006459
1986 355  0   9  70.6 0.006382
1986 356  0  14  71.4 0.006366
1986 357  0  14  70.8 0.006351
1986 358  0  11  70.0 0.006366
1986 359  0   8  70.0 0.006382
1986 360  0   0  69.7 0.006351
1986 361  0   0  69.4 0.006290
1986 362  0   0  69.2 0.006198
1986 363  0   0  69.2 0.006182
1986 364  0   0  69.6 0.006121
1986 365  0   9  68.1 0.006152
1987   1  0  18  71.6 0.006167
1987   2  0  14  70.5 0.006167
1987   3  0  12  69.1 0.006090
1987   4  0  11  69.0 0.006060
1987   5  0  10  70.3 0.006106
1987   6  0  10  69.3 0.006121
1987   7  0  10  69.7 0.006106
1987   8  0   0  68.2 0.006075
1987   9  0   0  68.0 0.006090
1987  10  0   0  67.4 0.006121
1987  11  0   0  68.0 0.006152
1987  12  0   0  68.9 0.006121
1987  13  0   0  69.7 0.006167
1987  14  0   8  71.1 0.006152
1987  15  0   9  71.5 0.006259
1987  16  0   0  70.7 0.006290
1987  17  0  12  70.8 0.006290
1987  18  0  12  70.6 0.006336
1987  19  0   9  70.0 0.006366
1987  20  0   9  68.9 0.006412
1987  21  0  13  71.2 0.006489
1987  22  0  19  73.6 0.006459
1987  23  0  22  72.1 0.006459
1987  24  0  13  71.6 0.006351
1987  25  0  12  71.5 0.006320
1987  26  0  13  72.6 0.006259
1987  27  0  12  69.9 0.006213
1987  28  0  19  70.8 0.006228
1987  29  0  14  70.6 0.006244
1987  30  0  13  69.8 0.006244
1987  31  0  10  68.7 0.006198
1987  32  0   0  69.2 0.006182
1987  33  0   0  69.8 0.006167
1987  34  0   0  70.0 0.006213
1987  35  0   0  68.3 0.006182
1987  36  0   0  67.5 0.006152
1987  37  0   0  67.7 0.006075
1987  38  0   0  69.1 0.006044
1987  39  0   0  68.9 0.006090
1987  40  0   0  69.2 0.006152
1987  41  0  10  69.3 0.006198
1987  42  0   0  68.5 0.006244
1987  43  0   0  67.8 0.006244
1987  44  0   0  68.0 0.006274
1987  45  0  11  68.3 0.006274
1987  46  0  10  69.3 0.006259
1987  47  0   0  68.4 0.006228
1987  48  0   0  68.1 0.006213
1987  49  0   0  69.8 0.006274
1987  50  0   0  69.5 0.006274
1987  51  0   0  69.6 0.006274
1987  52  0  10  70.7 0.006228
1987  53  0  10  70.4 0.006259
1987  54  0   0  70.5 0.006290
1987  55  0   0  72.1 0.006259
1987  56  0  10  73.5 0.006228
1987  57  0  12  73.9 0.006167
1987  58  0  11  74.0 0.006213
1987  59  0  11  72.7 0.006228
1987  60  0  15  72.8 0.006228
1987  61  0  27  73.3 0.006228
1987  62  0  18  71.6 0.006244
1987  63  0  19  73.3 0.006213
1987  64  0  28  73.7 0.006167
1987  65  0  27  75.6 0.006136
1987  66  0  28  75.5 0.006182
1987  67  0  26  76.9 0.006244
1987  68  0  17  73.6 0.006228
1987  69  0  13  71.4 0.006167
1987  70  0  11  70.5 0.006090
1987  71  0   0  69.5 0.006044
1987  72  0   0  69.6 0.006106
1987  73  0  12  71.1 0.006090
1987  74  0  13  70.5 0.006121
1987  75  0  13  71.0 0.006044
1987  76  0  26  71.2 0.006106
1987  77  0  25  72.5 0.006090
1987  78  0  14  71.5 0.006121
1987  79  0  14  73.8 0.006167
1987  80  0  18  74.2 0.006198
1987  81  0  20  73.8 0.006274
1987  82  0  22  75.5 0.006259
1987  83  0  22  75.9 0.006259
1987  84  0  19  75.7 0.006244
1987  85  0  14  75.6 0.006274
1987  86  0  13  75.4 0.006259
1987  87  0  14  75.0 0.006213
1987  88  0  15  75.3 0.006121
1987  89  0  18  74.6 0.006060
1987  90  0  18  71.9 0.006014
1987  91  0  16  72.5 0.006014
1987  92  0  14  71.9 0.006106
1987  93  0  12  72.4 0.006167
1987  94  0  15  74.0 0.006182
1987  95  0  32  77.6 0.006198
1987  96  0  55  89.4 0.006198
1987  97  0  65  94.4 0.006213
1987  98  0  74  94.8 0.006259
1987  99  0  80 100.5 0.006366
1987 100  0  89 100.0 0.006474
1987 101  0  93 101.3 0.006489
1987 102  0  93  98.6 0.006551
1987 103  0  92  99.3 0.006581
1987 104  0  89  97.7 0.006643
1987 105  0  91  97.8 0.006673
1987 106  0  70  95.3 0.006704
1987 107  0  48  97.3 0.006673
1987 108  0  42  94.0 0.006612
1987 109  0  34  91.7 0.006520
1987 110  0  14  85.6 0.006382
1987 111  0  22  78.3 0.006320
1987 112  0  30  76.5 0.006320
1987 113  0  29  76.5 0.006382
1987 114  0  41  78.6 0.006366
1987 115  0  29  75.8 0.006274
1987 116  0  24  74.3 0.006228
1987 117  0  13  74.8 0.006213
1987 118  0  16  74.3 0.006182
1987 119  0  23  73.6 0.006182
1987 120  0  35  76.8 0.006106
1987 121  0  46  79.3 0.006106
1987 122  0  47  80.2 0.006106
1987 123  0  32  82.8 0.006090
1987 124  0  27  84.4 0.006228
1987 125  0  28  86.1 0.006259
1987 126  0  32  87.9 0.006397
1987 127  0  40  88.1 0.006489
1987 128  0  30  89.1 0.006474
1987 129  0  27  87.3 0.006474
1987 130  0  30  89.5 0.006474
1987 131  0  31  86.4 0.006520
1987 132  0  27  85.4 0.006520
1987 133  0  26  87.4 0.006428
1987 134  0  15  91.2 0.006428
1987 135  0  46  93.6 0.006397
1987 136  0  59  98.2 0.006336
1987 137  0  81  96.7 0.006274
1987 138  0  64  98.5 0.006213
1987 139  0  77 100.1 0.006213
1987 140  0  55  99.8 0.006213
1987 141  0  49  99.9 0.006228
1987 142  0  45 101.0 0.006213
1987 143  0  47  94.9 0.006274
1987 144  0  45  98.5 0.006305
1987 145  0  44  96.8 0.006428
1987 146  0  44  92.3 0.006397
1987 147  0  42  87.5 0.006351
1987 148  0  25  85.1 0.006259
1987 149  0  20  79.3 0.006121
1987 150  0  18  77.9 0.006060
1987 151  0  14  77.3 0.005937
1987 152  0  16  77.8 0.005998
1987 153  0  12  77.9 0.006136
1987 154  0   0  76.4 0.006274
1987 155  0   0  77.3 0.006336
1987 156  0  11  76.1 0.006290
1987 157  0   0  75.8 0.006244
1987 158  0   0  76.0 0.006351
1987 159  0   0  77.0 0.006351
1987 160  0   0  76.8 0.006336
1987 161  0   0  78.1 0.006290
1987 162  0  12  80.7 0.006244
1987 163  0  23  82.1 0.006167
1987 164  0  15  82.3 0.006090
1987 165  0  11  80.6 0.006075
1987 166  0  12  80.4 0.006106
1987 167  0  13  81.3 0.006136
1987 168  0  15  81.8 0.006259
1987 169  0  26  82.9 0.006320
1987 170  0  14  82.4 0.006305
1987 171  0  24  81.1 0.006198
1987 172  0  31  82.6 0.006228
1987 173  0  41  87.1 0.006213
1987 174  0  40  87.5 0.006259
1987 175  0  41  89.1 0.006198
1987 176  0  41  86.3 0.006244
1987 177  0  44  84.3 0.006136
1987 178  0  35  78.9 0.006213
1987 179  0  44  79.2 0.006198
1987 180  0  27  76.6 0.006274
1987 181  0  15  75.9 0.006213
1987 182  0  15  76.0 0.006274
1987 183  0   0  74.4 0.006336
1987 184  0   0  73.7 0.006412
1987 185  0   0  73.2 0.006428
1987 186  0   0  73.4 0.006382
1987 187  0   0  73.3 0.006397
1987 188  0  10  74.1 0.006305
1987 189  0  14  76.1 0.006274
1987 190  0  15  76.3 0.006182
1987 191  0  13  76.3 0.006228
1987 192  0   0  75.7 0.006274
1987 193  0   0  75.5 0.006320
1987 194  0   0  75.1 0.006259
1987 195  0   0  76.6 0.006259
1987 196  0  15  78.8 0.006290
1987 197  0  20  80.9 0.006274
1987 198  0  16  81.5 0.006366
1987 199  0  20  82.5 0.006459
1987 200  0  27  85.1 0.006597
1987 201  0  44  93.8 0.006612
1987 202  0  77  95.6 0.006689
1987 203  0 101 102.6 0.006811
1987 204  0 118 115.6 0.006842
1987 205  0 106 115.0 0.006781
1987 206  0 102 114.9 0.006750
1987 207  0  98 109.8 0.006765
1987 208  0  89 105.4 0.006719
1987 209  0  69 102.5 0.006704
1987 210  0  69  97.3 0.006673
1987 211  0  72  94.0 0.006689
1987 212  0  73  91.9 0.006566
1987 213  0  56  91.0 0.006489
1987 214  0  58  89.7 0.006366
1987 215  0  48  87.1 0.006397
1987 216  0  41  84.0 0.006320
1987 217  0  38  81.6 0.006305
1987 218  0  40  85.2 0.006274
1987 219  0  47  89.5 0.006305
1987 220  0  56  93.8 0.006336
1987 221  0  48  94.8 0.006320
1987 222  0  58  94.0 0.006412
1987 223  0  69  99.8 0.006459
1987 224  0  60 100.0 0.006566
1987 225  0  58 101.8 0.006581
1987 226  0  61 102.4 0.006643
1987 227  0  61 101.3 0.006689
1987 228  0  68 102.7 0.006735
1987 229  0  57 101.2 0.006796
1987 230  0  53 100.4 0.006857
1987 231  0  56  99.0 0.006950
1987 232  0  63 101.2 0.006980
1987 233  0  60  96.6 0.006950
1987 234  0  42  94.4 0.006842
1987 235  0  48  91.8 0.006765
1987 236  0  43  89.6 0.006719
1987 237  0  43  89.9 0.006781
1987 238  0  42  87.3 0.006719
1987 239  0  30  85.1 0.006704
1987 240  0  29  81.3 0.006566
1987 241  0  16  79.9 0.006612
1987 242  0  12  78.5 0.006597
1987 243  0  25  83.2 0.006627
1987 244  0  41  85.3 0.006581
1987 245  0  47  85.5 0.006551
1987 246  0  46  87.5 0.006581
1987 247  0  47  89.6 0.006597
1987 248  0  49  93.5 0.006612
1987 249  0  55  95.6 0.006597
1987 250  0  70  99.5 0.006597
1987 251  0  83 101.9 0.006551
1987 252  0  80 100.9 0.006566
1987 253  0  73  97.8 0.006597
1987 254  0  72  95.4 0.006673
1987 255  0  55  91.1 0.006750
1987 256  0  31  89.7 0.006796
1987 257  0  25  86.8 0.006903
1987 258  0  26  85.0 0.006919
1987 259  0  30  83.5 0.006903
1987 260  0  31  84.0 0.006811
1987 261  0  37  82.4 0.006811
1987 262  0  44  82.7 0.006873
1987 263  0  47  84.9 0.006857
1987 264  0  40  83.0 0.006750
1987 265  0  29  81.3 0.006612
1987 266  0  32  80.4 0.006597
1987 267  0  31  80.3 0.006551
1987 268  0  15  77.9 0.006551
1987 269  0  15  76.4 0.006459
1987 270  0  24  80.2 0.006443
1987 271  0  27  82.3 0.006382
1987 272  0  32  83.5 0.006428
1987 273  0  32  81.9 0.006428
1987 274  0  36  84.2 0.006474
1987 275  0  26  84.8 0.006489
1987 276  0  32  85.6 0.006520
1987 277  0  61  89.2 0.006535
1987 278  0  56  90.1 0.006535
1987 279  0  50  89.5 0.006597
1987 280  0  41  90.9 0.006627
1987 281  0  57  95.0 0.006673
1987 282  0  52  92.7 0.006689
1987 283  0  53 101.1 0.006781
1987 284  0  66 100.8 0.006811
1987 285  0  55 102.2 0.006857
1987 286  0  77 105.5 0.006903
1987 287  0  96 113.3 0.007011
1987 288  0 106 117.8 0.007134
1987 289  0 106 111.1 0.007118
1987 290  0  95 106.0 0.007072
1987 291  0  90 106.5 0.006888
1987 292  0  86 100.4 0.006765
1987 293  0  83  95.6 0.006627
1987 294  0  64  89.3 0.006581
1987 295  0  52  88.2 0.006535
1987 296  0  34  87.0 0.006443
1987 297  0  23  87.1 0.006351
1987 298  0  30  92.3 0.006366
1987 299  0  42  96.9 0.006551
1987 300  0  73 105.9 0.006627
1987 301  0  83 106.2 0.006643
1987 302  0  86 102.7 0.006551
1987 303  0  89 104.2 0.006581
1987 304  0  65  97.8 0.006612
1987 305  0  69  99.1 0.006689
1987 306  0  70 105.0 0.006796
1987 307  0  70  98.0 0.006857
1987 308  0  56 101.1 0.006888
1987 309  0  58  99.2 0.006765
1987 310  0  33  94.9 0.006796
1987 311  0  38  94.4 0.006827
1987 312  0  53  92.7 0.006888
1987 313  0  51  90.3 0.006873
1987 314  0  37  89.2 0.006827
1987 315  0  34  92.6 0.006811
1987 316  0  31  92.6 0.006796
1987 317  0  22  92.9 0.006796
1987 318  0  28  92.3 0.006796
1987 319  0  27  93.7 0.006750
1987 320  0  40  95.0 0.006735
1987 321  0  56  96.8 0.006704
1987 322  0  59 100.0 0.006765
1987 323  0  62 106.6 0.006827
1987 324  0  60 112.2 0.006842
1987 325  0  62 115.3 0.006827
1987 326  0  86 117.8 0.006827
1987 327  0 102 115.1 0.006934
1987 328  0  69 109.4 0.006919
1987 329  0  51 104.9 0.006965
1987 330  0  58 101.3 0.006934
1987 331  0  26  94.9 0.006888
1987 332  0  13  92.3 0.006827
1987 333  0  24  90.7 0.006796
1987 334  0  20  89.1 0.006827
1987 335  0  18  87.6 0.006811
1987 336  0  17  86.5 0.006750
1987 337  0  17  85.8 0.006719
1987 338  0  16  85.1 0.006658
1987 339  0  20  86.8 0.006658
1987 340  0  26  85.7 0.006643
1987 341  0  37  85.3 0.006673
1987 342  0  39  88.7 0.006643
1987 343  0  44  91.2 0.006673
1987 344  0  37  90.1 0.006643
1987 345  0  24  91.1 0.006627
1987 346  0  14  91.5 0.006566
1987 347  0  22  91.1 0.006581
1987 348  0  28  91.5 0.006643
1987 349  0  45  92.0 0.006750
1987 350  0  43  93.4 0.006827
1987 351  0  42  92.2 0.006842
1987 352  0  42  90.2 0.006827
1987 353  0  30  88.4 0.006827
1987 354  0  28  86.9 0.006811
1987 355  0  15  90.7 0.006796
1987 356  0  26  88.1 0.006735
1987 357  0  18  88.2 0.006719
1987 358  0  14  89.9 0.006704
1987 359  0  27  96.2 0.006689
1987 360  0  29  96.8 0.006689
1987 361  0  31 101.4 0.006689
1987 362  0  30 102.5 0.006673
1987 363  0  32 101.4 0.006719
1987 364  0  45  99.2 0.006750
1987 365  0  46  99.7 0.006796
1988   1  0  56 100.1 0.006750
1988   2  0  37  93.7 0.006811
1988   3  0  30 101.2 0.006827
1988   4  0  27  98.2 0.006827
1988   5  0  38  99.5 0.006781
1988   6  0  48 101.7 0.006796
1988   7  0  69 102.1 0.006827
1988   8  0  68 105.6 0.006827
1988   9  0  74 100.6 0.006765
1988  10  0  81 100.9 0.006689
1988  11  0  90 101.7 0.006704
1988  12  0  80 107.5 0.006750
1988  13  0  91 108.1 0.006857
1988  14  0 109 113.7 0.006857
1988  15  0 108 112.4 0.006857
1988  16  0  99 121.8 0.006919
1988  17  0  86 116.4 0.006980
1988  18  0  81 110.9 0.007042
1988  19  0  87 114.2 0.007011
1988  20  0 102 112.7 0.006980
1988  21  0  93 111.6 0.006888
1988  22  0  79 104.5 0.006811
1988  23  0  56 104.7 0.006765
1988  24  0  53 102.2 0.006796
1988  25  0  39  94.9 0.006750
1988  26  0  53  93.5 0.006719
1988  27  0  65 101.6 0.006627
1988  28  0  80 103.0 0.006643
1988  29  0  71  99.1 0.006643
1988  30  0  67 100.1 0.006719
1988  31  0  68 103.1 0.006796
1988  32  0  72 105.5 0.006857
1988  33  0  77 104.3 0.006950
1988  34  0  77 103.6 0.007042
1988  35  0  84 103.1 0.007103
1988  36  0  66 102.6 0.007103
1988  37  0  49 103.6 0.007042
1988  38  0  50 105.3 0.006996
1988  39  0  52 102.5 0.006919
1988  40  0  57 101.0 0.006873
1988  41  0  43 100.2 0.006811
1988  42  0  30  99.6 0.006796
1988  43  0  16 101.3 0.006796
1988  44  0  26 102.9 0.006781
1988  45  0  32 102.6 0.006827
1988  46  0  37 100.4 0.006827
1988  47  0  48 101.0 0.006842
1988  48  0  40 106.2 0.006857
1988  49  0  62 112.5 0.006888
1988  50  0  75 109.0 0.006980
1988  51  0  58 106.5 0.006980
1988  52  0  31 104.7 0.006965
1988  53  0  17 102.5 0.006888
1988  54  0  15 100.2 0.006796
1988  55  0  26  99.6 0.006704
1988  56  0  22  96.4 0.006597
1988  57  0  17  96.7 0.006551
1988  58  0  35  96.3 0.006597
1988  59  0  45  97.1 0.006658
1988  60  0  59 103.3 0.006735
1988  61  0  81  99.8 0.006735
1988  62  0  79  99.1 0.006765
1988  63  0  86 101.9 0.006796
1988  64  0  92 102.6 0.006857
1988  65  0  77 106.7 0.006842
1988  66  0  73 107.6 0.006796
1988  67  0  78 107.3 0.006765
1988  68  0  80 104.1 0.006750
1988  69  0  59 101.5 0.006704
1988  70  0  43  99.2 0.006643
1988  71  0  24 102.9 0.006612
1988  72  0  47 103.5 0.006643
1988  73  0  63 107.8 0.006689
1988  74  0  74 108.9 0.006765
1988  75  0  75 112.6 0.006827
1988  76  0  89 114.1 0.006950
1988  77  0 118 117.4 0.007011
1988  78  0 114 116.1 0.007011
1988  79  0 126 116.1 0.006965
1988  80  0 102 116.3 0.006919
1988  81  0  97 117.5 0.006873
1988  82  0  91 117.6 0.006811
1988  83  0  89 120.9 0.006765
1988  84  0  99 123.0 0.006750
1988  85  0 110 128.5 0.006796
1988  86  0 111 127.5 0.006827
1988  87  0 123 128.0 0.006903
1988  88  0 130 129.8 0.006965
1988  89  0 124 131.7 0.007042
1988  90  0 129 128.3 0.007057
1988  91  0 144 130.6 0.007118
1988  92  0 136 127.2 0.007088
1988  93  0 119 126.5 0.007042
1988  94  0 116 127.6 0.006950
1988  95  0  91 122.6 0.006857
1988  96  0  82 114.6 0.006811
1988  97  0  77 116.8 0.006765
1988  98  0 104 120.0 0.006765
1988  99  0 114 121.8 0.006903
1988 100  0 142 121.8 0.007057
1988 101  0 132 127.2 0.007210
1988 102  0 142 128.0 0.007195
1988 103  0 146 130.6 0.007241
1988 104  0 148 134.6 0.007318
1988 105  0 171 146.3 0.007379
1988 106  0 179 143.5 0.007394
1988 107  0 194 147.6 0.007379
1988 108  0 178 145.5 0.007379
1988 109  0 169 145.3 0.007348
1988 110  0 133 138.5 0.007272
1988 111  0 109 134.9 0.007149
1988 112  0  98 127.6 0.007057
1988 113  0  89 120.1 0.006965
1988 114  0  53 111.5 0.006950
1988 115  0  37 105.6 0.006888
1988 116  0  49 106.7 0.006934
1988 117  0  54 103.8 0.006888
1988 118  0  44 101.9 0.006873
1988 119  0  51 101.6 0.006827
1988 120  0  48 102.1 0.006796
1988 121  0  58 104.8 0.006781
1988 122  0  85 108.8 0.006781
1988 123  0 104 113.1 0.006765
1988 124  0  94 116.4 0.006765
1988 125  0 125 127.4 0.006735
1988 126  0 127 121.1 0.006811
1988 127  0  95 116.5 0.006919
1988 128  0  62 112.9 0.007118
1988 129  0  78 116.7 0.007164
1988 130  0  91 121.9 0.007195
1988 131  0 107 116.4 0.007195
1988 132  0  80 114.6 0.007241
1988 133  0  69 111.6 0.007226
1988 134  0  54 105.9 0.007088
1988 135  0  46 105.2 0.007026
1988 136  0  54 103.4 0.006950
1988 137  0  65 103.3 0.006934
1988 138  0  70 103.7 0.006873
1988 139  0  54 106.7 0.006811
1988 140  0  25 104.8 0.006842
1988 141  0  25 106.1 0.006857
1988 142  0  31 112.6 0.006903
1988 143  0  37 114.0 0.006950
1988 144  0  49 122.2 0.007103
1988 145  0  59 119.8 0.007210
1988 146  0  67 123.8 0.007287
1988 147  0  78 127.8 0.007226
1988 148  0  82 130.0 0.007256
1988 149  0  86 130.1 0.007287
1988 150  0  91 140.2 0.007364
1988 151  0 103 142.8 0.007333
1988 152  0 106 153.6 0.007318
1988 153  0 116 149.3 0.007318
1988 154  0 117 147.6 0.007425
1988 155  0 122 149.5 0.007533
1988 156  0 128 150.9 0.007655
1988 157  0 153 151.2 0.007717
1988 158  0 177 159.0 0.007778
1988 159  0 172 164.6 0.007793
1988 160  0 184 168.3 0.007793
1988 161  0 211 165.9 0.007717
1988 162  0 176 149.8 0.007655
1988 163  0 132 137.8 0.007579
1988 164  0  94 125.9 0.007471
1988 165  0  57 115.0 0.007302
1988 166  0  65 111.7 0.007103
1988 167  0  79 113.5 0.006996
1988 168  0  99 121.7 0.006996
1988 169  0  93 124.8 0.007026
1988 170  0  82 125.7 0.007118
1988 171  0  85 119.4 0.007149
1988 172  0  94 118.5 0.007180
1988 173  0 116 122.8 0.007195
1988 174  0 112 124.4 0.007180
1988 175  0 111 129.3 0.007241
1988 176  0 114 135.7 0.007241
1988 177  0 135 153.7 0.007364
1988 178  0 131 157.6 0.007348
1988 179  0 135 160.5 0.007440
1988 180  0 142 183.2 0.007533
1988 181  0 148 189.5 0.007717
1988 182  0 148 187.4 0.007870
1988 183  0 160 194.4 0.007947
1988 184  0 167 198.9 0.007931
1988 185  0 164 190.2 0.007901
1988 186  0 149 181.0 0.007793
1988 187  0 137 171.2 0.007671
1988 188  0 125 156.7 0.007609
1988 189  0 119 152.4 0.007502
1988 190  0 122 142.4 0.007364
1988 191  0  95 137.7 0.007134
1988 192  0  90 138.3 0.006980
1988 193  0 118 137.7 0.006811
1988 194  0 126 137.9 0.006811
1988 195  0 119 141.3 0.006873
1988 196  0 140 150.1 0.007118
1988 197  0 140 150.7 0.007149
1988 198  0 128 153.3 0.007195
1988 199  0 143 152.8 0.007210
1988 200  0 157 152.3 0.007333
1988 201  0 121 142.1 0.007256
1988 202  0 122 141.3 0.007210
1988 203  0 119 145.8 0.007118
1988 204  0 122 141.2 0.007180
1988 205  0 134 144.6 0.007256
1988 206  0  93 138.6 0.007287
1988 207  0  88 140.9 0.007394
1988 208  0  88 149.7 0.007425
1988 209  0 117 161.5 0.007287
1988 210  0 135 175.4 0.007425
1988 211  0 181 185.9 0.007517
1988 212  0 186 188.3 0.007885
1988 213  0 168 192.5 0.007916
1988 214  0 177 180.9 0.007885
1988 215  0 179 187.6 0.007732
1988 216  0 182 172.2 0.007563
1988 217  0 169 163.6 0.007456
1988 218  0 150 159.2 0.007364
1988 219  0 154 163.4 0.007287
1988 220  0 180 170.4 0.007318
1988 221  0 200 186.9 0.007348
1988 222  0 214 182.4 0.007502
1988 223  0 190 181.8 0.007548
1988 224  0 169 178.2 0.007563
1988 225  0 166 161.2 0.007348
1988 226  0 152 159.7 0.007348
1988 227  0 160 151.6 0.007394
1988 228  0 151 144.0 0.007594
1988 229  0 114 137.8 0.007594
1988 230  0  84 145.6 0.007563
1988 231  0  59 128.5 0.007594
1988 232  0  71 123.9 0.007640
1988 233  0  71 118.1 0.007763
1988 234  0  50 116.1 0.007793
1988 235  0  26 114.9 0.007809
1988 236  0  32 121.7 0.007824
1988 237  0  54 133.7 0.007977
1988 238  0  95 144.3 0.008100
1988 239  0 116 157.1 0.008238
1988 240  0 177 166.8 0.008361
1988 241  0 182 174.0 0.008438
1988 242  0 205 189.0 0.008392
1988 243  0 204 190.0 0.008330
1988 244  0 189 194.5 0.008269
1988 245  0 163 191.3 0.008300
1988 246  0 171 178.9 0.008223
1988 247  0 153 177.3 0.008223
1988 248  0 176 165.9 0.008192
1988 249  0 152 166.3 0.008177
1988 250  0 110 152.4 0.008100
1988 251  0 115 145.4 0.008008
1988 252  0 105 138.9 0.007901
1988 253  0  88 128.0 0.007732
1988 254  0  90 117.6 0.007732
1988 255  0  96 121.9 0.007809
1988 256  0 105 127.0 0.008085
1988 257  0 108 124.8 0.008315
1988 258  0 112 130.2 0.008484
1988 259  0 106 126.1 0.008192
1988 260  0 106 128.5 0.007839
1988 261  0  94 135.3 0.007609
1988 262  0 115 139.5 0.007747
1988 263  0 134 138.6 0.007793
1988 264  0 182 151.4 0.008008
1988 265  0 200 157.8 0.008392
1988 266  0 200 178.6 0.008699
1988 267  0 226 177.8 0.009036
1988 268  0 204 178.6 0.008990
1988 269  0 177 177.4 0.009005
1988 270  0 179 172.0 0.008929
1988 271  0 187 179.6 0.008913
1988 272  0 170 171.0 0.008913
1988 273  0 132 172.0 0.008699
1988 274  0 126 173.1 0.008561
1988 275  0 136 179.4 0.008468
1988 276  0 146 197.0 0.008453
1988 277  0 161 200.4 0.008422
1988 278  0 160 189.2 0.008453
1988 279  0 163 191.0 0.008330
1988 280  0 154 193.4 0.008269
1988 281  0 160 182.4 0.008192
1988 282  0 164 172.6 0.008238
1988 283  0 156 176.5 0.008254
1988 284  0 183 177.8 0.008254
1988 285  0 185 168.2 0.008300
1988 286  0 211 148.4 0.008315
1988 287  0 188 157.5 0.008269
1988 288  0 164 150.4 0.008162
1988 289  0 136 149.1 0.008085
1988 290  0 135 152.3 0.007977
1988 291  0 156 175.0 0.007993
1988 292  0 168 162.3 0.008024
1988 293  0 166 164.0 0.008162
1988 294  0 149 166.0 0.008254
1988 295  0 146 165.9 0.008315
1988 296  0 136 166.2 0.008346
1988 297  0 130 171.1 0.008376
1988 298  0 151 168.4 0.008330
1988 299  0 155 162.1 0.008284
1988 300  0 149 155.4 0.008284
1988 301  0 150 161.8 0.008376
1988 302  0 149 156.0 0.008438
1988 303  0 160 155.9 0.008407
1988 304  0 144 154.2 0.008361
1988 305  0 139 160.4 0.008392
1988 306  0 158 157.2 0.008422
1988 307  0 143 156.5 0.008484
1988 308  0 152 164.0 0.008407
1988 309  0 130 159.7 0.008392
1988 310  0 162 163.8 0.008376
1988 311  0 155 161.2 0.008422
1988 312  0 143 151.6 0.008361
1988 313  0 119 143.5 0.008254
1988 314  0 138 152.4 0.008208
1988 315  0 164 147.7 0.008162
1988 316  0 194 153.8 0.008238
1988 317  0 199 150.6 0.008300
1988 318  0 184 157.8 0.008361
1988 319  0 174 173.2 0.008330
1988 320  0 195 161.1 0.008422
1988 321  0 227 186.1 0.008499
1988 322  0 246 175.6 0.008561
1988 323  0 219 161.8 0.008468
1988 324  0 184 151.2 0.008361
1988 325  0 140 146.6 0.008315
1988 326  0 182 152.9 0.008254
1988 327  0 164 153.1 0.008208
1988 328  0 147 135.7 0.008100
1988 329  0 145 138.0 0.008008
1988 330  0 112 137.5 0.007977
1988 331  0  91 137.4 0.008008
1988 332  0  86 140.9 0.008054
1988 333  0 108 138.8 0.008070
1988 334  0 108 137.6 0.008146
1988 335  0 134 135.8 0.008254
1988 336  0 165 150.5 0.008376
1988 337  0 147 149.4 0.008468
1988 338  0 179 147.3 0.008407
1988 339  0 157 142.7 0.008284
1988 340  0 192 154.6 0.008223
1988 341  0 192 157.7 0.008315
1988 342  0 186 152.9 0.008392
1988 343  0 143 164.1 0.008545
1988 344  0 157 165.2 0.008576
1988 345  0 172 161.2 0.008714
1988 346  0 196 176.4 0.008806
1988 347  0 226 173.9 0.009005
1988 348  0 241 181.1 0.009128
1988 349  0 275 204.4 0.009190
1988 350  0 290 212.0 0.009159
1988 351  0 292 232.1 0.009297
1988 352  0 299 241.7 0.009205
1988 353  0 287 243.5 0.009128
1988 354  0 288 240.2 0.008959
1988 355  0 281 238.8 0.008929
1988 356  0 271 245.2 0.008929
1988 357  0 329 246.6 0.008913
1988 358  0 303 234.8 0.008806
1988 359  0 257 221.6 0.008683
1988 360  0 236 210.5 0.008453
1988 361  0 225 193.0 0.008346
1988 362  0 226 201.9 0.008346
1988 363  0 253 201.6 0.008484
1988 364  0 250 196.7 0.008514
1988 365  0 230 179.5 0.008622
1988 366  0 222 177.6 0.008514
1989   1  0 193 179.5 0.008453
1989   2  0 225 193.7 0.008269
1989   3  0 190 189.2 0.008223
1989   4  0 156 195.7 0.008284
1989   5  0 202 201.6 0.008346
1989   6  0 185 198.7 0.008530
1989   7  0 215 239.5 0.008806
1989   8  0 202 260.2 0.009297
1989   9  0 215 251.3 0.009681
1989  10  0 248 250.0 0.010018
1989  11  0 275 254.7 0.010110
1989  12  0 298 263.2 0.010095
1989  13  0 268 291.7 0.010003
1989  14  0 246 274.9 0.009788
1989  15  0 231 280.1 0.009558
1989  16  0 214 292.1 0.009266
1989  17  0 202 266.7 0.009036
1989  18  0 208 271.2 0.008821
1989  19  0 182 241.6 0.008683
1989  20  0 164 222.0 0.008530
1989  21  0 149 198.2 0.008484
1989  22  0 215 203.6 0.008453
1989  23  0 223 205.6 0.008591
1989  24  0 185 211.0 0.008760
1989  25  0 188 227.3 0.008821
1989  26  0 198 206.3 0.008745
1989  27  0 205 211.1 0.008607
1989  28  0 224 207.1 0.008484
1989  29  0 220 200.5 0.008315
1989  30  0 205 187.3 0.008238
1989  31  0 182 187.5 0.008162
1989  32  0 178 184.8 0.008116
1989  33  0 182 171.2 0.008024
1989  34  0 207 185.8 0.008039
1989  35  0 168 183.4 0.008116
1989  36  0 161 195.1 0.008300
1989  37  0 161 205.3 0.008530
1989  38  0 167 210.5 0.008821
1989  39  0 204 243.9 0.009082
1989  40  0 217 259.3 0.009205
1989  41  0 243 269.8 0.009282
1989  42  0 240 257.0 0.009297
1989  43  0 273 257.3 0.009343
1989  44  0 277 258.4 0.009236
1989  45  0 263 260.7 0.009128
1989  46  0 241 241.3 0.009036
1989  47  0 247 241.1 0.009036
1989  48  0 264 233.9 0.008913
1989  49  0 206 213.8 0.008867
1989  50  0 207 214.0 0.008637
1989  51  0 214 202.2 0.008607
1989  52  0 188 217.8 0.008499
1989  53  0 180 213.9 0.008576
1989  54  0 169 214.7 0.008607
1989  55  0 193 213.4 0.008714
1989  56  0 239 203.8 0.008683
1989  57  0 206 190.3 0.008591
1989  58  0 186 168.6 0.008376
1989  59  0 162 163.5 0.008300
1989  60  0 165 168.8 0.008162
1989  61  0 139 173.7 0.008116
1989  62  0 134 169.0 0.008039
1989  63  0 127 163.6 0.008131
1989  64  0 117 183.5 0.008238
1989  65  0 134 201.1 0.008407
1989  66  0 127 190.3 0.008607
1989  67  0 141 202.6 0.008806
1989  68  0 172 204.2 0.009082
1989  69  0 211 212.4 0.009328
1989  70  0 201 232.4 0.009389
1989  71  0 182 237.6 0.009450
1989  72  0 210 253.0 0.009466
1989  73  0 235 263.8 0.009588
1989  74  0 214 255.8 0.009635
1989  75  0 242 261.6 0.009604
1989  76  0 218 240.7 0.009527
1989  77  0 213 234.2 0.009389
1989  78  0 192 221.1 0.009374
1989  79  0 205 218.2 0.009343
1989  80  0 201 213.5 0.009236
1989  81  0 201 222.5 0.009036
1989  82  0 188 216.1 0.008821
1989  83  0 201 193.2 0.008561
1989  84  0 170 186.2 0.008254
1989  85  0 152 171.6 0.008039
1989  86  0 132 162.6 0.007931
1989  87  0 115 157.3 0.007885
1989  88  0 123 155.8 0.007993
1989  89  0 101 159.8 0.008039
1989  90  0 118 167.5 0.008162
1989  91  0 132 173.8 0.008100
1989  92  0 155 183.5 0.008223
1989  93  0 178 196.5 0.008361
1989  94  0 146 188.9 0.008576
1989  95  0 135 191.1 0.008821
1989  96  0 177 196.5 0.009005
1989  97  0 216 199.8 0.009190
1989  98  0 236 207.1 0.009205
1989  99  0 195 194.0 0.009128
1989 100  0 155 182.3 0.009021
1989 101  0 135 180.7 0.008867
1989 102  0 122 181.3 0.008806
1989 103  0 117 185.3 0.009021
1989 104  0 131 198.1 0.009185
1989 105  0 153 199.5 0.009148
1989 106  0 166 203.9 0.009004
1989 107  0 183 210.6 0.008932
1989 108  0 174 204.1 0.008878
1989 109  0 204 209.7 0.008859
1989 110  0 210 192.5 0.008969
1989 111  0 223 196.1 0.008969
1989 112  0 213 193.6 0.008932
1989 113  0 163 183.1 0.008625
1989 114  0 172 189.0 0.008425
1989 115  0 168 179.7 0.008334
1989 116  0 159 176.9 0.008406
1989 117  0 150 176.9 0.008478
1989 118  0 139 183.2 0.008534
1989 119  0 136 189.5 0.008551
1989 120  0 145 180.6 0.008478
1989 121  0 131 180.5 0.008606
1989 122  0 133 184.5 0.008732
1989 123  0 120 190.6 0.008895
1989 124  0 137 198.2 0.009204
1989 125  0 120 193.7 0.009420
1989 126  0 148 195.9 0.009401
1989 127  0 189 200.6 0.009475
1989 128  0 210 212.4 0.009710
1989 129  0 193 205.1 0.009764
1989 130  0 174 208.7 0.009892
1989 131  0 169 198.9 0.009927
1989 132  0 162 197.2 0.009964
1989 133  0 182 197.5 0.009855
1989 134  0 174 193.1 0.009818
1989 135  0 209 195.8 0.009710
1989 136  0 217 188.6 0.009366
1989 137  0 227 187.0 0.009257
1989 138  0 250 184.9 0.009222
1989 139  0 270 188.6 0.009041
1989 140  0 275 203.1 0.008969
1989 141  0 237 211.9 0.008804
1989 142  0 220 203.9 0.008660
1989 143  0 254 212.2 0.008588
1989 144  0 277 210.0 0.008641
1989 145  0 244 194.6 0.008497
1989 146  0 222 188.0 0.008478
1989 147  0 230 176.6 0.008353
1989 148  0 184 173.5 0.008462
1989 149  0 171 173.6 0.008497
1989 150  0 172 183.0 0.008660
1989 151  0 157 194.2 0.008769
1989 152  0 197 191.6 0.008913
1989 153  0 215 208.2 0.009131
1989 154  0 229 203.3 0.009239
1989 155  0 228 221.3 0.009366
1989 156  0 248 213.2 0.009457
1989 157  0 210 212.2 0.009438
1989 158  0 189 205.3 0.009692
1989 159  0 207 222.9 0.009873
1989 160  0 244 241.9 0.009964
1989 161  0 279 250.9 0.010217
1989 162  0 295 270.3 0.010361
1989 163  0 316 285.8 0.010543
1989 164  0 367 319.2 0.010652
1989 165  0 364 327.2 0.010831
1989 166  0 383 334.7 0.010687
1989 167  0 384 320.9 0.010687
1989 168  0 338 303.7 0.010398
1989 169  0 313 271.5 0.010126
1989 170  0 341 270.6 0.009892
1989 171  0 337 249.3 0.009548
1989 172  0 271 242.8 0.009401
1989 173  0 252 233.1 0.009276
1989 174  0 284 238.7 0.009257
1989 175  0 312 227.6 0.009420
1989 176  0 329 221.6 0.009420
1989 177  0 344 233.0 0.009511
1989 178  0 299 227.5 0.009638
1989 179  0 271 227.4 0.009457
1989 180  0 264 223.0 0.009366
1989 181  0 226 217.4 0.009185
1989 182  0 182 204.0 0.009076
1989 183  0 212 193.4 0.009041
1989 184  0 183 192.5 0.009022
1989 185  0 171 189.8 0.008950
1989 186  0 144 183.4 0.009076
1989 187  0 171 192.3 0.009366
1989 188  0 212 193.5 0.009710
1989 189  0 200 188.9 0.009945
1989 190  0 165 188.1 0.009964
1989 191  0 148 184.1 0.009927
1989 192  0 193 193.2 0.009892
1989 193  0 158 190.7 0.009855
1989 194  0 165 184.0 0.009710
1989 195  0 165 183.9 0.009438
1989 196  0 131 185.7 0.009276
1989 197  0 129 183.9 0.009167
1989 198  0 141 184.1 0.009113
1989 199  0 161 189.2 0.009057
1989 200  0 196 193.7 0.009094
1989 201  0 212 192.4 0.009185
1989 202  0 242 195.0 0.009311
1989 203  0 280 200.9 0.009366
1989 204  0 277 196.5 0.009329
1989 205  0 239 191.1 0.009185
1989 206  0 188 180.4 0.008985
1989 207  0 158 169.8 0.008606
1989 208  0 141 172.8 0.008569
1989 209  0 107 170.7 0.008467
1989 210  0 159 180.9 0.008299
1989 211  0 178 185.1 0.008551
1989 212  0 188 188.2 0.008750
1989 213  0 235 198.5 0.009004
1989 214  0 269 201.7 0.009239
1989 215  0 265 220.2 0.009511
1989 216  0 293 225.7 0.009764
1989 217  0 312 241.5 0.009818
1989 218  0 302 240.3 0.009999
1989 219  0 295 240.6 0.010071
1989 220  0 299 233.6 0.009908
1989 221  0 299 233.9 0.009927
1989 222  0 275 232.6 0.009747
1989 223  0 277 243.6 0.009836
1989 224  0 258 256.1 0.009801
1989 225  0 284 263.9 0.009980
1989 226  0 271 271.3 0.010054
1989 227  0 279 281.7 0.010014
1989 228  0 243 259.8 0.010017
1989 229  0 264 262.9 0.009945
1989 230  0 260 265.0 0.009927
1989 231  0 277 249.1 0.009892
1989 232  0 287 236.4 0.009727
1989 233  0 279 225.7 0.009511
1989 234  0 220 205.4 0.009276
1989 235  0 183 191.3 0.008878
1989 236  0 177 182.0 0.008606
1989 237  0 144 159.7 0.008371
1989 238  0 113 161.0 0.008281
1989 239  0  78 159.6 0.008262
1989 240  0  69 174.1 0.008388
1989 241  0  96 180.3 0.008443
1989 242  0 129 192.0 0.008625
1989 243  0 159 208.9 0.008878
1989 244  0 187 223.8 0.009185
1989 245  0 218 233.3 0.009385
1989 246  0 229 243.0 0.009710
1989 247  0 260 245.0 0.009964
1989 248  0 270 273.3 0.009980
1989 249  0 293 288.4 0.010108
1989 250  0 340 303.4 0.010308
1989 251  0 332 302.1 0.010452
1989 252  0 377 311.5 0.010615
1989 253  0 344 303.3 0.010724
1989 254  0 357 299.3 0.010615
1989 255  0 336 292.2 0.010452
1989 256  0 316 249.3 0.010199
1989 257  0 274 244.9 0.010090
1989 258  0 264 226.0 0.009892
1989 259  0 229 233.7 0.009673
1989 260  0 202 216.2 0.009329
1989 261  0 197 208.6 0.008985
1989 262  0 194 197.0 0.008641
1989 263  0 174 173.1 0.008334
1989 264  0 141 161.8 0.008262
1989 265  0 139 159.3 0.008208
1989 266  0 131 157.5 0.008190
1989 267  0  96 157.0 0.008099
1989 268  0 102 166.8 0.008081
1989 269  0 118 182.2 0.008171
1989 270  0 129 199.4 0.008478
1989 271  0 141 194.3 0.008625
1989 272  0 171 204.7 0.008985
1989 273  0 191 202.0 0.009167
1989 274  0 172 198.4 0.009366
1989 275  0 200 208.5 0.009601
1989 276  0 222 222.4 0.009980
1989 277  0 248 234.1 0.010308
1989 278  0 278 223.2 0.010506
1989 279  0 252 220.5 0.010471
1989 280  0 224 225.7 0.010343
1989 281  0 221 210.1 0.010199
1989 282  0 249 201.9 0.010036
1989 283  0 237 195.5 0.009801
1989 284  0 254 191.5 0.009710
1989 285  0 205 203.2 0.009601
1989 286  0 197 224.2 0.009583
1989 287  0 212 225.9 0.009457
1989 288  0 252 225.4 0.009438
1989 289  0 278 237.0 0.009366
1989 290  0 274 225.3 0.009348
1989 291  0 245 221.3 0.009294
1989 292  0 212 214.7 0.009148
1989 293  0 186 205.4 0.008950
1989 294  0 202 206.2 0.008804
1989 295  0 210 217.8 0.008878
1989 296  0 193 210.4 0.008804
1989 297  0 174 214.2 0.008787
1989 298  0 161 183.3 0.008715
1989 299  0 145 171.7 0.008515
1989 300  0 129 176.9 0.008551
1989 301  0 154 173.0 0.008715
1989 302  0 174 172.0 0.008969
1989 303  0 208 186.3 0.009113
1989 304  0 209 202.0 0.009294
1989 305  0 211 211.4 0.009438
1989 306  0 220 216.0 0.009529
1989 307  0 263 217.6 0.009638
1989 308  0 297 223.9 0.009692
1989 309  0 314 235.4 0.009764
1989 310  0 337 255.3 0.009908
1989 311  0 321 207.3 0.009999
1989 312  0 296 270.9 0.010217
1989 313  0 294 257.2 0.010145
1989 314  0 279 246.3 0.010090
1989 315  0 246 249.1 0.010071
1989 316  0 238 253.5 0.009980
1989 317  0 211 240.3 0.009855
1989 318  0 193 243.0 0.009727
1989 319  0 182 216.5 0.009782
1989 320  0 171 216.2 0.009601
1989 321  0 171 215.0 0.009529
1989 322  0 184 221.6 0.009385
1989 323  0 171 229.2 0.009420
1989 324  0 194 223.7 0.009475
1989 325  0 219 229.4 0.009564
1989 326  0 223 222.0 0.009638
1989 327  0 216 213.4 0.009511
1989 328  0 220 208.8 0.009475
1989 329  0 241 216.0 0.009583
1989 330  0 253 234.3 0.009710
1989 331  0 252 239.4 0.009692
1989 332  0 252 231.3 0.009548
1989 333  0 226 215.1 0.009475
1989 334  0 250 240.9 0.009548
1989 335  0 253 223.7 0.009673
1989 336  0 233 213.7 0.009548
1989 337  0 259 205.6 0.009638
1989 338  0 233 212.9 0.009601
1989 339  0 245 209.7 0.009620
1989 340  0 235 209.7 0.009511
1989 341  0 277 221.5 0.009492
1989 342  0 213 203.6 0.009475
1989 343  0 206 194.6 0.009348
1989 344  0 189 177.1 0.009222
1989 345  0 133 171.7 0.009076
1989 346  0 127 164.9 0.008969
1989 347  0 137 163.2 0.008859
1989 348  0 128 161.8 0.008878
1989 349  0 107 165.5 0.008859
1989 350  0 129 164.1 0.008950
1989 351  0 153 176.0 0.009057
1989 352  0 157 185.9 0.009094
1989 353  0 167 188.2 0.009204
1989 354  0 162 189.3 0.009185
1989 355  0 142 189.9 0.009148
1989 356  0 192 199.9 0.009294
1989 357  0 257 213.8 0.009655
1989 358  0 244 231.0 0.009945
1989 359  0 267 248.0 0.010199
1989 360  0 282 252.6 0.010361
1989 361  0 307 274.8 0.010471
1989 362  0 318 246.4 0.010487
1989 363  0 272 242.7 0.010415
1989 364  0 273 258.2 0.010252
1989 365  0 257 236.7 0.010217
1990   1  0 239 209.3 0.009945
1990   2  0 226 208.6 0.009710
1990   3  0 213 192.5 0.009329
1990   4  0 223 189.2 0.009094
1990   5  0 210 187.1 0.008878
1990   6  0 185 180.9 0.008732
1990   7  0 165 177.1 0.008660
1990   8  0 177 170.9 0.008588
1990   9  0 160 160.6 0.008515
1990  10  0 172 167.2 0.008497
1990  11  0 210 169.5 0.008551
1990  12  0 221 170.0 0.008678
1990  13  0 230 167.0 0.008750
1990  14  0 189 165.9 0.008822
1990  15  0 201 184.9 0.008859
1990  16  0 195 187.6 0.008985
1990  17  0 210 186.8 0.009076
1990  18  0 227 217.2 0.009257
1990  19  0 255 233.1 0.009529
1990  20  0 303 238.2 0.009873
1990  21  0 278 250.8 0.010108
1990  22  0 267 233.7 0.010308
1990  23  0 257 233.6 0.010308
1990  24  0 245 239.8 0.010217
1990  25  0 264 234.6 0.010162
1990  26  0 260 238.8 0.010199
1990  27  0 271 232.2 0.010036
1990  28  0 248 230.1 0.009964
1990  29  0 237 227.8 0.009782
1990  30  0 254 211.4 0.009529
1990  31  0 258 209.3 0.009401
1990  32  0 225 200.8 0.009167
1990  33  0 212 177.8 0.008822
1990  34  0 163 157.9 0.008641
1990  35  0 149 154.8 0.008406
1990  36  0 128 150.9 0.008262
1990  37  0 105 147.5 0.008046
1990  38  0 108 144.3 0.007918
1990  39  0 125 142.2 0.007955
1990  40  0 136 142.0 0.008027
1990  41  0 104 148.5 0.008062
1990  42  0  99 134.9 0.008081
1990  43  0 105 140.0 0.008244
1990  44  0 112 142.8 0.008406
1990  45  0  99 149.5 0.008515
1990  46  0 103 148.8 0.008732
1990  47  0  84 148.8 0.008859
1990  48  0  71 151.6 0.008895
1990  49  0 101 161.1 0.008913
1990  50  0 141 180.3 0.009076
1990  51  0 176 189.5 0.009204
1990  52  0 209 211.9 0.009366
1990  53  0 251 215.7 0.009475
1990  54  0 315 216.6 0.009738
1990  55  0 328 231.5 0.009892
1990  56  0 322 225.3 0.009999
1990  57  0 308 213.3 0.009980
1990  58  0 286 224.1 0.009764
1990  59  0 246 222.0 0.009457
1990  60  0 236 200.0 0.009257
1990  61  0 234 192.7 0.009057
1990  62  0 223 176.3 0.008732
1990  63  0 172 168.9 0.008462
1990  64  0 134 161.7 0.008262
1990  65  0 142 163.8 0.008281
1990  66  0 144 168.1 0.008244
1990  67  0 120 157.1 0.008062
1990  68  0  97 150.9 0.007972
1990  69  0 109 149.0 0.007990
1990  70  0 100 142.5 0.008046
1990  71  0 116 146.1 0.008009
1990  72  0 113 146.3 0.007990
1990  73  0 123 149.8 0.007936
1990  74  0 150 164.2 0.008046
1990  75  0 176 178.1 0.008225
1990  76  0 168 182.0 0.008443
1990  77  0 228 196.4 0.008804
1990  78  0 276 216.3 0.009348
1990  79  0 297 223.9 0.009673
1990  80  0 288 227.6 0.009836
1990  81  0 267 243.1 0.009980
1990  82  0 282 245.3 0.010145
1990  83  0 286 231.3 0.010180
1990  84  0 279 223.9 0.010036
1990  85  0 257 226.9 0.009999
1990  86  0 230 215.1 0.009655
1990  87  0 176 206.0 0.009311
1990  88  0 180 184.1 0.009022
1990  89  0 182 186.5 0.008750
1990  90  0 157 172.8 0.008515
1990  91  0 139 159.2 0.008353
1990  92  0 154 153.3 0.008316
1990  93  0 153 151.6 0.008171
1990  94  0 172 148.6 0.008099
1990  95  0 179 156.5 0.008062
1990  96  0 187 150.2 0.008062
1990  97  0 173 155.0 0.008134
1990  98  0 173 152.3 0.008244
1990  99  0 119 146.8 0.008244
1990 100  0 111 149.3 0.008153
1990 101  0 119 160.8 0.008134
1990 102  0 104 169.9 0.008225
1990 103  0 166 195.5 0.008515
1990 104  0 192 215.7 0.009004
1990 105  0 231 222.9 0.009475
1990 106  0 230 226.3 0.009892
1990 107  0 269 236.7 0.010199
1990 108  0 275 243.0 0.010452
1990 109  0 288 244.2 0.010543
1990 110  0 279 257.1 0.010741
1990 111  0 287 239.6 0.010815
1990 112  0 280 232.8 0.010578
1990 113  0 235 226.3 0.010234
1990 114  0 212 217.4 0.009927
1990 115  0 216 198.3 0.009348
1990 116  0 160 188.9 0.008985
1990 117  0 168 169.8 0.008641
1990 118  0 139 152.7 0.008388
1990 119  0 127 140.9 0.008262
1990 120  0 154 136.9 0.008190
1990 121  0  93 129.0 0.007972
1990 122  0  78 129.2 0.007755
1990 123  0  81 125.2 0.007665
1990 124  0 114 123.6 0.007539
1990 125  0 106 130.6 0.007555
1990 126  0 141 151.0 0.007574
1990 127  0 175 155.5 0.007792
1990 128  0 183 170.7 0.008027
1990 129  0 176 174.6 0.008244
1990 130  0 154 195.4 0.008478
1990 131  0 167 205.4 0.008913
1990 132  0 194 215.2 0.009385
1990 133  0 191 225.8 0.009745
1990 134  0 187 224.2 0.010017
1990 135  0 191 246.6 0.010324
1990 136  0 208 251.5 0.010398
1990 137  0 221 248.9 0.010452
1990 138  0 225 271.8 0.010471
1990 139  0 248 280.0 0.010361
1990 140  0 248 272.5 0.010180
1990 141  0 256 259.2 0.010017
1990 142  0 248 250.0 0.009692
1990 143  0 212 239.5 0.009257
1990 144  0 209 209.2 0.008769
1990 145  0 194 189.1 0.008697
1990 146  0 178 186.3 0.008497
1990 147  0 184 164.6 0.008371
1990 148  0 160 159.3 0.008299
1990 149  0 156 144.8 0.008134
1990 150  0 119 142.5 0.007665
1990 151  0 134 142.5 0.007955
1990 152  0 140 140.6 0.007864
1990 153  0 116 141.2 0.007955
1990 154  0 106 146.1 0.008099
1990 155  0 112 148.1 0.007809
1990 156  0 115 153.7 0.008009
1990 157  0 147 161.4 0.008443
1990 158  0 156 183.6 0.008660
1990 159  0 144 195.5 0.008950
1990 160  0 126 203.9 0.009348
1990 161  0 156 207.5 0.009548
1990 162  0 183 217.2 0.009980
1990 163  0 167 221.8 0.010145
1990 164  0 177 208.8 0.010108
1990 165  0 172 206.8 0.009836
1990 166  0 148 196.3 0.009836
1990 167  0 160 189.9 0.009620
1990 168  0 145 187.5 0.009548
1990 169  0 121 169.5 0.009222
1990 170  0 115 163.5 0.008932
1990 171  0  99 161.2 0.008697
1990 172  0  83 155.8 0.007918
1990 173  0 103 145.2 0.008134
1990 174  0  93 139.1 0.007936
1990 175  0 128 143.8 0.007846
1990 176  0 137 149.3 0.007809
1990 177  0 150 154.5 0.007918
1990 178  0 204 173.4 0.008118
1990 179  0 268 187.7 0.008371
1990 180  0 295 210.8 0.008697
1990 181  0 334 226.6 0.009041
1990 182  0 348 248.3 0.009475
1990 183  0 324 276.6 0.009511
1990 184  0 338 253.8 0.009692
1990 185  0 308 238.3 0.009673
1990 186  0 272 231.6 0.009673
1990 187  0 238 221.8 0.009548
1990 188  0 221 215.7 0.009438
1990 189  0 173 189.6 0.009185
1990 190  0 130 170.9 0.008932
1990 191  0 113 164.0 0.008895
1990 192  0 136 160.2 0.008895
1990 193  0 141 160.9 0.008878
1990 194  0 146 161.5 0.008804
1990 195  0 151 155.4 0.008804
1990 196  0 125 149.1 0.008625
1990 197  0 122 146.5 0.008406
1990 198  0 111 147.6 0.008244
1990 199  0  73 144.7 0.008081
1990 200  0  78 145.3 0.007972
1990 201  0 104 154.0 0.008009
1990 202  0 157 159.2 0.008009
1990 203  0 183 166.0 0.008081
1990 204  0 211 180.4 0.008281
1990 205  0 257 186.6 0.008606
1990 206  0 261 213.6 0.008804
1990 207  0 251 209.9 0.009022
1990 208  0 226 197.2 0.009148
1990 209  0 211 193.1 0.009148
1990 210  0 184 180.3 0.009041
1990 211  0 150 188.3 0.009076
1990 212  0 182 183.4 0.008969
1990 213  0 184 199.0 0.009094
1990 214  0 220 208.6 0.009094
1990 215  0 190 192.4 0.009022
1990 216  0 172 191.2 0.009022
1990 217  0 161 180.8 0.008913
1990 218  0 156 174.6 0.008804
1990 219  0 151 172.1 0.008841
1990 220  0 171 184.8 0.008804
1990 221  0 183 183.2 0.008697
1990 222  0 201 186.3 0.008697
1990 223  0 203 187.1 0.008787
1990 224  0 210 188.2 0.008660
1990 225  0 242 192.5 0.008625
1990 226  0 271 188.2 0.008678
1990 227  0 288 199.6 0.008932
1990 228  0 292 211.0 0.008985
1990 229  0 339 228.4 0.009131
1990 230  0 340 246.1 0.009311
1990 231  0 365 268.0 0.009492
1990 232  0 371 288.7 0.009655
1990 233  0 350 298.3 0.009855
1990 234  0 330 322.8 0.009945
1990 235  0 354 322.7 0.009892
1990 236  0 347 329.2 0.009927
1990 237  0 331 303.9 0.009964
1990 238  0 277 285.1 0.009892
1990 239  0 237 269.2 0.009818
1990 240  0 222 250.2 0.009638
1990 241  0 234 225.2 0.009492
1990 242  0 228 210.4 0.009311
1990 243  0 195 182.9 0.009022
1990 244  0 162 171.4 0.008878
1990 245  0 157 168.9 0.008641
1990 246  0 170 162.6 0.008534
1990 247  0 181 158.2 0.008569
1990 248  0 159 157.5 0.008443
1990 249  0 159 157.6 0.008462
1990 250  0 151 165.1 0.008588
1990 251  0 151 163.5 0.008625
1990 252  0 153 170.4 0.008750
1990 253  0 163 171.2 0.008895
1990 254  0 157 180.6 0.009041
1990 255  0 167 193.3 0.009239
1990 256  0 192 198.0 0.009366
1990 257  0 240 209.4 0.009511
1990 258  0 219 207.3 0.009673
1990 259  0 211 205.2 0.009727
1990 260  0 185 210.7 0.009745
1990 261  0 184 207.5 0.009620
1990 262  0 204 213.8 0.009745
1990 263  0 196 204.0 0.009475
1990 264  0 202 203.2 0.009438
1990 265  0 190 195.3 0.009348
1990 266  0 158 185.4 0.009204
1990 267  0 136 178.7 0.009131
1990 268  0 127 167.1 0.009041
1990 269  0 126 159.6 0.008913
1990 270  0 104 152.6 0.008715
1990 271  0 153 152.1 0.008641
1990 272  0 161 150.1 0.008462
1990 273  0 155 157.8 0.008388
1990 274  0 151 160.5 0.008443
1990 275  0 153 162.8 0.008316
1990 276  0 192 177.4 0.008334
1990 277  0 184 186.8 0.008371
1990 278  0 168 170.0 0.008425
1990 279  0 170 170.0 0.008497
1990 280  0 185 169.3 0.008625
1990 281  0 193 175.9 0.008804
1990 282  0 203 183.9 0.009094
1990 283  0 210 194.7 0.009167
1990 284  0 267 205.1 0.009366
1990 285  0 263 200.6 0.009366
1990 286  0 293 209.4 0.009420
1990 287  0 277 220.6 0.009492
1990 288  0 299 231.6 0.009492
1990 289  0 263 224.6 0.009511
1990 290  0 257 193.7 0.009492
1990 291  0 248 198.2 0.009511
1990 292  0 248 214.2 0.009511
1990 293  0 231 201.7 0.009348
1990 294  0 186 188.7 0.009276
1990 295  0 192 167.9 0.009239
1990 296  0 184 164.0 0.009311
1990 297  0 179 157.5 0.009131
1990 298  0 171 161.8 0.009094
1990 299  0 140 153.5 0.008932
1990 300  0 152 162.5 0.008787
1990 301  0 163 150.9 0.008606
1990 302  0 134 155.9 0.008334
1990 303  0 119 151.1 0.008062
1990 304  0 105 141.6 0.007955
1990 305  0 105 141.6 0.007718
1990 306  0 110 138.5 0.007683
1990 307  0 147 150.2 0.007827
1990 308  0 199 154.7 0.008046
1990 309  0 210 169.7 0.008406
1990 310  0 268 196.4 0.008878
1990 311  0 285 214.3 0.009239
1990 312  0 283 211.8 0.009348
1990 313  0 256 210.2 0.009475
1990 314  0 222 191.1 0.009511
1990 315  0 227 195.0 0.009385
1990 316  0 206 191.0 0.009257
1990 317  0 161 181.5 0.009094
1990 318  0 162 198.0 0.009235
1990 319  0 154 207.3 0.008913
1990 320  0 139 207.3 0.008732
1990 321  0 150 217.1 0.008641
1990 322  0 132 198.9 0.008478
1990 323  0 148 191.2 0.008190
1990 324  0 133 186.8 0.008171
1990 325  0 139 177.6 0.007972
1990 326  0 170 177.4 0.007990
1990 327  0 155 171.7 0.007864
1990 328  0 161 167.2 0.007774
1990 329  0 150 162.3 0.007646
1990 330  0 159 153.2 0.007539
1990 331  0 148 155.0 0.007574
1990 332  0 182 167.1 0.007683
1990 333  0 196 163.2 0.007792
1990 334  0 208 169.6 0.007972
1990 335  0 193 172.6 0.008062
1990 336  0 243 178.0 0.008588
1990 337  0 273 187.6 0.008750
1990 338  0 283 199.3 0.009076
1990 339  0 254 207.0 0.009366
1990 340  0 257 221.0 0.009401
1990 341  0 277 222.0 0.009438
1990 342  0 269 223.6 0.009529
1990 343  0 267 230.3 0.009511
1990 344  0 266 233.4 0.009420
1990 345  0 239 233.4 0.009311
1990 346  0 210 228.0 0.009131
1990 347  0 178 219.5 0.008841
1990 348  0 144 195.3 0.008606
1990 349  0 134 193.2 0.008515
1990 350  0 158 186.2 0.008406
1990 351  0 170 192.5 0.008478
1990 352  0 184 201.6 0.008316
1990 353  0 204 191.2 0.008299
1990 354  0 173 181.6 0.008171
1990 355  0 178 185.8 0.008081
1990 356  0 150 178.1 0.007918
1990 357  0 138 185.6 0.007864
1990 358  0 144 184.9 0.007955
1990 359  0 153 185.0 0.008009
1990 360  0 158 188.1 0.008190
1990 361  0 158 191.9 0.008371
1990 362  0 169 192.4 0.008715
1990 363  0 166 195.5 0.008985
1990 364  0 156 189.6 0.009204
1990 365  0 164 180.6 0.009072
1991   1  0 198 180.6 0.009311
1991   2  0 127 175.8 0.009276
1991   3  0 133 170.0 0.009113
1991   4  0 135 170.2 0.009004
1991   5  0 148 172.9 0.009167
1991   6  0 170 179.7 0.008769
1991   7  0 150 199.6 0.008641
1991   8  0 141 207.9 0.008551
1991   9  0 134 209.1 0.008406
1991  10  0 138 214.6 0.008334
1991  11  0 165 209.4 0.008388
1991  12  0 174 201.6 0.008497
1991  13  0 207 190.5 0.008462
1991  14  0 170 184.5 0.008371
1991  15  0 163 184.6 0.008334
1991  16  0 190 181.8 0.008208
1991  17  0 220 202.0 0.008208
1991  18  0 181 196.8 0.008334
1991  19  0 170 192.3 0.008225
1991  20  0 130 197.5 0.008190
1991  21  0 153 195.9 0.008299
1991  22  0 151 217.5 0.008641
1991  23  0 181 216.0 0.008969
1991  24  0 193 236.8 0.009257
1991  25  0 212 260.9 0.009873
1991  26  0 255 276.9 0.010145
1991  27  0 314 293.8 0.010561
1991  28  0 338 313.8 0.010778
1991  29  0 354 344.5 0.010959
1991  30  0 341 359.2 0.010977
1991  31  0 319 348.6 0.010741
1991  32  0 294 307.3 0.010252
1991  33  0 300 289.3 0.009873
1991  34  0 253 258.4 0.009564
1991  35  0 207 239.2 0.010178
1991  36  0 182 216.5 0.009853
1991  37  0 168 198.7 0.009131
1991  38  0 171 192.7 0.009041
1991  39  0 169 192.7 0.009004
1991  40  0 192 174.0 0.008895
1991  41  0 195 169.5 0.008859
1991  42  0 201 176.5 0.008715
1991  43  0 220 181.6 0.008769
1991  44  0 238 182.2 0.008660
1991  45  0 234 184.0 0.008660
1991  46  0 248 191.9 0.008551
1991  47  0 228 200.4 0.008371
1991  48  0 195 210.2 0.008371
1991  49  0 274 259.6 0.008822
1991  50  0 296 269.8 0.008950
1991  51  0 284 283.8 0.009366
1991  52  0 320 299.2 0.009764
1991  53  0 307 302.6 0.010234
1991  54  0 287 311.5 0.010668
1991  55  0 275 313.1 0.010778
1991  56  0 278 288.4 0.010887
1991  57  0 268 271.8 0.010668
1991  58  0 251 248.7 0.010217
1991  59  0 192 228.0 0.010199
1991  60  0 132 216.5 0.010115
1991  61  0 129 207.5 0.009892
1991  62  0  99 206.4 0.009721
1991  63  0  76 218.9 0.009634
1991  64  0 103 208.1 0.009618
1991  65  0 122 206.7 0.009659
1991  66  0 182 214.5 0.009742
1991  67  0 203 209.1 0.009875
1991  68  0 217 215.7 0.010025
1991  69  0 221 222.8 0.010162
1991  70  0 232 221.9 0.010278
1991  71  0 226 228.7 0.010378
1991  72  0 211 239.1 0.010445
1991  73  0 224 241.6 0.010495
1991  74  0 253 242.2 0.010559
1991  75  0 280 258.5 0.010620
1991  76  0 232 245.4 0.010656
1991  77  0 233 274.8 0.010694
1991  78  0 215 264.9 0.010783
1991  79  0 240 254.2 0.010850
1991  80  0 232 253.1 0.010914
1991  81  0 248 257.7 0.010972
1991  82  0 248 233.4 0.010983
1991  83  0 214 260.5 0.010826
1991  84  0 203 235.2 0.010613
1991  85  0 212 229.4 0.010348
1991  86  0 190 203.0 0.010051
1991  87  0 179 197.7 0.009753
1991  88  0 194 192.9 0.009527
1991  89  0 196 201.3 0.009346
1991  90  0 160 194.7 0.009211
1991  91  0 126 192.8 0.008118
1991  92  0 130 189.1 0.008316
1991  93  0 166 195.9 0.008588
1991  94  0 196 195.1 0.008913
1991  95  0 226 196.7 0.009239
1991  96  0 224 199.9 0.009457
1991  97  0 231 192.6 0.009692
1991  98  0 206 182.8 0.009745
1991  99  0 243 204.2 0.009727
1991 100  0 236 223.6 0.009836
1991 101  0 275 231.5 0.009964
1991 102  0 320 254.4 0.010108
1991 103  0 278 242.6 0.010126
1991 104  0 298 269.3 0.010343
1991 105  0 320 263.1 0.010524
1991 106  0 265 269.1 0.010724
1991 107  0 243 254.2 0.010611
1991 108  0 241 239.1 0.010596
1991 109  0 244 232.0 0.010361
1991 110  0 227 235.3 0.010071
1991 111  0 162 181.6 0.009710
1991 112  0 111 168.7 0.009113
1991 113  0 102 149.0 0.008515
1991 114  0  47 137.4 0.008171
1991 115  0  55 138.1 0.007918
1991 116  0 103 138.3 0.007702
1991 117  0 116 144.6 0.007683
1991 118  0 168 158.4 0.007846
1991 119  0 186 161.0 0.008099
1991 120  0 182 161.7 0.008371
1991 121  0 128 163.6 0.008551
1991 122  0 118 159.6 0.008732
1991 123  0 146 159.5 0.008969
1991 124  0 131 165.8 0.009076
1991 125  0 122 183.2 0.009057
1991 126  0 132 207.2 0.009041
1991 127  0 136 215.3 0.009041
1991 128  0 172 235.6 0.009239
1991 129  0 193 230.1 0.009113
1991 130  0 184 237.0 0.009348
1991 131  0 200 234.5 0.009366
1991 132  0 183 253.7 0.009457
1991 133  0 160 219.7 0.009529
1991 134  0 184 212.8 0.009620
1991 135  0 164 197.7 0.009492
1991 136  0 156 193.4 0.009438
1991 137  0 156 176.2 0.009113
1991 138  0 172 174.2 0.008969
1991 139  0 160 162.7 0.008569
1991 140  0 167 151.8 0.008425
1991 141  0 133 153.0 0.008190
1991 142  0 161 151.9 0.008299
1991 143  0 165 158.6 0.008134
1991 144  0 161 162.8 0.008081
1991 145  0 167 178.8 0.008262
1991 146  0 191 191.4 0.008371
1991 147  0 215 202.9 0.008641
1991 148  0 217 221.4 0.008950
1991 149  0 206 231.1 0.009076
1991 150  0 194 213.5 0.009222
1991 151  0 200 230.7 0.009239
1991 152  0 234 224.9 0.009222
1991 153  0 232 243.1 0.009257
1991 154  0 227 226.8 0.009276
1991 155  0 237 245.6 0.009366
1991 156  0 238 258.1 0.009438
1991 157  0 221 241.3 0.009620
1991 158  0 227 236.6 0.009710
1991 159  0 278 250.7 0.009727
1991 160  0 318 245.3 0.009782
1991 161  0 319 246.2 0.010017
1991 162  0 331 242.8 0.009873
1991 163  0 290 236.8 0.009727
1991 164  0 232 224.7 0.009420
1991 165  0 234 207.2 0.009094
1991 166  0 204 203.1 0.008750
1991 167  0 219 190.5 0.008534
1991 168  0 197 182.1 0.008353
1991 169  0 188 178.7 0.008334
1991 170  0 189 180.7 0.008299
1991 171  0 150 171.7 0.008353
1991 172  0 195 175.1 0.008406
1991 173  0 179 175.4 0.008515
1991 174  0 164 166.6 0.008678
1991 175  0 179 173.9 0.008822
1991 176  0 181 178.8 0.008932
1991 177  0 199 191.3 0.009076
1991 178  0 189 206.3 0.009276
1991 179  0 215 217.5 0.009366
1991 180  0 234 234.4 0.009366
1991 181  0 242 243.6 0.009492
1991 182  0 260 250.3 0.009564
1991 183  0 295 251.8 0.009727
1991 184  0 329 257.3 0.009964
1991 185  0 346 255.4 0.010126
1991 186  0 300 259.5 0.010145
1991 187  0 282 240.8 0.010162
1991 188  0 289 226.1 0.010217
1991 189  0 281 211.2 0.010162
1991 190  0 248 200.6 0.010036
1991 191  0 250 200.2 0.009801
1991 192  0 235 202.3 0.009529
1991 193  0 191 209.9 0.009257
1991 194  0 192 202.3 0.009022
1991 195  0 183 194.8 0.008660
1991 196  0 162 192.0 0.008425
1991 197  0 141 172.6 0.008371
1991 198  0 126 163.9 0.008225
1991 199  0 123 194.8 0.008134
1991 200  0 158 184.1 0.008225
1991 201  0 183 205.3 0.008443
1991 202  0 236 221.6 0.008769
1991 203  0 254 230.2 0.009113
1991 204  0 293 234.0 0.009438
1991 205  0 283 240.8 0.009710
1991 206  0 261 237.5 0.009764
1991 207  0 275 226.6 0.009818
1991 208  0 253 219.5 0.009727
1991 209  0 253 219.4 0.009764
1991 210  0 252 226.6 0.009764
1991 211  0 272 228.4 0.009908
1991 212  0 239 225.9 0.009801
1991 213  0 180 232.0 0.009673
1991 214  0 188 213.2 0.009475
1991 215  0 195 219.4 0.009438
1991 216  0 186 198.8 0.009366
1991 217  0 202 179.4 0.009329
1991 218  0 162 171.4 0.009222
1991 219  0 164 170.0 0.009113
1991 220  0 145 163.5 0.008950
1991 221  0 122 154.6 0.008715
1991 222  0 102 145.7 0.008406
1991 223  0 117 142.4 0.008190
1991 224  0 134 150.7 0.008118
1991 225  0 172 159.5 0.008171
1991 226  0 167 179.6 0.008425
1991 227  0 224 220.4 0.008750
1991 228  0 289 270.7 0.009239
1991 229  0 351 277.7 0.009782
1991 230  0 381 290.5 0.010217
1991 231  0 382 296.6 0.010578
1991 232  0 397 293.1 0.010741
1991 233  0 410 291.8 0.011075
1991 234  0 401 291.5 0.010992
1991 235  0 376 277.0 0.010707
1991 236  0 354 255.4 0.010441
1991 237  0 294 243.4 0.009980
1991 238  0 242 214.7 0.009564
1991 239  0 201 200.4 0.009363
1991 240  0 214 193.7 0.009196
1991 241  0 234 199.2 0.009107
1991 242  0 227 199.4 0.009229
1991 243  0 251 185.2 0.009189
1991 244  0 229 179.1 0.009222
1991 245  0 217 184.3 0.009222
1991 246  0 198 178.1 0.009185
1991 247  0 198 173.8 0.008878
1991 248  0 178 166.2 0.008588
1991 249  0 185 179.0 0.008406
1991 250  0 150 177.1 0.008208
1991 251  0 182 199.0 0.008281
1991 252  0 165 183.3 0.008262
1991 253  0 171 187.2 0.008388
1991 254  0 166 179.9 0.008606
1991 255  0 175 185.4 0.008985
1991 256  0 193 187.1 0.009294
1991 257  0 198 183.4 0.009620
1991 258  0 166 182.1 0.009764
1991 259  0 136 176.1 0.009764
1991 260  0 139 178.6 0.009745
1991 261  0 136 182.9 0.009583
1991 262  0 113 173.9 0.009401
1991 263  0 108 171.1 0.009329
1991 264  0 155 178.0 0.009276
1991 265  0 167 189.0 0.009222
1991 266  0 174 186.1 0.009204
1991 267  0 151 180.9 0.009204
1991 268  0 150 181.9 0.009185
1991 269  0 158 201.6 0.009239
1991 270  0 162 178.7 0.009257
1991 271  0 167 176.3 0.009239
1991 272  0 194 195.4 0.009257
1991 273  0 186 200.3 0.009239
1991 274  0 212 208.0 0.009239
1991 275  0 201 220.9 0.009113
1991 276  0 218 211.8 0.008932
1991 277  0 216 212.6 0.008715
1991 278  0 226 193.4 0.008606
1991 279  0 176 181.9 0.008462
1991 280  0 157 180.0 0.008760
1991 281  0 159 178.7 0.008857
1991 282  0 187 183.7 0.009298
1991 283  0 204 179.2 0.009421
1991 284  0 193 178.2 0.009557
1991 285  0 176 187.2 0.009829
1991 286  0 171 182.5 0.009366
1991 287  0 189 186.1 0.009457
1991 288  0 198 177.7 0.009896
1991 289  0 172 180.3 0.009697
1991 290  0 152 168.2 0.009810
1991 291  0 152 156.5 0.009059
1991 292  0 120 153.0 0.009751
1991 293  0 114 155.5 0.008923
1991 294  0 105 166.8 0.008819
1991 295  0 111 182.7 0.008262
1991 296  0 146 192.0 0.009303
1991 297  0 189 228.0 0.009111
1991 298  0 220 237.4 0.008838
1991 299  0 234 248.1 0.009811
1991 300  0 297 246.3 0.009620
1991 301  0 302 267.5 0.009764
1991 302  0 339 268.8 0.009132
1991 303  0 305 258.0 0.010019
1991 304  0 270 228.1 0.009902
1991 305  0 292 226.8 0.009563
1991 306  0 255 214.8 0.009094
1991 307  0 205 183.1 0.008732
1991 308  0 161 173.9 0.008478
1991 309  0 167 172.6 0.009343
1991 310  0 184 183.4 0.009984
1991 311  0 198 190.0 0.009472
1991 312  0 208 196.7 0.009505
1991 313  0 195 193.6 0.009800
1991 314  0 178 191.5 0.010012
1991 315  0 190 193.6 0.009696
1991 316  0 168 188.5 0.010174
1991 317  0 153 177.4 0.009167
1991 318  0 139 179.6 0.009522
1991 319  0 130 169.4 0.009514
1991 320  0 108 161.9 0.008806
1991 321  0 111 160.8 0.009529
1991 322  0 111 159.6 0.008954
1991 323  0 142 154.6 0.008613
1991 324  0 139 149.6 0.008781
1991 325  0 128 141.5 0.008486
1991 326  0 115 135.7 0.008566
1991 327  0 122 133.0 0.008479
1991 328  0 140 128.1 0.008837
1991 329  0 145 130.9 0.008290
1991 330  0 122 140.4 0.009010
1991 331  0 153 148.9 0.008189
1991 332  0 156 150.4 0.008952
1991 333  0 153 156.6 0.008898
1991 334  0 118 163.2 0.008893
1991 335  0 150 167.6 0.008795
1991 336  0 141 166.2 0.008877
1991 337  0 183 177.7 0.008299
1991 338  0 171 185.2 0.008443
1991 339  0 193 186.3 0.009421
1991 340  0 196 191.6 0.009537
1991 341  0 227 202.9 0.009762
1991 342  0 256 219.6 0.010247
1991 343  0 308 249.7 0.010416
1991 344  0 312 252.5 0.010462
1991 345  0 311 237.8 0.010355
1991 346  0 275 235.8 0.010151
1991 347  0 261 246.6 0.009348
1991 348  0 258 222.2 0.009801
1991 349  0 228 206.5 0.009511
1991 350  0 199 225.1 0.009378
1991 351  0 183 192.0 0.009260
1991 352  0 196 189.0 0.009116
1991 353  0 197 181.8 0.009174
1991 354  0 172 191.8 0.009126
1991 355  0 160 186.2 0.009276
1991 356  0 159 216.0 0.009338
1991 357  0 162 218.9 0.009417
1991 358  0 191 222.3 0.009571
1991 359  0 210 250.8 0.009645
1991 360  0 221 252.2 0.009664
1991 361  0 194 243.7 0.009492
1991 362  0 203 263.3 0.009527
1991 363  0 230 246.0 0.009440
1991 364  0 222 263.2 0.009647
1991 365  0 222 235.0 0.009779
1992   1  0 186 240.3 0.009640
1992   2  0 190 251.6 0.010110
1992   3  0 234 270.4 0.009655
1992   4  0 243 265.6 0.010744
1992   5  0 242 257.7 0.010834
1992   6  0 245 245.7 0.010920
1992   7  0 251 253.7 0.011126
1992   8  0 270 253.1 0.011220
1992   9  0 255 248.8 0.011010
1992  10  0 242 225.1 0.010565
1992  11  0 205 202.4 0.009893
1992  12  0 189 182.4 0.009855
1992  13  0 188 177.3 0.009720
1992  14  0 143 172.8 0.009529
1992  15  0 141 167.7 0.009175
1992  16  0 115 156.1 0.009166
1992  17  0 100 150.6 0.009132
1992  18  0  94 147.0 0.009160
1992  19  0 116 155.0 0.009357
1992  20  0 152 162.9 0.009494
1992  21  0 188 168.7 0.009617
1992  22  0 168 167.6 0.009672
1992  23  0 155 167.6 0.009565
1992  24  0 148 172.9 0.009507
1992  25  0 168 195.9 0.009632
1992  26  0 196 202.7 0.009699
1992  27  0 229 214.0 0.009739
1992  28  0 247 230.6 0.009910
1992  29  0 259 258.3 0.010337
1992  30  0 290 272.0 0.010608
1992  31  0 297 293.5 0.010731
1992  32  0 341 275.5 0.011018
1992  33  0 316 280.1 0.011154
1992  34  0 278 263.2 0.011087
1992  35  0 255 244.4 0.010845
1992  36  0 235 239.4 0.010447
1992  37  0 228 232.1 0.010087
1992  38  0 225 234.0 0.009835
1992  39  0 256 218.9 0.009713
1992  40  0 268 229.3 0.010016
1992  41  0 248 234.5 0.010023
1992  42  0 261 218.4 0.009888
1992  43  0 202 204.9 0.009710
1992  44  0 212 193.0 0.009889
1992  45  0 196 198.7 0.009667
1992  46  0 159 197.9 0.009925
1992  47  0 157 195.2 0.009864
1992  48  0 156 201.7 0.009852
1992  49  0 142 201.6 0.009795
1992  50  0 145 191.2 0.009563
1992  51  0 168 199.0 0.009570
1992  52  0 196 212.3 0.009845
1992  53  0 206 229.5 0.010036
1992  54  0 215 244.0 0.010204
1992  55  0 269 250.1 0.010485
1992  56  0 275 248.3 0.010790
1992  57  0 281 248.0 0.010880
1992  58  0 275 239.5 0.011019
1992  59  0 273 228.8 0.010984
1992  60  0 252 213.9 0.010797
1992  61  0 235 196.8 0.010606
1992  62  0 175 178.3 0.010254
1992  63  0 150 160.3 0.009561
1992  64  0 130 157.1 0.009240
1992  65  0  92 152.4 0.009164
1992  66  0  98 153.1 0.009015
1992  67  0 146 157.2 0.009084
1992  68  0 150 179.4 0.009345
1992  69  0 167 169.4 0.009489
1992  70  0 177 167.0 0.009549
1992  71  0 173 163.1 0.009575
1992  72  0 177 161.7 0.009607
1992  73  0 195 163.3 0.009666
1992  74  0 184 162.9 0.009704
1992  75  0 156 167.2 0.009758
1992  76  0 151 159.7 0.009466
1992  77  0 120 157.6 0.009522
1992  78  0 106 159.0 0.009443
1992  79  0 110 166.1 0.009694
1992  80  0 124 167.2 0.009713
1992  81  0 129 166.4 0.009787
1992  82  0 127 159.7 0.009883
1992  83  0 130 165.3 0.009979
1992  84  0 154 174.7 0.009888
1992  85  0 168 185.1 0.009990
1992  86  0 164 177.9 0.009824
1992  87  0 157 180.0 0.009560
1992  88  0 156 185.4 0.009431
1992  89  0 171 192.4 0.009325
1992  90  0 151 182.1 0.009032
1992  91  0 157 191.2 0.008843
1992  92  0 147 185.9 0.008795
1992  93  0 135 161.2 0.008745
1992  94  0 125 159.8 0.008681
1992  95  0  91 154.0 0.008373
1992  96  0  71 154.7 0.008334
1992  97  0  86 143.0 0.008301
1992  98  0  91 141.8 0.008530
1992  99  0  81 151.6 0.008715
1992 100  0  83 140.2 0.008896
1992 101  0  77 141.2 0.009005
1992 102  0  88 144.0 0.009128
1992 103  0  94 144.7 0.009241
1992 104  0  97 147.1 0.009189
1992 105  0 107 155.2 0.009160
1992 106  0 117 150.3 0.009226
1992 107  0 138 158.9 0.009315
1992 108  0 167 185.6 0.009382
1992 109  0 184 204.8 0.009495
1992 110  0 198 207.7 0.009619
1992 111  0 232 206.5 0.009815
1992 112  0 251 197.1 0.010085
1992 113  0 244 184.8 0.009942
1992 114  0 237 174.7 0.009875
1992 115  0 208 162.9 0.009664
1992 116  0 227 155.7 0.009321
1992 117  0 175 145.0 0.009030
1992 118  0 137 139.1 0.008765
1992 119  0 138 130.4 0.008541
1992 120  0 127 132.5 0.008515
1992 121  0 114 129.9 0.008235
1992 122  0 113 133.0 0.008164
1992 123  0 110 138.0 0.008127
1992 124  0 115 127.8 0.008087
1992 125  0 125 137.0 0.008175
1992 126  0 123 135.4 0.008192
1992 127  0 119 133.0 0.008220
1992 128  0  92 131.5 0.008350
1992 129  0 105 145.3 0.008473
1992 130  0 101 129.2 0.008389
1992 131  0  93 126.9 0.008374
1992 132  0  87 128.8 0.008585
1992 133  0 102 127.8 0.008638
1992 134  0 111 128.2 0.008700
1992 135  0 100 129.3 0.008675
1992 136  0  83 124.8 0.008656
1992 137  0  58 118.5 0.008695
1992 138  0  52 115.5 0.008830
1992 139  0  75 120.2 0.008914
1992 140  0  69 134.5 0.009013
1992 141  0  75 140.3 0.008963
1992 142  0 141 145.5 0.009016
1992 143  0 136 148.4 0.008993
1992 144  0 145 145.6 0.008829
1992 145  0 127 136.9 0.008770
1992 146  0  84 126.1 0.008464
1992 147  0  73 122.1 0.008270
1992 148  0 102 117.7 0.008069
1992 149  0  75 113.9 0.007851
1992 150  0  52 108.1 0.007793
1992 151  0  38 101.7 0.007726
1992 152  0  42 101.8 0.007763
1992 153  0  47 101.4 0.007748
1992 154  0  57 105.0 0.007630
1992 155  0 109 110.1 0.007121
1992 156  0 112 111.5 0.007211
1992 157  0 123 118.4 0.007374
1992 158  0 106 123.2 0.007520
1992 159  0  97 119.2 0.007574
1992 160  0  91 118.7 0.007611
1992 161  0 106 122.3 0.007718
1992 162  0 112 129.3 0.007827
1992 163  0 124 133.1 0.008009
1992 164  0 154 130.6 0.008062
1992 165  0 130 127.5 0.008190
1992 166  0 116 127.2 0.008225
1992 167  0  91 124.7 0.008262
1992 168  0  97 122.9 0.008208
1992 169  0  97 134.4 0.008153
1992 170  0  89 119.8 0.008153
1992 171  0  95 119.1 0.008046
1992 172  0  85 116.8 0.007918
1992 173  0  83 121.3 0.007792
1992 174  0 104 120.0 0.007574
1992 175  0 110 125.5 0.007393
1992 176  0 106 121.8 0.007230
1992 177  0  97 127.4 0.007195
1992 178  0  89 115.3 0.007067
1992 179  0  57 113.1 0.006923
1992 180  0  65 112.0 0.006995
1992 181  0 106 114.4 0.007032
1992 182  0 101 127.0 0.007176
1992 183  0 104 134.1 0.007374
1992 184  0  88 141.2 0.007430
1992 185  0  84 141.1 0.007628
1992 186  0  95 141.3 0.007702
1992 187  0 104 150.6 0.007792
1992 188  0 103 155.4 0.007881
1992 189  0 105 159.9 0.008046
1992 190  0 111 156.6 0.008134
1992 191  0 136 165.0 0.008225
1992 192  0 172 175.7 0.008262
1992 193  0 177 173.9 0.008258
1992 194  0 176 177.8 0.007448
1992 195  0 168 181.4 0.007372
1992 196  0 201 181.3 0.008569
1992 197  0 214 173.3 0.008588
1992 198  0 212 162.8 0.008478
1992 199  0 186 140.4 0.008262
1992 200  0 136 130.2 0.008467
1992 201  0 117 122.3 0.008396
1992 202  0  88 127.5 0.008240
1992 203  0  87 111.8 0.008120
1992 204  0  89 107.7 0.007853
1992 205  0  72 101.9 0.007650
1992 206  0  57 103.2 0.007555
1992 207  0  49 101.5 0.007528
1992 208  0  72 104.3 0.007590
1992 209  0  81 103.4 0.007631
1992 210  0  71  98.5 0.007662
1992 211  0  52 101.1 0.007678
1992 212  0  63  99.9 0.007702
1992 213  0  71 106.3 0.007820
1992 214  0  93 113.6 0.007840
1992 215  0 128 128.2 0.008057
1992 216  0 147 135.1 0.008264
1992 217  0 147 134.7 0.008317
1992 218  0 134 134.3 0.008355
1992 219  0 127 141.9 0.008523
1992 220  0 123 145.4 0.008534
1992 221  0 132 147.5 0.008690
1992 222  0 132 141.4 0.008859
1992 223  0 105 136.3 0.008843
1992 224  0  85 133.9 0.008838
1992 225  0  76 131.7 0.008618
1992 226  0  87 132.3 0.008524
1992 227  0 117 132.0 0.008383
1992 228  0 108 133.8 0.008204
1992 229  0 137 140.0 0.008148
1992 230  0 128 137.1 0.008098
1992 231  0 101 132.7 0.007936
1992 232  0  98 138.0 0.007735
1992 233  0  84 159.1 0.007753
1992 234  0  68 127.8 0.007644
1992 235  0  63 124.4 0.007160
1992 236  0  51 113.2 0.007488
1992 237  0  54 104.0 0.007435
1992 238  0  28 100.1 0.007412
1992 239  0  43  94.4 0.007444
1992 240  0  48  95.8 0.007456
1992 241  0  47  97.6 0.007609
1992 242  0  57  97.1 0.007561
1992 243  0  50  96.6 0.007665
1992 244  0  51  99.0 0.007729
1992 245  0  69 101.6 0.007719
1992 246  0  72 106.3 0.007778
1992 247  0  65 108.9 0.007760
1992 248  0  68 106.4 0.007789
1992 249  0  69 121.2 0.007913
1992 250  0  77 141.3 0.008153
1992 251  0  65 133.6 0.008055
1992 252  0  56 130.8 0.008115
1992 253  0  84 118.5 0.008075
1992 254  0  79 118.4 0.008128
1992 255  0  87 120.1 0.008094
1992 256  0  93 118.7 0.008040
1992 257  0 113 128.8 0.008195
1992 258  0 113 123.1 0.008091
1992 259  0 110 121.5 0.008192
1992 260  0 112 127.9 0.007747
1992 261  0  91 120.6 0.007782
1992 262  0  79 118.5 0.007617
1992 263  0  93 113.4 0.007783
1992 264  0  91 107.1 0.007843
1992 265  0  96 110.4 0.007267
1992 266  0  97 112.3 0.007785
1992 267  0 131 112.6 0.007866
1992 268  0 132 112.6 0.007822
1992 269  0 110 116.5 0.007915
1992 270  0 124 117.3 0.007964
1992 271  0 127 121.6 0.007985
1992 272  0  91 116.6 0.007856
1992 273  0 106 117.7 0.007964
1992 274  0 119 116.2 0.008041
1992 275  0 128 118.2 0.008035
1992 276  0 147 119.5 0.007820
1992 277  0 143 120.2 0.007955
1992 278  0 158 126.1 0.008021
1992 279  0 183 130.1 0.008080
1992 280  0 170 137.3 0.008172
1992 281  0 155 135.8 0.008256
1992 282  0 132 125.4 0.008218
1992 283  0 137 121.0 0.008004
1992 284  0 110 112.1 0.007890
1992 285  0  86 110.0 0.007738
1992 286  0  62 106.5 0.007448
1992 287  0  54 108.2 0.007308
1992 288  0  65 104.9 0.007301
1992 289  0  60  97.8 0.007290
1992 290  0  81  99.9 0.007275
1992 291  0  83 105.8 0.007286
1992 292  0 110 111.4 0.007352
1992 293  0 138 123.4 0.007546
1992 294  0 113 131.9 0.007580
1992 295  0 147 139.2 0.007632
1992 296  0 156 149.2 0.007721
1992 297  0 143 140.3 0.007767
1992 298  0 171 145.1 0.007782
1992 299  0 170 159.4 0.007738
1992 300  0 188 167.9 0.007810
1992 301  0 207 168.9 0.007968
1992 302  0 197 172.3 0.008028
1992 303  0 167 161.6 0.008009
1992 304  0 150 225.8 0.008086
1992 305  0 123 147.3 0.008029
1992 306  0 147 144.8 0.007952
1992 307  0 124 138.8 0.008027
1992 308  0  96 132.9 0.007932
1992 309  0 121 140.4 0.007857
1992 310  0 134 133.6 0.007770
1992 311  0 134 130.5 0.007721
1992 312  0 136 132.4 0.007627
1992 313  0 104 129.7 0.007550
1992 314  0 107 129.9 0.007456
1992 315  0 104 133.7 0.007524
1992 316  0 119 132.0 0.007615
1992 317  0 117 124.7 0.007645
1992 318  0  88 122.2 0.007567
1992 319  0  97 123.4 0.007750
1992 320  0  99 124.1 0.007731
1992 321  0 119 133.7 0.007894
1992 322  0 141 148.9 0.008035
1992 323  0 144 158.2 0.008205
1992 324  0 152 157.1 0.008280
1992 325  0 138 155.0 0.008363
1992 326  0 120 999.9 0.008406
1992 327  0 134 162.0 0.008338
1992 328  0 162 171.7 0.008450
1992 329  0 172 169.4 0.008542
1992 330  0 176 162.4 0.008617
1992 331  0 164 158.2 0.008676
1992 332  0 164 152.6 0.008439
1992 333  0 140 144.7 0.008272
1992 334  0 130 136.0 0.008088
1992 335  0 104 135.9 0.007975
1992 336  0  96 127.1 0.007910
1992 337  0  83 126.0 0.007809
1992 338  0  87 121.3 0.007689
1992 339  0  87 115.9 0.007522
1992 340  0  75 112.4 0.007370
1992 341  0  71 115.9 0.007326
1992 342  0  50 116.1 0.007440
1992 343  0  93 124.8 0.007607
1992 344  0 134 129.6 0.007748
1992 345  0 146 137.5 0.007846
1992 346  0 171 159.0 0.008072
1992 347  0 161 163.1 0.008197
1992 348  0 167 167.6 0.008336
1992 349  0 170 161.8 0.008403
1992 350  0 165 150.4 0.008432
1992 351  0 161 145.8 0.008441
1992 352  0 155 145.5 0.008417
1992 353  0 145 144.9 0.008318
1992 354  0 143 142.2 0.008242
1992 355  0 143 143.2 0.008301
1992 356  0 124 140.8 0.008372
1992 357  0 134 137.6 0.008470
1992 358  0 117 139.3 0.008517
1992 359  0 115 132.0 0.008527
1992 360  0 120 132.0 0.008559
1992 361  0 133 127.2 0.008264
1992 362  0 108 121.2 0.007939
1992 363  0 127 123.4 0.007799
1992 364  0 115 121.3 0.007757
1992 365  0 102 121.9 0.007508
1992 366  0  83 125.8 0.007370
1993   1  0  63 118.3 0.007317
1993   2  0  56 117.4 0.007371
1993   3  0  52 120.6 0.007512
1993   4  0  71 117.1 0.007607
1993   5  0  98 120.8 0.007671
1993   6  0 115 125.8 0.007872
1993   7  0 111 126.3 0.007957
1993   8  0 122 128.6 0.008031
1993   9  0 129 124.5 0.008012
1993  10  0 137 127.7 0.008111
1993  11  0 125 127.4 0.008100
1993  12  0 129 135.6 0.008114
1993  13  0 132 136.6 0.008007
1993  14  0  95 128.8 0.007850
1993  15  0  80 121.9 0.007846
1993  16  0  81 129.1 0.007985
1993  17  0  85 121.9 0.007914
1993  18  0  91 117.7 0.007887
1993  19  0  93 112.7 0.007785
1993  20  0  71 106.5 0.007766
1993  21  0  65 103.3 0.007837
1993  22  0  47 101.0 0.007811
1993  23  0  41 102.7 0.007769
1993  24  0  62 101.6 0.007691
1993  25  0  70 102.6 0.007546
1993  26  0  51 103.3 0.007309
1993  27  0  59 107.6 0.007294
1993  28  0  51 108.6 0.007234
1993  29  0  48 110.7 0.007332
1993  30  0  49 109.6 0.007366
1993  31  0  44 115.6 0.007405
1993  32  0  31 121.5 0.007453
1993  33  0  48 124.7 0.007498
1993  34  0 103 133.0 0.007700
1993  35  0 119 143.2 0.007849
1993  36  0 167 155.6 0.007999
1993  37  0 170 178.8 0.008052
1993  38  0 180 171.2 0.008064
1993  39  0 188 183.4 0.007974
1993  40  0 177 180.3 0.008086
1993  41  0 160 175.0 0.008086
1993  42  0 133 168.8 0.008013
1993  43  0 136 144.9 0.007882
1993  44  0 129 131.7 0.007824
1993  45  0 115 137.9 0.007718
1993  46  0 103 131.6 0.007744
1993  47  0 124 130.5 0.007915
1993  48  0  96 121.4 0.007848
1993  49  0 112 123.2 0.007945
1993  50  0 124 113.4 0.007947
1993  51  0 136 120.6 0.007921
1993  52  0 129 120.3 0.007922
1993  53  0 140 130.3 0.007774
1993  54  0 142 129.6 0.007659
1993  55  0 126 132.7 0.007670
1993  56  0 124 125.5 0.007704
1993  57  0 121 123.8 0.007615
1993  58  0 121 121.6 0.007545
1993  59  0 124 121.4 0.007571
1993  60  0 112 129.6 0.007624
1993  61  0 117 141.0 0.007713
1993  62  0 123 148.6 0.007873
1993  63  0 136 163.8 0.008129
1993  64  0 154 162.5 0.008148
1993  65  0 141 164.0 0.008311
1993  66  0 136 150.9 0.008261
1993  67  0 120 144.3 0.007996
1993  68  0 125 140.6 0.007794
1993  69  0 119 146.7 0.007826
1993  70  0 126 148.0 0.007912
1993  71  0 113 158.7 0.007765
1993  72  0  98 139.9 0.007680
1993  73  0  82 134.2 0.007595
1993  74  0  88 129.7 0.007566
1993  75  0  82 120.5 0.007708
1993  76  0  88 122.4 0.007753
1993  77  0 101 126.2 0.007888
1993  78  0 106 133.4 0.008129
1993  79  0 103 127.0 0.007979
1993  80  0 114 129.7 0.007904
1993  81  0 107 126.6 0.007785
1993  82  0  92 120.1 0.007690
1993  83  0  62 114.4 0.007697
1993  84  0  59 116.0 0.007672
1993  85  0  67 116.4 0.007647
1993  86  0  75 122.4 0.007616
1993  87  0  75 125.8 0.007453
1993  88  0  79 128.3 0.007590
1993  89  0  85 128.7 0.007729
1993  90  0  90 124.9 0.007809
1993  91  0 102 123.5 0.007857
1993  92  0 102 120.7 0.007954
1993  93  0 114 117.0 0.007882
1993  94  0 102 116.4 0.007789
1993  95  0 114 118.9 0.007762
1993  96  0 135 133.1 0.007733
1993  97  0 120 130.0 0.007634
1993  98  0 123 143.5 0.007585
1993  99  0 132 136.0 0.007474
1993 100  0 120 139.2 0.007327
1993 101  0  85 119.4 0.007127
1993 102  0  56 103.7 0.007022
1993 103  0  33  97.7 0.007049
1993 104  0  23  92.8 0.007014
1993 105  0  20  88.8 0.007022
1993 106  0  20  90.9 0.007071
1993 107  0  52  96.5 0.006904
1993 108  0  74 106.6 0.006941
1993 109  0  77 111.9 0.007032
1993 110  0 135 119.9 0.007139
1993 111  0 149 120.5 0.007285
1993 112  0 141 118.4 0.007546
1993 113  0 146 122.9 0.007615
1993 114  0 149 130.3 0.007835
1993 115  0 133 126.2 0.007837
1993 116  0  80 125.0 0.007911
1993 117  0  94 119.6 0.007871
1993 118  0  82 115.2 0.007923
1993 119  0  62 108.1 0.007885
1993 120  0  58 107.4 0.007873
1993 121  0  42 104.2 0.007646
1993 122  0  41 104.7 0.007611
1993 123  0  54 108.9 0.007610
1993 124  0  89 112.4 0.007567
1993 125  0  99 120.0 0.007531
1993 126  0  96 122.2 0.007374
1993 127  0  95 133.0 0.007331
1993 128  0 104 131.2 0.007231
1993 129  0 112 131.5 0.007148
1993 130  0 154 136.8 0.007204
1993 131  0 161 134.7 0.007349
1993 132  0 149 129.0 0.007372
1993 133  0 109 122.4 0.007393
1993 134  0  76 114.6 0.007290
1993 135  0  66 106.7 0.007175
1993 136  0  48 101.1 0.007227
1993 137  0  41  98.4 0.007237
1993 138  0  31  93.5 0.007226
1993 139  0  18  93.1 0.007193
1993 140  0  42  93.4 0.007154
1993 141  0  32  93.3 0.007210
1993 142  0  24  94.1 0.007163
1993 143  0  28  97.3 0.007200
1993 144  0  42 100.9 0.007232
1993 145  0  68 102.4 0.007344
1993 146  0  85 110.4 0.007502
1993 147  0  76 122.7 0.007666
1993 148  0  95 129.2 0.007588
1993 149  0 117 132.5 0.007630
1993 150  0 125 144.1 0.007711
1993 151  0 123 142.1 0.007703
1993 152  0 147 140.4 0.007856
1993 153  0 142 143.4 0.007912
1993 154  0 141 140.4 0.007805
1993 155  0 115 133.7 0.007634
1993 156  0 105 137.7 0.007469
1993 157  0 116 131.3 0.007426
1993 158  0 101 115.7 0.007400
1993 159  0  77 115.2 0.007346
1993 160  0  64 118.9 0.007173
1993 161  0  66 116.0 0.007033
1993 162  0  52 104.9 0.006922
1993 163  0  25  96.2 0.006895
1993 164  0  14  89.4 0.006820
1993 165  0  14  86.4 0.006962
1993 166  0  14  84.6 0.006927
1993 167  0  18  85.0 0.006841
1993 168  0  24  86.1 0.006894
1993 169  0  22  87.4 0.006947
1993 170  0  21  88.8 0.007078
1993 171  0  34  94.1 0.007145
1993 172  0  36  94.0 0.007281
1993 173  0  38  99.8 0.007318
1993 174  0  71 113.1 0.007404
1993 175  0  70 125.4 0.007588
1993 176  0  82 122.6 0.007668
1993 177  0  82 126.0 0.007816
1993 178  0  94 131.7 0.007931
1993 179  0  96 127.8 0.008060
1993 180  0 110 126.7 0.008061
1993 181  0  98 120.3 0.007681
1993 182  0  81 111.8 0.007669
1993 183  0  85 113.6 0.007349
1993 184  0  92 114.2 0.007324
1993 185  0 111 110.1 0.007176
1993 186  0 101 103.9 0.007067
1993 187  0  81  98.4 0.006912
1993 188  0  62  96.5 0.006908
1993 189  0  56  96.4 0.006837
1993 190  0  53  93.2 0.006819
1993 191  0  43  89.0 0.006762
1993 192  0  49  85.8 0.006840
1993 193  0  49  88.7 0.006908
1993 194  0  71  89.5 0.006887
1993 195  0  87  95.7 0.006899
1993 196  0  92  96.3 0.006919
1993 197  0  87 100.3 0.006908
1993 198  0  93 102.6 0.007038
1993 199  0 111 103.7 0.007028
1993 200  0 114 104.1 0.007111
1993 201  0  99 105.6 0.007199
1993 202  0  92 108.9 0.007277
1993 203  0  81 111.2 0.007364
1993 204  0  94 113.3 0.007493
1993 205  0  92 109.8 0.007553
1993 206  0  85 105.1 0.007633
1993 207  0  76 106.8 0.007644
1993 208  0  83 106.4 0.007589
1993 209  0  82 104.6 0.007475
1993 210  0  65 103.5 0.007460
1993 211  0  62 100.8 0.007315
1993 212  0  64  99.1 0.007222
1993 213  0  56 102.8 0.007173
1993 214  0  59 103.7 0.007083
1993 215  0  53 100.8 0.006988
1993 216  0  52  98.9 0.006959
1993 217  0  40  97.0 0.006838
1993 218  0  73  97.1 0.006877
1993 219  0  64  93.8 0.006912
1993 220  0  70  93.4 0.006941
1993 221  0  87  99.1 0.006943
1993 222  0  96 104.5 0.007007
1993 223  0 108 111.2 0.007141
1993 224  0  86 103.2 0.007089
1993 225  0  89  99.2 0.006966
1993 226  0  58  94.6 0.007126
1993 227  0  43  92.8 0.007019
1993 228  0  33  92.4 0.007044
1993 229  0  43  95.1 0.007170
1993 230  0  41  94.3 0.007150
1993 231  0  41  93.9 0.007239
1993 232  0  34  93.8 0.007241
1993 233  0  46  97.0 0.007272
1993 234  0  62  96.2 0.007280
1993 235  0  62  94.8 0.007237
1993 236  0  83  92.5 0.007190
1993 237  0  79  90.6 0.007166
1993 238  0  65  90.2 0.007079
1993 239  0  73  89.4 0.007000
1993 240  0  71  90.2 0.006978
1993 241  0  73  91.7 0.006990
1993 242  0  55  90.7 0.006904
1993 243  0  44  90.6 0.006930
1993 244  0  36  87.1 0.006822
1993 245  0  33  82.6 0.006698
1993 246  0  31  80.9 0.006691
1993 247  0  32  80.5 0.006630
1993 248  0  31  81.0 0.006591
1993 249  0  19  80.2 0.006575
1993 250  0  17  79.6 0.006685
1993 251  0  17  80.2 0.006706
1993 252  0  22  80.1 0.006675
1993 253  0  13  80.1 0.006651
1993 254  0  17  79.8 0.006618
1993 255  0  13  79.5 0.006610
1993 256  0  14  81.1 0.006659
1993 257  0  14  82.6 0.006766
1993 258  0  14  85.6 0.006910
1993 259  0  32  89.0 0.007010
1993 260  0  29  85.9 0.007049
1993 261  0  26  86.0 0.006869
1993 262  0  21  85.0 0.006851
1993 263  0  21  80.3 0.006795
1993 264  0  19  80.6 0.006742
1993 265  0  19  79.8 0.006821
1993 266  0  22  82.0 0.006885
1993 267  0  32  90.0 0.006832
1993 268  0  60  96.5 0.006796
1993 269  0  60 106.8 0.006692
1993 270  0  68 104.9 0.006711
1993 271  0  72 111.7 0.006714
1993 272  0  67 116.8 0.006733
1993 273  0  64 120.9 0.006717
1993 274  0  81 117.1 0.006658
1993 275  0 120 126.9 0.006622
1993 276  0 110 124.8 0.006556
1993 277  0 126 121.5 0.006511
1993 278  0 113 123.7 0.006743
1993 279  0  89 118.0 0.006747
1993 280  0  82 116.6 0.006718
1993 281  0  88 113.1 0.006706
1993 282  0  96 110.1 0.006698
1993 283  0  73 107.1 0.006755
1993 284  0  82 102.3 0.006867
1993 285  0  71  97.3 0.006920
1993 286  0  47  94.5 0.006984
1993 287  0  39  90.8 0.007004
1993 288  0  66  93.5 0.007086
1993 289  0  71  90.3 0.007012
1993 290  0  52  89.4 0.007019
1993 291  0  47  86.7 0.006947
1993 292  0  55  88.1 0.006889
1993 293  0  79  93.5 0.006959
1993 294  0  92  94.2 0.006827
1993 295  0  77  91.3 0.006839
1993 296  0  73  91.4 0.006805
1993 297  0  69  90.6 0.006717
1993 298  0  54  86.0 0.006410
1993 299  0  63  87.4 0.006574
1993 300  0  49  86.0 0.006639
1993 301  0  37  87.3 0.006630
1993 302  0  29  90.5 0.006561
1993 303  0  38  90.0 0.006602
1993 304  0  35  90.1 0.006727
1993 305  0  18  90.0 0.006711
1993 306  0  26  91.8 0.006673
1993 307  0  24  92.4 0.006691
1993 308  0  27  94.1 0.006751
1993 309  0  41  94.8 0.006703
1993 310  0  45  94.9 0.006745
1993 311  0  46  93.5 0.006901
1993 312  0  45  90.2 0.006938
1993 313  0  35  88.7 0.006989
1993 314  0  34  88.2 0.006896
1993 315  0  19  87.0 0.006912
1993 316  0  20  88.9 0.006961
1993 317  0  28  92.2 0.006895
1993 318  0  30  92.3 0.006967
1993 319  0  37  99.9 0.007036
1993 320  0  43  98.2 0.006865
1993 321  0  50  97.7 0.006719
1993 322  0  50 100.2 0.006692
1993 323  0  57  98.7 0.006668
1993 324  0  58  98.0 0.006678
1993 325  0  76  94.8 0.006724
1993 326  0  76  96.8 0.006702
1993 327  0  72  97.9 0.006784
1993 328  0  73  97.5 0.006820
1993 329  0  54  94.7 0.006752
1993 330  0  62  90.8 0.006835
1993 331  0  60  87.3 0.006848
1993 332  0  72  90.7 0.006876
1993 333  0  74  91.2 0.006944
1993 334  0  93 100.8 0.007049
1993 335  0  94 105.6 0.007147
1993 336  0  78 101.3 0.007157
1993 337  0  84 102.6 0.007152
1993 338  0  92 101.6 0.007169
1993 339  0  88  98.3 0.007134
1993 340  0  77  99.9 0.007108
1993 341  0  91 103.8 0.007139
1993 342  0  80 101.9 0.007079
1993 343  0  74  95.4 0.007109
1993 344  0  64  93.2 0.007098
1993 345  0  43  89.7 0.006930
1993 346  0  29  88.1 0.006904
1993 347  0  24  85.1 0.006716
1993 348  0  32  85.1 0.006731
1993 349  0  11  82.8 0.006578
1993 350  0  28  81.9 0.006616
1993 351  0  31  81.1 0.006708
1993 352  0  39  82.4 0.006710
1993 353  0  25  84.2 0.006766
1993 354  0  38  88.1 0.006766
1993 355  0  52  89.9 0.006842
1993 356  0  62  96.6 0.006878
1993 357  0  76 101.6 0.007038
1993 358  0  88 107.5 0.007119
1993 359  0 105 115.2 0.007276
1993 360  0  87 120.5 0.007217
1993 361  0  97 135.8 0.007237
1993 362  0  85 129.2 0.007250
1993 363  0 102 124.4 0.007290
1993 364  0 105 138.0 0.007268
1993 365  0 139 136.2 0.007312
1994   1  0 126 143.4 0.007273
1994   2  0 113 141.4 0.007333
1994   3  0 136 128.7 0.007289
1994   4  0 151 124.6 0.007324
1994   5  0 153 132.4 0.007424
1994   6  0 148 127.7 0.007312
1994   7  0 138 122.1 0.007190
1994   8  0 119 118.9 0.007092
1994   9  0  97 113.1 0.006883
1994  10  0  69 106.5 0.006709
1994  11  0  62  97.8 0.006532
1994  12  0  60  94.6 0.006551
1994  13  0  66  91.9 0.006436
1994  14  0  53  87.3 0.006421
1994  15  0  51  92.6 0.006375
1994  16  0  43  97.0 0.006380
1994  17  0  37 102.0 0.006483
1994  18  0  44  97.5 0.006613
1994  19  0  41  99.5 0.006792
1994  20  0  51 101.6 0.006824
1994  21  0  78 107.3 0.007023
1994  22  0  95 109.5 0.006992
1994  23  0  88 114.6 0.007085
1994  24  0 103 125.1 0.007176
1994  25  0  97 128.1 0.007369
1994  26  0  98 123.9 0.007468
1994  27  0  85 116.8 0.007381
1994  28  0  72 115.7 0.007234
1994  29  0  63  98.9 0.007163
1994  30  0  56  96.1 0.007156
1994  31  0  38  94.7 0.007094
1994  32  0  45  91.7 0.007115
1994  33  0  48  93.5 0.007135
1994  34  0  59  95.1 0.007062
1994  35  0  68  92.7 0.006904
1994  36  0  59  90.6 0.006826
1994  37  0  62  92.2 0.006793
1994  38  0  71  93.3 0.006744
1994  39  0  63  92.6 0.006617
1994  40  0  62  98.3 0.006569
1994  41  0  49  91.8 0.006442
1994  42  0  45  90.7 0.006315
1994  43  0  56  95.1 0.006476
1994  44  0  71  95.4 0.006623
1994  45  0  60  98.9 0.006763
1994  46  0  52 101.3 0.006875
1994  47  0  57 102.3 0.006989
1994  48  0  66 103.9 0.007065
1994  49  0  65 103.9 0.007051
1994  50  0  43 105.6 0.007097
1994  51  0  25 105.2 0.007248
1994  52  0  29 103.1 0.007302
1994  53  0  54 104.4 0.007329
1994  54  0  51 105.1 0.007373
1994  55  0  52 102.9 0.007301
1994  56  0  45  94.8 0.007282
1994  57  0  49  92.6 0.007174
1994  58  0  59  93.0 0.007180
1994  59  0  71  90.8 0.007203
1994  60  0  73  92.4 0.007139
1994  61  0  84  96.3 0.007066
1994  62  0  93  99.2 0.007007
1994  63  0  81  96.3 0.006929
1994  64  0  75  94.2 0.006781
1994  65  0  90  94.1 0.006661
1994  66  0  78  90.0 0.006547
1994  67  0  69  89.9 0.006495
1994  68  0  61  88.7 0.006409
1994  69  0  43  86.8 0.006509
1994  70  0  48  87.0 0.006518
1994  71  0  60  91.7 0.006649
1994  72  0  54  89.1 0.006721
1994  73  0  27  86.2 0.006728
1994  74  0  39  86.5 0.006743
1994  75  0  33  85.3 0.006742
1994  76  0  33  84.3 0.006812
1994  77  0  27  85.9 0.006970
1994  78  0  19  88.3 0.007023
1994  79  0  12  87.9 0.007054
1994  80  0  25  90.0 0.007083
1994  81  0  36  90.5 0.007105
1994  82  0  33  91.2 0.007074
1994  83  0  48  92.1 0.007034
1994  84  0  55  90.4 0.007082
1994  85  0  36  88.1 0.007075
1994  86  0  22  88.0 0.007100
1994  87  0  21  87.3 0.007022
1994  88  0  21  85.8 0.007020
1994  89  0  39  86.1 0.006891
1994  90  0  36  84.9 0.006833
1994  91  0  29  82.4 0.006670
1994  92  0   0  79.3 0.006527
1994  93  0   0  77.4 0.006431
1994  94  0   0  77.2 0.006328
1994  95  0  12  77.2 0.006183
1994  96  0   0  73.3 0.006103
1994  97  0   0  73.0 0.006123
1994  98  0  14  72.9 0.006207
1994  99  0  14  72.9 0.006253
1994 100  0  15  75.7 0.006308
1994 101  0  19  74.6 0.006306
1994 102  0  17  74.2 0.006318
1994 103  0  22  74.3 0.006343
1994 104  0  20  79.9 0.006487
1994 105  0  32  80.6 0.006518
1994 106  0  20  82.3 0.006675
1994 107  0  29  82.5 0.006723
1994 108  0  29  84.9 0.006883
1994 109  0  36  86.2 0.006868
1994 110  0  48  87.0 0.006931
1994 111  0  53  87.6 0.007027
1994 112  0  65  86.3 0.006971
1994 113  0  63  86.1 0.007018
1994 114  0  68  84.3 0.006948
1994 115  0  51  83.8 0.006909
1994 116  0  51  82.0 0.006752
1994 117  0  53  79.0 0.006575
1994 118  0  26  78.4 0.006522
1994 119  0  15  78.9 0.006462
1994 120  0  20  76.0 0.006349
1994 121  0  30  76.3 0.006312
1994 122  0  59  77.1 0.006240
1994 123  0  44  75.6 0.006240
1994 124  0  20  74.4 0.006234
1994 125  0  15  74.4 0.006244
1994 126  0  17  75.3 0.006321
1994 127  0  23  75.2 0.006315
1994 128  0  32  75.8 0.006395
1994 129  0  20  78.8 0.006403
1994 130  0  28  81.4 0.006479
1994 131  0  32  83.6 0.006507
1994 132  0  45  89.2 0.006589
1994 133  0  54  91.4 0.006689
1994 134  0  52  92.1 0.006799
1994 135  0  50  93.4 0.006888
1994 136  0  55  93.3 0.006934
1994 137  0  65  97.2 0.006970
1994 138  0  55  95.8 0.007004
1994 139  0  47  92.7 0.006967
1994 140  0  42  91.9 0.007007
1994 141  0  42  89.8 0.006895
1994 142  0  35  86.7 0.006781
1994 143  0  32  83.6 0.006629
1994 144  0  15  79.9 0.006517
1994 145  0  15  76.1 0.006318
1994 146  0   0  73.4 0.006399
1994 147  0   0  72.1 0.006228
1994 148  0   0  71.4 0.006054
1994 149  0   0  71.4 0.006000
1994 150  0   0  71.3 0.006050
1994 151  0   0  71.1 0.006063
1994 152  0   0  69.6 0.006032
1994 153  0   0  69.9 0.006108
1994 154  0   0  70.3 0.006100
1994 155  0   0  69.5 0.006142
1994 156  0   0  70.3 0.006156
1994 157  0  17  72.7 0.006202
1994 158  0  23  79.4 0.006358
1994 159  0  61  82.9 0.006412
1994 160  0  61  85.5 0.006663
1994 161  0  71  88.0 0.006708
1994 162  0  89  89.1 0.006739
1994 163  0  75  89.0 0.006771
1994 164  0  84  87.7 0.006801
1994 165  0  82  88.0 0.006824
1994 166  0  77  91.0 0.006909
1994 167  0  74  90.8 0.006859
1994 168  0  60  86.6 0.006763
1994 169  0  52  80.9 0.006660
1994 170  0  43  79.8 0.006516
1994 171  0  27  78.9 0.006387
1994 172  0  17  76.8 0.006387
1994 173  0  21  74.6 0.006316
1994 174  0  34  75.5 0.006325
1994 175  0  52  75.2 0.006179
1994 176  0  40  75.5 0.006148
1994 177  0  21  76.3 0.006113
1994 178  0  14  75.4 0.006061
1994 179  0  21  76.4 0.006110
1994 180  0  37  81.4 0.006285
1994 181  0  38  85.4 0.006375
1994 182  0  46  89.7 0.006373
1994 183  0  62  85.6 0.006454
1994 184  0  56  89.3 0.006596
1994 185  0  59  87.4 0.006701
1994 186  0  39  86.2 0.006792
1994 187  0  39  87.1 0.006788
1994 188  0  68  91.1 0.006900
1994 189  0  87  88.7 0.006864
1994 190  0  71  88.8 0.006795
1994 191  0  87  88.9 0.006816
1994 192  0 104  88.5 0.006791
1994 193  0  98  85.7 0.006744
1994 194  0  85  84.1 0.006679
1994 195  0  65  84.6 0.006594
1994 196  0  62  85.7 0.006509
1994 197  0  78  85.1 0.006431
1994 198  0  77  83.0 0.006336
1994 199  0  69  82.7 0.006400
1994 200  0  39  80.1 0.006323
1994 201  0  42  79.4 0.006323
1994 202  0  39  79.8 0.006317
1994 203  0  27  80.1 0.006229
1994 204  0  23  78.2 0.006211
1994 205  0  20  77.7 0.006253
1994 206  0  17  77.8 0.006271
1994 207  0  25  76.3 0.006229
1994 208  0  20  76.6 0.006256
1994 209  0  23  77.1 0.006272
1994 210  0  10  78.0 0.006344
1994 211  0  17  77.6 0.006489
1994 212  0  14  76.8 0.006520
1994 213  0  17  76.2 0.006572
1994 214  0  15  77.2 0.006612
1994 215  0  20  78.7 0.006615
1994 216  0  21  77.4 0.006593
1994 217  0  27  77.8 0.006451
1994 218  0  26  77.5 0.006484
1994 219  0  20  77.9 0.006539
1994 220  0  18  75.9 0.006498
1994 221  0  18  77.4 0.006490
1994 222  0  23  79.7 0.006461
1994 223  0  31  78.7 0.006344
1994 224  0  55  82.9 0.006352
1994 225  0  60  86.7 0.006342
1994 226  0  67  91.2 0.006359
1994 227  0  64  83.5 0.006344
1994 228  0  66  78.8 0.006283
1994 229  0  63  79.5 0.006251
1994 230  0  60  79.3 0.006221
1994 231  0  66  77.1 0.006217
1994 232  0  46  74.0 0.006151
1994 233  0  29  72.7 0.006161
1994 234  0  15  72.2 0.006164
1994 235  0  35  73.5 0.006226
1994 236  0  18  73.5 0.006241
1994 237  0  18  72.5 0.006279
1994 238  0  18  73.7 0.006301
1994 239  0  17  72.5 0.006297
1994 240  0  20  72.5 0.006315
1994 241  0  24  79.1 0.006354
1994 242  0  34  84.7 0.006388
1994 243  0  53  83.8 0.006393
1994 244  0  60  87.3 0.006413
1994 245  0  77  94.9 0.006474
1994 246  0  93  98.2 0.006569
1994 247  0  83  95.8 0.006616
1994 248  0 102  95.1 0.006673
1994 249  0  90  95.0 0.006622
1994 250  0  90  92.1 0.006549
1994 251  0  74  89.6 0.006567
1994 252  0  65  87.3 0.006477
1994 253  0  49  82.8 0.006394
1994 254  0  30  82.0 0.006412
1994 255  0  16  78.2 0.006313
1994 256  0  14  76.5 0.006291
1994 257  0  14  74.8 0.006231
1994 258  0  13  72.3 0.006218
1994 259  0  13  71.6 0.006182
1994 260  0  19  71.0 0.006113
1994 261  0  35  72.5 0.006147
1994 262  0  22  70.8 0.006116
1994 263  0   0  70.3 0.006143
1994 264  0   0  70.4 0.006203
1994 265  0  17  71.2 0.006196
1994 266  0  19  71.8 0.006240
1994 267  0  22  73.3 0.006285
1994 268  0  25  76.6 0.006354
1994 269  0  41  77.4 0.006374
1994 270  0  44  75.0 0.006318
1994 271  0  33  74.2 0.006351
1994 272  0  27  74.7 0.006351
1994 273  0  27  74.7 0.006334
1994 274  0  24  74.7 0.006352
1994 275  0  27  74.6 0.006358
1994 276  0  24  74.3 0.006328
1994 277  0  41  74.7 0.006316
1994 278  0  73  79.4 0.006345
1994 279  0  81  84.2 0.006318
1994 280  0  70  83.7 0.006332
1994 281  0  67  86.0 0.006320
1994 282  0  76  86.9 0.006353
1994 283  0  75  86.6 0.006347
1994 284  0  73  87.2 0.006358
1994 285  0  69  87.7 0.006362
1994 286  0  73  92.7 0.006460
1994 287  0  92  92.1 0.006512
1994 288  0  87  92.2 0.006524
1994 289  0  78  90.9 0.006493
1994 290  0  60  91.0 0.006578
1994 291  0  84  89.8 0.006592
1994 292  0  86  89.9 0.006584
1994 293  0  75  89.3 0.006493
1994 294  0  63  87.0 0.006482
1994 295  0  44  84.7 0.006463
1994 296  0  43  83.3 0.006443
1994 297  0  43  81.3 0.006436
1994 298  0  41  88.5 0.006469
1994 299  0  86  91.5 0.006632
1994 300  0  87  91.9 0.006759
1994 301  0  87  96.1 0.006710
1994 302  0  84  96.9 0.006811
1994 303  0  90  96.4 0.006720
1994 304  0  78  95.2 0.006784
1994 305  0  74  90.9 0.006694
1994 306  0  79  90.0 0.006756
1994 307  0  56  85.9 0.006599
1994 308  0  46  82.6 0.006511
1994 309  0  51  82.0 0.006446
1994 310  0  39  79.7 0.006356
1994 311  0  28  80.4 0.006355
1994 312  0  26  78.6 0.006322
1994 313  0  38  77.4 0.006423
1994 314  0  39  78.5 0.006435
1994 315  0  26  77.5 0.006506
1994 316  0  28  78.5 0.006481
1994 317  0  13  79.5 0.006589
1994 318  0  15  77.0 0.006611
1994 319  0  13  77.2 0.006578
1994 320  0  13  77.2 0.006574
1994 321  0  16  77.3 0.006448
1994 322  0  31  78.1 0.006393
1994 323  0  25  76.6 0.006416
1994 324  0  15  76.9 0.006349
1994 325  0  11  76.0 0.006328
1994 326  0  13  74.5 0.006415
1994 327  0  13  75.6 0.006387
1994 328  0  13  76.6 0.006448
1994 329  0  30  79.4 0.006460
1994 330  0  28  81.0 0.006483
1994 331  0  33  78.3 0.006520
1994 332  0  38  77.6 0.006528
1994 333  0  18  77.4 0.006496
1994 334  0  16  76.1 0.006430
1994 335  0  13  76.9 0.006393
1994 336  0  11  76.8 0.006339
1994 337  0   0  79.5 0.006300
1994 338  0  12  79.5 0.006386
1994 339  0  18  78.4 0.006457
1994 340  0  15  76.2 0.006387
1994 341  0  25  77.7 0.006494
1994 342  0  31  78.8 0.006515
1994 343  0  52  84.0 0.006637
1994 344  0  54  83.8 0.006670
1994 345  0  70  92.3 0.006693
1994 346  0  63  96.4 0.006733
1994 347  0  49  93.8 0.006744
1994 348  0  43  91.7 0.006641
1994 349  0  39  90.3 0.006519
1994 350  0  32  90.1 0.006470
1994 351  0  43  88.9 0.006431
1994 352  0  42  84.6 0.006468
1994 353  0  40  82.3 0.006463
1994 354  0  26  79.8 0.006459
1994 355  0  22  79.6 0.006523
1994 356  0  37  79.5 0.006593
1994 357  0  26  77.2 0.006592
1994 358  0  37  77.0 0.006564
1994 359  0  44  78.0 0.006612
1994 360  0  53  77.2 0.006542
1994 361  0  36  73.4 0.006500
1994 362  0  21  76.3 0.006444
1994 363  0  21  77.0 0.006418
1994 364  0  12  74.0 0.006351
1994 365  0  11  74.8 0.006334
1995   1  0  13  72.9 0.006201
1995   2  0  11  74.8 0.006208
1995   3  0  15  74.3 0.006208
1995   4  0  19  74.4 0.006346
1995   5  0  15  73.8 0.006353
1995   6  0  20  72.0 0.006459
1995   7  0   9  72.2 0.006416
1995   8  0  12  71.3 0.006393
1995   9  0  12  71.4 0.006409
1995  10  0  11  70.9 0.006372
1995  11  0  12  72.8 0.006359
1995  12  0  13  73.7 0.006342
1995  13  0  11  72.5 0.006363
1995  14  0  15  74.7 0.006352
1995  15  0  16  78.0 0.006324
1995  16  0  23  80.1 0.006386
1995  17  0  31  80.8 0.006403
1995  18  0  47  83.9 0.006480
1995  19  0  57  87.3 0.006557
1995  20  0  69  89.6 0.006689
1995  21  0  74  93.4 0.006789
1995  22  0  72  92.5 0.006802
1995  23  0  73  93.0 0.006681
1995  24  0  81  94.1 0.006710
1995  25  0  66  86.8 0.006553
1995  26  0  40  83.1 0.006485
1995  27  0  31  85.8 0.006453
1995  28  0  34  80.2 0.006416
1995  29  0  24  82.1 0.006442
1995  30  0  42  83.9 0.006373
1995  31  0  43  84.2 0.006510
1995  32  0  54  84.6 0.006538
1995  33  0  63  83.5 0.006558
1995  34  0  58  80.4 0.006558
1995  35  0  54  83.6 0.006559
1995  36  0  54  78.8 0.006495
1995  37  0  52  82.0 0.006549
1995  38  0  24  81.5 0.006572
1995  39  0  18  83.2 0.006534
1995  40  0  29  81.5 0.006489
1995  41  0  35  79.3 0.006441
1995  42  0  20  79.0 0.006434
1995  43  0  21  79.1 0.006415
1995  44  0  17  83.5 0.006386
1995  45  0  26  80.4 0.006449
1995  46  0  34  82.9 0.006557
1995  47  0  40  83.5 0.006644
1995  48  0  51  86.9 0.006787
1995  49  0  47  86.7 0.006875
1995  50  0  70  92.4 0.006945
1995  51  0  70  88.8 0.006913
1995  52  0  69  87.1 0.006741
1995  53  0  72  83.4 0.006651
1995  54  0  64  82.9 0.006697
1995  55  0  46  81.7 0.006651
1995  56  0  43  81.6 0.006590
1995  57  0  40  84.5 0.006553
1995  58  0  49  85.9 0.006584
1995  59  0  63  89.1 0.006577
1995  60  0  76  88.3 0.006576
1995  61  0  83  88.7 0.006557
1995  62  0  82  89.4 0.006638
1995  63  0  97  87.6 0.006579
1995  64  0  91  82.9 0.006559
1995  65  0  57  82.2 0.006504
1995  66  0  54  82.7 0.006455
1995  67  0  30  79.6 0.006481
1995  68  0  15  75.8 0.006327
1995  69  0   0  78.1 0.006339
1995  70  0  12  75.1 0.006298
1995  71  0  18  75.3 0.006232
1995  72  0  15  76.6 0.006240
1995  73  0  15  78.1 0.006311
1995  74  0  25  80.2 0.006460
1995  75  0  19  83.3 0.006494
1995  76  0  24  82.5 0.006610
1995  77  0  52  90.9 0.006661
1995  78  0  57  83.4 0.006569
1995  79  0  61  88.3 0.006642
1995  80  0  62  89.3 0.006691
1995  81  0  67  92.9 0.006666
1995  82  0  65  93.6 0.006762
1995  83  0  65  94.4 0.006551
1995  84  0  62  91.8 0.006631
1995  85  0  61  89.9 0.006741
1995  86  0  42  88.6 0.006417
1995  87  0  28  83.4 0.006429
1995  88  0  34  80.7 0.006615
1995  89  0  34  79.5 0.006503
1995  90  0  33  76.7 0.006446
1995  91  0  20  75.3 0.006392
1995  92  0  26  76.2 0.006340
1995  93  0  29  75.2 0.006296
1995  94  0  15  73.1 0.006257
1995  95  0   0  72.2 0.006227
1995  96  0   0  71.9 0.006172
1995  97  0   0  70.7 0.006179
1995  98  0   0  72.0 0.006184
1995  99  0   0  72.9 0.006183
1995 100  0   0  74.8 0.006219
1995 101  0  15  78.0 0.006337
1995 102  0  28  82.3 0.006458
1995 103  0  48  83.3 0.006540
1995 104  0  53  88.9 0.006557
1995 105  0  65  92.0 0.006620
1995 106  0  71  89.7 0.006676
1995 107  0  74  89.6 0.006607
1995 108  0  63  90.7 0.006621
1995 109  0  53  92.6 0.006603
1995 110  0  39  87.2 0.006562
1995 111  0  20  85.5 0.006651
1995 112  0  17  84.8 0.006484
1995 113  0   0  77.6 0.006403
1995 114  0   0  73.4 0.006351
1995 115  0   0  71.3 0.006326
1995 116  0   0  70.2 0.006259
1995 117  0  12  69.1 0.006258
1995 118  0   0  68.6 0.006226
1995 119  0   0  69.0 0.006167
1995 120  0   0  68.2 0.006110
1995 121  0  12  69.7 0.006133
1995 122  0   0  69.9 0.006060
1995 123  0   0  70.2 0.006061
1995 124  0  11  71.8 0.006098
1995 125  0  13  74.2 0.006085
1995 126  0  12  77.8 0.006178
1995 127  0  11  79.0 0.006329
1995 128  0  12  79.4 0.006456
1995 129  0  13  79.2 0.006569
1995 130  0  15  79.3 0.006599
1995 131  0  16  78.4 0.006656
1995 132  0  35  82.4 0.006677
1995 133  0  35  82.2 0.006647
1995 134  0  36  81.6 0.006603
1995 135  0  48  87.8 0.006628
1995 136  0  54  95.9 0.006723
1995 137  0  58  97.3 0.006666
1995 138  0  54  93.4 0.006625
1995 139  0  47  88.3 0.006560
1995 140  0  36  82.8 0.006483
1995 141  0  17  77.0 0.006392
1995 142  0  13  72.6 0.006307
1995 143  0   0  70.4 0.006233
1995 144  0   0  68.8 0.005967
1995 145  0   0  68.9 0.006034
1995 146  0   0  68.1 0.006078
1995 147  0   0  67.5 0.006041
1995 148  0  12  68.4 0.006090
1995 149  0  16  68.7 0.006063
1995 150  0  13  69.4 0.005979
1995 151  0  12  70.9 0.006019
1995 152  0  12  72.5 0.006025
1995 153  0  13  75.4 0.006090
1995 154  0  17  76.8 0.006153
1995 155  0  20  81.4 0.006321
1995 156  0  43  84.2 0.006489
1995 157  0  35  81.8 0.006629
1995 158  0  40  85.0 0.006622
1995 159  0  40  86.8 0.006652
1995 160  0  35  89.0 0.006785
1995 161  0  43  87.0 0.006847
1995 162  0  35  85.1 0.006764
1995 163  0  29  83.3 0.006643
1995 164  0  24  79.2 0.006574
1995 165  0  17  78.1 0.006536
1995 166  0   0  75.6 0.006319
1995 167  0   0  73.1 0.006198
1995 168  0  10  72.1 0.006078
1995 169  0  13  71.8 0.006078
1995 170  0  26  73.7 0.006101
1995 171  0  19  74.2 0.006130
1995 172  0  22  74.7 0.006100
1995 173  0  24  75.5 0.006081
1995 174  0  23  74.3 0.006098
1995 175  0  19  73.4 0.006092
1995 176  0  19  73.2 0.006077
1995 177  0  17  73.2 0.006085
1995 178  0  14  74.7 0.006044
1995 179  0  13  77.0 0.006100
1995 180  0  20  80.1 0.006169
1995 181  0  33  80.8 0.006570
1995 182  0  42  81.5 0.006601
1995 183  0  35  80.3 0.006705
1995 184  0  20  80.7 0.006492
1995 185  0  20  83.5 0.006576
1995 186  0  31  82.9 0.006605
1995 187  0  38  83.6 0.006610
1995 188  0  41  83.3 0.006625
1995 189  0  35  84.2 0.006618
1995 190  0  39  82.9 0.006599
1995 191  0  30  79.9 0.006517
1995 192  0  25  78.6 0.006482
1995 193  0  18  76.7 0.006394
1995 194  0  15  74.9 0.006336
1995 195  0  18  76.8 0.006410
1995 196  0  27  76.8 0.006325
1995 197  0  24  75.9 0.006360
1995 198  0  22  74.7 0.006319
1995 199  0  20  74.4 0.006330
1995 200  0  30  72.8 0.006329
1995 201  0  32  72.0 0.006322
1995 202  0  20  70.8 0.006267
1995 203  0  15  71.1 0.006263
1995 204  0   0  70.7 0.006251
1995 205  0   0  71.5 0.006252
1995 206  0   0  72.0 0.006215
1995 207  0  10  71.6 0.006257
1995 208  0  11  72.7 0.006285
1995 209  0   0  72.6 0.006342
1995 210  0   0  72.0 0.006333
1995 211  0   0  71.9 0.006375
1995 212  0  14  72.9 0.006372
1995 213  0  18  74.8 0.006418
1995 214  0  19  75.7 0.006349
1995 215  0  22  75.5 0.006427
1995 216  0  20  75.1 0.006494
1995 217  0  20  77.2 0.006500
1995 218  0  28  77.3 0.006531
1995 219  0  23  75.8 0.006506
1995 220  0  17  75.6 0.006422
1995 221  0  11  75.5 0.006426
1995 222  0  13  75.0 0.006328
1995 223  0  14  74.9 0.006322
1995 224  0   0  73.8 0.006363
1995 225  0  11  72.7 0.006238
1995 226  0   0  71.9 0.006241
1995 227  0  15  73.2 0.006271
1995 228  0  27  72.3 0.006237
1995 229  0  17  71.5 0.006274
1995 230  0   0  73.6 0.006342
1995 231  0   0  73.4 0.006332
1995 232  0  10  73.0 0.006332
1995 233  0   0  72.7 0.006286
1995 234  0  10  71.9 0.006228
1995 235  0  19  75.9 0.006195
1995 236  0  40  78.8 0.006226
1995 237  0  38  78.8 0.006262
1995 238  0  52  78.9 0.006262
1995 239  0  41  81.6 0.006401
1995 240  0  31  83.2 0.006476
1995 241  0  18  79.7 0.006453
1995 242  0  17  78.9 0.006517
1995 243  0  14  77.0 0.006455
1995 244  0  12  75.0 0.006385
1995 245  0  11  74.6 0.006326
1995 246  0  11  74.9 0.006287
1995 247  0  21  75.6 0.006228
1995 248  0  21  75.9 0.006200
1995 249  0  11  73.0 0.006110
1995 250  0  11  71.2 0.006098
1995 251  0   0  70.1 0.006216
1995 252  0   0  69.7 0.006164
1995 253  0   0  68.9 0.006171
1995 254  0   0  68.9 0.006145
1995 255  0  12  69.5 0.006190
1995 256  0  11  70.1 0.006218
1995 257  0   0  70.3 0.006238
1995 258  0  13  70.9 0.006083
1995 259  0  11  70.4 0.006209
1995 260  0   0  70.5 0.006225
1995 261  0   0  72.3 0.006265
1995 262  0  15  74.3 0.006332
1995 263  0  28  76.2 0.006338
1995 264  0  29  74.5 0.006346
1995 265  0  40  75.1 0.006410
1995 266  0  38  75.5 0.006497
1995 267  0  40  74.2 0.006524
1995 268  0  34  74.5 0.006524
1995 269  0  33  73.9 0.006519
1995 270  0  34  72.6 0.006478
1995 271  0  12  73.0 0.006463
1995 272  0  12  74.0 0.006425
1995 273  0  11  73.0 0.006358
1995 274  0   0  72.8 0.006290
1995 275  0   0  72.7 0.006231
1995 276  0   0  71.1 0.006213
1995 277  0   0  70.8 0.006219
1995 278  0   0  69.8 0.006208
1995 279  0   0  70.9 0.006195
1995 280  0  15  72.8 0.006247
1995 281  0  13  74.1 0.006273
1995 282  0  32  76.0 0.006318
1995 283  0  42  82.1 0.006394
1995 284  0  70  89.1 0.006481
1995 285  0  83  91.8 0.006511
1995 286  0  84  87.5 0.006537
1995 287  0  78  86.7 0.006623
1995 288  0  45  82.5 0.006568
1995 289  0  62  85.0 0.006614
1995 290  0  54  84.1 0.006616
1995 291  0  41  80.9 0.006542
1995 292  0  30  79.8 0.006222
1995 293  0  26  81.8 0.006382
1995 294  0  38  80.3 0.006387
1995 295  0  38  79.7 0.006407
1995 296  0  38  75.9 0.006389
1995 297  0  36  73.5 0.006390
1995 298  0  32  73.1 0.006371
1995 299  0  32  73.0 0.006363
1995 300  0  17  73.1 0.006311
1995 301  0  15  72.9 0.006244
1995 302  0  13  72.8 0.006238
1995 303  0   0  72.3 0.006191
1995 304  0  15  72.2 0.006206
1995 305  0   0  73.3 0.006171
1995 306  0  12  72.1 0.006154
1995 307  0  12  71.4 0.006204
1995 308  0   0  72.0 0.006195
1995 309  0   0  73.9 0.006298
1995 310  0  12  73.5 0.006373
1995 311  0  12  73.2 0.006374
1995 312  0  12  74.8 0.006440
1995 313  0  14  75.7 0.006461
1995 314  0  19  76.5 0.006385
1995 315  0  14  75.9 0.006327
1995 316  0  12  74.6 0.006340
1995 317  0  12  71.5 0.006390
1995 318  0  12  73.4 0.006420
1995 319  0  31  75.0 0.006477
1995 320  0  34  74.2 0.006412
1995 321  0  51  73.4 0.006463
1995 322  0  36  73.4 0.006470
1995 323  0  16  72.2 0.006403
1995 324  0  16  71.5 0.006411
1995 325  0  14  71.1 0.006406
1995 326  0  14  71.0 0.006372
1995 327  0  14  70.9 0.006373
1995 328  0   0  70.4 0.006359
1995 329  0   0  69.9 0.006328
1995 330  0   0  70.8 0.006325
1995 331  0   0  68.9 0.006286
1995 332  0  14  71.5 0.006257
1995 333  0  17  70.4 0.005674
1995 334  0  19  72.3 0.006317
1995 335  0  24  70.7 0.006305
1995 336  0  18  71.2 0.006287
1995 337  0  24  71.2 0.006311
1995 338  0  24  70.7 0.006295
1995 339  0  21  71.4 0.006292
1995 340  0  15  71.8 0.006330
1995 341  0  15  71.9 0.006327
1995 342  0  12  71.8 0.006408
1995 343  0  28  71.6 0.006441
1995 344  0  25  71.3 0.006387
1995 345  0  27  71.1 0.006448
1995 346  0  16  70.0 0.006283
1995 347  0  15  70.4 0.006366
1995 348  0  13  67.6 0.006338
1995 349  0  12  68.0 0.006289
1995 350  0   0  67.7 0.006245
1995 351  0   0  67.1 0.006213
1995 352  0   0  66.4 0.006248
1995 353  0   0  67.0 0.006181
1995 354  0  12  67.3 0.006212
1995 355  0  13  67.8 0.006155
1995 356  0  13  68.9 0.006295
1995 357  0  12  69.9 0.006288
1995 358  0   0  69.9 0.006236
1995 359  0  18  70.1 0.006279
1995 360  0  25  71.7 0.006316
1995 361  0  27  71.5 0.006325
1995 362  0  25  73.4 0.006133
1995 363  0  13  73.9 0.006292
1995 364  0  15  72.8 0.006362
1995 365  0   0  72.7 0.006399
1996   1  0   0  72.6 0.006438
1996   2  0  14  72.3 0.006433
1996   3  0  22  78.2 0.006510
1996   4  0  35  83.1 0.006626
1996   5  0  56  82.1 0.006536
1996   6  0  55  79.9 0.006490
1996   7  0  48  79.8 0.006438
1996   8  0  41  76.7 0.006368
1996   9  0  22  73.4 0.006296
1996  10  0  13  71.4 0.006301
1996  11  0   0  69.1 0.006223
1996  12  0   0  67.2 0.006131
1996  13  0   0  66.7 0.006122
1996  14  0   0  67.4 0.006134
1996  15  0   0  67.9 0.006179
1996  16  0   0  67.6 0.006202
1996  17  0   0  68.2 0.006140
1996  18  0   0  68.7 0.006205
1996  19  0   0  68.5 0.006290
1996  20  0   0  69.1 0.006147
1996  21  0  10  69.5 0.006159
1996  22  0   0  70.0 0.006246
1996  23  0   0  71.0 0.006151
1996  24  0  13  70.7 0.006281
1996  25  0  10  71.7 0.006290
1996  26  0  10  71.5 0.006349
1996  27  0  10  71.6 0.006415
1996  28  0  12  71.4 0.006445
1996  29  0  10  71.8 0.006428
1996  30  0  19  72.5 0.006474
1996  31  0  13  74.5 0.006487
1996  32  0  16  72.9 0.006502
1996  33  0  16  74.2 0.006452
1996  34  0  12  71.9 0.006268
1996  35  0   0  71.4 0.006213
1996  36  0   0  69.4 0.006220
1996  37  0   0  69.2 0.006157
1996  38  0   0  68.2 0.006153
1996  39  0   0  65.7 0.006142
1996  40  0   0  68.1 0.006163
1996  41  0   0  68.0 0.006155
1996  42  0   0  68.2 0.006153
1996  43  0   0  67.3 0.006177
1996  44  0   0  67.0 0.006133
1996  45  0   0  67.2 0.006097
1996  46  0  12  67.4 0.006000
1996  47  0   0  68.5 0.006082
1996  48  0   0  69.0 0.006125
1996  49  0   0  68.6 0.006134
1996  50  0   0  69.4 0.006123
1996  51  0  14  70.6 0.006203
1996  52  0  17  70.4 0.006330
1996  53  0  14  70.1 0.006234
1996  54  0  14  72.3 0.006312
1996  55  0  29  74.1 0.006329
1996  56  0  23  71.8 0.006296
1996  57  0  14  70.9 0.006275
1996  58  0  12  70.7 0.006328
1996  59  0  14  70.8 0.006299
1996  60  0  16  70.9 0.006222
1996  61  0   0  70.6 0.006217
1996  62  0   0  69.8 0.006140
1996  63  0   0  69.0 0.006144
1996  64  0  12  68.1 0.006121
1996  65  0   0  68.0 0.006203
1996  66  0  19  68.4 0.006163
1996  67  0  12  66.8 0.006013
1996  68  0   0  68.8 0.006025
1996  69  0   0  66.6 0.006045
1996  70  0   0  68.2 0.006049
1996  71  0  22  70.9 0.006094
1996  72  0  22  72.4 0.006132
1996  73  0  22  70.5 0.006137
1996  74  0  18  70.0 0.006115
1996  75  0  17  69.6 0.006103
1996  76  0  14  70.3 0.006081
1996  77  0  12  70.0 0.006188
1996  78  0  12  70.0 0.006183
1996  79  0  11  69.4 0.006199
1996  80  0   0  68.8 0.006147
1996  81  0  17  69.9 0.006176
1996  82  0  22  73.4 0.006204
1996  83  0  22  71.6 0.006192
1996  84  0  19  70.9 0.006206
1996  85  0  18  72.1 0.006279
1996  86  0  32  71.6 0.006249
1996  87  0  29  71.6 0.006248
1996  88  0  25  71.7 0.006186
1996  89  0  14  70.3 0.006175
1996  90  0   0  70.1 0.006128
1996  91  0   0  70.0 0.006154
1996  92  0   0  68.1 0.006154
1996  93  0  14  70.6 0.006192
1996  94  0  16  71.1 0.006200
1996  95  0  11  70.2 0.006200
1996  96  0   0  70.0 0.006215
1996  97  0   0  68.8 0.006135
1996  98  0   0  68.6 0.006149
1996  99  0   0  68.6 0.006175
1996 100  0   0  69.3 0.006178
1996 101  0   0  69.1 0.006148
1996 102  0   0  68.8 0.006215
1996 103  0  13  68.7 0.006245
1996 104  0  11  69.3 0.006244
1996 105  0   0  69.1 0.006211
1996 106  0   0  68.5 0.006162
1996 107  0   0  68.8 0.006210
1996 108  0  14  69.9 0.006261
1996 109  0  27  70.8 0.006212
1996 110  0  16  71.2 0.006237
1996 111  0  25  72.3 0.006271
1996 112  0  17  74.8 0.006232
1996 113  0  17  73.2 0.006190
1996 114  0  11  71.9 0.006143
1996 115  0  11  69.5 0.006168
1996 116  0   0  68.7 0.006171
1996 117  0   0  69.1 0.006148
1996 118  0   0  69.2 0.006192
1996 119  0   0  68.6 0.006126
1996 120  0   0  69.5 0.006165
1996 121  0   0  69.6 0.006205
1996 122  0   0  68.9 0.006185
1996 123  0   0  69.0 0.006245
1996 124  0   0  69.5 0.006187
1996 125  0   0  70.6 0.006276
1996 126  0   0  72.0 0.006273
1996 127  0  15  76.0 0.006339
1996 128  0  17  76.3 0.006419
1996 129  0  18  77.5 0.006438
1996 130  0  17  77.7 0.006490
1996 131  0  20  79.1 0.006569
1996 132  0  25  78.0 0.006586
1996 133  0  22  75.1 0.006557
1996 134  0  21  74.3 0.006576
1996 135  0  20  73.4 0.006460
1996 136  0  15  72.5 0.006422
1996 137  0  13  72.6 0.006457
1996 138  0  11  72.9 0.006437
1996 139  0  11  72.0 0.006310
1996 140  0   0  70.4 0.006242
1996 141  0  11  69.6 0.006209
1996 142  0   0  68.5 0.006078
1996 143  0   0  68.1 0.006086
1996 144  0   0  68.9 0.006067
1996 145  0   0  69.0 0.006033
1996 146  0   0  68.7 0.006058
1996 147  0   0  68.7 0.006073
1996 148  0   0  68.4 0.006030
1996 149  0   0  67.8 0.006037
1996 150  0   0  68.3 0.006096
1996 151  0   0  68.4 0.006109
1996 152  0   0  69.9 0.006162
1996 153  0  11  70.4 0.006198
1996 154  0  11  70.2 0.006238
1996 155  0  11  71.2 0.006272
1996 156  0  13  71.2 0.006354
1996 157  0  16  72.8 0.006346
1996 158  0  32  73.8 0.006388
1996 159  0  28  75.4 0.006325
1996 160  0  28  72.4 0.006277
1996 161  0  35  72.0 0.006221
1996 162  0  17  71.1 0.006138
1996 163  0  13  70.2 0.006117
1996 164  0  13  69.5 0.006057
1996 165  0   0  70.3 0.006056
1996 166  0   0  69.8 0.006029
1996 167  0   0  69.5 0.005995
1996 168  0   0  69.0 0.006005
1996 169  0   0  69.6 0.005964
1996 170  0  14  69.9 0.005991
1996 171  0  24  70.7 0.006006
1996 172  0  11  71.9 0.006031
1996 173  0  11  72.6 0.006035
1996 174  0  11  72.0 0.006023
1996 175  0  24  70.9 0.006103
1996 176  0  25  74.7 0.006183
1996 177  0  24  74.3 0.006236
1996 178  0  25  74.2 0.006251
1996 179  0  25  73.8 0.006254
1996 180  0  25  73.8 0.006293
1996 181  0  24  73.3 0.006309
1996 182  0  24  73.1 0.006387
1996 183  0  12  72.4 0.006381
1996 184  0  14  72.8 0.006361
1996 185  0  13  71.3 0.006342
1996 186  0   0  71.5 0.006362
1996 187  0  12  71.0 0.006331
1996 188  0   0  70.5 0.006290
1996 189  0  20  74.3 0.006292
1996 190  0  37  84.3 0.006360
1996 191  0  39  86.5 0.006321
1996 192  0  37  82.5 0.006282
1996 193  0  29  79.6 0.006224
1996 194  0  19  76.2 0.006078
1996 195  0  13  72.5 0.006039
1996 196  0   0  70.0 0.005988
1996 197  0   0  69.3 0.006001
1996 198  0   0  69.1 0.006087
1996 199  0   0  69.0 0.006036
1996 200  0   0  67.0 0.006026
1996 201  0   0  68.3 0.005982
1996 202  0   0  67.5 0.006016
1996 203  0   0  67.2 0.005654
1996 204  0   0  68.2 0.006148
1996 205  0   0  68.9 0.006159
1996 206  0   0  68.3 0.006150
1996 207  0   0  70.4 0.006207
1996 208  0  12  72.4 0.006229
1996 209  0  13  75.6 0.006272
1996 210  0  17  77.8 0.006368
1996 211  0  22  80.3 0.006436
1996 212  0  27  82.3 0.006265
1996 213  0  30  82.7 0.006323
1996 214  0  26  82.8 0.006359
1996 215  0  31  81.9 0.006402
1996 216  0  31  81.6 0.006356
1996 217  0  29  79.9 0.006354
1996 218  0  22  76.2 0.006343
1996 219  0  14  75.1 0.006289
1996 220  0  23  73.7 0.006182
1996 221  0  15  71.7 0.006098
1996 222  0  19  72.1 0.006030
1996 223  0  20  73.6 0.006056
1996 224  0  29  74.8 0.006087
1996 225  0  23  72.0 0.006124
1996 226  0  16  71.4 0.006090
1996 227  0  29  70.5 0.006074
1996 228  0  26  69.3 0.006022
1996 229  0  14  69.3 0.006009
1996 230  0  15  69.5 0.006078
1996 231  0  12  68.4 0.005906
1996 232  0  15  69.3 0.005898
1996 233  0  14  70.1 0.005890
1996 234  0  14  71.3 0.005912
1996 235  0  12  74.5 0.005977
1996 236  0  14  75.8 0.006013
1996 237  0  22  76.2 0.006131
1996 238  0  14  76.3 0.006229
1996 239  0  18  75.8 0.006319
1996 240  0  18  75.9 0.006351
1996 241  0  15  74.7 0.006398
1996 242  0  15  75.0 0.006384
1996 243  0  19  74.7 0.006362
1996 244  0  26  77.6 0.006365
1996 245  0  24  74.8 0.006339
1996 246  0  17  73.6 0.006536
1996 247  0  13  72.4 0.006409
1996 248  0   0  72.0 0.006165
1996 249  0   0  71.4 0.006122
1996 250  0   0  70.8 0.006111
1996 251  0  22  70.5 0.006153
1996 252  0   0  69.2 0.006114
1996 253  0   0  68.8 0.006077
1996 254  0   0  68.9 0.006031
1996 255  0   0  68.5 0.006014
1996 256  0  15  68.6 0.006048
1996 257  0   0  68.1 0.006031
1996 258  0   0  67.9 0.006034
1996 259  0   0  67.1 0.006043
1996 260  0   0  68.7 0.006060
1996 261  0   0  69.6 0.006070
1996 262  0   0  69.6 0.006111
1996 263  0   0  69.8 0.006102
1996 264  0   0  69.7 0.006132
1996 265  0   0  70.3 0.006192
1996 266  0   0  69.1 0.006222
1996 267  0   0  70.4 0.006292
1996 268  0   0  70.4 0.006280
1996 269  0   0  71.2 0.006306
1996 270  0   0  70.4 0.006288
1996 271  0   0  70.1 0.006245
1996 272  0   0  71.2 0.006297
1996 273  0   0  70.3 0.006175
1996 274  0   0  69.7 0.006178
1996 275  0   0  69.6 0.006099
1996 276  0   0  69.8 0.006138
1996 277  0   0  69.6 0.006094
1996 278  0   0  69.4 0.006050
1996 279  0   0  68.5 0.006029
1996 280  0   0  68.8 0.005976
1996 281  0   0  68.2 0.006008
1996 282  0   0  67.7 0.006012
1996 283  0   0  67.7 0.005935
1996 284  0   0  67.4 0.005951
1996 285  0   0  66.4 0.005924
1996 286  0   0  66.9 0.005857
1996 287  0   0  67.3 0.005890
1996 288  0   0  68.2 0.005937
1996 289  0   0  68.6 0.005962
1996 290  0   0  68.1 0.006066
1996 291  0   0  68.0 0.006078
1996 292  0   0  69.0 0.006130
1996 293  0   0  70.4 0.006204
1996 294  0   0  70.6 0.006257
1996 295  0   0  69.0 0.006218
1996 296  0   0  69.1 0.006205
1996 297  0   0  67.1 0.006252
1996 298  0   0  69.1 0.006242
1996 299  0   7  69.1 0.006185
1996 300  0   7  70.3 0.006188
1996 301  0   7  71.2 0.006180
1996 302  0   0  67.5 0.006098
1996 303  0   0  69.4 0.006043
1996 304  0   0  69.7 0.005942
1996 305  0   0  68.6 0.005931
1996 306  0   0  68.5 0.005949
1996 307  0   0  67.9 0.005927
1996 308  0   0  68.3 0.005938
1996 309  0   0  67.8 0.005963
1996 310  0   0  67.1 0.005899
1996 311  0   0  68.0 0.005928
1996 312  0   0  67.3 0.005933
1996 313  0   0  67.8 0.005931
1996 314  0  11  68.9 0.005965
1996 315  0  17  69.6 0.006014
1996 316  0  20  70.0 0.006080
1996 317  0  15  70.7 0.006134
1996 318  0  15  71.5 0.006260
1996 319  0   0  72.1 0.006281
1996 320  0  28  71.9 0.006401
1996 321  0  56  72.2 0.006434
1996 322  0  25  70.4 0.006450
1996 323  0  13  72.4 0.006430
1996 324  0  14  72.6 0.006435
1996 325  0  13  72.7 0.006433
1996 326  0  25  72.6 0.006375
1996 327  0  33  80.6 0.006406
1996 328  0  61  88.7 0.006419
1996 329  0  63  97.3 0.006369
1996 330  0  79 101.7 0.006368
1996 331  0  72 100.8 0.006253
1996 332  0  63 100.0 0.006206
1996 333  0  47  95.4 0.006247
1996 334  0  43  88.5 0.006212
1996 335  0  35  85.1 0.006294
1996 336  0  24  80.8 0.006236
1996 337  0  13  75.7 0.006222
1996 338  0   0  70.7 0.006165
1996 339  0   0  68.6 0.006086
1996 340  0   0  67.6 0.006120
1996 341  0   0  67.6 0.006132
1996 342  0   0  67.1 0.006053
1996 343  0  14  66.6 0.006102
1996 344  0  18  71.5 0.006140
1996 345  0  17  70.2 0.006174
1996 346  0  29  75.2 0.006202
1996 347  0  30  78.6 0.006299
1996 348  0  34  79.2 0.006503
1996 349  0  28  80.0 0.006508
1996 350  0  30  82.3 0.006561
1996 351  0  25  83.5 0.006574
1996 352  0  29  83.6 0.006643
1996 353  0  34  85.6 0.006765
1996 354  0  24  84.6 0.006820
1996 355  0  16  80.3 0.006618
1996 356  0  22  80.9 0.006653
1996 357  0  22  78.9 0.006494
1996 358  0  12  76.9 0.006351
1996 359  0  13  76.4 0.006275
1996 360  0   0  74.7 0.006217
1996 361  0   0  73.0 0.006123
1996 362  0   0  72.2 0.006147
1996 363  0   0  71.8 0.006108
1996 364  0   0  71.4 0.006002
1996 365  0   0  70.1 0.005985
1996 366  0   0  69.8 0.006020
1997   1  0   0  70.0 0.005972
1997   2  0   0  69.7 0.006051
1997   3  0   0  70.8 0.006153
1997   4  0  14  71.4 0.006178
1997   5  0  13  71.9 0.006197
1997   6  0  16  70.6 0.006162
1997   7  0  10  70.9 0.006204
1997   8  0   0  71.3 0.006199
1997   9  0  12  71.3 0.006312
1997  10  0  12  72.9 0.006317
1997  11  0   9  71.6 0.006332
1997  12  0   0  72.1 0.006325
1997  13  0   0  72.1 0.006350
1997  14  0   0  72.4 0.006372
1997  15  0  14  73.3 0.006336
1997  16  0  22  72.4 0.006416
1997  17  0  10  71.7 0.006372
1997  18  0  14  72.2 0.006307
1997  19  0   0  72.9 0.006291
1997  20  0   0  74.3 0.006251
1997  21  0   0  71.8 0.006235
1997  22  0   0  70.7 0.006155
1997  23  0   0  71.1 0.006110
1997  24  0  12  71.9 0.006167
1997  25  0  10  70.9 0.006085
1997  26  0  10  71.9 0.006080
1997  27  0  12  71.3 0.006088
1997  28  0   0  70.8 0.006121
1997  29  0  13  72.4 0.006152
1997  30  0  14  71.5 0.006166
1997  31  0  13  70.3 0.006145
1997  32  0  13  69.2 0.006199
1997  33  0  33  76.2 0.006302
1997  34  0  43  77.4 0.006336
1997  35  0  45  78.4 0.006333
1997  36  0  33  73.3 0.006302
1997  37  0  26  72.2 0.006283
1997  38  0  22  73.7 0.006341
1997  39  0  12  73.2 0.006390
1997  40  0  12  71.2 0.006381
1997  41  0   0  70.4 0.006338
1997  42  0   0  69.3 0.006337
1997  43  0   0  69.1 0.006271
1997  44  0   0  69.3 0.006260
1997  45  0   0  69.6 0.006229
1997  46  0   0  70.1 0.006172
1997  47  0  13  70.3 0.006081
1997  48  0   0  71.4 0.006093
1997  49  0  12  71.2 0.006184
1997  50  0  12  70.4 0.006152
1997  51  0  10  71.0 0.006094
1997  52  0   0  71.6 0.006182
1997  53  0   0  71.9 0.006203
1997  54  0   0  73.0 0.006185
1997  55  0  10  73.1 0.006275
1997  56  0  12  72.6 0.006296
1997  57  0   0  72.4 0.006273
1997  58  0   0  72.4 0.006355
1997  59  0   0  71.5 0.006334
1997  60  0   0  70.5 0.006158
1997  61  0   0  71.1 0.006247
1997  62  0   0  72.8 0.006268
1997  63  0   0  72.8 0.006288
1997  64  0   0  73.4 0.006292
1997  65  0  11  74.2 0.006298
1997  66  0  14  73.1 0.006312
1997  67  0  26  73.6 0.006341
1997  68  0  25  74.1 0.006327
1997  69  0  17  73.8 0.006342
1997  70  0  18  73.4 0.006363
1997  71  0  21  73.4 0.006356
1997  72  0  19  73.3 0.006372
1997  73  0  18  74.7 0.006361
1997  74  0  35  75.0 0.006366
1997  75  0  15  75.0 0.006308
1997  76  0  17  74.4 0.006274
1997  77  0  17  73.7 0.006254
1997  78  0   0  73.1 0.006140
1997  79  0  12  71.0 0.006165
1997  80  0   0  70.0 0.006117
1997  81  0   0  70.1 0.006092
1997  82  0   0  70.3 0.006072
1997  83  0   0  70.6 0.006036
1997  84  0   0  70.2 0.006050
1997  85  0   0  69.5 0.006065
1997  86  0  14  71.9 0.006117
1997  87  0  19  72.9 0.006154
1997  88  0  25  75.1 0.006212
1997  89  0  28  73.8 0.006169
1997  90  0  24  74.6 0.006181
1997  91  0  25  76.2 0.006200
1997  92  0  46  80.4 0.006250
1997  93  0  55  78.8 0.006378
1997  94  0  40  78.6 0.006415
1997  95  0  37  80.3 0.006398
1997  96  0  30  78.3 0.006452
1997  97  0  16  77.0 0.006450
1997  98  0  15  76.3 0.006458
1997  99  0  31  78.3 0.006442
1997 100  0  36  78.0 0.006456
1997 101  0  34  77.4 0.006468
1997 102  0  18  76.9 0.006389
1997 103  0  33  79.3 0.006345
1997 104  0  36  77.9 0.006307
1997 105  0  42  79.2 0.006179
1997 106  0  39  75.6 0.006213
1997 107  0  19  72.3 0.006153
1997 108  0  13  70.7 0.006154
1997 109  0  16  70.6 0.006150
1997 110  0   0  70.4 0.006133
1997 111  0   0  70.9 0.006133
1997 112  0   0  71.5 0.006125
1997 113  0  13  69.7 0.006098
1997 114  0  13  70.7 0.006135
1997 115  0  12  69.6 0.006149
1997 116  0  25  71.8 0.006247
1997 117  0  16  74.1 0.006297
1997 118  0  18  73.4 0.006302
1997 119  0  12  72.9 0.006292
1997 120  0   0  73.7 0.006300
1997 121  0   0  73.4 0.006357
1997 122  0   0  73.3 0.006426
1997 123  0   0  72.3 0.006408
1997 124  0  11  72.1 0.006384
1997 125  0  12  73.6 0.006423
1997 126  0  11  73.4 0.006430
1997 127  0  11  73.3 0.006378
1997 128  0  14  73.3 0.006414
1997 129  0  12  73.0 0.006349
1997 130  0  23  74.6 0.006199
1997 131  0  22  73.8 0.006194
1997 132  0  14  73.7 0.006122
1997 133  0  17  75.4 0.006114
1997 134  0  18  75.1 0.006126
1997 135  0  15  74.7 0.006113
1997 136  0  23  73.9 0.006144
1997 137  0  23  74.4 0.006093
1997 138  0  29  75.8 0.006182
1997 139  0  37  76.0 0.006145
1997 140  0  54  81.1 0.006218
1997 141  0  72  86.9 0.006300
1997 142  0  66  83.0 0.006325
1997 143  0  55  78.1 0.006318
1997 144  0  41  78.9 0.006265
1997 145  0  40  80.1 0.006352
1997 146  0  48  82.0 0.006458
1997 147  0  34  80.4 0.006463
1997 148  0  23  79.5 0.006525
1997 149  0  19  77.6 0.006585
1997 150  0  17  77.2 0.006608
1997 151  0  26  74.5 0.006645
1997 152  0  33  79.6 0.006529
1997 153  0  36  79.1 0.006546
1997 154  0  24  77.4 0.006514
1997 155  0  18  76.1 0.006478
1997 156  0  18  76.1 0.006313
1997 157  0  20  76.4 0.006224
1997 158  0  20  76.9 0.006169
1997 159  0  31  75.4 0.006185
1997 160  0  26  75.3 0.006129
1997 161  0  13  74.2 0.006124
1997 162  0  13  73.0 0.006109
1997 163  0  26  71.8 0.006194
1997 164  0  29  72.3 0.006168
1997 165  0  31  72.9 0.006189
1997 166  0  31  73.0 0.006173
1997 167  0  33  74.4 0.006191
1997 168  0  21  71.8 0.006149
1997 169  0  29  73.5 0.006201
1997 170  0  16  72.4 0.006240
1997 171  0  13  72.5 0.006139
1997 172  0  11  69.8 0.006308
1997 173  0   0  71.8 0.006395
1997 174  0  15  71.3 0.006351
1997 175  0  15  72.2 0.006347
1997 176  0  31  74.1 0.006382
1997 177  0  24  74.2 0.006380
1997 178  0  20  74.1 0.006416
1997 179  0  13  73.6 0.006435
1997 180  0  13  72.6 0.006387
1997 181  0   0  72.1 0.006334
1997 182  0   0  72.4 0.006366
1997 183  0   0  72.4 0.006351
1997 184  0  10  71.4 0.006321
1997 185  0  11  72.0 0.006292
1997 186  0  10  72.0 0.006314
1997 187  0  12  70.6 0.006263
1997 188  0  32  72.6 0.006285
1997 189  0  20  72.1 0.006288
1997 190  0  21  72.3 0.006274
1997 191  0  16  70.8 0.006216
1997 192  0   0  70.9 0.006161
1997 193  0   0  69.6 0.006146
1997 194  0   0  69.3 0.006100
1997 195  0  11  70.3 0.006085
1997 196  0   0  71.5 0.006132
1997 197  0   0  71.9 0.006170
1997 198  0   9  72.2 0.006207
1997 199  0   9  72.3 0.006256
1997 200  0   0  72.8 0.006279
1997 201  0  14  73.5 0.006209
1997 202  0   0  73.6 0.006214
1997 203  0  14  74.5 0.006268
1997 204  0  25  78.1 0.006243
1997 205  0  36  81.2 0.006289
1997 206  0  48  83.0 0.006380
1997 207  0  42  79.0 0.006315
1997 208  0  31  76.8 0.006263
1997 209  0  14  76.5 0.006248
1997 210  0  14  75.0 0.006199
1997 211  0   0  73.2 0.006192
1997 212  0   0  72.5 0.006163
1997 213  0   0  73.2 0.006207
1997 214  0  12  72.9 0.006143
1997 215  0  19  74.3 0.006167
1997 216  0  13  74.9 0.006202
1997 217  0  25  76.9 0.006224
1997 218  0  53  79.0 0.006335
1997 219  0  60  80.1 0.006392
1997 220  0  66  79.9 0.006438
1997 221  0  56  80.3 0.006368
1997 222  0  31  80.4 0.006385
1997 223  0  53  81.6 0.006448
1997 224  0  70  83.0 0.006493
1997 225  0  67  84.2 0.006519
1997 226  0  57  81.6 0.006431
1997 227  0  54  79.6 0.006313
1997 228  0  31  79.8 0.006335
1997 229  0  26  77.4 0.006341
1997 230  0  23  77.7 0.006301
1997 231  0  13  76.1 0.006298
1997 232  0  12  76.3 0.006289
1997 233  0  13  76.3 0.006276
1997 234  0  12  77.2 0.006255
1997 235  0  13  78.2 0.006258
1997 236  0   0  79.4 0.006308
1997 237  0  22  83.7 0.006330
1997 238  0  31  85.5 0.006403
1997 239  0  35  83.5 0.006431
1997 240  0  48  92.3 0.006520
1997 241  0  51  93.3 0.006513
1997 242  0  63  93.8 0.006710
1997 243  0  78  98.2 0.006772
1997 244  0  76  95.1 0.006732
1997 245  0  69  93.3 0.006751
1997 246  0  56  94.7 0.006766
1997 247  0  49  94.6 0.006777
1997 248  0  58  97.6 0.006678
1997 249  0  65  99.1 0.006609
1997 250  0  79 103.6 0.006613
1997 251  0 101 121.1 0.006663
1997 252  0 106 117.7 0.006711
1997 253  0 108 116.4 0.006740
1997 254  0 100 110.0 0.006723
1997 255  0 103 110.3 0.006673
1997 256  0  99 108.9 0.006723
1997 257  0  82 103.7 0.006702
1997 258  0  76  99.1 0.006717
1997 259  0  71  96.4 0.006657
1997 260  0  57  94.0 0.006589
1997 261  0  38  89.0 0.006506
1997 262  0  19  89.1 0.006474
1997 263  0  16  88.4 0.006545
1997 264  0  30  85.8 0.006534
1997 265  0  52  89.6 0.006603
1997 266  0  49  92.3 0.006662
1997 267  0  49  93.5 0.006739
1997 268  0  57  88.9 0.006701
1997 269  0  30  89.5 0.006681
1997 270  0  35  88.8 0.006692
1997 271  0  21  87.5 0.006697
1997 272  0  19  90.0 0.006668
1997 273  0  22  87.9 0.006724
1997 274  0  36  87.3 0.006762
1997 275  0  30  86.0 0.006696
1997 276  0  30  85.8 0.006645
1997 277  0  30  83.4 0.006646
1997 278  0  30  84.3 0.006646
1997 279  0  26  83.6 0.006645
1997 280  0  24  83.4 0.006641
1997 281  0  23  82.7 0.006722
1997 282  0  29  83.3 0.006809
1997 283  0  32  84.0 0.006758
1997 284  0  35  85.8 0.006721
1997 285  0  36  88.3 0.006758
1997 286  0  42  87.8 0.006649
1997 287  0  35  84.3 0.006590
1997 288  0  40  86.4 0.006529
1997 289  0  49  86.9 0.006496
1997 290  0  58  87.5 0.006476
1997 291  0  50  85.9 0.006514
1997 292  0  36  84.0 0.006514
1997 293  0  30  82.1 0.006430
1997 294  0  29  84.2 0.006346
1997 295  0  13  79.9 0.006317
1997 296  0   0  78.8 0.006421
1997 297  0  14  77.7 0.006387
1997 298  0  16  80.5 0.006355
1997 299  0  16  81.0 0.006381
1997 300  0  33  83.3 0.006459
1997 301  0  47  84.4 0.006583
1997 302  0  43  86.0 0.006637
1997 303  0  55  86.9 0.006616
1997 304  0  50  89.2 0.006692
1997 305  0  56  91.6 0.006743
1997 306  0  68  96.2 0.006784
1997 307  0  70 108.0 0.006827
1997 308  0  76 115.9 0.006905
1997 309  0  66 111.9 0.006992
1997 310  0  65 103.5 0.006826
1997 311  0  56  92.7 0.006785
1997 312  0  48  87.9 0.006809
1997 313  0  32  84.8 0.006833
1997 314  0  25  87.6 0.006871
1997 315  0  37  89.6 0.006726
1997 316  0  26  85.4 0.006677
1997 317  0  34  88.2 0.006630
1997 318  0  49  91.0 0.006623
1997 319  0  39  94.1 0.006698
1997 320  0  37  94.1 0.006752
1997 321  0  57  92.0 0.006803
1997 322  0  56  89.4 0.006783
1997 323  0  56  96.8 0.006751
1997 324  0  52  86.5 0.006823
1997 325  0  53  93.6 0.006826
1997 326  0  61  97.7 0.006905
1997 327  0  71  97.3 0.006975
1997 328  0  63 100.6 0.007056
1997 329  0  39  99.4 0.007031
1997 330  0  34 105.2 0.007035
1997 331  0  40 108.2 0.007167
1997 332  0  43 113.2 0.007253
1997 333  0  50 109.0 0.007305
1997 334  0  54 109.3 0.007282
1997 335  0  62 113.7 0.007350
1997 336  0  55 109.0 0.007366
1997 337  0  45 109.0 0.007215
1997 338  0  49 104.2 0.006990
1997 339  0  43 100.7 0.006934
1997 340  0  51 105.6 0.006918
1997 341  0  54  96.0 0.006887
1997 342  0  78  95.1 0.006832
1997 343  0  90  93.8 0.006784
1997 344  0  77  92.2 0.006714
1997 345  0  82  93.4 0.006715
1997 346  0  92  89.6 0.006689
1997 347  0  71  86.5 0.006637
1997 348  0  57  87.1 0.006615
1997 349  0  55  86.3 0.006673
1997 350  0  47  82.0 0.006591
1997 351  0  46  82.9 0.006517
1997 352  0  27  83.5 0.006461
1997 353  0  20  86.8 0.006461
1997 354  0  26  86.7 0.006582
1997 355  0  30  89.0 0.006663
1997 356  0  43  93.8 0.006623
1997 357  0  61 100.7 0.006660
1997 358  0  70 104.3 0.006768
1997 359  0  57 101.3 0.006870
1997 360  0  50 101.3 0.006996
1997 361  0  55  92.7 0.007052
1997 362  0  51  98.7 0.007083
1997 363  0  55 101.0 0.007048
1997 364  0  61  98.0 0.006961
1997 365  0  61 101.1 0.006948
1998   1  0  54  98.3 0.006907
1998   2  0  43  97.6 0.006885
1998   3  0  32  97.7 0.006788
1998   4  0  28  87.7 0.006721
1998   5  0  14  86.3 0.006642
1998   6  0   1  84.1 0.006621
1998   7  0   0  82.1 0.006585
1998   8  0   0  79.5 0.006585
1998   9  0   0  78.9 0.006519
1998  10  0  14  78.0 0.006511
1998  11  0  38  82.0 0.006594
1998  12  0  53  92.7 0.006708
1998  13  0  50  87.5 0.006698
1998  14  0  42  90.8 0.006634
1998  15  0  45  94.6 0.006732
1998  16  0  73  94.4 0.006781
1998  17  0  73  92.8 0.006957
1998  18  0  64  92.0 0.006917
1998  19  0  54  90.5 0.006965
1998  20  0  24  88.5 0.006994
1998  21  0  20  88.0 0.007017
1998  22  0  22  90.1 0.007057
1998  23  0  56  93.9 0.007037
1998  24  0  92  94.5 0.007162
1998  25  0 105 105.0 0.007251
1998  26  0  94  96.9 0.007350
1998  27  0  85  97.7 0.007314
1998  28  0  74  93.7 0.007259
1998  29  0  66  90.9 0.007109
1998  30  0  39  88.4 0.006992
1998  31  0  25  86.8 0.006821
1998  32  0  21  88.1 0.006851
1998  33  0  19  86.5 0.006793
1998  34  0  35  86.3 0.006799
1998  35  0  35  86.6 0.006794
1998  36  0  27  83.1 0.006731
1998  37  0  37  81.8 0.006827
1998  38  0  34  80.8 0.006877
1998  39  0  35  81.3 0.006722
1998  40  0  41  81.5 0.006739
1998  41  0  52  81.5 0.006847
1998  42  0  50  84.0 0.006857
1998  43  0  59  88.3 0.006791
1998  44  0  59  92.3 0.006871
1998  45  0  95 102.3 0.006985
1998  46  0  81 104.7 0.007040
1998  47  0  77 104.2 0.006955
1998  48  0  72 102.4 0.007042
1998  49  0  65 100.9 0.007072
1998  50  0  44  96.3 0.007052
1998  51  0  35  93.6 0.007039
1998  52  0  26  92.8 0.007097
1998  53  0  35  93.5 0.007073
1998  54  0  49  97.3 0.007079
1998  55  0  74  96.6 0.007043
1998  56  0  72  92.9 0.006968
1998  57  0  56  90.9 0.006963
1998  58  0  54  88.6 0.006919
1998  59  0  67  92.3 0.006902
1998  60  0  88  96.5 0.006818
1998  61  0 100  89.9 0.006751
1998  62  0  52  95.0 0.006687
1998  63  0  54 100.0 0.006660
1998  64  0  48  95.1 0.006658
1998  65  0  43  90.3 0.006572
1998  66  0  54  90.5 0.006545
1998  67  0  49  89.9 0.006529
1998  68  0  52  88.7 0.006585
1998  69  0  75  95.0 0.006687
1998  70  0  84  99.4 0.006810
1998  71  0 108 100.3 0.006820
1998  72  0 111 103.7 0.006816
1998  73  0 118 118.2 0.006920
1998  74  0  94 131.6 0.006995
1998  75  0  90 122.6 0.007014
1998  76  0  88 124.3 0.006949
1998  77  0  96 125.9 0.007039
1998  78  0 100 123.5 0.007120
1998  79  0  93 125.5 0.007129
1998  80  0 103 124.9 0.007245
1998  81  0 108 126.8 0.007204
1998  82  0  82 121.3 0.007142
1998  83  0  88 119.9 0.007195
1998  84  0  88 114.4 0.007227
1998  85  0  78 109.5 0.007147
1998  86  0  76 107.7 0.007131
1998  87  0  84 103.6 0.007019
1998  88  0  87 100.0 0.006985
1998  89  0  69 107.2 0.006890
1998  90  0  82 107.9 0.006927
1998  91  0  74 105.6 0.006894
1998  92  0  78 103.4 0.006837
1998  93  0  75 103.6 0.006890
1998  94  0  67 110.2 0.006861
1998  95  0  78 126.4 0.006981
1998  96  0  83 133.7 0.007131
1998  97  0 123 135.5 0.007322
1998  98  0 140 141.0 0.007468
1998  99  0 161 140.2 0.007611
1998 100  0 143 130.2 0.007748
1998 101  0 127 128.8 0.007768
1998 102  0 106 117.6 0.007697
1998 103  0  85 115.5 0.007723
1998 104  0  93 112.6 0.007644
1998 105  0  86 113.5 0.007763
1998 106  0  81 107.2 0.007221
1998 107  0  61 102.1 0.007144
1998 108  0  30  99.4 0.006987
1998 109  0  41  96.7 0.007143
1998 110  0  40  98.7 0.006808
1998 111  0  45  92.9 0.006842
1998 112  0  42  88.5 0.006820
1998 113  0  34  91.3 0.006772
1998 114  0  19  91.7 0.006780
1998 115  0  26  93.0 0.006823
1998 116  0  17  91.8 0.006787
1998 117  0  16  92.6 0.006840
1998 118  0  37  99.8 0.006893
1998 119  0  48 102.0 0.006898
1998 120  0  61 104.1 0.006913
1998 121  0  75 115.1 0.007019
1998 122  0  96 118.8 0.007070
1998 123  0  97 119.3 0.007107
1998 124  0  96 123.2 0.007289
1998 125  0 104 135.7 0.007433
1998 126  0 100 132.4 0.007447
1998 127  0  93 125.6 0.007340
1998 128  0  83 120.2 0.007341
1998 129  0  71 112.8 0.007316
1998 130  0  57 109.3 0.007394
1998 131  0  76 110.2 0.007400
1998 132  0  96 114.4 0.007436
1998 133  0 105 119.1 0.007488
1998 134  0 108 119.8 0.007524
1998 135  0 105 118.6 0.007444
1998 136  0 104 120.4 0.007345
1998 137  0  93 113.0 0.007252
1998 138  0  88 104.6 0.007087
1998 139  0  74 101.5 0.007034
1998 140  0  57  94.1 0.006990
1998 141  0  34  91.2 0.007028
1998 142  0  28  89.6 0.007019
1998 143  0  37  92.6 0.006918
1998 144  0  42  98.0 0.006890
1998 145  0  54  94.7 0.006882
1998 146  0  57  94.9 0.006890
1998 147  0  67  96.6 0.006936
1998 148  0  43 101.1 0.006966
1998 149  0  37  97.6 0.006978
1998 150  0  53  98.8 0.007023
1998 151  0  64  96.8 0.007044
1998 152  0  63 103.0 0.006935
1998 153  0  73 107.7 0.006999
1998 154  0  70 116.4 0.007144
1998 155  0  95 115.0 0.007308
1998 156  0 101 118.4 0.007461
1998 157  0  92 118.5 0.007430
1998 158  0  85 116.4 0.007518
1998 159  0  85 120.5 0.007541
1998 160  0 104 115.7 0.007537
1998 161  0  99 115.3 0.007432
1998 162  0  97 115.8 0.007346
1998 163  0 106 115.7 0.007396
1998 164  0 117 113.9 0.007250
1998 165  0  88 105.1 0.007286
1998 166  0  68 103.6 0.007292
1998 167  0  63 107.3 0.007333
1998 168  0  86 103.9 0.007311
1998 169  0  70 103.3 0.007335
1998 170  0  67 101.8 0.007244
1998 171  0  77 104.4 0.007265
1998 172  0  82 105.4 0.007158
1998 173  0  65 103.8 0.007124
1998 174  0  68  98.9 0.006958
1998 175  0  58 108.8 0.006926
1998 176  0  96 109.7 0.006991
1998 177  0 106 112.8 0.006978
1998 178  0 128 119.1 0.007144
1998 179  0 138 126.1 0.007228
1998 180  0 140 123.3 0.007317
1998 181  0 129 125.0 0.007480
1998 182  0 137 131.1 0.007683
1998 183  0 138 124.4 0.007729
1998 184  0 138 131.9 0.007737
1998 185  0 145 133.5 0.008034
1998 186  0 137 127.6 0.007996
1998 187  0 107 125.2 0.007867
1998 188  0  74 118.5 0.007821
1998 189  0  55 116.2 0.007794
1998 190  0  46 118.2 0.007785
1998 191  0  71 112.9 0.007659
1998 192  0  83 111.3 0.007651
1998 193  0  80 102.6 0.007682
1998 194  0  64 109.7 0.007715
1998 195  0  60 106.3 0.007607
1998 196  0  80 108.2 0.007596
1998 197  0  97 109.7 0.007567
1998 198  0  86 103.6 0.007484
1998 199  0  61 102.4 0.007391
1998 200  0  51 105.2 0.007414
1998 201  0 100 115.4 0.007407
1998 202  0 113 113.9 0.007330
1998 203  0 132 117.8 0.007269
1998 204  0 131 119.1 0.007222
1998 205  0 115 129.2 0.007241
1998 206  0  99 125.5 0.007487
1998 207  0  91 122.8 0.007285
1998 208  0  94 123.2 0.007371
1998 209  0 123 125.1 0.007809
1998 210  0 107 123.1 0.007861
1998 211  0  83 118.3 0.007615
1998 212  0  99 117.2 0.007794
1998 213  0  84 115.4 0.007798
1998 214  0 100 112.9 0.007803
1998 215  0  89 111.7 0.007891
1998 216  0  87 119.2 0.007878
1998 217  0  92 130.5 0.007874
1998 218  0 129 142.2 0.007889
1998 219  0 137 149.1 0.007982
1998 220  0 127 150.9 0.008122
1998 221  0 164 158.3 0.008201
1998 222  0 156 153.3 0.008018
1998 223  0 155 154.1 0.007902
1998 224  0 159 150.9 0.007803
1998 225  0 121 140.4 0.007680
1998 226  0 123 140.6 0.007573
1998 227  0  96 136.8 0.007441
1998 228  0 123 143.3 0.007541
1998 229  0 114 139.7 0.007510
1998 230  0 109 135.8 0.007405
1998 231  0 133 137.9 0.007594
1998 232  0 120 141.9 0.007454
1998 233  0 117 135.2 0.007584
1998 234  0 106 135.9 0.007788
1998 235  0 110 129.3 0.007827
1998 236  0 104 123.9 0.007953
1998 237  0  96 124.8 0.008080
1998 238  0 114 129.6 0.008180
1998 239  0 131 137.8 0.008194
1998 240  0 126 142.0 0.008302
1998 241  0 134 149.4 0.008231
1998 242  0 154 166.4 0.008411
1998 243  0 143 181.8 0.008283
1998 244  0 142 180.2 0.008199
1998 245  0 121 166.3 0.008018
1998 246  0 112 165.5 0.007909
1998 247  0  97 157.3 0.007909
1998 248  0 114 156.8 0.008010
1998 249  0 159 167.1 0.008106
1998 250  0 165 153.5 0.008136
1998 251  0 178 155.8 0.008075
1998 252  0 169 147.4 0.007963
1998 253  0 159 143.6 0.007874
1998 254  0 136 140.4 0.007821
1998 255  0 131 136.6 0.007737
1998 256  0 135 132.3 0.007639
1998 257  0 111 123.3 0.007516
1998 258  0  85 118.6 0.007248
1998 259  0  80 119.9 0.007486
1998 260  0 105 118.6 0.007529
1998 261  0  99 123.7 0.007620
1998 262  0 132 128.0 0.007811
1998 263  0 162 133.3 0.007881
1998 264  0 178 139.4 0.008061
1998 265  0 196 142.1 0.007998
1998 266  0 192 144.1 0.008027
1998 267  0 166 136.2 0.007914
1998 268  0 149 139.2 0.007955
1998 269  0 116 136.2 0.008001
1998 270  0 108 128.0 0.007872
1998 271  0 121 123.0 0.007879
1998 272  0  85 116.3 0.007833
1998 273  0  58 121.8 0.007727
1998 274  0  42 119.1 0.007777
1998 275  0  45 112.9 0.007810
1998 276  0  35 112.0 0.007835
1998 277  0  27 114.9 0.007907
1998 278  0  42 117.1 0.007943
1998 279  0  76 116.9 0.007900
1998 280  0  93 124.1 0.007916
1998 281  0 130 123.8 0.007874
1998 282  0 119 123.2 0.007900
1998 283  0  85 120.3 0.007848
1998 284  0  72 118.5 0.007746
1998 285  0  59 113.4 0.007708
1998 286  0  68 117.5 0.007696
1998 287  0  93 118.4 0.007673
1998 288  0 119 130.4 0.007733
1998 289  0 132 130.1 0.007916
1998 290  0 139 134.4 0.007897
1998 291  0 149 125.0 0.007827
1998 292  0 136 116.8 0.007792
1998 293  0 115 120.2 0.007730
1998 294  0  89 117.2 0.007582
1998 295  0  69 113.8 0.007516
1998 296  0  71 111.4 0.007474
1998 297  0  55 109.6 0.007454
1998 298  0  44 106.3 0.007480
1998 299  0  45 102.8 0.007450
1998 300  0  25 101.8 0.007383
1998 301  0  33 106.4 0.007473
1998 302  0  76 108.0 0.007485
1998 303  0  76 109.9 0.007733
1998 304  0  74 117.0 0.007870
1998 305  0  49 119.5 0.007985
1998 306  0  54 124.1 0.007923
1998 307  0  74 149.3 0.008027
1998 308  0 116 139.0 0.008455
1998 309  0 125 150.1 0.008728
1998 310  0 129 138.4 0.008568
1998 311  0 135 145.8 0.008412
1998 312  0 121 149.9 0.008296
1998 313  0  93 159.3 0.008110
1998 314  0  89 150.8 0.007933
1998 315  0  87 144.1 0.007909
1998 316  0  96 138.7 0.007863
1998 317  0 116 132.6 0.007901
1998 318  0 123 123.8 0.007929
1998 319  0 125 123.7 0.007859
1998 320  0 100 121.8 0.007760
1998 321  0  70 118.0 0.007598
1998 322  0  67 112.2 0.007622
1998 323  0  46 113.7 0.007736
1998 324  0  60 118.6 0.007729
1998 325  0  43 118.3 0.007600
1998 326  0  54 123.0 0.007520
1998 327  0  62 126.7 0.007587
1998 328  0  78 136.7 0.007735
1998 329  0 112 145.6 0.007937
1998 330  0 139 152.3 0.008163
1998 331  0 150 154.7 0.008388
1998 332  0 139 160.4 0.008500
1998 333  0 138 163.2 0.008481
1998 334  0 130 158.9 0.008601
1998 335  0 157 158.2 0.008729
1998 336  0 144 147.4 0.008758
1998 337  0 147 148.7 0.008726
1998 338  0 125 144.0 0.008539
1998 339  0  99 138.3 0.008254
1998 340  0 130 138.1 0.008157
1998 341  0 138 148.7 0.008049
1998 342  0 173 157.1 0.008017
1998 343  0 159 149.3 0.008025
1998 344  0 157 129.8 0.007898
1998 345  0 153 138.8 0.007920
1998 346  0 148 138.9 0.007888
1998 347  0 122 139.7 0.007769
1998 348  0 121 139.9 0.007789
1998 349  0 105 137.2 0.007793
1998 350  0  87 136.1 0.007848
1998 351  0  71 141.5 0.007924
1998 352  0  87 149.8 0.007847
1998 353  0  73 133.6 0.007726
1998 354  0  73 130.4 0.007762
1998 355  0  63 130.9 0.007799
1998 356  0  57 124.6 0.007909
1998 357  0  68 135.2 0.008006
1998 358  0  84 134.9 0.007964
1998 359  0  96 139.6 0.007931
1998 360  0 118 140.2 0.007706
1998 361  0 146 161.4 0.008075
1998 362  0 176 178.3 0.008636
1998 363  0 140 176.8 0.008702
1998 364  0 144 173.1 0.008437
1998 365  0 134 168.8 0.008539
1999   1  0  89 161.6 0.008422
1999   2  0  94 154.8 0.008129
1999   3  0  80 149.4 0.008136
1999   4  0  90 142.0 0.008048
1999   5  0  89 132.0 0.007935
1999   6  0  67 121.6 0.007901
1999   7  0  89 111.3 0.007766
1999   8  0  71 111.7 0.007639
1999   9  0  65 111.0 0.007529
1999  10  0  64 106.7 0.007606
1999  11  0  44 108.2 0.007504
1999  12  0  49 109.1 0.007630
1999  13  0  57 114.7 0.007770
1999  14  0  90 132.4 0.007829
1999  15  0 115 138.0 0.007896
1999  16  0 115 153.4 0.008118
1999  17  0 129 156.2 0.008250
1999  18  0 141 165.4 0.008330
1999  19  0 168 170.3 0.008572
1999  20  0 166 231.3 0.008812
1999  21  0 158 169.7 0.008823
1999  22  0 150 172.3 0.008868
1999  23  0 121 160.8 0.008842
1999  24  0  94 156.8 0.008854
1999  25  0  43 133.9 0.008707
1999  26  0  42 129.1 0.008585
1999  27  0  39 121.6 0.008665
1999  28  0  39 115.2 0.008583
1999  29  0  33 114.2 0.008462
1999  30  0  33 114.5 0.008296
1999  31  0  42 111.5 0.008300
1999  32  0  43 114.5 0.008078
1999  33  0  37 107.7 0.007780
1999  34  0  28 105.8 0.007672
1999  35  0  22 104.3 0.007596
1999  36  0  18 100.9 0.007428
1999  37  0  28  96.6 0.007380
1999  38  0  41 106.5 0.007418
1999  39  0  53 121.1 0.007414
1999  40  0  61 125.9 0.007554
1999  41  0  89 148.4 0.007763
1999  42  0 115 159.3 0.007870
1999  43  0 170 183.6 0.008173
1999  44  0 198 193.4 0.008312
1999  45  0 204 199.6 0.008764
1999  46  0 213 185.5 0.008800
1999  47  0 197 187.3 0.009000
1999  48  0 181 185.3 0.009049
1999  49  0 155 164.2 0.008977
1999  50  0 126 160.5 0.008846
1999  51  0 127 153.6 0.008809
1999  52  0 109 144.0 0.008500
1999  53  0  70 127.0 0.008300
1999  54  0  62 124.3 0.008234
1999  55  0  56 117.3 0.008191
1999  56  0  65 117.1 0.008069
1999  57  0  75 113.4 0.008039
1999  58  0  87 112.9 0.007753
1999  59  0 114 120.7 0.007652
1999  60  0 116 118.0 0.007579
1999  61  0 132 127.6 0.007625
1999  62  0 153 134.6 0.007550
1999  63  0 144 141.6 0.007478
1999  64  0 149 125.4 0.007473
1999  65  0 119 112.6 0.007549
1999  66  0  65 108.3 0.007625
1999  67  0  62 125.0 0.007703
1999  68  0  95 125.3 0.007844
1999  69  0  92 133.6 0.008078
1999  70  0 114 135.3 0.008286
1999  71  0 131 138.5 0.008338
1999  72  0 114 142.7 0.008450
1999  73  0 141 148.7 0.008608
1999  74  0 137 148.4 0.008627
1999  75  0 146 154.1 0.008686
1999  76  0 149 152.9 0.008597
1999  77  0 144 146.7 0.008519
1999  78  0 152 138.1 0.008347
1999  79  0 117 131.6 0.008139
1999  80  0 107 123.1 0.007961
1999  81  0  92 115.0 0.007811
1999  82  0  45 112.2 0.007818
1999  83  0  62 107.6 0.007753
1999  84  0  56 106.4 0.007571
1999  85  0  47 103.1 0.007528
1999  86  0  36 104.1 0.007535
1999  87  0  56 102.7 0.007618
1999  88  0  77 103.8 0.007611
1999  89  0  83 104.4 0.007633
1999  90  0  77 101.7 0.007580
1999  91  0  65 102.9 0.007538
1999  92  0  57  99.4 0.007385
1999  93  0  71 102.7 0.007553
1999  94  0 104 116.0 0.007501
1999  95  0 119 132.7 0.007626
1999  96  0 135 137.6 0.007833
1999  97  0 120 141.7 0.008007
1999  98  0 131 139.5 0.008160
1999  99  0 153 136.7 0.008245
1999 100  0 132 136.9 0.008286
1999 101  0 110 131.3 0.008329
1999 102  0 112 130.7 0.008365
1999 103  0 119 130.3 0.008439
1999 104  0 109 121.0 0.008269
1999 105  0  93 122.7 0.008139
1999 106  0  98 123.8 0.007959
1999 107  0 110 116.6 0.007798
1999 108  0  81 113.8 0.007763
1999 109  0  73 110.9 0.007568
1999 110  0  73 105.8 0.007466
1999 111  0  62 104.4 0.007367
1999 112  0  59 101.4 0.007249
1999 113  0  62  99.3 0.007261
1999 114  0  75 102.0 0.007326
1999 115  0  66 103.8 0.007317
1999 116  0  69 105.8 0.007291
1999 117  0  81 110.0 0.007381
1999 118  0  81 111.3 0.007373
1999 119  0  90 123.9 0.007472
1999 120  0  97 125.3 0.007537
1999 121  0 107 134.9 0.007583
1999 122  0 129 137.9 0.007908
1999 123  0 112 129.2 0.007906
1999 124  0 118 141.1 0.007993
1999 125  0 124 143.3 0.008160
1999 126  0 146 149.5 0.008296
1999 127  0 200 166.4 0.008647
1999 128  0 214 175.1 0.008835
1999 129  0 210 181.7 0.008839
1999 130  0 191 172.8 0.008770
1999 131  0 188 162.6 0.008714
1999 132  0 172 156.3 0.008588
1999 133  0 142 150.5 0.008556
1999 134  0 132 147.3 0.008425
1999 135  0 148 146.8 0.008250
1999 136  0 148 155.6 0.008193
1999 137  0 139 148.6 0.008002
1999 138  0 131 143.8 0.007790
1999 139  0 132 145.8 0.007713
1999 140  0 135 145.9 0.007708
1999 141  0 153 143.7 0.007716
1999 142  0 138 143.7 0.007765
1999 143  0 121 144.2 0.007797
1999 144  0 120 140.4 0.007802
1999 145  0 129 146.8 0.008045
1999 146  0 160 156.6 0.007922
1999 147  0 167 159.3 0.008082
1999 148  0 167 156.2 0.008161
1999 149  0 162 152.7 0.008374
1999 150  0 150 161.1 0.008382
1999 151  0 153 170.1 0.008506
1999 152  0 206 181.2 0.008631
1999 153  0 203 178.1 0.008729
1999 154  0 197 178.5 0.008768
1999 155  0 211 175.9 0.008779
1999 156  0 217 168.8 0.008774
1999 157  0 220 172.9 0.008741
1999 158  0 185 162.4 0.008666
1999 159  0 197 161.3 0.008573
1999 160  0 241 170.3 0.008518
1999 161  0 220 166.0 0.008465
1999 162  0 239 169.8 0.008427
1999 163  0 230 173.2 0.008722
1999 164  0 229 173.0 0.008373
1999 165  0 221 173.5 0.008268
1999 166  0 209 163.5 0.008178
1999 167  0 181 157.6 0.008035
1999 168  0 146 151.3 0.007972
1999 169  0 120 151.2 0.007981
1999 170  0 119 143.3 0.008004
1999 171  0  93 156.5 0.007993
1999 172  0 119 150.3 0.007978
1999 173  0 160 166.9 0.008179
1999 174  0 217 173.0 0.008342
1999 175  0 293 191.1 0.008719
1999 176  0 292 207.5 0.008952
1999 177  0 274 206.1 0.009083
1999 178  0 259 214.3 0.009085
1999 179  0 254 203.2 0.009063
1999 180  0 241 197.7 0.009102
1999 181  0 223 216.5 0.009198
1999 182  0 215 202.0 0.009239
1999 183  0 223 193.4 0.009305
1999 184  0 217 203.5 0.009348
1999 185  0 205 191.9 0.009217
1999 186  0 199 180.0 0.009081
1999 187  0 186 173.5 0.008824
1999 188  0 179 163.7 0.008697
1999 189  0 173 154.1 0.008781
1999 190  0 176 155.9 0.008811
1999 191  0 171 161.5 0.008626
1999 192  0 176 157.8 0.008469
1999 193  0 199 159.2 0.008398
1999 194  0 157 148.3 0.008264
1999 195  0 128 133.9 0.008133
1999 196  0 122 133.8 0.008067
1999 197  0 118 136.4 0.007981
1999 198  0 121 141.3 0.007964
1999 199  0 137 142.8 0.007983
1999 200  0 121 145.8 0.007993
1999 201  0 118 144.1 0.008078
1999 202  0 121 152.1 0.008119
1999 203  0 144 157.8 0.008064
1999 204  0 148 199.9 0.008390
1999 205  0 173 190.1 0.008453
1999 206  0 182 188.0 0.008527
1999 207  0 153 177.8 0.008366
1999 208  0 176 179.9 0.008665
1999 209  0 220 203.9 0.009001
1999 210  0 246 208.6 0.009271
1999 211  0 252 212.2 0.009361
1999 212  0 223 206.7 0.009259
1999 213  0 252 222.9 0.009245
1999 214  0 250 218.8 0.009192
1999 215  0 229 216.9 0.009185
1999 216  0 193 206.0 0.009085
1999 217  0 193 182.1 0.008825
1999 218  0 167 175.3 0.008670
1999 219  0 152 157.6 0.008453
1999 220  0 149 141.7 0.008425
1999 221  0 115 141.9 0.008200
1999 222  0  82 130.8 0.007979
1999 223  0  79 131.4 0.007772
1999 224  0  91 126.4 0.007738
1999 225  0 102 129.8 0.007832
1999 226  0  87 131.5 0.007841
1999 227  0  74 134.5 0.007834
1999 228  0  67 134.4 0.007805
1999 229  0  55 144.5 0.007833
1999 230  0  58 133.9 0.007892
1999 231  0  64 138.0 0.007929
1999 232  0  73 155.2 0.007972
1999 233  0  88 165.0 0.008195
1999 234  0 103 176.7 0.008502
1999 235  0 115 191.7 0.008752
1999 236  0 131 206.4 0.008773
1999 237  0 196 212.9 0.008984
1999 238  0 206 226.9 0.009231
1999 239  0 194 227.7 0.009119
1999 240  0 223 253.4 0.009435
1999 241  0 231 222.5 0.009458
1999 242  0 228 201.9 0.009295
1999 243  0 165 186.1 0.009378
1999 244  0 140 165.8 0.009195
1999 245  0 122 159.3 0.008962
1999 246  0 115 141.7 0.008778
1999 247  0 103 133.5 0.008542
1999 248  0 106 123.8 0.008398
1999 249  0  86 120.4 0.008116
1999 250  0 103 114.1 0.007961
1999 251  0 113 108.4 0.007929
1999 252  0 109 108.0 0.007869
1999 253  0 110 123.7 0.007932
1999 254  0 113 124.1 0.007897
1999 255  0 126 142.6 0.008025
1999 256  0 152 156.5 0.008073
1999 257  0 167 158.2 0.008107
1999 258  0 168 156.6 0.008139
1999 259  0 165 159.9 0.008108
1999 260  0 147 159.1 0.008220
1999 261  0 147 153.0 0.008149
1999 262  0 128 150.6 0.008210
1999 263  0  97 146.2 0.008294
1999 264  0  65 147.9 0.008344
1999 265  0  89 141.5 0.008407
1999 266  0  85 137.8 0.008471
1999 267  0  61 132.4 0.008453
1999 268  0  43 126.1 0.008321
1999 269  0  46 123.3 0.008224
1999 270  0  52 124.4 0.008231
1999 271  0  68 126.5 0.008238
1999 272  0  77 125.3 0.008165
1999 273  0  86 125.1 0.008071
1999 274  0  72 121.9 0.008053
1999 275  0  93 126.6 0.008098
1999 276  0  98 134.7 0.008135
1999 277  0 111 144.4 0.008253
1999 278  0 179 146.2 0.008363
1999 279  0 197 133.5 0.008483
1999 280  0 200 129.2 0.008493
1999 281  0 163 150.9 0.008617
1999 282  0 189 152.8 0.008523
1999 283  0 188 160.0 0.008624
1999 284  0 182 166.0 0.008600
1999 285  0 210 182.9 0.008589
1999 286  0 227 190.1 0.008680
1999 287  0 218 198.7 0.008698
1999 288  0 166 197.1 0.008619
1999 289  0 176 187.8 0.008511
1999 290  0 181 176.8 0.008505
1999 291  0 165 171.4 0.008532
1999 292  0 158 168.2 0.008451
1999 293  0 163 157.4 0.008243
1999 294  0 140 157.0 0.008137
1999 295  0 124 158.8 0.008087
1999 296  0 114 162.8 0.008001
1999 297  0 130 157.1 0.008031
1999 298  0 174 177.2 0.008108
1999 299  0 207 187.1 0.008299
1999 300  0 202 194.8 0.008362
1999 301  0 195 181.5 0.008386
1999 302  0 198 177.2 0.008644
1999 303  0 224 167.0 0.008820
1999 304  0 187 158.1 0.008863
1999 305  0 163 148.4 0.008763
1999 306  0 140 140.6 0.008652
1999 307  0 114 140.8 0.008578
1999 308  0 134 145.1 0.008494
1999 309  0 144 157.8 0.008525
1999 310  0 146 147.4 0.008525
1999 311  0 174 170.8 0.008793
1999 312  0 206 188.4 0.008636
1999 313  0 239 225.5 0.008996
1999 314  0 291 243.6 0.009192
1999 315  0 290 235.0 0.009346
1999 316  0 266 227.1 0.009459
1999 317  0 232 219.1 0.009407
1999 318  0 206 214.2 0.009482
1999 319  0 216 201.1 0.009340
1999 320  0 242 228.2 0.009292
1999 321  0 235 216.3 0.009197
1999 322  0 225 212.9 0.009137
1999 323  0 232 205.1 0.009226
1999 324  0 215 199.5 0.009197
1999 325  0 201 205.0 0.009295
1999 326  0 194 187.2 0.009330
1999 327  0 155 180.9 0.009173
1999 328  0 146 181.9 0.009159
1999 329  0 144 179.0 0.009076
1999 330  0 134 167.7 0.008848
1999 331  0 175 164.5 0.008651
1999 332  0 148 170.1 0.008565
1999 333  0 110 159.5 0.008410
1999 334  0 131 158.3 0.008328
1999 335  0 142 160.4 0.008324
1999 336  0 137 160.9 0.008319
1999 337  0  97 147.5 0.008253
1999 338  0  79 143.3 0.008197
1999 339  0  70 138.6 0.008240
1999 340  0  87 138.6 0.008235
1999 341  0  81 148.8 0.008385
1999 342  0 108 145.6 0.008420
1999 343  0 120 151.5 0.008727
1999 344  0 152 159.5 0.008887
1999 345  0 139 154.3 0.008955
1999 346  0 123 154.4 0.009004
1999 347  0 141 161.0 0.008992
1999 348  0 143 163.1 0.009005
1999 349  0 127 173.1 0.009134
1999 350  0 130 187.9 0.009018
1999 351  0 141 194.4 0.009106
1999 352  0 137 198.9 0.009225
1999 353  0 138 200.3 0.009279
1999 354  0 141 202.4 0.009285
1999 355  0 128 210.1 0.009031
1999 356  0 130 195.1 0.008804
1999 357  0 123 191.9 0.008577
1999 358  0 134 176.5 0.008703
1999 359  0 128 172.5 0.008423
1999 360  0 116 171.2 0.008288
1999 361  0  95 156.4 0.008147
1999 362  0  85 145.4 0.007926
1999 363  0 103 139.0 0.007823
1999 364  0  66 131.2 0.007772
1999 365  0  79 125.8 0.007836
2000   1  0  71 125.6 0.007890
2000   2  0  75 128.5 0.007970
2000   3  0  80 128.7 0.007980
2000   4  0  95 130.3 0.008038
2000   5  0 108 132.0 0.008204
2000   6  0 126 140.0 0.008420
2000   7  0 126 144.8 0.008616
2000   8  0 111 149.6 0.008754
2000   9  0 112 155.3 0.008831
2000  10  0  96 157.8 0.008859
2000  11  0 133 171.8 0.008999
2000  12  0 198 189.3 0.009135
2000  13  0 226 195.4 0.009255
2000  14  0 242 194.7 0.009385
2000  15  0 232 203.9 0.009644
2000  16  0 241 201.0 0.009529
2000  17  0 193 190.1 0.009524
2000  18  0 177 188.4 0.009430
2000  19  0 168 172.9 0.009277
2000  20  0 140 165.3 0.009120
2000  21  0 130 154.3 0.008988
2000  22  0 124 145.8 0.008610
2000  23  0 121 136.1 0.008456
2000  24  0 118 136.3 0.008363
2000  25  0 126 133.1 0.008283
2000  26  0 114 136.4 0.008149
2000  27  0 103 128.4 0.008040
2000  28  0  89 122.2 0.008179
2000  29  0  90 123.9 0.008138
2000  30  0  75 128.7 0.008162
2000  31  0  86 134.5 0.008414
2000  32  0 104 134.1 0.008525
2000  33  0  94 140.2 0.008470
2000  34  0 119 149.7 0.008661
2000  35  0 145 162.7 0.008807
2000  36  0 153 163.1 0.008887
2000  37  0 200 172.8 0.009054
2000  38  0 191 177.0 0.008798
2000  39  0 188 169.0 0.009372
2000  40  0 160 170.8 0.009563
2000  41  0 179 171.1 0.009422
2000  42  0 167 165.8 0.009320
2000  43  0 166 159.1 0.009352
2000  44  0 158 155.9 0.009382
2000  45  0 175 154.7 0.009260
2000  46  0 173 152.2 0.009245
2000  47  0 192 156.3 0.008855
2000  48  0 160 164.4 0.008616
2000  49  0 153 137.8 0.008593
2000  50  0 131 141.5 0.008365
2000  51  0 112 149.9 0.008338
2000  52  0 135 148.7 0.007805
2000  53  0 147 168.6 0.007705
2000  54  0 139 181.2 0.008093
2000  55  0 180 188.3 0.008180
2000  56  0 192 206.2 0.008305
2000  57  0 211 210.6 0.008610
2000  58  0 220 222.9 0.008967
2000  59  0 222 214.7 0.009285
2000  60  0 238 215.1 0.009251
2000  61  0 217 228.7 0.009533
2000  62  0 204 209.6 0.009485
2000  63  0 179 200.4 0.009409
2000  64  0 178 197.0 0.009475
2000  65  0 178 216.8 0.009522
2000  66  0 203 219.1 0.009436
2000  67  0 244 218.5 0.009432
2000  68  0 228 211.8 0.009210
2000  69  0 229 203.0 0.009176
2000  70  0 215 200.7 0.009178
2000  71  0 200 200.6 0.009125
2000  72  0 192 200.8 0.009305
2000  73  0 190 186.0 0.009278
2000  74  0 181 180.6 0.009083
2000  75  0 162 175.9 0.008766
2000  76  0 157 182.5 0.008671
2000  77  0 149 190.6 0.008594
2000  78  0 159 193.0 0.008559
2000  79  0 198 206.5 0.008690
2000  80  0 236 208.7 0.008745
2000  81  0 233 228.9 0.008917
2000  82  0 245 232.2 0.008986
2000  83  0 286 222.7 0.008876
2000  84  0 295 217.7 0.009030
2000  85  0 291 204.1 0.008758
2000  86  0 267 210.4 0.009666
2000  87  0 244 204.1 0.009793
2000  88  0 266 200.3 0.009802
2000  89  0 233 208.3 0.009853
2000  90  0 233 205.1 0.009790
2000  91  0 258 225.1 0.009800
2000  92  0 285 222.7 0.009823
2000  93  0 294 219.3 0.009826
2000  94  0 270 215.5 0.009771
2000  95  0 250 206.9 0.009645
2000  96  0 197 194.7 0.009421
2000  97  0 165 178.1 0.009339
2000  98  0 143 175.4 0.009178
2000  99  0 153 182.5 0.009172
2000 100  0 165 176.9 0.009156
2000 101  0 156 178.6 0.009123
2000 102  0 146 182.4 0.009110
2000 103  0 172 173.9 0.009169
2000 104  0 180 165.0 0.009237
2000 105  0 174 166.3 0.009171
2000 106  0 160 164.9 0.008945
2000 107  0 150 160.2 0.008882
2000 108  0 168 159.2 0.008783
2000 109  0 143 161.8 0.008822
2000 110  0 157 169.2 0.008740
2000 111  0 185 182.4 0.008932
2000 112  0 195 189.2 0.009001
2000 113  0 221 204.1 0.009149
2000 114  0 259 208.4 0.009063
2000 115  0 244 208.1 0.009096
2000 116  0 230 205.1 0.009173
2000 117  0 208 192.4 0.009067
2000 118  0 180 186.0 0.009088
2000 119  0 189 186.0 0.008974
2000 120  0 153 177.5 0.008914
2000 121  0 153 172.0 0.008882
2000 122  0 124 160.1 0.008728
2000 123  0 109 155.3 0.008620
2000 124  0 104 139.6 0.008492
2000 125  0  97 136.8 0.008452
2000 126  0  97 132.1 0.008458
2000 127  0  57 129.1 0.008454
2000 128  0  71 133.4 0.008501
2000 129  0  87 139.6 0.008611
2000 130  0 135 152.5 0.008688
2000 131  0 164 182.8 0.008532
2000 132  0 181 181.3 0.008660
2000 133  0 181 194.4 0.009251
2000 134  0 220 222.0 0.009338
2000 135  0 263 237.6 0.009432
2000 136  0 280 249.9 0.009569
2000 137  0 258 264.5 0.009678
2000 138  0 232 268.1 0.009835
2000 139  0 220 258.8 0.009766
2000 140  0 228 260.4 0.009720
2000 141  0 246 251.6 0.009398
2000 142  0 222 238.0 0.009160
2000 143  0 195 220.3 0.009123
2000 144  0 180 209.5 0.008939
2000 145  0 183 194.3 0.008678
2000 146  0 157 177.4 0.008415
2000 147  0 160 172.4 0.008233
2000 148  0 145 166.2 0.008298
2000 149  0 169 160.2 0.008057
2000 150  0 160 153.1 0.008029
2000 151  0 127 150.5 0.007931
2000 152  0  91 158.7 0.008025
2000 153  0 128 152.3 0.008108
2000 154  0 119 192.7 0.008352
2000 155  0 113 170.7 0.008374
2000 156  0 152 174.7 0.008535
2000 157  0 143 176.1 0.008711
2000 158  0 149 192.0 0.008785
2000 159  0 158 185.8 0.008886
2000 160  0 181 179.9 0.008799
2000 161  0 184 174.1 0.009083
2000 162  0 179 185.1 0.009278
2000 163  0 227 192.6 0.009464
2000 164  0 221 198.7 0.009598
2000 165  0 235 205.5 0.009465
2000 166  0 257 206.9 0.009408
2000 167  0 238 208.9 0.009396
2000 168  0 214 203.8 0.009388
2000 169  0 209 199.4 0.009444
2000 170  0 221 193.7 0.009416
2000 171  0 218 184.2 0.009372
2000 172  0 239 189.7 0.009126
2000 173  0 221 194.2 0.009195
2000 174  0 191 185.6 0.009168
2000 175  0 187 181.0 0.009010
2000 176  0 179 173.9 0.008815
2000 177  0 167 180.9 0.008760
2000 178  0 194 183.4 0.008736
2000 179  0 208 184.6 0.008559
2000 180  0 173 181.2 0.008383
2000 181  0 164 168.8 0.008386
2000 182  0 172 165.0 0.008530
2000 183  0 208 169.2 0.008363
2000 184  0 202 167.9 0.008736
2000 185  0 178 161.5 0.008630
2000 186  0 164 163.7 0.008594
2000 187  0 182 174.4 0.008464
2000 188  0 221 180.1 0.008727
2000 189  0 254 193.5 0.008947
2000 190  0 254 217.1 0.009385
2000 191  0 257 218.4 0.009550
2000 192  0 309 252.7 0.009632
2000 193  0 290 249.7 0.009754
2000 194  0 267 325.1 0.009612
2000 195  0 279 239.6 0.009633
2000 196  0 236 210.6 0.009538
2000 197  0 213 220.1 0.009630
2000 198  0 283 226.1 0.009861
2000 199  0 322 235.8 0.010102
2000 200  0 327 270.5 0.010092
2000 201  0 353 258.0 0.010146
2000 202  0 346 261.1 0.010101
2000 203  0 332 259.0 0.010258
2000 204  0 310 259.0 0.009896
2000 205  0 286 224.3 0.009884
2000 206  0 246 232.0 0.009655
2000 207  0 254 208.2 0.009965
2000 208  0 191 180.1 0.009302
2000 209  0 181 167.4 0.010287
2000 210  0 172 162.7 0.009539
2000 211  0 162 157.9 0.009277
2000 212  0 161 154.5 0.009293
2000 213  0 134 152.4 0.008596
2000 214  0 147 153.9 0.009059
2000 215  0 152 155.1 0.009013
2000 216  0 148 158.8 0.008938
2000 217  0 152 158.7 0.008973
2000 218  0 199 163.2 0.009089
2000 219  0 198 170.8 0.009245
2000 220  0 227 171.6 0.009128
2000 221  0 194 175.6 0.009209
2000 222  0 177 187.2 0.009113
2000 223  0 213 185.9 0.009110
2000 224  0 228 192.3 0.009350
2000 225  0 235 194.3 0.009613
2000 226  0 243 190.9 0.009773
2000 227  0 282 194.3 0.009753
2000 228  0 253 198.9 0.009792
2000 229  0 246 190.3 0.009400
2000 230  0 210 181.5 0.009546
2000 231  0 194 173.6 0.009575
2000 232  0 184 160.8 0.009395
2000 233  0 147 156.0 0.009354
2000 234  0 106 154.9 0.009232
2000 235  0  93 147.5 0.008704
2000 236  0  93 139.9 0.008226
2000 237  0 106 133.5 0.008382
2000 238  0 112 136.0 0.008267
2000 239  0 109 139.9 0.008295
2000 240  0 156 153.2 0.008258
2000 241  0 183 163.2 0.008482
2000 242  0 191 166.5 0.008836
2000 243  0 199 167.9 0.008717
2000 244  0 217 165.9 0.009149
2000 245  0 202 160.5 0.008888
2000 246  0 168 156.7 0.008851
2000 247  0 182 156.7 0.008953
2000 248  0 191 173.6 0.009035
2000 249  0 162 183.1 0.008988
2000 250  0 162 181.5 0.008810
2000 251  0 156 175.8 0.009047
2000 252  0 121 165.7 0.008304
2000 253  0  90 153.0 0.009321
2000 254  0  60 142.5 0.009180
2000 255  0  37 136.7 0.008805
2000 256  0  50 134.2 0.008564
2000 257  0  78 134.8 0.008783
2000 258  0  85 152.5 0.008934
2000 259  0 109 161.1 0.008832
2000 260  0 121 176.4 0.008571
2000 261  0 154 183.2 0.008284
2000 262  0 159 205.7 0.008297
2000 263  0 172 208.8 0.008084
2000 264  0 176 213.1 0.008356
2000 265  0 195 226.7 0.008490
2000 266  0 202 233.8 0.008616
2000 267  0 227 226.7 0.008849
2000 268  0 232 225.8 0.008745
2000 269  0 218 226.8 0.008998
2000 270  0 229 224.7 0.009382
2000 271  0 230 205.5 0.009309
2000 272  0 202 203.0 0.009499
2000 273  0 169 192.6 0.009428
2000 274  0 142 194.0 0.009226
2000 275  0 164 201.9 0.009382
2000 276  0 218 202.9 0.009452
2000 277  0 227 192.1 0.009398
2000 278  0 214 184.1 0.009771
2000 279  0 183 173.7 0.009820
2000 280  0 138 157.9 0.009621
2000 281  0  94 155.3 0.009389
2000 282  0 103 148.6 0.009150
2000 283  0 101 140.4 0.009480
2000 284  0  81 139.1 0.008814
2000 285  0 117 150.8 0.008509
2000 286  0 174 161.9 0.008636
2000 287  0 173 167.2 0.008536
2000 288  0 148 162.3 0.008564
2000 289  0 118 160.1 0.008623
2000 290  0 131 159.8 0.008674
2000 291  0 138 153.0 0.008655
2000 292  0 135 149.9 0.008748
2000 293  0 128 156.5 0.008970
2000 294  0 134 159.3 0.008983
2000 295  0 138 156.5 0.008665
2000 296  0 127 158.6 0.009027
2000 297  0 121 164.8 0.008967
2000 298  0 117 157.5 0.009245
2000 299  0 125 162.0 0.009433
2000 300  0 104 168.9 0.009299
2000 301  0 114 173.7 0.009113
2000 302  0 151 179.7 0.009059
2000 303  0 161 184.5 0.009293
2000 304  0 154 191.0 0.009429
2000 305  0 158 190.5 0.009426
2000 306  0 207 201.2 0.009825
2000 307  0 218 193.2 0.009993
2000 308  0 209 195.5 0.009959
2000 309  0 192 191.4 0.009668
2000 310  0 197 183.1 0.010048
2000 311  0 160 174.9 0.010106
2000 312  0 181 176.6 0.009452
2000 313  0 188 169.5 0.008734
2000 314  0 141 163.0 0.008684
2000 315  0 149 150.4 0.008077
2000 316  0 133 146.6 0.007973
2000 317  0 107 143.6 0.007975
2000 318  0 104 140.6 0.008277
2000 319  0 124 145.4 0.008382
2000 320  0 145 143.2 0.008443
2000 321  0 141 150.7 0.008419
2000 322  0 139 159.6 0.008521
2000 323  0 172 172.9 0.008708
2000 324  0 185 170.7 0.009090
2000 325  0 163 169.6 0.009337
2000 326  0 178 180.9 0.009454
2000 327  0 167 190.1 0.009504
2000 328  0 135 200.1 0.009910
2000 329  0 145 192.1 0.009869
2000 330  0 109 197.0 0.009698
2000 331  0  87 197.0 0.010203
2000 332  0 124 186.6 0.010603
2000 333  0 157 190.3 0.010421
2000 334  0 182 183.2 0.010535
2000 335  0 204 187.0 0.010509
2000 336  0 159 179.3 0.010163
2000 337  0 150 162.3 0.009482
2000 338  0 162 158.9 0.009724
2000 339  0  99 147.6 0.008702
2000 340  0  89 142.7 0.008275
2000 341  0  78 136.9 0.008495
2000 342  0  93 139.9 0.007698
2000 343  0  78 134.1 0.008042
2000 344  0  80 130.7 0.008396
2000 345  0  85 142.1 0.007874
2000 346  0  99 139.2 0.008293
2000 347  0 122 145.2 0.008445
2000 348  0 157 159.5 0.008475
2000 349  0 185 176.5 0.008859
2000 350  0 210 181.9 0.008998
2000 351  0 199 184.4 0.009017
2000 352  0 207 190.4 0.009716
2000 353  0 190 191.6 0.009383
2000 354  0 162 192.2 0.009458
2000 355  0 174 194.8 0.009041
2000 356  0 159 188.2 0.008934
2000 357  0 147 183.8 0.009902
2000 358  0 140 184.7 0.009842
2000 359  0 158 186.7 0.009902
2000 360  0 148 180.9 0.009856
2000 361  0 166 182.6 0.009804
2000 362  0 162 181.4 0.009750
2000 363  0 162 179.3 0.009470
2000 364  0 151 175.5 0.009288
2000 365  0 152 176.1 0.009207
2000 366  0 119 163.9 0.008578
2001   1  0 133 165.3 0.008306
2001   2  0 140 170.2 0.008231
2001   3  0 131 164.2 0.008501
2001   4  0 146 168.8 0.008356
2001   5  0 164 170.5 0.008477
2001   6  0 194 173.4 0.008704
2001   7  0 195 170.9 0.008848
2001   8  0 157 161.5 0.008845
2001   9  0 172 160.8 0.008854
2001  10  0 151 157.4 0.008771
2001  11  0 172 160.5 0.008710
2001  12  0 175 172.5 0.008667
2001  13  0 166 178.3 0.008649
2001  14  0 149 170.6 0.008565
2001  15  0 137 163.8 0.008467
2001  16  0 112 156.6 0.008377
2001  17  0  88 147.0 0.008451
2001  18  0  90 146.6 0.008360
2001  19  0 109 147.7 0.008269
2001  20  0  91 148.3 0.008406
2001  21  0 121 146.7 0.008514
2001  22  0 139 157.1 0.008639
2001  23  0 167 162.0 0.008922
2001  24  0 176 167.2 0.008945
2001  25  0 158 163.4 0.008904
2001  26  0 125 160.5 0.008767
2001  27  0 145 161.8 0.008589
2001  28  0 152 162.6 0.008421
2001  29  0 134 160.5 0.008288
2001  30  0 104 154.9 0.008264
2001  31  0 128 148.8 0.008147
2001  32  0 118 156.2 0.008195
2001  33  0 118 161.6 0.008225
2001  34  0 139 159.0 0.008340
2001  35  0 137 144.0 0.008316
2001  36  0 158 160.7 0.008432
2001  37  0 166 165.3 0.008638
2001  38  0 167 159.6 0.008737
2001  39  0 167 152.3 0.008608
2001  40  0 172 158.1 0.008678
2001  41  0 158 156.5 0.008512
2001  42  0 151 147.4 0.008578
2001  43  0 107 140.9 0.008338
2001  44  0 107 137.8 0.008158
2001  45  0 103 134.6 0.007938
2001  46  0 113 131.8 0.007992
2001  47  0 110 126.5 0.007905
2001  48  0 107 126.8 0.007679
2001  49  0 115 129.0 0.007850
2001  50  0 113 134.0 0.008003
2001  51  0 115 142.3 0.008223
2001  52  0 142 140.5 0.008281
2001  53  0 122 142.7 0.008275
2001  54  0  89 142.2 0.008514
2001  55  0  84 134.6 0.008445
2001  56  0  84 132.2 0.008355
2001  57  0  87 132.8 0.008123
2001  58  0  75 128.1 0.008133
2001  59  0  77 129.4 0.007994
2001  60  0  76 129.0 0.007975
2001  61  0  77 127.4 0.007999
2001  62  0 110 137.3 0.008116
2001  63  0 134 138.7 0.008103
2001  64  0 152 153.4 0.008136
2001  65  0 133 155.4 0.008208
2001  66  0 124 174.0 0.008216
2001  67  0  92 164.8 0.008192
2001  68  0 115 159.2 0.008199
2001  69  0 142 158.0 0.008192
2001  70  0 132 155.8 0.008251
2001  71  0 139 155.7 0.008306
2001  72  0 108 145.6 0.007953
2001  73  0 117 140.7 0.008168
2001  74  0 110 134.7 0.008210
2001  75  0 102 138.5 0.008297
2001  76  0  75 132.9 0.008112
2001  77  0  89 138.5 0.008088
2001  78  0  96 145.7 0.008075
2001  79  0 117 152.1 0.008092
2001  80  0 129 158.2 0.008070
2001  81  0 124 181.8 0.008145
2001  82  0 165 178.9 0.008323
2001  83  0 218 217.5 0.008684
2001  84  0 272 215.7 0.008976
2001  85  0 319 262.6 0.009359
2001  86  0 352 272.4 0.009542
2001  87  0 343 272.6 0.009818
2001  88  0 340 261.0 0.009905
2001  89  0 338 256.3 0.009766
2001  90  0 300 245.3 0.009646
2001  91  0 279 257.2 0.009492
2001  92  0 249 227.9 0.009292
2001  93  0 254 223.1 0.009137
2001  94  0 201 205.0 0.008961
2001  95  0 200 207.8 0.008815
2001  96  0 165 192.0 0.008793
2001  97  0 150 180.0 0.008645
2001  98  0 173 169.7 0.008525
2001  99  0 165 165.4 0.008575
2001 100  0 171 170.4 0.008382
2001 101  0 173 160.3 0.008401
2001 102  0 155 149.8 0.008268
2001 103  0 147 137.8 0.008029
2001 104  0 138 139.6 0.007803
2001 105  0 113 135.1 0.007642
2001 106  0  87 124.3 0.007535
2001 107  0  42 127.1 0.007396
2001 108  0  57 133.0 0.007487
2001 109  0  93 145.8 0.007798
2001 110  0 129 182.2 0.008197
2001 111  0 174 193.0 0.008447
2001 112  0 164 194.6 0.008724
2001 113  0 159 198.6 0.008906
2001 114  0 164 195.8 0.008987
2001 115  0 179 196.3 0.009002
2001 116  0 179 198.7 0.008996
2001 117  0 192 193.3 0.008826
2001 118  0 161 190.4 0.008760
2001 119  0 170 194.5 0.008721
2001 120  0 168 190.7 0.008706
2001 121  0 157 187.4 0.008636
2001 122  0 174 179.0 0.008667
2001 123  0 169 175.1 0.008763
2001 124  0 194 178.6 0.008750
2001 125  0 174 163.5 0.008723
2001 126  0 135 157.8 0.008586
2001 127  0 116 140.9 0.008336
2001 128  0  81 131.1 0.008145
2001 129  0  93 131.9 0.007951
2001 130  0  88 133.0 0.007789
2001 131  0 118 139.4 0.007652
2001 132  0 124 141.0 0.007626
2001 133  0 125 141.9 0.007622
2001 134  0 150 141.2 0.007694
2001 135  0 141 145.2 0.007792
2001 136  0 146 140.9 0.007933
2001 137  0 140 150.8 0.007994
2001 138  0 137 141.5 0.008133
2001 139  0 125 144.6 0.008177
2001 140  0 121 144.9 0.008343
2001 141  0 140 153.8 0.008517
2001 142  0 178 155.8 0.008589
2001 143  0 197 162.8 0.008643
2001 144  0 174 174.7 0.008743
2001 145  0 165 166.1 0.008728
2001 146  0 174 151.3 0.008539
2001 147  0 182 150.8 0.008564
2001 148  0 151 146.9 0.008552
2001 149  0 125 142.3 0.008453
2001 150  0 110 136.0 0.008306
2001 151  0 101 136.6 0.008170
2001 152  0  88 136.8 0.008166
2001 153  0 150 137.8 0.008155
2001 154  0 150 149.5 0.008192
2001 155  0 145 158.3 0.008281
2001 156  0 161 158.0 0.008310
2001 157  0 180 162.4 0.008380
2001 158  0 195 169.8 0.008423
2001 159  0 215 185.7 0.008673
2001 160  0 254 182.4 0.008636
2001 161  0 241 168.0 0.008591
2001 162  0 262 167.4 0.008541
2001 163  0 259 171.6 0.008521
2001 164  0 242 187.1 0.008497
2001 165  0 273 200.9 0.008773
2001 166  0 282 203.2 0.008821
2001 167  0 289 214.3 0.008900
2001 168  0 270 211.2 0.009033
2001 169  0 232 228.5 0.009115
2001 170  0 214 201.7 0.009179
2001 171  0 206 205.0 0.009192
2001 172  0 218 206.9 0.009191
2001 173  0 229 210.3 0.009128
2001 174  0 235 213.0 0.009155
2001 175  0 220 201.3 0.009033
2001 176  0 198 188.4 0.008830
2001 177  0 173 173.5 0.008613
2001 178  0 162 152.8 0.008478
2001 179  0 135 144.9 0.008430
2001 180  0 112 144.6 0.008399
2001 181  0  98 141.2 0.008388
2001 182  0 111 140.0 0.008369
2001 183  0 125 138.8 0.008427
2001 184  0 120 136.3 0.008478
2001 185  0 107 131.3 0.008388
2001 186  0  93 123.6 0.008234
2001 187  0  68 120.3 0.008158
2001 188  0  71 121.8 0.008044
2001 189  0  81 130.5 0.007988
2001 190  0 107 134.4 0.008007
2001 191  0 105 134.3 0.008022
2001 192  0 104 136.3 0.008136
2001 193  0 135 138.3 0.008292
2001 194  0 167 137.7 0.008397
2001 195  0 149 145.4 0.008445
2001 196  0 153 146.8 0.008488
2001 197  0 170 154.7 0.008508
2001 198  0 185 150.4 0.008541
2001 199  0 191 147.7 0.008547
2001 200  0 183 146.9 0.008576
2001 201  0 177 147.2 0.008565
2001 202  0 144 143.5 0.008527
2001 203  0 150 144.9 0.008229
2001 204  0 152 147.8 0.008136
2001 205  0 135 136.7 0.008010
2001 206  0 119 137.5 0.007955
2001 207  0  92 127.2 0.007907
2001 208  0  90 125.1 0.007831
2001 209  0  95 119.0 0.007826
2001 210  0  69 120.5 0.007822
2001 211  0  86 118.0 0.007842
2001 212  0  78 120.3 0.007905
2001 213  0  94 123.8 0.007940
2001 214  0 123 124.3 0.007920
2001 215  0 141 135.5 0.007955
2001 216  0 175 152.7 0.007998
2001 217  0 198 160.5 0.008118
2001 218  0 182 168.3 0.008171
2001 219  0 179 171.0 0.008260
2001 220  0 178 171.5 0.008377
2001 221  0 158 167.8 0.008527
2001 222  0 150 164.7 0.008406
2001 223  0 170 169.5 0.008430
2001 224  0 170 164.0 0.008347
2001 225  0 138 155.5 0.008342
2001 226  0 141 151.1 0.008428
2001 227  0 161 150.5 0.008417
2001 228  0 193 146.2 0.008443
2001 229  0 178 148.4 0.008386
2001 230  0 161 159.9 0.008382
2001 231  0 152 161.3 0.008268
2001 232  0 153 159.8 0.008177
2001 233  0 167 163.9 0.008101
2001 234  0 170 165.2 0.008227
2001 235  0 181 173.4 0.008384
2001 236  0 176 178.7 0.008569
2001 237  0 140 203.2 0.008663
2001 238  0 153 193.8 0.008684
2001 239  0 170 195.9 0.008743
2001 240  0 184 203.1 0.008810
2001 241  0 146 200.9 0.008835
2001 242  0 150 203.0 0.008856
2001 243  0 175 192.2 0.008871
2001 244  0 163 187.4 0.008869
2001 245  0 168 185.7 0.008835
2001 246  0 190 202.1 0.008654
2001 247  0 171 222.1 0.008650
2001 248  0 190 221.8 0.008797
2001 249  0 223 225.6 0.008978
2001 250  0 262 229.5 0.009222
2001 251  0 288 253.1 0.009087
2001 252  0 262 239.5 0.009340
2001 253  0 237 247.8 0.009170
2001 254  0 199 252.9 0.009157
2001 255  0 235 238.1 0.009274
2001 256  0 237 242.6 0.009309
2001 257  0 234 239.3 0.009204
2001 258  0 205 221.7 0.009139
2001 259  0 191 209.3 0.008904
2001 260  0 177 201.1 0.008739
2001 261  0 215 205.7 0.008726
2001 262  0 226 200.6 0.008778
2001 263  0 289 228.7 0.009013
2001 264  0 273 240.5 0.009181
2001 265  0 259 257.0 0.009385
2001 266  0 294 260.2 0.009590
2001 267  0 316 281.0 0.009459
2001 268  0 305 276.6 0.009866
2001 269  0 277 284.0 0.009890
2001 270  0 278 270.6 0.009964
2001 271  0 269 285.5 0.009814
2001 272  0 251 240.2 0.009834
2001 273  0 261 236.3 0.009581
2001 274  0 260 216.9 0.009448
2001 275  0 223 201.1 0.009187
2001 276  0 209 191.8 0.009131
2001 277  0 204 186.5 0.009222
2001 278  0 176 176.8 0.009122
2001 279  0 161 180.2 0.008921
2001 280  0 159 172.4 0.008811
2001 281  0 119 170.8 0.008773
2001 282  0 122 175.9 0.008932
2001 283  0 151 178.1 0.009043
2001 284  0 175 174.1 0.009148
2001 285  0 196 178.5 0.009130
2001 286  0 167 178.6 0.009200
2001 287  0 178 190.8 0.009152
2001 288  0 190 191.7 0.009179
2001 289  0 187 205.8 0.009204
2001 290  0 195 215.8 0.009383
2001 291  0 203 226.9 0.009529
2001 292  0 221 245.6 0.009616
2001 293  0 247 242.5 0.009662
2001 294  0 238 222.0 0.009812
2001 295  0 209 230.4 0.009910
2001 296  0 221 224.1 0.010095
2001 297  0 209 236.0 0.010151
2001 298  0 233 236.1 0.010191
2001 299  0 238 233.6 0.010071
2001 300  0 221 243.4 0.009914
2001 301  0 215 224.2 0.009622
2001 302  0 186 212.8 0.009363
2001 303  0 159 222.7 0.009196
2001 304  0 144 217.8 0.009081
2001 305  0 159 232.0 0.009015
2001 306  0 166 210.1 0.008874
2001 307  0 166 212.5 0.008933
2001 308  0 184 223.5 0.009076
2001 309  0 216 230.6 0.009268
2001 310  0 232 233.2 0.009148
2001 311  0 204 263.9 0.009202
2001 312  0 252 243.1 0.009634
2001 313  0 247 265.6 0.009509
2001 314  0 247 241.0 0.009481
2001 315  0 240 229.3 0.009401
2001 316  0 201 222.6 0.009359
2001 317  0 196 226.8 0.009303
2001 318  0 196 212.6 0.009363
2001 319  0 194 202.4 0.009279
2001 320  0 149 197.6 0.009307
2001 321  0 141 194.0 0.009277
2001 322  0 153 183.8 0.009229
2001 323  0 134 186.8 0.009331
2001 324  0 144 180.6 0.008972
2001 325  0 133 179.7 0.009261
2001 326  0 144 185.3 0.009309
2001 327  0 133 172.9 0.009161
2001 328  0 111 168.6 0.009041
2001 329  0 121 165.6 0.008896
2001 330  0 139 170.3 0.008697
2001 331  0 126 185.3 0.008636
2001 332  0 177 193.1 0.008617
2001 333  0 191 210.5 0.008946
2001 334  0 201 219.6 0.009074
2001 335  0 215 215.1 0.009277
2001 336  0 241 238.1 0.009416
2001 337  0 242 228.3 0.009662
2001 338  0 234 226.6 0.009938
2001 339  0 255 230.1 0.010023
2001 340  0 229 239.5 0.009934
2001 341  0 223 219.3 0.009866
2001 342  0 226 213.9 0.009784
2001 343  0 228 217.5 0.009633
2001 344  0 186 212.3 0.009499
2001 345  0 171 213.9 0.009400
2001 346  0 189 229.4 0.009405
2001 347  0 192 213.4 0.009422
2001 348  0 163 209.9 0.009392
2001 349  0 174 211.0 0.009340
2001 350  0 194 202.5 0.009377
2001 351  0 192 199.0 0.009496
2001 352  0 186 205.0 0.009633
2001 353  0 160 201.6 0.009577
2001 354  0 163 214.0 0.009590
2001 355  0 194 226.7 0.009657
2001 356  0 218 234.9 0.009790
2001 357  0 215 246.3 0.009810
2001 358  0 253 265.5 0.009832
2001 359  0 231 250.3 0.009901
2001 360  0 270 259.0 0.010001
2001 361  0 265 265.6 0.009982
2001 362  0 252 254.6 0.009893
2001 363  0 221 255.7 0.009888
2001 364  0 216 238.5 0.010051
2001 365  0 218 237.5 0.010273
2002   1  0 220 224.5 0.010254
2002   2  0 218 223.5 0.010151
2002   3  0 220 213.0 0.009930
2002   4  0 230 211.0 0.009860
2002   5  0 191 205.2 0.009749
2002   6  0 159 190.1 0.009536
2002   7  0 146 182.4 0.009422
2002   8  0 162 192.6 0.009400
2002   9  0 196 220.9 0.009585
2002  10  0 186 217.3 0.009496
2002  11  0 209 221.4 0.009464
2002  12  0 209 225.7 0.009514
2002  13  0 201 232.9 0.009699
2002  14  0 197 221.6 0.009808
2002  15  0 168 211.2 0.009725
2002  16  0 141 209.1 0.009659
2002  17  0 120 205.0 0.009647
2002  18  0 139 203.8 0.009662
2002  19  0 160 206.9 0.009908
2002  20  0 176 215.2 0.010136
2002  21  0 191 217.5 0.010337
2002  22  0 194 221.5 0.010476
2002  23  0 227 219.4 0.010450
2002  24  0 186 223.6 0.010276
2002  25  0 157 227.6 0.010221
2002  26  0 172 248.7 0.010236
2002  27  0 191 240.5 0.010360
2002  28  0 196 252.0 0.010395
2002  29  0 188 253.2 0.010228
2002  30  0 193 248.8 0.010239
2002  31  0 181 235.5 0.010193
2002  32  0 179 238.5 0.010213
2002  33  0 214 233.7 0.010119
2002  34  0 252 226.3 0.010119
2002  35  0 243 228.1 0.010158
2002  36  0 239 214.5 0.010060
2002  37  0 198 196.9 0.009710
2002  38  0 165 186.6 0.009411
2002  39  0 165 186.4 0.009279
2002  40  0 174 194.1 0.009368
2002  41  0 166 210.9 0.009427
2002  42  0 173 196.6 0.009398
2002  43  0 174 203.1 0.009376
2002  44  0 165 198.5 0.009394
2002  45  0 146 191.3 0.009522
2002  46  0 163 190.3 0.009697
2002  47  0 125 188.9 0.009716
2002  48  0 144 192.0 0.009758
2002  49  0 127 188.4 0.009714
2002  50  0 124 185.1 0.009588
2002  51  0 151 189.1 0.009488
2002  52  0 128 196.7 0.009413
2002  53  0 133 187.9 0.009396
2002  54  0 149 184.2 0.009485
2002  55  0 157 188.9 0.009494
2002  56  0 192 206.4 0.009503
2002  57  0 195 203.5 0.009411
2002  58  0 170 194.9 0.009368
2002  59  0 154 200.4 0.009377
2002  60  0 163 184.3 0.009335
2002  61  0 117 187.6 0.009351
2002  62  0 167 179.6 0.009429
2002  63  0 170 172.0 0.009357
2002  64  0 158 169.4 0.009215
2002  65  0 167 175.0 0.009141
2002  66  0 139 177.0 0.009035
2002  67  0 118 174.2 0.009083
2002  68  0 111 204.8 0.009006
2002  69  0 117 176.9 0.009035
2002  70  0 154 180.0 0.008911
2002  71  0 135 176.2 0.008982
2002  72  0 138 182.1 0.009030
2002  73  0 130 178.6 0.009174
2002  74  0 150 174.0 0.009298
2002  75  0 141 182.7 0.009427
2002  76  0 132 182.7 0.009511
2002  77  0 138 176.5 0.009514
2002  78  0 114 173.3 0.009331
2002  79  0 127 186.3 0.009070
2002  80  0 142 172.8 0.009076
2002  81  0 139 170.4 0.008760
2002  82  0 158 169.4 0.008841
2002  83  0 166 174.3 0.008791
2002  84  0 163 169.1 0.008758
2002  85  0 151 164.9 0.008737
2002  86  0 172 168.4 0.008845
2002  87  0 160 175.6 0.008872
2002  88  0 170 180.8 0.008993
2002  89  0 166 188.2 0.009028
2002  90  0 187 204.0 0.009031
2002  91  0 180 206.7 0.008922
2002  92  0 201 205.9 0.008889
2002  93  0 195 209.4 0.008922
2002  94  0 197 216.3 0.009013
2002  95  0 197 217.6 0.009117
2002  96  0 211 206.7 0.009137
2002  97  0 214 208.4 0.009196
2002  98  0 208 206.8 0.009237
2002  99  0 229 205.8 0.009335
2002 100  0 220 195.1 0.009407
2002 101  0 235 198.3 0.009229
2002 102  0 251 213.0 0.009448
2002 103  0 223 227.3 0.009636
2002 104  0 232 211.6 0.009572
2002 105  0 214 204.7 0.009398
2002 106  0 175 197.2 0.009383
2002 107  0 146 195.0 0.009187
2002 108  0 164 189.8 0.009081
2002 109  0 161 181.4 0.008915
2002 110  0 158 179.0 0.008930
2002 111  0 147 175.1 0.008713
2002 112  0 144 171.7 0.008650
2002 113  0 177 177.2 0.008737
2002 114  0 232 178.9 0.008898
2002 115  0 228 169.3 0.008874
2002 116  0 156 164.7 0.008896
2002 117  0 136 159.0 0.008878
2002 118  0 110 149.2 0.008754
2002 119  0 135 155.2 0.008601
2002 120  0 132 155.6 0.008641
2002 121  0 158 164.9 0.008684
2002 122  0 177 171.7 0.008843
2002 123  0 231 182.0 0.009009
2002 124  0 258 192.7 0.009181
2002 125  0 267 183.2 0.009348
2002 126  0 231 194.3 0.009433
2002 127  0 244 190.3 0.009533
2002 128  0 220 190.2 0.009536
2002 129  0 196 193.7 0.009514
2002 130  0 207 194.8 0.009475
2002 131  0 214 191.8 0.009337
2002 132  0 202 187.1 0.009170
2002 133  0 161 175.6 0.009050
2002 134  0 118 164.2 0.008691
2002 135  0 115 162.7 0.008532
2002 136  0 130 162.0 0.008667
2002 137  0 134 160.7 0.008382
2002 138  0 144 166.8 0.008419
2002 139  0 144 175.0 0.008538
2002 140  0 166 175.4 0.008684
2002 141  0 188 190.4 0.008810
2002 142  0 213 185.6 0.008991
2002 143  0 211 184.8 0.009059
2002 144  0 199 193.9 0.009085
2002 145  0 197 187.4 0.009087
2002 146  0 188 188.0 0.009044
2002 147  0 191 191.6 0.008948
2002 148  0 185 191.4 0.008932
2002 149  0 177 189.8 0.008922
2002 150  0 160 185.1 0.008958
2002 151  0 186 187.0 0.009091
2002 152  0 181 183.9 0.009031
2002 153  0 188 180.0 0.009006
2002 154  0 194 175.4 0.008987
2002 155  0 219 174.7 0.009091
2002 156  0 184 163.7 0.009196
2002 157  0 197 159.1 0.009048
2002 158  0 197 163.1 0.008898
2002 159  0 185 159.9 0.008717
2002 160  0 165 161.9 0.008543
2002 161  0 128 156.2 0.008242
2002 162  0  99 152.4 0.008149
2002 163  0 109 146.2 0.008064
2002 164  0  80 137.6 0.008084
2002 165  0 107 135.6 0.008073
2002 166  0 102 139.7 0.008110
2002 167  0 117 141.0 0.008232
2002 168  0  88 147.5 0.008382
2002 169  0 127 147.5 0.008538
2002 170  0 115 150.5 0.008732
2002 171  0 108 149.8 0.008728
2002 172  0  83 144.2 0.008612
2002 173  0  83 146.6 0.008512
2002 174  0  95 147.5 0.008441
2002 175  0 108 155.3 0.008471
2002 176  0 111 149.5 0.008480
2002 177  0 108 148.6 0.008504
2002 178  0  96 143.2 0.008465
2002 179  0  88 141.9 0.008406
2002 180  0  96 147.5 0.008410
2002 181  0 105 151.4 0.008440
2002 182  0  94 152.3 0.008501
2002 183  0  99 153.5 0.008436
2002 184  0 129 152.4 0.008541
2002 185  0 133 151.3 0.008449
2002 186  0 142 143.5 0.008232
2002 187  0 121 138.0 0.008112
2002 188  0 107 141.5 0.008142
2002 189  0 102 135.3 0.008025
2002 190  0 103 140.9 0.008047
2002 191  0  94 133.1 0.008049
2002 192  0  99 141.0 0.008064
2002 193  0  84 137.7 0.008012
2002 194  0 116 139.4 0.008007
2002 195  0 126 148.6 0.008066
2002 196  0 155 164.8 0.008227
2002 197  0 160 177.2 0.008399
2002 198  0 147 185.9 0.008454
2002 199  0 149 186.6 0.008456
2002 200  0 134 188.3 0.008467
2002 201  0 124 190.7 0.008419
2002 202  0 124 188.7 0.008453
2002 203  0 147 195.8 0.008453
2002 204  0 196 204.6 0.008645
2002 205  0 209 215.0 0.008976
2002 206  0 215 224.5 0.009019
2002 207  0 265 249.1 0.009198
2002 208  0 294 238.0 0.009246
2002 209  0 310 246.2 0.009239
2002 210  0 293 241.1 0.009259
2002 211  0 281 234.1 0.009233
2002 212  0 239 214.8 0.009044
2002 213  0 207 188.3 0.008745
2002 214  0 199 185.7 0.008303
2002 215  0 183 172.7 0.008059
2002 216  0 143 155.3 0.007742
2002 217  0 127 146.0 0.007752
2002 218  0 131 148.8 0.007924
2002 219  0 133 140.1 0.007996
2002 220  0 115 138.3 0.008001
2002 221  0 110 144.0 0.008125
2002 222  0 110 152.4 0.008336
2002 223  0 149 176.9 0.008706
2002 224  0 177 188.8 0.008921
2002 225  0 202 196.8 0.009157
2002 226  0 267 213.5 0.009374
2002 227  0 279 215.7 0.009459
2002 228  0 263 219.1 0.009483
2002 229  0 281 232.3 0.009577
2002 230  0 270 246.9 0.009662
2002 231  0 248 242.6 0.009740
2002 232  0 211 232.8 0.009751
2002 233  0 192 225.0 0.009720
2002 234  0 172 225.1 0.009581
2002 235  0 186 229.5 0.009351
2002 236  0 149 199.8 0.009093
2002 237  0 148 182.4 0.008970
2002 238  0 119 172.2 0.008976
2002 239  0 121 164.7 0.008630
2002 240  0 122 166.4 0.008419
2002 241  0 124 172.6 0.008262
2002 242  0 146 173.5 0.008275
2002 243  0 160 183.7 0.008264
2002 244  0 206 183.8 0.008451
2002 245  0 233 176.9 0.008610
2002 246  0 252 174.4 0.008700
2002 247  0 247 174.2 0.008769
2002 248  0 226 178.1 0.008872
2002 249  0 202 180.9 0.008815
2002 250  0 206 185.6 0.009187
2002 251  0 213 194.4 0.009242
2002 252  0 199 209.0 0.009366
2002 253  0 202 223.5 0.009429
2002 254  0 187 219.0 0.009540
2002 255  0 187 215.1 0.009555
2002 256  0 187 208.6 0.009511
2002 257  0 149 209.2 0.009451
2002 258  0 166 189.9 0.009281
2002 259  0 170 184.5 0.009150
2002 260  0 199 195.9 0.009174
2002 261  0 207 178.4 0.008989
2002 262  0 192 166.7 0.008830
2002 263  0 195 165.8 0.008828
2002 264  0 182 159.8 0.008765
2002 265  0 185 161.1 0.008765
2002 266  0 192 154.8 0.008612
2002 267  0 177 158.9 0.008471
2002 268  0 190 154.2 0.008382
2002 269  0 154 150.6 0.008258
2002 270  0 154 152.2 0.008188
2002 271  0 137 149.1 0.008066
2002 272  0 130 138.6 0.008016
2002 273  0 110 140.1 0.008033
2002 274  0  90 140.1 0.008099
2002 275  0 109 136.0 0.008151
2002 276  0 104 146.1 0.008214
2002 277  0  93 157.6 0.008532
2002 278  0 118 155.1 0.008687
2002 279  0 126 161.6 0.008876
2002 280  0 123 163.5 0.008896
2002 281  0 157 165.1 0.008976
2002 282  0 164 166.8 0.009017
2002 283  0 200 171.4 0.009091
2002 284  0 188 178.7 0.009128
2002 285  0 189 179.7 0.009146
2002 286  0 185 178.3 0.009054
2002 287  0 177 180.2 0.008958
2002 288  0 180 175.7 0.008841
2002 289  0 199 181.4 0.008945
2002 290  0 171 177.7 0.008924
2002 291  0 183 171.3 0.008908
2002 292  0 186 178.1 0.008867
2002 293  0 189 178.7 0.008776
2002 294  0 144 180.8 0.008687
2002 295  0 136 167.7 0.008502
2002 296  0 119 161.9 0.008301
2002 297  0 113 158.5 0.008188
2002 298  0 119 170.9 0.008170
2002 299  0 126 156.1 0.008155
2002 300  0 130 155.2 0.008219
2002 301  0 135 156.3 0.008306
2002 302  0 177 159.4 0.008423
2002 303  0 186 165.3 0.008430
2002 304  0 171 167.7 0.008491
2002 305  0 191 159.7 0.008543
2002 306  0 177 162.1 0.008606
2002 307  0 190 166.5 0.008711
2002 308  0 165 174.4 0.008858
2002 309  0 188 180.0 0.008991
2002 310  0 211 181.2 0.009007
2002 311  0 223 186.4 0.008867
2002 312  0 188 185.5 0.008983
2002 313  0 199 187.0 0.008983
2002 314  0 194 187.7 0.008945
2002 315  0 176 181.0 0.008884
2002 316  0 154 174.6 0.008778
2002 317  0 145 178.6 0.008589
2002 318  0 160 180.2 0.008428
2002 319  0 157 193.2 0.008580
2002 320  0 137 194.8 0.008652
2002 321  0 140 180.5 0.008601
2002 322  0 128 174.8 0.008586
2002 323  0 114 164.3 0.008512
2002 324  0 145 155.3 0.008443
2002 325  0 126 147.2 0.008253
2002 326  0 122 145.5 0.008195
2002 327  0 119 143.8 0.008151
2002 328  0 103 142.5 0.008186
2002 329  0  86 133.2 0.008101
2002 330  0  76 138.5 0.008003
2002 331  0 105 138.8 0.007994
2002 332  0 108 136.0 0.007940
2002 333  0  94 137.5 0.007998
2002 334  0  94 142.1 0.008090
2002 335  0 121 145.5 0.008255
2002 336  0 110 142.0 0.008473
2002 337  0 107 141.8 0.008569
2002 338  0 134 144.5 0.008584
2002 339  0 137 144.4 0.008602
2002 340  0 137 143.9 0.008617
2002 341  0 132 146.6 0.008675
2002 342  0 164 149.8 0.008804
2002 343  0 179 151.6 0.008793
2002 344  0 157 156.5 0.008767
2002 345  0 124 147.7 0.008554
2002 346  0 109 148.4 0.008586
2002 347  0 126 161.8 0.008697
2002 348  0 208 180.1 0.008872
2002 349  0 199 196.6 0.009035
2002 350  0 216 196.5 0.009144
2002 351  0 234 205.8 0.009200
2002 352  0 224 190.6 0.009181
2002 353  0 224 186.7 0.009111
2002 354  0 208 190.3 0.009102
2002 355  0 187 177.9 0.008976
2002 356  0 174 166.4 0.008826
2002 357  0 126 153.7 0.008527
2002 358  0  95 142.5 0.008179
2002 359  0  59 127.6 0.007899
2002 360  0  54 123.2 0.007761
2002 361  0  49 112.7 0.007794
2002 362  0  45 113.1 0.007805
2002 363  0  52 111.0 0.007785
2002 364  0  49 110.1 0.007957
2002 365  0  55 111.3 0.008057
2003   1  0  52 111.2 0.008060
2003   2  0  45 114.4 0.008060
2003   3  0 110 133.1 0.008151
2003   4  0 109 138.2 0.008160
2003   5  0 114 143.2 0.008190
2003   6  0 144 156.8 0.008194
2003   7  0 151 157.8 0.008192
2003   8  0 181 168.0 0.008380
2003   9  0 182 176.9 0.008638
2003  10  0 196 178.7 0.008854
2003  11  0 196 182.6 0.009035
2003  12  0 174 167.7 0.009115
2003  13  0 157 166.2 0.009067
2003  14  0 157 158.6 0.009006
2003  15  0 141 145.0 0.008909
2003  16  0 141 139.9 0.008726
2003  17  0 136 137.1 0.008649
2003  18  0 129 133.0 0.008478
2003  19  0 146 126.1 0.008242
2003  20  0 156 133.7 0.007977
2003  21  0 114 129.4 0.007890
2003  22  0 144 125.4 0.007846
2003  23  0 117 131.6 0.007705
2003  24  0 127 125.8 0.007731
2003  25  0  99 124.9 0.007768
2003  26  0 121 121.2 0.007763
2003  27  0 142 117.7 0.007850
2003  28  0 142 121.8 0.007955
2003  29  0 141 120.7 0.007981
2003  30  0 104 117.6 0.007951
2003  31  0  69 116.9 0.007772
2003  32  0  66 122.1 0.007672
2003  33  0  71 123.0 0.007589
2003  34  0  59 128.7 0.007594
2003  35  0  58 131.0 0.007685
2003  36  0  82 136.2 0.007992
2003  37  0 112 145.4 0.008240
2003  38  0 135 143.3 0.008406
2003  39  0 143 135.4 0.008441
2003  40  0 153 137.6 0.008499
2003  41  0 120 132.6 0.008562
2003  42  0 120 131.4 0.008541
2003  43  0 117 128.2 0.008449
2003  44  0  97 127.3 0.008303
2003  45  0  74 128.1 0.008029
2003  46  0  51 120.6 0.007835
2003  47  0  33 115.7 0.007687
2003  48  0  16 109.4 0.007426
2003  49  0  33 107.4 0.007433
2003  50  0  54 113.6 0.007378
2003  51  0  72 115.7 0.007372
2003  52  0  76 117.0 0.007200
2003  53  0  56 104.3 0.007139
2003  54  0  46 101.8 0.007169
2003  55  0  46  99.9 0.007300
2003  56  0  53  99.5 0.007324
2003  57  0  49 107.2 0.007322
2003  58  0  71 115.4 0.007326
2003  59  0  56 122.6 0.007415
2003  60  0  79 135.6 0.007716
2003  61  0  97 144.7 0.007905
2003  62  0  94 146.5 0.008155
2003  63  0 132 143.6 0.008434
2003  64  0 107 146.2 0.008556
2003  65  0 104 147.9 0.008686
2003  66  0 130 147.6 0.008732
2003  67  0 109 146.2 0.008621
2003  68  0 147 150.6 0.008571
2003  69  0 117 141.7 0.008393
2003  70  0 114 139.7 0.008227
2003  71  0  92 136.2 0.007896
2003  72  0  74 132.5 0.007596
2003  73  0  96 137.3 0.007426
2003  74  0 104 129.3 0.007467
2003  75  0 102 127.2 0.007337
2003  76  0  68 123.1 0.007272
2003  77  0  71 117.3 0.007234
2003  78  0  64 107.2 0.007167
2003  79  0  48  96.6 0.006980
2003  80  0  38  90.3 0.006912
2003  81  0  13  88.3 0.006788
2003  82  0  45  92.4 0.006890
2003  83  0  54  97.3 0.006977
2003  84  0  86 108.2 0.007245
2003  85  0 115 126.6 0.007369
2003  86  0 134 140.5 0.007561
2003  87  0 150 146.4 0.007855
2003  88  0 185 154.6 0.008025
2003  89  0 185 154.2 0.008203
2003  90  0 168 159.8 0.008356
2003  91  0 152 152.8 0.008312
2003  92  0 168 157.3 0.008305
2003  93  0 147 155.7 0.008231
2003  94  0 117 148.8 0.008123
2003  95  0  98 137.5 0.008059
2003  96  0  85 126.1 0.007657
2003  97  0  78 115.9 0.007446
2003  98  0  55 112.6 0.007319
2003  99  0  69 109.7 0.007145
2003 100  0  62 104.1 0.007099
2003 101  0  41 103.0 0.007176
2003 102  0  60 102.6 0.007195
2003 103  0  62 103.0 0.007143
2003 104  0  57 102.6 0.007160
2003 105  0  47 101.1 0.007186
2003 106  0  26  99.2 0.007045
2003 107  0  31 101.8 0.007165
2003 108  0  44 108.7 0.007245
2003 109  0  55 113.1 0.007337
2003 110  0  73 119.7 0.007526
2003 111  0  95 127.0 0.007724
2003 112  0 122 133.8 0.007846
2003 113  0 119 134.3 0.007887
2003 114  0 119 129.8 0.008029
2003 115  0 145 145.3 0.008201
2003 116  0 140 145.5 0.008281
2003 117  0 168 156.1 0.008290
2003 118  0 163 154.3 0.008190
2003 119  0 178 157.4 0.008123
2003 120  0 160 155.8 0.008138
2003 121  0 157 151.0 0.007709
2003 122  0 137 145.3 0.007624
2003 123  0 151 150.1 0.007587
2003 124  0 153 144.4 0.007506
2003 125  0 148 131.1 0.007374
2003 126  0 124 124.1 0.007137
2003 127  0 103 112.2 0.006936
2003 128  0  52 102.8 0.006806
2003 129  0  32  98.9 0.006836
2003 130  0  27  94.5 0.006856
2003 131  0  57  93.4 0.006940
2003 132  0  60  95.8 0.006941
2003 133  0  65  98.1 0.007045
2003 134  0  68  98.3 0.007419
2003 135  0  79 101.4 0.007421
2003 136  0  81 104.9 0.007510
2003 137  0  62 104.7 0.007614
2003 138  0  70 111.5 0.007821
2003 139  0  76 117.4 0.007965
2003 140  0  97 120.0 0.008003
2003 141  0  79 122.2 0.008039
2003 142  0 103 121.3 0.008205
2003 143  0  91 120.9 0.008242
2003 144  0  59 119.8 0.008259
2003 145  0  62 124.3 0.008273
2003 146  0  83 128.4 0.008236
2003 147  0  91 132.3 0.008202
2003 148  0  99 133.7 0.008175
2003 149  0  89 141.6 0.008116
2003 150  0  70 120.4 0.007920
2003 151  0  67 116.3 0.007733
2003 152  0  64 115.5 0.007499
2003 153  0  58 124.8 0.007333
2003 154  0  61 117.8 0.007239
2003 155  0  72 108.7 0.007131
2003 156  0  91 117.0 0.007246
2003 157  0 132 129.4 0.007446
2003 158  0 150 137.2 0.007585
2003 159  0 155 158.0 0.007693
2003 160  0 170 163.1 0.007976
2003 161  0 170 182.0 0.008068
2003 162  0 178 198.9 0.008272
2003 163  0 176 168.6 0.008280
2003 164  0 147 155.8 0.008003
2003 165  0 124 137.7 0.007922
2003 166  0  97 132.8 0.007851
2003 167  0  87 126.5 0.007801
2003 168  0  86 125.8 0.007786
2003 169  0 104 124.3 0.007836
2003 170  0 117 126.8 0.007866
2003 171  0 114 120.8 0.007889
2003 172  0  95 118.8 0.007825
2003 173  0  94 113.9 0.007745
2003 174  0 101 117.2 0.007790
2003 175  0 104 118.3 0.007751
2003 176  0 117 120.2 0.007673
2003 177  0 126 122.9 0.007690
2003 178  0 143 128.1 0.007752
2003 179  0 143 128.1 0.007754
2003 180  0 144 131.6 0.007796
2003 181  0 141 132.5 0.007864
2003 182  0 154 135.6 0.007906
2003 183  0 149 139.3 0.008032
2003 184  0 123 136.7 0.008125
2003 185  0 103 144.8 0.008115
2003 186  0  86 146.7 0.008126
2003 187  0  97 134.0 0.008162
2003 188  0 131 137.8 0.008170
2003 189  0 137 135.7 0.008205
2003 190  0 139 130.2 0.008148
2003 191  0 114 126.9 0.007934
2003 192  0  94 126.1 0.007865
2003 193  0 105 125.5 0.007827
2003 194  0 148 130.7 0.007933
2003 195  0 148 131.4 0.007966
2003 196  0 162 129.9 0.008035
2003 197  0 162 137.5 0.008026
2003 198  0 173 143.2 0.008093
2003 199  0 186 144.3 0.008195
2003 200  0 197 150.8 0.008356
2003 201  0 248 162.4 0.008380
2003 202  0 225 160.7 0.008359
2003 203  0 190 157.4 0.008231
2003 204  0 154 148.7 0.008055
2003 205  0 120 129.2 0.007710
2003 206  0  72 115.1 0.007550
2003 207  0  43 105.9 0.007451
2003 208  0  51 104.9 0.007537
2003 209  0  77 106.6 0.007625
2003 210  0  66 103.0 0.007666
2003 211  0  59 101.7 0.007633
2003 212  0  65 105.2 0.007756
2003 213  0  78 110.6 0.007760
2003 214  0  89 114.7 0.007891
2003 215  0 121 123.6 0.007950
2003 216  0 116 126.0 0.007948
2003 217  0 138 134.4 0.007931
2003 218  0 132 132.4 0.007779
2003 219  0 124 140.9 0.007731
2003 220  0 109 136.6 0.007642
2003 221  0 111 133.6 0.007661
2003 222  0 114 134.7 0.007798
2003 223  0 114 132.7 0.007820
2003 224  0 113 126.6 0.007888
2003 225  0 111 134.3 0.007856
2003 226  0 100 133.1 0.007846
2003 227  0 106 134.7 0.007820
2003 228  0 116 130.1 0.007801
2003 229  0 117 122.3 0.007761
2003 230  0 106 118.7 0.007759
2003 231  0  92 119.5 0.007747
2003 232  0  98 114.5 0.007709
2003 233  0  92 122.0 0.007649
2003 234  0 109 123.7 0.007773
2003 235  0 121 122.9 0.007837
2003 236  0 130 119.0 0.007958
2003 237  0 130 119.0 0.007956
2003 238  0 141 123.4 0.008123
2003 239  0 143 128.3 0.008199
2003 240  0 151 121.1 0.008217
2003 241  0 135 118.7 0.008133
2003 242  0 117 116.2 0.008044
2003 243  0 103 111.8 0.008051
2003 244  0  74 110.1 0.007982
2003 245  0  74 107.6 0.007784
2003 246  0  76 112.4 0.007665
2003 247  0  81 114.1 0.007654
2003 248  0  63 109.8 0.007673
2003 249  0  60 106.6 0.007650
2003 250  0  48 109.4 0.007660
2003 251  0  40 100.3 0.007595
2003 252  0  27  97.3 0.007603
2003 253  0  40 100.6 0.007473
2003 254  0  55  98.0 0.007432
2003 255  0  47  95.6 0.007336
2003 256  0  48  97.3 0.007389
2003 257  0  53  95.8 0.007355
2003 258  0  68  98.4 0.007350
2003 259  0  74 100.4 0.007300
2003 260  0  94 107.0 0.007320
2003 261  0  94 110.2 0.007446
2003 262  0  84 112.1 0.007527
2003 263  0  74 112.9 0.007748
2003 264  0  81 120.9 0.007760
2003 265  0  92 123.5 0.007823
2003 266  0 105 125.7 0.007957
2003 267  0 103 134.3 0.008105
2003 268  0 108 133.4 0.008214
2003 269  0 124 131.8 0.008285
2003 270  0 127 130.3 0.008266
2003 271  0 115 137.6 0.008202
2003 272  0 119 135.6 0.008086
2003 273  0 106 133.3 0.007958
2003 274  0 114 137.1 0.007956
2003 275  0 102 125.0 0.007870
2003 276  0  93 120.3 0.007870
2003 277  0  73 119.0 0.007818
2003 278  0  75 109.6 0.007851
2003 279  0  61 112.0 0.007788
2003 280  0  61 111.8 0.007800
2003 281  0  64 113.1 0.007749
2003 282  0  70 110.5 0.007804
2003 283  0  67 111.4 0.007830
2003 284  0  66 105.4 0.007813
2003 285  0  37  97.4 0.007566
2003 286  0  19  94.0 0.007466
2003 287  0  19  91.9 0.007351
2003 288  0  19  95.3 0.007344
2003 289  0  28  94.6 0.007326
2003 290  0  45  98.1 0.007503
2003 291  0  61 107.8 0.007646
2003 292  0  61 119.4 0.007844
2003 293  0  70 133.9 0.007786
2003 294  0  88 150.2 0.007871
2003 295  0  87 152.0 0.007958
2003 296  0  91 181.3 0.008041
2003 297  0 112 188.5 0.008082
2003 298  0 132 219.0 0.008219
2003 299  0 133 240.6 0.008411
2003 300  0 199 254.0 0.008699
2003 301  0 247 270.9 0.009031
2003 302  0 250 275.4 0.008983
2003 303  0 250 267.6 0.008952
2003 304  0 239 245.2 0.008895
2003 305  0 153 207.2 0.008706
2003 306  0 138 187.4 0.008424
2003 307  0  89 164.2 0.008103
2003 308  0  64 165.6 0.007847
2003 309  0  15 112.1 0.007631
2003 310  0  11  96.1 0.007480
2003 311  0  15  89.4 0.007266
2003 312  0  26  91.0 0.007160
2003 313  0  48  91.2 0.007092
2003 314  0  48  92.8 0.006968
2003 315  0  37  93.7 0.006955
2003 316  0  14  96.7 0.006987
2003 317  0  26 100.0 0.007018
2003 318  0  28  96.8 0.007169
2003 319  0  41  95.6 0.007235
2003 320  0  52 102.0 0.007284
2003 321  0  42 118.2 0.007390
2003 322  0  64 141.0 0.007631
2003 323  0  86 151.5 0.007847
2003 324  0 111 171.0 0.008156
2003 325  0 119 172.8 0.008295
2003 326  0 102 171.9 0.008389
2003 327  0 134 173.8 0.008489
2003 328  0 132 172.8 0.008582
2003 329  0 151 166.3 0.008642
2003 330  0 147 166.5 0.008646
2003 331  0 163 170.1 0.008680
2003 332  0 149 163.2 0.008698
2003 333  0 139 161.4 0.008570
2003 334  0 143 148.6 0.008517
2003 335  0 143 139.3 0.008301
2003 336  0 112 135.4 0.008116
2003 337  0 112 120.3 0.007838
2003 338  0 103 112.5 0.007731
2003 339  0  92 108.5 0.007470
2003 340  0  70 105.7 0.007258
2003 341  0  50  89.3 0.007074
2003 342  0  40  90.9 0.006989
2003 343  0  25  89.4 0.006791
2003 344  0  39  86.5 0.006787
2003 345  0  39  83.4 0.006755
2003 346  0  39  84.5 0.006810
2003 347  0  44  85.0 0.006815
2003 348  0  48  89.5 0.006846
2003 349  0  47  97.7 0.006993
2003 350  0  61 103.0 0.007178
2003 351  0 106 113.8 0.007347
2003 352  0 110 119.1 0.007599
2003 353  0 110 118.6 0.007812
2003 354  0 115 125.9 0.008021
2003 355  0  93 129.1 0.008136
2003 356  0 115 133.2 0.008282
2003 357  0 118 137.4 0.008363
2003 358  0  92 134.4 0.008429
2003 359  0  68 134.6 0.008453
2003 360  0  62 132.7 0.008346
2003 361  0  48 122.4 0.008141
2003 362  0  53 115.1 0.007885
2003 363  0  40 110.7 0.007643
2003 364  0  26 104.2 0.007449
2003 365  0  19 102.1 0.007247
2004   1  0  52 112.2 0.007169
2004   2  0  65 112.6 0.007105
2004   3  0  73 112.3 0.007077
2004   4  0  75 115.5 0.007004
2004   5  0  71 119.0 0.007160
2004   6  0  63 113.4 0.007045
2004   7  0  81 114.9 0.007110
2004   8  0  86 116.1 0.007057
2004   9  0  62 114.4 0.007037
2004  10  0  58 115.3 0.006986
2004  11  0  52 114.6 0.006953
2004  12  0  47 114.4 0.007046
2004  13  0  57 114.1 0.007154
2004  14  0  55 117.1 0.007349
2004  15  0  70 115.2 0.007538
2004  16  0  81 116.4 0.007682
2004  17  0  80 118.6 0.007953
2004  18  0  70 115.6 0.008054
2004  19  0  88 130.3 0.008247
2004  20  0  99 124.8 0.008300
2004  21  0  99 126.0 0.008390
2004  22  0  80 117.9 0.008238
2004  23  0  68 111.6 0.008065
2004  24  0  55 104.1 0.007847
2004  25  0  26  99.1 0.007577
2004  26  0  21  95.0 0.007323
2004  27  0   0  90.8 0.007143
2004  28  0  13  85.9 0.006973
2004  29  0  26  84.8 0.006944
2004  30  0  44  89.9 0.006942
2004  31  0  62  91.6 0.006943
2004  32  0  70  94.5 0.006970
2004  33  0 104  98.5 0.007036
2004  34  0 103  96.6 0.007080
2004  35  0  98  98.6 0.007133
2004  36  0 101 102.5 0.007113
2004  37  0  83 103.7 0.007105
2004  38  0  65 108.1 0.007121
2004  39  0  73 113.1 0.007172
2004  40  0  78 114.7 0.007268
2004  41  0  78 113.5 0.007382
2004  42  0  72 111.2 0.007503
2004  43  0  78 109.3 0.007587
2004  44  0  78 105.1 0.007692
2004  45  0  62 101.1 0.007812
2004  46  0  82  99.6 0.007846
2004  47  0  67  96.3 0.007837
2004  48  0  29  99.5 0.007802
2004  49  0  36  95.4 0.007682
2004  50  0  29  94.2 0.007604
2004  51  0  42  93.2 0.007492
2004  52  0  49  96.0 0.007410
2004  53  0  49 101.7 0.007332
2004  54  0  90 102.1 0.007251
2004  55  0  77 103.4 0.007184
2004  56  0  86 116.1 0.007190
2004  57  0  86 118.4 0.007171
2004  58  0 109 119.8 0.007095
2004  59  0 108 113.6 0.007103
2004  60  0  82 108.0 0.007078
2004  61  0  67 100.0 0.007068
2004  62  0  47  97.1 0.006987
2004  63  0  40  88.9 0.006852
2004  64  0  35  95.9 0.006863
2004  65  0  53 105.0 0.006865
2004  66  0  59 102.9 0.006906
2004  67  0  61 104.6 0.006941
2004  68  0  53 106.3 0.007047
2004  69  0  58 107.2 0.007129
2004  70  0  58 111.1 0.007223
2004  71  0  58 111.7 0.007317
2004  72  0  73 106.2 0.007434
2004  73  0  61 102.6 0.007563
2004  74  0  58 101.3 0.007598
2004  75  0  49 100.3 0.007582
2004  76  0  56 108.5 0.007536
2004  77  0  73 108.8 0.007537
2004  78  0  82 114.4 0.007472
2004  79  0  88 111.3 0.007433
2004  80  0  76 112.7 0.007487
2004  81  0  73 110.4 0.007530
2004  82  0  87 115.6 0.007511
2004  83  0  93 117.6 0.007509
2004  84  0  87 119.0 0.007539
2004  85  0 127 126.4 0.007563
2004  86  0 128 123.2 0.007605
2004  87  0 134 127.2 0.007584
2004  88  0 116 128.6 0.007487
2004  89  0 101 128.3 0.007379
2004  90  0  82 126.4 0.007296
2004  91  0  85 121.0 0.007212
2004  92  0  83 112.6 0.007153
2004  93  0  77 108.1 0.007151
2004  94  0  71 107.4 0.007161
2004  95  0  83 109.0 0.007303
2004  96  0  86 108.9 0.007361
2004  97  0  60 101.6 0.007348
2004  98  0  59  98.4 0.007362
2004  99  0  41  93.8 0.007307
2004 100  0  23  90.3 0.007228
2004 101  0  20  88.1 0.007137
2004 102  0  20  90.0 0.007187
2004 103  0  38  91.8 0.007247
2004 104  0  53  93.6 0.007323
2004 105  0  63  95.8 0.007334
2004 106  0  51  97.4 0.007372
2004 107  0  47  97.6 0.007351
2004 108  0  75  99.0 0.007433
2004 109  0  87 110.0 0.007509
2004 110  0  95 114.5 0.007577
2004 111  0  89 111.8 0.007551
2004 112  0  89 113.9 0.007597
2004 113  0  86 118.4 0.007614
2004 114  0  65 116.6 0.007524
2004 115  0  57 112.9 0.007435
2004 116  0  47 108.4 0.007332
2004 117  0  51 100.9 0.007266
2004 118  0  39  96.4 0.007123
2004 119  0  35  90.7 0.007030
2004 120  0  36  89.8 0.006988
2004 121  0  51  90.8 0.007042
2004 122  0  77  95.7 0.007144
2004 123  0  49  99.1 0.007174
2004 124  0  56  92.8 0.007143
2004 125  0  58  88.9 0.007125
2004 126  0  51  90.1 0.007098
2004 127  0  35  88.0 0.007077
2004 128  0  28  86.8 0.007034
2004 129  0  30  88.9 0.007037
2004 130  0  42  95.0 0.007126
2004 131  0  51  94.8 0.007213
2004 132  0  44  92.0 0.007196
2004 133  0  70 100.9 0.007224
2004 134  0  65 103.0 0.007313
2004 135  0  95 112.1 0.007352
2004 136  0 102 117.9 0.007422
2004 137  0 128 121.0 0.007380
2004 138  0 121 113.7 0.007416
2004 139  0 105 110.4 0.007350
2004 140  0 102 111.4 0.007331
2004 141  0 104 107.2 0.007247
2004 142  0  91 109.6 0.007272
2004 143  0  83 105.0 0.007227
2004 144  0 104 106.6 0.007247
2004 145  0 109 107.9 0.007213
2004 146  0  97 105.1 0.007181
2004 147  0  76 106.1 0.007144
2004 148  0  56 104.6 0.007056
2004 149  0  53 105.2 0.007030
2004 150  0  54 104.0 0.007003
2004 151  0  61 102.4 0.007043
2004 152  0  60  98.1 0.006973
2004 153  0  54  92.5 0.006954
2004 154  0  55  93.0 0.007046
2004 155  0  57  92.6 0.007117
2004 156  0  55  92.0 0.007142
2004 157  0  55  87.0 0.007161
2004 158  0  45  91.0 0.007199
2004 159  0  57  91.2 0.007187
2004 160  0  51  88.6 0.007110
2004 161  0  52  87.9 0.007036
2004 162  0  48  85.0 0.006984
2004 163  0  37  86.5 0.006901
2004 164  0  28  90.7 0.006912
2004 165  0  43  98.2 0.006890
2004 166  0  54 103.1 0.006956
2004 167  0  68 112.9 0.007072
2004 168  0  98 115.1 0.007167
2004 169  0  95 114.9 0.007295
2004 170  0 103 111.3 0.007240
2004 171  0 106 116.4 0.007278
2004 172  0 132 123.0 0.007323
2004 173  0 134 119.6 0.007331
2004 174  0 117 120.5 0.007327
2004 175  0  94 116.2 0.007284
2004 176  0  80 111.9 0.007216
2004 177  0  57 106.3 0.007099
2004 178  0  52 102.2 0.007052
2004 179  0  48 100.4 0.006995
2004 180  0  46  92.4 0.006985
2004 181  0  40  87.9 0.006947
2004 182  0  34  84.5 0.006940
2004 183  0  28  84.0 0.006927
2004 184  0  33  83.4 0.006942
2004 185  0  33  82.2 0.006921
2004 186  0  31  82.1 0.006991
2004 187  0  26  80.9 0.006908
2004 188  0  28  81.6 0.006746
2004 189  0  15  81.9 0.006721
2004 190  0  18  84.6 0.006721
2004 191  0  44  89.6 0.006701
2004 192  0  62  96.4 0.006698
2004 193  0  77 107.9 0.006912
2004 194  0  89 129.2 0.007207
2004 195  0 144 131.6 0.007396
2004 196  0 148 142.6 0.007530
2004 197  0 135 150.5 0.007643
2004 198  0 107 151.3 0.007693
2004 199  0 130 154.1 0.007648
2004 200  0 153 160.2 0.007774
2004 201  0 164 175.8 0.007843
2004 202  0 149 180.8 0.007905
2004 203  0 144 177.7 0.007722
2004 204  0 138 178.4 0.007764
2004 205  0 121 170.4 0.007480
2004 206  0 113 151.8 0.007356
2004 207  0  94 143.9 0.007320
2004 208  0 105 132.0 0.007164
2004 209  0  90 121.8 0.006939
2004 210  0  64 103.8 0.006813
2004 211  0  39 102.8 0.006631
2004 212  0  39  91.4 0.006596
2004 213  0  38  89.0 0.006626
2004 214  0  39  85.8 0.006709
2004 215  0  48  87.0 0.006693
2004 216  0  51  90.1 0.006735
2004 217  0  56  87.9 0.006699
2004 218  0  36  91.5 0.006774
2004 219  0  56  93.6 0.006806
2004 220  0  75  97.3 0.006951
2004 221  0  67 107.7 0.007010
2004 222  0  85 117.0 0.007195
2004 223  0  99 124.7 0.007286
2004 224  0 107 134.3 0.007397
2004 225  0 116 151.1 0.007491
2004 226  0 130 152.5 0.007656
2004 227  0 116 153.1 0.007802
2004 228  0 104 142.4 0.007723
2004 229  0  92 137.0 0.007611
2004 230  0  75 138.3 0.007580
2004 231  0  70 143.3 0.007424
2004 232  0  61 123.5 0.007292
2004 233  0  85 124.2 0.007280
2004 234  0  97 122.8 0.007266
2004 235  0 113 117.8 0.007219
2004 236  0  96 111.9 0.007161
2004 237  0  65 107.2 0.007102
2004 238  0  53 102.5 0.006966
2004 239  0  41  99.5 0.006956
2004 240  0  36  92.3 0.006936
2004 241  0  34  88.9 0.006958
2004 242  0  27  87.7 0.006900
2004 243  0  17  91.6 0.006848
2004 244  0  15  89.7 0.006769
2004 245  0  14  91.5 0.006682
2004 246  0  14  95.6 0.006819
2004 247  0  32  98.3 0.006949
2004 248  0  35 100.9 0.007082
2004 249  0  65 104.8 0.007227
2004 250  0  56 108.2 0.007318
2004 251  0  67 120.7 0.007384
2004 252  0  83 126.3 0.007441
2004 253  0  90 132.8 0.007530
2004 254  0  77 131.8 0.007620
2004 255  0  74 117.9 0.007617
2004 256  0  76 116.0 0.007653
2004 257  0  69 119.1 0.007435
2004 258  0  56 116.0 0.007335
2004 259  0  69 110.8 0.007245
2004 260  0  67 109.4 0.007317
2004 261  0  63 105.5 0.007273
2004 262  0  58 103.6 0.007238
2004 263  0  60 106.1 0.007107
2004 264  0  47 101.3 0.007008
2004 265  0  42  95.6 0.006872
2004 266  0  30  92.0 0.006773
2004 267  0  18  90.8 0.006730
2004 268  0  18  89.9 0.006712
2004 269  0  18  89.9 0.006753
2004 270  0  26  89.9 0.006738
2004 271  0  26  90.2 0.006729
2004 272  0  14  90.2 0.006744
2004 273  0  44  90.0 0.006783
2004 274  0  55  88.4 0.006951
2004 275  0  28  88.1 0.007057
2004 276  0  25  88.1 0.007128
2004 277  0  43  89.1 0.007171
2004 278  0  42  90.7 0.007144
2004 279  0  32  90.8 0.007134
2004 280  0  26  92.0 0.007180
2004 281  0  34  93.7 0.007165
2004 282  0  36  90.4 0.007150
2004 283  0  15  87.7 0.007103
2004 284  0   0  88.7 0.006992
2004 285  0   0  86.6 0.006883
2004 286  0  19  87.2 0.006915
2004 287  0  31  86.7 0.006943
2004 288  0  31  90.2 0.006960
2004 289  0  25  88.6 0.006987
2004 290  0  28  91.1 0.006984
2004 291  0  68  91.2 0.007003
2004 292  0  83  95.5 0.007031
2004 293  0  93  98.2 0.007081
2004 294  0 102 110.3 0.007165
2004 295  0 117 111.0 0.007205
2004 296  0 124 121.2 0.007309
2004 297  0 144 130.2 0.007346
2004 298  0 153 138.7 0.007429
2004 299  0 139 137.9 0.007435
2004 300  0 141 135.0 0.007529
2004 301  0 145 127.8 0.007599
2004 302  0 148 134.0 0.007568
2004 303  0 138 128.8 0.007580
2004 304  0 148 134.4 0.007572
2004 305  0 141 137.1 0.007540
2004 306  0 122 133.4 0.007404
2004 307  0 119 131.0 0.007376
2004 308  0 108 133.7 0.007357
2004 309  0  93 133.7 0.007247
2004 310  0  89 138.8 0.007229
2004 311  0 100 126.5 0.007204
2004 312  0 101 127.2 0.007230
2004 313  0  92 121.7 0.007241
2004 314  0  84 138.1 0.007104
2004 315  0  52 102.6 0.006998
2004 316  0  61  93.0 0.007021
2004 317  0  61  94.0 0.007051
2004 318  0  68  94.4 0.007065
2004 319  0  77  98.1 0.007060
2004 320  0  71 103.3 0.007100
2004 321  0  66 104.2 0.007100
2004 322  0  66 102.5 0.007077
2004 323  0  61 101.6 0.007092
2004 324  0  56 100.9 0.007185
2004 325  0  53  96.9 0.007267
2004 326  0  42  98.5 0.007301
2004 327  0  47 103.7 0.007347
2004 328  0  45 104.2 0.007381
2004 329  0  55 104.5 0.007481
2004 330  0  55 106.6 0.007526
2004 331  0  55 108.2 0.007561
2004 332  0  60 107.4 0.007586
2004 333  0  47 109.8 0.007525
2004 334  0  45 108.4 0.007469
2004 335  0  52 107.5 0.007338
2004 336  0  52 107.8 0.007236
2004 337  0  47 102.6 0.007134
2004 338  0  48  97.9 0.007139
2004 339  0  42  94.6 0.007091
2004 340  0  47  93.1 0.007031
2004 341  0  39  90.4 0.006951
2004 342  0  15  87.1 0.006911
2004 343  0  24  93.6 0.006863
2004 344  0  21  84.7 0.006932
2004 345  0  24  82.3 0.006907
2004 346  0  21  87.1 0.006947
2004 347  0  36  87.7 0.006889
2004 348  0  26  87.0 0.006884
2004 349  0  23  86.5 0.006761
2004 350  0  13  86.5 0.006719
2004 351  0  16 999.9 0.006750
2004 352  0  39 999.9 0.006837
2004 353  0  34 999.9 0.006889
2004 354  0  19 999.9 0.006953
2004 355  0  18 999.9 0.006978
2004 356  0  24  97.7 0.007188
2004 357  0  42  95.6 0.007275
2004 358  0  29  93.2 0.007373
2004 359  0  36  94.0 0.007480
2004 360  0  19  90.0 0.007468
2004 361  0  16  88.7 0.007416
2004 362  0  16  93.7 0.007297
2004 363  0  27 101.7 0.007225
2004 364  0  19  95.3 0.007220
2004 365  0  29  96.7 0.007184
2004 366  0  36  95.2 0.007231
2005   1  0  49  95.6 0.007129
2005   2  0  49  96.7 0.007120
2005   3  0  37  91.0 0.006991
2005   4  0  22  85.1 0.006911
2005   5  0  17  85.3 0.006808
2005   6  0  18  80.4 0.006780
2005   7  0  17  80.7 0.006693
2005   8  0  15  85.6 0.006695
2005   9  0  22  84.6 0.006665
2005  10  0  29  87.1 0.006654
2005  11  0  42  91.1 0.006645
2005  12  0  61  98.8 0.006755
2005  13  0  63 111.9 0.006904
2005  14  0  83 125.6 0.007064
2005  15  0  91 140.2 0.007289
2005  16  0 100 139.8 0.007338
2005  17  0  98 133.1 0.007443
2005  18  0  94 120.3 0.007459
2005  19  0  69 128.3 0.007500
2005  20  0  65 118.8 0.007508
2005  21  0  69 109.9 0.007407
2005  22  0  48  99.1 0.007339
2005  23  0  40  92.8 0.007287
2005  24  0  43  91.7 0.007202
2005  25  0  49  91.2 0.007119
2005  26  0  35  86.6 0.007039
2005  27  0  31  84.3 0.006948
2005  28  0  31  82.4 0.006833
2005  29  0  29  83.9 0.006783
2005  30  0  34  82.9 0.006724
2005  31  0  40  83.6 0.006681
2005  32  0  28  81.3 0.006666
2005  33  0  25  79.4 0.006623
2005  34  0  16  80.7 0.006576
2005  35  0  22  79.8 0.006537
2005  36  0  24  92.0 0.006606
2005  37  0  57  94.3 0.006681
2005  38  0  57 100.3 0.006836
2005  39  0  52 105.4 0.006961
2005  40  0  58 105.8 0.007091
2005  41  0  72 111.1 0.007159
2005  42  0  78 111.2 0.007277
2005  43  0  84 113.5 0.007354
2005  44  0  72 112.7 0.007460
2005  45  0  72 115.2 0.007488
2005  46  0  78 118.7 0.007519
2005  47  0  67 110.2 0.007475
2005  48  0  64 108.8 0.007338
2005  49  0  55 101.8 0.007182
2005  50  0  46  96.3 0.007188
2005  51  0  40  93.6 0.006993
2005  52  0  30  92.5 0.006915
2005  53  0  30  90.4 0.006801
2005  54  0  24  82.8 0.006738
2005  55  0  16  78.6 0.006709
2005  56  0  12  76.7 0.006637
2005  57  0  18  75.1 0.006561
2005  58  0  12  74.4 0.006485
2005  59  0  10  73.6 0.006428
2005  60  0   0  72.4 0.006381
2005  61  0  13  73.4 0.006339
2005  62  0  15  75.7 0.006367
2005  63  0  13  77.7 0.006382
2005  64  0  15  79.9 0.006411
2005  65  0  16  82.3 0.006487
2005  66  0  29  85.7 0.006617
2005  67  0  53  92.2 0.006670
2005  68  0  61  98.5 0.006815
2005  69  0  66 100.3 0.007028
2005  70  0  70 103.6 0.007178
2005  71  0  68 108.8 0.007226
2005  72  0  68 112.5 0.007271
2005  73  0  65 110.3 0.007312
2005  74  0  60 107.0 0.007309
2005  75  0  45 103.6 0.007261
2005  76  0  40 100.4 0.007179
2005  77  0  40  95.7 0.007089
2005  78  0  42  92.2 0.006986
2005  79  0  40  88.3 0.006923
2005  80  0  48  89.1 0.006868
2005  81  0  45  86.7 0.006724
2005  82  0  52  87.1 0.006759
2005  83  0  66  86.6 0.006762
2005  84  0  55  81.7 0.006620
2005  85  0  42  77.4 0.006578
2005  86  0  36  78.1 0.006527
2005  87  0  16  79.4 0.006436
2005  88  0  15  78.6 0.006446
2005  89  0  11  77.5 0.006446
2005  90  0  24  76.5 0.006427
2005  91  0  26  78.2 0.006432
2005  92  0  32  80.2 0.006522
2005  93  0  45  81.1 0.006564
2005  94  0  53  84.9 0.006616
2005  95  0  56  88.5 0.006761
2005  96  0  46  88.2 0.006848
2005  97  0  45  88.0 0.006938
2005  98  0  43  87.9 0.006958
2005  99  0  43  88.8 0.007074
2005 100  0  43  88.6 0.007063
2005 101  0  21  87.9 0.007015
2005 102  0  34  85.3 0.006944
2005 103  0  46  84.0 0.006984
2005 104  0  56  86.0 0.006920
2005 105  0  57  85.5 0.006928
2005 106  0  45  83.6 0.006887
2005 107  0  42  84.2 0.006848
2005 108  0  42  82.0 0.006751
2005 109  0  42  78.9 0.006655
2005 110  0  38  77.8 0.006676
2005 111  0  26  77.9 0.006654
2005 112  0  26  78.1 0.006571
2005 113  0  22  80.2 0.006495
2005 114  0  14  83.2 0.006470
2005 115  0  16  87.1 0.006459
2005 116  0  18  92.1 0.006609
2005 117  0  27  96.6 0.006665
2005 118  0  48  99.4 0.006704
2005 119  0  56 106.5 0.006797
2005 120  0  54 108.0 0.006833
2005 121  0  61 113.4 0.006880
2005 122  0  61 114.0 0.006977
2005 123  0  68 114.2 0.007132
2005 124  0  62 110.6 0.007168
2005 125  0  58 111.0 0.007204
2005 126  0  65 112.4 0.007194
2005 127  0  54 101.8 0.007039
2005 128  0  67 103.2 0.007063
2005 129  0  91 112.2 0.007117
2005 130  0 111 121.6 0.007218
2005 131  0 119 127.9 0.007184
2005 132  0 116 119.9 0.007183
2005 133  0  90 128.6 0.007077
2005 134  0  74 101.7 0.007046
2005 135  0  56 105.2 0.006978
2005 136  0  62 101.4 0.006977
2005 137  0  48  92.0 0.006862
2005 138  0  38  85.8 0.006746
2005 139  0  33  86.7 0.006640
2005 140  0  22  85.6 0.006549
2005 141  0  19  83.9 0.006514
2005 142  0  35  84.2 0.006564
2005 143  0  36  85.5 0.006602
2005 144  0  36  87.4 0.006656
2005 145  0  43  86.0 0.006716
2005 146  0  64  92.8 0.006797
2005 147  0  64  98.1 0.006824
2005 148  0  54  95.1 0.006866
2005 149  0  62  95.3 0.006908
2005 150  0  67  97.5 0.007009
2005 151  0  84  99.0 0.007059
2005 152  0  76  96.9 0.007117
2005 153  0  58  96.0 0.007055
2005 154  0  48  98.0 0.007030
2005 155  0  71  99.8 0.007099
2005 156  0  89 108.6 0.007133
2005 157  0  92 109.2 0.007089
2005 158  0 105 112.4 0.007146
2005 159  0  98 119.3 0.007142
2005 160  0  97 119.7 0.007161
2005 161  0 101 117.9 0.007058
2005 162  0  79 111.4 0.006920
2005 163  0  75 106.3 0.006869
2005 164  0  45  94.7 0.006777
2005 165  0  48  96.8 0.006624
2005 166  0  58  97.5 0.006578
2005 167  0  62 101.3 0.006552
2005 168  0  69  93.7 0.006519
2005 169  0  46  92.9 0.006551
2005 170  0  42  89.8 0.006575
2005 171  0  45  88.9 0.006614
2005 172  0  49  85.5 0.006611
2005 173  0  39  82.1 0.006592
2005 174  0  16  80.1 0.006596
2005 175  0  16  79.2 0.006659
2005 176  0  17  79.3 0.006675
2005 177  0   0  81.3 0.006718
2005 178  0  12  80.0 0.006803
2005 179  0  13  82.6 0.006865
2005 180  0  40  91.9 0.006968
2005 181  0  97 105.9 0.007065
2005 182  0 122 118.5 0.007177
2005 183  0 148 128.0 0.007312
2005 184  0 157 134.1 0.007451
2005 185  0 167 127.8 0.007444
2005 186  0 160 131.0 0.007480
2005 187  0 131 127.2 0.007402
2005 188  0 117 129.1 0.007320
2005 189  0 100 114.2 0.007180
2005 190  0  89 110.2 0.007063
2005 191  0  65 105.2 0.006891
2005 192  0  64  96.4 0.006781
2005 193  0  59  98.5 0.006664
2005 194  0  64  94.8 0.006638
2005 195  0  47  92.9 0.006605
2005 196  0  33  90.1 0.006504
2005 197  0  17  78.8 0.006444
2005 198  0  12  76.5 0.006420
2005 199  0   0  74.4 0.006300
2005 200  0  14  73.5 0.006312
2005 201  0   0  74.4 0.006346
2005 202  0   0  75.2 0.006392
2005 203  0  12  75.9 0.006448
2005 204  0  25  82.7 0.006613
2005 205  0  17  82.8 0.006735
2005 206  0  19  86.5 0.006817
2005 207  0  23  89.2 0.006903
2005 208  0  17  93.4 0.006903
2005 209  0  28  98.7 0.007033
2005 210  0  53 106.9 0.007143
2005 211  0  67 108.2 0.007231
2005 212  0 107 113.1 0.007294
2005 213  0 105 114.6 0.007439
2005 214  0 115 113.5 0.007387
2005 215  0  80 112.2 0.007295
2005 216  0  66 109.2 0.007175
2005 217  0  66 101.7 0.006958
2005 218  0  55  96.1 0.006848
2005 219  0  65  94.9 0.006759
2005 220  0  61  88.9 0.006713
2005 221  0  57  84.7 0.006579
2005 222  0  27  78.3 0.006446
2005 223  0  37  77.9 0.006430
2005 224  0  45  78.3 0.006362
2005 225  0  37  77.4 0.006320
2005 226  0  43  76.7 0.006248
2005 227  0  45  77.7 0.006233
2005 228  0  40  77.7 0.006284
2005 229  0  33  78.9 0.006387
2005 230  0  32  84.7 0.006442
2005 231  0  73  95.3 0.006571
2005 232  0  80 100.4 0.006754
2005 233  0  65 100.8 0.006829
2005 234  0  63 107.2 0.006967
2005 235  0  60 109.3 0.006995
2005 236  0  70 100.7 0.007043
2005 237  0  68  94.4 0.007114
2005 238  0  61  95.2 0.007164
2005 239  0  70  94.0 0.007202
2005 240  0  76  91.6 0.007216
2005 241  0  71  90.9 0.007169
2005 242  0  61  87.6 0.007069
2005 243  0  48  85.6 0.006972
2005 244  0  29  80.6 0.006809
2005 245  0  24  78.5 0.006684
2005 246  0  15  75.4 0.006510
2005 247  0  15  75.8 0.006463
2005 248  0  14  76.2 0.006369
2005 249  0  14  84.7 0.006259
2005 250  0  24  93.6 0.006345
2005 251  0  34  95.5 0.006372
2005 252  0  48 100.6 0.006479
2005 253  0  59 117.6 0.006586
2005 254  0  58 111.1 0.006661
2005 255  0  63 119.5 0.006740
2005 256  0  85 115.0 0.006950
2005 257  0  70 117.9 0.006907
2005 258  0  66 120.6 0.006939
2005 259  0  56 112.9 0.006936
2005 260  0  59 104.9 0.006963
2005 261  0  56 103.2 0.006975
2005 262  0  44  91.9 0.006904
2005 263  0  24  88.5 0.006883
2005 264  0  22  86.7 0.006890
2005 265  0  24  84.3 0.006890
2005 266  0  32  83.3 0.006847
2005 267  0  29  81.9 0.006811
2005 268  0  27  81.4 0.006759
2005 269  0  37  81.7 0.006700
2005 270  0  27  77.2 0.006559
2005 271  0  25  74.9 0.006491
2005 272  0  24  74.0 0.006392
2005 273  0  12  72.4 0.006315
2005 274  0  14  72.3 0.006302
2005 275  0  12  75.0 0.006249
2005 276  0  15  74.4 0.006245
2005 277  0  21  82.7 0.006432
2005 278  0  26  81.3 0.006402
2005 279  0  23  79.4 0.006456
2005 280  0  21  78.7 0.006496
2005 281  0  18  78.0 0.006527
2005 282  0  15  78.7 0.006558
2005 283  0  24  78.8 0.006575
2005 284  0  21  77.3 0.006624
2005 285  0  21  76.5 0.006649
2005 286  0   0  77.6 0.006642
2005 287  0  12  78.0 0.006616
2005 288  0  12  79.1 0.006640
2005 289  0  12  78.7 0.006568
2005 290  0  12  77.5 0.006590
2005 291  0  12  77.7 0.006650
2005 292  0  24  77.2 0.006671
2005 293  0  14  76.0 0.006604
2005 294  0  12  74.6 0.006609
2005 295  0  11  74.0 0.006577
2005 296  0  12  73.4 0.006497
2005 297  0   0  72.5 0.006420
2005 298  0   0  72.1 0.006402
2005 299  0   0  71.2 0.006337
2005 300  0   0  70.7 0.006239
2005 301  0   0  72.1 0.006214
2005 302  0  12  73.1 0.006201
2005 303  0  14  74.5 0.006249
2005 304  0  18  76.7 0.006269
2005 305  0  28  76.1 0.006339
2005 306  0  29  76.8 0.006397
2005 307  0  17  75.5 0.006423
2005 308  0  18  76.1 0.006469
2005 309  0  18  77.9 0.006506
2005 310  0  21  80.3 0.006571
2005 311  0  38  78.0 0.006596
2005 312  0  12  77.9 0.006573
2005 313  0  12  76.6 0.006552
2005 314  0   0  76.4 0.006549
2005 315  0   0  77.0 0.006514
2005 316  0  15  81.4 0.006460
2005 317  0  18  86.0 0.006502
2005 318  0  29  90.4 0.006476
2005 319  0  31  97.8 0.006523
2005 320  0  35  91.8 0.006555
2005 321  0  37  98.2 0.006565
2005 322  0  40  98.8 0.006573
2005 323  0  40  99.6 0.006575
2005 324  0  51  94.1 0.006557
2005 325  0  41  92.4 0.006554
2005 326  0  41  90.3 0.006539
2005 327  0  37  87.5 0.006484
2005 328  0  41  84.4 0.006394
2005 329  0  31  77.9 0.006378
2005 330  0  23  78.7 0.006334
2005 331  0  25  78.6 0.006394
2005 332  0  26  79.7 0.006496
2005 333  0  25  82.4 0.006570
2005 334  0  46  92.0 0.006668
2005 335  0  71  95.5 0.006777
2005 336  0  78 103.3 0.006841
2005 337  0  87  98.4 0.006861
2005 338  0  79  92.5 0.006822
2005 339  0  79  89.0 0.006786
2005 340  0  65  86.5 0.006752
2005 341  0  33  86.3 0.006645
2005 342  0  36  86.9 0.006585
2005 343  0  33  86.4 0.006535
2005 344  0  56  88.7 0.006550
2005 345  0  55  90.2 0.006605
2005 346  0  48  85.6 0.006628
2005 347  0  55  85.2 0.006615
2005 348  0  55  86.8 0.006644
2005 349  0  52  84.2 0.006666
2005 350  0  45  83.1 0.006583
2005 351  0  40  82.5 0.006545
2005 352  0  40  82.8 0.006530
2005 353  0  62  86.6 0.006519
2005 354  0  56  84.9 0.006455
2005 355  0  61  83.7 0.006386
2005 356  0  59  84.8 0.006423
2005 357  0  52  90.1 0.006376
2005 358  0  76  88.9 0.006421
2005 359  0  62  88.8 0.006559
2005 360  0  75  89.5 0.006782
2005 361  0  74  89.2 0.006911
2005 362  0  63  86.1 0.006981
2005 363  0  65  87.4 0.006949
2005 364  0  66  86.9 0.007021
2005 365  0  59  84.5 0.006968
2006   1  0  34  84.5 0.006903
2006   2  0  33  81.7 0.006787
2006   3  0  26  82.1 0.006753
2006   4  0  23  81.2 0.006698
2006   5  0  20  80.6 0.006529
2006   6  0  20  79.3 0.006481
2006   7  0  11  76.6 0.006412
2006   8  0  10  75.6 0.006447
2006   9  0  11  75.0 0.006407
2006  10  0  11  75.2 0.006423
2006  11  0  11  74.7 0.006405
2006  12  0  11  74.0 0.006408
2006  13  0   0  74.0 0.006406
2006  14  0  11  74.9 0.006450
2006  15  0  27  78.3 0.006479
2006  16  0  33  81.1 0.006476
2006  17  0  30  79.8 0.006427
2006  18  0  35  82.9 0.006419
2006  19  0  33  85.8 0.006419
2006  20  0  22  87.9 0.006444
2006  21  0  26  90.9 0.006540
2006  22  0  42  89.9 0.006680
2006  23  0  50  89.6 0.006782
2006  24  0  41  89.8 0.006822
2006  25  0  26  86.3 0.006771
2006  26  0  19  84.2 0.006784
2006  27  0  12  81.0 0.006740
2006  28  0  10  77.6 0.006662
2006  29  0  10  77.2 0.006577
2006  30  0   0  76.5 0.006511
2006  31  0   0  75.3 0.006396
2006  32  0   0  75.3 0.006320
2006  33  0   0  75.1 0.006300
2006  34  0   0  76.4 0.006291
2006  35  0   0  74.9 0.006252
2006  36  0   0  74.2 0.006302
2006  37  0   0  72.9 0.006303
2006  38  0   8  72.0 0.006287
2006  39  0   8  72.0 0.006320
2006  40  0  17  72.8 0.006357
2006  41  0  12  73.2 0.006317
2006  42  0   9  74.1 0.006292
2006  43  0   0  74.1 0.006262
2006  44  0  11  74.4 0.006315
2006  45  0  13  75.4 0.006306
2006  46  0  18  76.6 0.006311
2006  47  0  18  77.3 0.006378
2006  48  0   8  77.3 0.006467
2006  49  0   8  76.7 0.006564
2006  50  0  14  74.8 0.006542
2006  51  0   0  74.5 0.006605
2006  52  0   0  74.2 0.006621
2006  53  0   0  74.4 0.006565
2006  54  0   0  73.6 0.006532
2006  55  0   0  74.4 0.006516
2006  56  0   0  74.5 0.006419
2006  57  0   0  75.0 0.006396
2006  58  0   8  75.5 0.006396
2006  59  0   8  75.7 0.006352
2006  60  0   0  75.6 0.006311
2006  61  0   0  74.7 0.006311
2006  62  0   0  74.2 0.006301
2006  63  0  15  73.8 0.006278
2006  64  0  26  73.0 0.006275
2006  65  0  23  72.5 0.006292
2006  66  0   0  73.3 0.006255
2006  67  0   0  71.3 0.006212
2006  68  0   0  71.8 0.006197
2006  69  0   0  71.2 0.006193
2006  70  0   0  73.1 0.006207
2006  71  0  15  72.3 0.006190
2006  72  0  16  71.7 0.006215
2006  73  0  23  72.8 0.006240
2006  74  0  23  73.4 0.006231
2006  75  0  21  71.7 0.006274
2006  76  0  31  71.3 0.006309
2006  77  0  26  71.7 0.006408
2006  78  0  26  74.6 0.006447
2006  79  0  31  76.2 0.006446
2006  80  0  31  76.1 0.006442
2006  81  0  31  75.4 0.006446
2006  82  0  29  76.1 0.006407
2006  83  0  34  75.4 0.006374
2006  84  0  18  75.2 0.006288
2006  85  0   0  73.3 0.006283
2006  86  0   0  74.0 0.006268
2006  87  0  15  79.0 0.006245
2006  88  0  31  81.5 0.006297
2006  89  0  32  83.7 0.006379
2006  90  0  39  86.1 0.006460
2006  91  0  58  86.9 0.006535
2006  92  0  65  91.1 0.006545
2006  93  0  73 100.4 0.006620
2006  94  0  82  99.6 0.006579
2006  95  0  83  99.1 0.006524
2006  96  0  90  99.1 0.006518
2006  97  0  77  94.7 0.006456
2006  98  0  68  91.3 0.006426
2006  99  0  55  89.5 0.006471
2006 100  0  60  89.1 0.006452
2006 101  0  63  90.1 0.006437
2006 102  0  68  81.6 0.006466
2006 103  0  67  80.5 0.006523
2006 104  0  60  79.4 0.006536
2006 105  0  38  78.9 0.006607
2006 106  0  25  77.0 0.006654
2006 107  0  13  78.5 0.006573
2006 108  0  12  76.5 0.006573
2006 109  0  23  76.5 0.006465
2006 110  0  17  79.3 0.006381
2006 111  0  15  80.0 0.006358
2006 112  0  18  83.2 0.006378
2006 113  0  13  87.7 0.006360
2006 114  0  18  93.9 0.006402
2006 115  0  47  96.3 0.006470
2006 116  0  58 101.3 0.006671
2006 117  0  65 102.0 0.006763
2006 118  0  62 101.5 0.006880
2006 119  0  53 102.7 0.006971
2006 120  0  62 101.4 0.006995
2006 121  0  55  94.8 0.006904
2006 122  0  58  90.9 0.006822
2006 123  0  57  90.4 0.006773
2006 124  0  60  93.4 0.006712
2006 125  0  53  88.2 0.006621
2006 126  0  45  88.6 0.006580
2006 127  0  53  87.8 0.006597
2006 128  0  52  86.3 0.006582
2006 129  0  47  84.2 0.006611
2006 130  0  32  79.8 0.006621
2006 131  0  27  77.9 0.006575
2006 132  0  12  77.3 0.006512
2006 133  0  12  75.0 0.006472
2006 134  0   0  73.6 0.006474
2006 135  0   0  73.2 0.006407
2006 136  0   0  73.1 0.006385
2006 137  0   0  73.6 0.006260
2006 138  0  13  75.0 0.006178
2006 139  0  13  77.1 0.006204
2006 140  0  32  78.0 0.006242
2006 141  0  33  79.4 0.006336
2006 142  0  47  85.1 0.006467
2006 143  0  50  86.3 0.006670
2006 144  0  43  85.9 0.006713
2006 145  0  42  85.9 0.006760
2006 146  0  47  83.8 0.006757
2006 147  0  53  85.2 0.006850
2006 148  0  62  87.0 0.006818
2006 149  0  58  83.3 0.006799
2006 150  0  53  82.3 0.006715
2006 151  0  45  80.6 0.006657
2006 152  0  14  79.4 0.006507
2006 153  0   0  77.5 0.006460
2006 154  0   0  78.1 0.006402
2006 155  0  19  77.8 0.006419
2006 156  0  26  80.2 0.006495
2006 157  0  32  80.3 0.006452
2006 158  0  58  85.2 0.006438
2006 159  0  58  82.5 0.006469
2006 160  0  47  80.0 0.006460
2006 161  0  49  78.5 0.006479
2006 162  0  37  76.7 0.006464
2006 163  0  30  76.5 0.006359
2006 164  0  28  79.5 0.006304
2006 165  0  14  77.7 0.006230
2006 166  0  14  78.8 0.006209
2006 167  0  21  77.7 0.006252
2006 168  0  23  75.6 0.006292
2006 169  0  18  75.7 0.006355
2006 170  0  21  75.7 0.006393
2006 171  0  21  75.3 0.006386
2006 172  0  18  75.1 0.006391
2006 173  0   0  74.4 0.006416
2006 174  0   0  74.1 0.006380
2006 175  0   0  76.1 0.006409
2006 176  0  14  76.5 0.006427
2006 177  0  18  79.0 0.006396
2006 178  0  23  81.2 0.006412
2006 179  0  42  86.3 0.006486
2006 180  0  46  88.4 0.006494
2006 181  0  44  89.0 0.006601
2006 182  0  38  88.4 0.006627
2006 183  0  31  90.0 0.006686
2006 184  0  35  88.8 0.006667
2006 185  0  36  95.1 0.006637
2006 186  0  35  87.5 0.006606
2006 187  0  36  87.9 0.006663
2006 188  0  36  82.6 0.006664
2006 189  0  35  80.0 0.006513
2006 190  0  31  77.1 0.006451
2006 191  0  15  75.2 0.006395
2006 192  0  15  73.6 0.006333
2006 193  0  13  72.9 0.006298
2006 194  0   0  72.2 0.006340
2006 195  0  15  73.3 0.006373
2006 196  0  16  72.6 0.006388
2006 197  0  20  73.2 0.006356
2006 198  0  22  73.3 0.006345
2006 199  0  22  73.6 0.006371
2006 200  0  24  73.4 0.006361
2006 201  0  15  74.5 0.006391
2006 202  0   0  75.0 0.006389
2006 203  0  15  75.9 0.006444
2006 204  0  18  78.9 0.006451
2006 205  0  20  79.5 0.006470
2006 206  0  18  77.9 0.006537
2006 207  0  18  77.0 0.006533
2006 208  0  18  76.7 0.006588
2006 209  0  16  74.9 0.006535
2006 210  0  16  75.2 0.006600
2006 211  0  31  76.2 0.006571
2006 212  0  27  74.6 0.006542
2006 213  0  11  74.9 0.006521
2006 214  0  11  74.3 0.006445
2006 215  0  15  73.4 0.006390
2006 216  0   0  71.6 0.006338
2006 217  0   0  71.5 0.006232
2006 218  0   0  71.5 0.006178
2006 219  0   0  71.8 0.006165
2006 220  0  11  73.4 0.006284
2006 221  0  26  76.1 0.006281
2006 222  0  27  82.5 0.006331
2006 223  0  26  86.2 0.006392
2006 224  0  24  87.0 0.006386
2006 225  0  26  88.1 0.006398
2006 226  0  31  88.6 0.006481
2006 227  0  31  87.8 0.006451
2006 228  0  31 103.2 0.006561
2006 229  0  27  88.0 0.006530
2006 230  0  31  90.6 0.006540
2006 231  0  24  90.9 0.006543
2006 232  0  16  90.2 0.006516
2006 233  0  26  89.8 0.006507
2006 234  0  15  82.7 0.006513
2006 235  0  19  80.1 0.006529
2006 236  0  19  79.9 0.006567
2006 237  0  24  78.9 0.006535
2006 238  0  23  77.3 0.006556
2006 239  0  34  80.2 0.006558
2006 240  0  35  78.0 0.006506
2006 241  0  27  74.4 0.006422
2006 242  0  19  75.7 0.006355
2006 243  0  35  84.7 0.006288
2006 244  0  35  78.3 0.006229
2006 245  0  16  76.9 0.006121
2006 246  0   0  77.8 0.006220
2006 247  0   0  80.3 0.006325
2006 248  0  26  81.7 0.006452
2006 249  0  39  85.3 0.006583
2006 250  0  48  88.1 0.006659
2006 251  0  48  88.5 0.006658
2006 252  0  49  86.7 0.006701
2006 253  0  49  88.5 0.006688
2006 254  0  44  85.7 0.006689
2006 255  0  31  85.1 0.006628
2006 256  0  30  83.9 0.006609
2006 257  0  15  83.8 0.006555
2006 258  0  15  81.0 0.006441
2006 259  0  13  80.1 0.006402
2006 260  0  25  78.8 0.006468
2006 261  0  12  75.1 0.006445
2006 262  0  13  74.0 0.006536
2006 263  0  13  71.5 0.006485
2006 264  0  13  72.0 0.006547
2006 265  0  18  72.9 0.006502
2006 266  0  13  70.9 0.006461
2006 267  0  15  70.3 0.006331
2006 268  0  13  70.6 0.006381
2006 269  0  16  71.0 0.006259
2006 270  0  12  72.4 0.006219
2006 271  0  13  73.3 0.006160
2006 272  0  36  76.8 0.006289
2006 273  0  41  77.9 0.006314
2006 274  0  35  78.6 0.006464
2006 275  0  33  78.0 0.006511
2006 276  0  23  76.7 0.006554
2006 277  0  23  76.7 0.006592
2006 278  0  24  77.3 0.006655
2006 279  0  23  76.3 0.006643
2006 280  0  23  76.4 0.006650
2006 281  0  21  75.1 0.006616
2006 282  0  21  74.8 0.006611
2006 283  0  14  75.0 0.006491
2006 284  0   0  73.3 0.006433
2006 285  0   0  73.3 0.006382
2006 286  0   0  72.9 0.006321
2006 287  0   0  72.0 0.006300
2006 288  0   0  70.7 0.006299
2006 289  0   0  69.1 0.006250
2006 290  0   0  69.1 0.006284
2006 291  0   0  69.0 0.006255
2006 292  0  14  69.0 0.006293
2006 293  0  14  70.4 0.006274
2006 294  0  16  74.0 0.006294
2006 295  0  23  75.1 0.006310
2006 296  0  38  75.7 0.006353
2006 297  0  30  74.0 0.006259
2006 298  0  14  73.9 0.006281
2006 299  0   0  71.0 0.006159
2006 300  0  13  71.1 0.006140
2006 301  0  13  73.7 0.006243
2006 302  0   0  72.3 0.006234
2006 303  0  13  74.6 0.006337
2006 304  0  33  78.9 0.006345
2006 305  0  53  85.3 0.006460
2006 306  0  70  86.8 0.006557
2006 307  0  73  86.0 0.006580
2006 308  0  65  84.0 0.006623
2006 309  0  53  83.2 0.006600
2006 310  0  40  82.1 0.006535
2006 311  0  32  85.6 0.006460
2006 312  0  43  84.8 0.006436
2006 313  0  30  87.7 0.006462
2006 314  0  15  89.3 0.006479
2006 315  0  18  95.0 0.006564
2006 316  0  22  94.7 0.006659
2006 317  0  35  93.2 0.006682
2006 318  0  47  92.5 0.006636
2006 319  0  45  94.0 0.006650
2006 320  0  52  92.0 0.006641
2006 321  0  47  87.4 0.006594
2006 322  0  47  86.8 0.006604
2006 323  0  45  82.9 0.006542
2006 324  0  30  78.6 0.006473
2006 325  0   0  75.6 0.006322
2006 326  0   0  74.6 0.006254
2006 327  0  12  74.9 0.006199
2006 328  0   0  75.5 0.006202
2006 329  0  13  76.5 0.006275
2006 330  0  15  76.2 0.006369
2006 331  0  33  80.2 0.006494
2006 332  0  38  83.2 0.006539
2006 333  0  40  82.7 0.006537
2006 334  0  58  81.8 0.006520
2006 335  0  56  81.8 0.006500
2006 336  0  53  84.8 0.006537
2006 337  0  46  84.6 0.006447
2006 338  0  39  93.6 0.006423
2006 339  0  46  99.4 0.006451
2006 340  0  54  99.7 0.006579
2006 341  0  51  92.9 0.006550
2006 342  0  28  93.1 0.006566
2006 343  0  21  89.6 0.006702
2006 344  0  23  87.3 0.006699
2006 345  0  28  89.4 0.006735
2006 346  0  28  98.9 0.006663
2006 347  0  26  90.7 0.006630
2006 348  0  23  90.5 0.006581
2006 349  0  21  84.4 0.006435
2006 350  0  20  79.7 0.006319
2006 351  0  15  78.7 0.006209
2006 352  0   0  72.3 0.006165
2006 353  0   0  70.6 0.006109
2006 354  0   0  69.2 0.006133
2006 355  0   0  70.0 0.006134
2006 356  0   0  70.8 0.006163
2006 357  0   0  70.3 0.006228
2006 358  0  13  71.1 0.006287
2006 359  0  16  73.9 0.006355
2006 360  0  21  72.5 0.006423
2006 361  0  20  70.9 0.006355
2006 362  0   0  73.8 0.006404
2006 363  0   0  75.8 0.006345
2006 364  0  16  77.4 0.006327
2006 365  0  28  80.5 0.006374
2007   1  0  38  84.1 0.006434
2007   2  0  42  87.0 0.006508
2007   3  0  44  84.8 0.006544
2007   4  0  44  86.4 0.006589
2007   5  0  49  86.5 0.006606
2007   6  0  47  84.4 0.006632
2007   7  0  42  83.9 0.006651
2007   8  0  52  85.1 0.006644
2007   9  0  47  89.1 0.006589
2007  10  0  42  83.3 0.006449
2007  11  0  40  81.2 0.006339
2007  12  0  28  81.0 0.006242
2007  13  0  30  78.7 0.006224
2007  14  0  19  79.4 0.006251
2007  15  0  19  79.3 0.006240
2007  16  0  19  76.1 0.006252
2007  17  0  16  75.6 0.006269
2007  18  0  17  74.4 0.006280
2007  19  0  24  73.9 0.006297
2007  20  0  19  76.3 0.006451
2007  21  0  19  76.1 0.006449
2007  22  0  21  76.0 0.006422
2007  23  0  17  76.8 0.006396
2007  24  0  19  77.9 0.006369
2007  25  0  14  77.5 0.006247
2007  26  0  12  77.3 0.006211
2007  27  0  12  78.0 0.006247
2007  28  0  14  79.3 0.006280
2007  29  0  31  84.1 0.006420
2007  30  0  35  84.9 0.006479
2007  31  0  35  86.6 0.006480
2007  32  0  38  87.3 0.006509
2007  33  0  41  87.7 0.006479
2007  34  0  36  84.8 0.006489
2007  35  0  29  81.3 0.006461
2007  36  0  27  80.7 0.006462
2007  37  0  26  79.6 0.006413
2007  38  0  26  79.8 0.006383
2007  39  0  14  76.3 0.006337
2007  40  0  12  74.6 0.006242
2007  41  0  12  73.9 0.006244
2007  42  0   0  72.8 0.006241
2007  43  0   0  71.8 0.006248
2007  44  0   0  70.9 0.006281
2007  45  0   0  70.9 0.006265
2007  46  0   0  71.8 0.006298
2007  47  0   0  72.9 0.006360
2007  48  0  14  73.5 0.006359
2007  49  0  14  74.1 0.006329
2007  50  0  34  73.2 0.006345
2007  51  0  29  73.1 0.006300
2007  52  0  17  73.2 0.006247
2007  53  0  27  73.9 0.006287
2007  54  0  26  73.6 0.006323
2007  55  0  14  73.9 0.006331
2007  56  0  14  75.1 0.006327
2007  57  0  26  73.9 0.006318
2007  58  0  26  73.4 0.006314
2007  59  0  14  74.4 0.006338
2007  60  0  11  73.4 0.006310
2007  61  0  11  74.2 0.006332
2007  62  0  11  72.0 0.006293
2007  63  0  13  71.3 0.006302
2007  64  0  27  70.8 0.006261
2007  65  0  22  70.8 0.006159
2007  66  0   0  71.8 0.006193
2007  67  0   0  71.4 0.006174
2007  68  0   0  70.6 0.006153
2007  69  0   0  70.2 0.006124
2007  70  0  14  70.1 0.006107
2007  71  0  13  70.3 0.006149
2007  72  0   0  70.6 0.006176
2007  73  0   0  69.2 0.006113
2007  74  0   0  68.5 0.006114
2007  75  0   0  68.0 0.006089
2007  76  0   0  68.6 0.006089
2007  77  0   0  69.8 0.006152
2007  78  0   0  69.5 0.006164
2007  79  0   0  72.0 0.006177
2007  80  0   0  72.3 0.006225
2007  81  0   0  72.0 0.006245
2007  82  0  13  72.0 0.006273
2007  83  0  13  72.4 0.006344
2007  84  0   0  73.3 0.006333
2007  85  0  14  73.5 0.006343
2007  86  0  13  73.0 0.006368
2007  87  0  13  74.3 0.006395
2007  88  0  13  73.6 0.006362
2007  89  0  11  73.9 0.006374
2007  90  0  11  73.1 0.006363
2007  91  0  16  71.6 0.006322
2007  92  0   0  71.1 0.006264
2007  93  0   0  70.8 0.006249
2007  94  0   0  70.8 0.006211
2007  95  0   0  71.0 0.006232
2007  96  0   0  71.1 0.006145
2007  97  0   0  71.4 0.006116
2007  98  0   0  71.3 0.006094
2007  99  0   0  70.2 0.006109
2007 100  0   0  69.7 0.006101
2007 101  0   0  69.5 0.006123
2007 102  0   0  68.6 0.006130
2007 103  0   0  68.6 0.006152
2007 104  0   0  68.6 0.006115
2007 105  0   0  69.8 0.006169
2007 106  0   0  69.8 0.006136
2007 107  0  11  69.8 0.006137
2007 108  0   0  69.3 0.006193
2007 109  0   0  68.9 0.006127
2007 110  0   0  69.1 0.006196
2007 111  0   0  69.4 0.006177
2007 112  0   0  69.7 0.006149
2007 113  0   0  69.8 0.006198
2007 114  0   0  74.0 0.006241
2007 115  0  13  77.4 0.006278
2007 116  0  16  81.5 0.006319
2007 117  0  18  83.8 0.006378
2007 118  0  23  86.1 0.006433
2007 119  0  32  86.0 0.006443
2007 120  0  34  88.2 0.006407
2007 121  0  33  87.6 0.006376
2007 122  0  33  88.8 0.006381
2007 123  0  20  84.4 0.006398
2007 124  0  18  83.9 0.006322
2007 125  0  17  82.4 0.006262
2007 126  0  15  79.4 0.006241
2007 127  0  13  77.1 0.006173
2007 128  0  15  74.7 0.006099
2007 129  0  18  73.5 0.006142
2007 130  0  20  72.6 0.006192
2007 131  0  23  72.9 0.006215
2007 132  0  22  72.9 0.006208
2007 133  0  18  75.0 0.006267
2007 134  0  30  74.4 0.006235
2007 135  0  30  78.5 0.006268
2007 136  0  32  78.9 0.006296
2007 137  0  40  78.3 0.006325
2007 138  0  42  77.6 0.006261
2007 139  0  37  76.6 0.006296
2007 140  0  23  75.9 0.006292
2007 141  0  18  75.0 0.006290
2007 142  0  15  73.7 0.006266
2007 143  0  23  71.9 0.006254
2007 144  0  15  71.7 0.006284
2007 145  0   0  69.9 0.006305
2007 146  0   0  69.5 0.006167
2007 147  0   0  68.8 0.006146
2007 148  0   0  70.5 0.006201
2007 149  0  12  71.5 0.006251
2007 150  0  12  72.6 0.006272
2007 151  0  12  76.7 0.006263
2007 152  0  34  81.6 0.006274
2007 153  0  44  85.6 0.006319
2007 154  0  55  89.5 0.006386
2007 155  0  60  88.2 0.006403
2007 156  0  62  83.6 0.006449
2007 157  0  58  87.1 0.006507
2007 158  0  66  88.1 0.006556
2007 159  0  60  86.8 0.006545
2007 160  0  21  81.0 0.006538
2007 161  0  16  78.2 0.006471
2007 162  0  16  75.6 0.006399
2007 163  0  14  72.6 0.006331
2007 164  0  14  73.1 0.006263
2007 165  0   0  70.6 0.006131
2007 166  0   0  71.3 0.006141
2007 167  0   0  70.2 0.006137
2007 168  0   0  68.9 0.006140
2007 169  0   0  68.8 0.006127
2007 170  0   0  68.5 0.006144
2007 171  0   0  67.8 0.006148
2007 172  0   0  67.6 0.006114
2007 173  0   0  67.5 0.006086
2007 174  0   0  68.1 0.006084
2007 175  0   0  69.1 0.006094
2007 176  0  12  69.8 0.006061
2007 177  0  14  72.8 0.006099
2007 178  0  14  75.7 0.006170
2007 179  0  16  77.4 0.006232
2007 180  0  32  77.8 0.006329
2007 181  0  32  76.4 0.006336
2007 182  0  30  76.8 0.006301
2007 183  0  17  75.1 0.006327
2007 184  0  14  74.2 0.006325
2007 185  0  14  74.9 0.006351
2007 186  0  14  73.9 0.006303
2007 187  0  14  73.5 0.006309
2007 188  0  12  75.5 0.006252
2007 189  0  16  77.6 0.006197
2007 190  0  22  79.7 0.006228
2007 191  0  27  80.8 0.006202
2007 192  0  27  81.1 0.006180
2007 193  0  23  79.5 0.006214
2007 194  0  41  80.6 0.006345
2007 195  0  42  78.2 0.006360
2007 196  0  39  77.1 0.006357
2007 197  0  31  75.3 0.006370
2007 198  0  17  74.7 0.006242
2007 199  0  14  71.8 0.006221
2007 200  0  12  70.5 0.006145
2007 201  0   0  69.5 0.006073
2007 202  0   0  68.6 0.006048
2007 203  0   0  68.3 0.006067
2007 204  0   0  69.3 0.006047
2007 205  0   0  70.2 0.006006
2007 206  0   0  70.8 0.006083
2007 207  0   0  70.6 0.006141
2007 208  0   0  70.9 0.006181
2007 209  0  14  72.1 0.006198
2007 210  0  14  71.1 0.006234
2007 211  0  14  71.0 0.006241
2007 212  0   0  70.1 0.006233
2007 213  0   0  70.4 0.006247
2007 214  0   0  71.5 0.006219
2007 215  0  11  72.4 0.006203
2007 216  0  11  71.4 0.006212
2007 217  0  11  70.9 0.006189
2007 218  0  13  72.0 0.006170
2007 219  0  13  71.0 0.006142
2007 220  0  15  71.0 0.006191
2007 221  0  15  69.3 0.006116
2007 222  0  15  69.3 0.006149
2007 223  0  13  69.5 0.006131
2007 224  0  13  70.0 0.006178
2007 225  0  13  69.5 0.006245
2007 226  0   0  70.3 0.006216
2007 227  0   0  69.3 0.006171
2007 228  0   0  69.0 0.006119
2007 229  0   0  69.3 0.006071
2007 230  0   0  69.6 0.006106
2007 231  0   0  69.4 0.006071
2007 232  0   0  70.7 0.006095
2007 233  0  15  70.9 0.006075
2007 234  0  13  71.6 0.006147
2007 235  0  13  72.4 0.006168
2007 236  0  13  73.2 0.006244
2007 237  0  13  73.1 0.006272
2007 238  0  13  71.6 0.006266
2007 239  0  13  70.7 0.006226
2007 240  0  13  71.6 0.006226
2007 241  0  13  71.0 0.006199
2007 242  0  13  73.0 0.006174
2007 243  0  28  72.2 0.006223
2007 244  0  24  72.1 0.006192
2007 245  0  13  70.6 0.006164
2007 246  0  13  69.1 0.006076
2007 247  0  13  69.4 0.006031
2007 248  0  13  68.8 0.006043
2007 249  0   0  67.8 0.006038
2007 250  0   0  68.2 0.006047
2007 251  0   0  67.6 0.006051
2007 252  0   0  67.7 0.006056
2007 253  0   0  67.9 0.006054
2007 254  0   0  67.0 0.006017
2007 255  0   0  66.7 0.006006
2007 256  0   0  67.2 0.006071
2007 257  0   0  67.6 0.006047
2007 258  0   0  68.5 0.006049
2007 259  0   0  67.8 0.006021
2007 260  0   0  67.6 0.006074
2007 261  0   0  67.1 0.006090
2007 262  0   0  67.4 0.006082
2007 263  0   0  67.4 0.006133
2007 264  0   0  67.4 0.006143
2007 265  0   0  67.2 0.006131
2007 266  0   0  66.8 0.006109
2007 267  0   0  66.5 0.006125
2007 268  0   0  66.6 0.006135
2007 269  0   0  66.8 0.006145
2007 270  0   0  67.4 0.006089
2007 271  0  15  67.4 0.006077
2007 272  0  15  67.8 0.006064
2007 273  0  15  65.1 0.006079
2007 274  0   0  67.8 0.006095
2007 275  0   0  66.5 0.006115
2007 276  0   0  67.3 0.006027
2007 277  0   0  67.4 0.006018
2007 278  0   0  67.8 0.005987
2007 279  0  19  68.9 0.006035
2007 280  0  16  68.1 0.006042
2007 281  0  12  67.9 0.006081
2007 282  0   0  68.6 0.006086
2007 283  0   0  67.9 0.006043
2007 284  0   0  68.6 0.006080
2007 285  0   0  68.3 0.006090
2007 286  0   0  67.3 0.006079
2007 287  0   0  66.7 0.006089
2007 288  0   0  66.8 0.006076
2007 289  0   0  66.7 0.006054
2007 290  0   0  67.0 0.006093
2007 291  0   0  67.7 0.006092
2007 292  0   0  66.8 0.006114
2007 293  0   0  66.3 0.006088
2007 294  0   0  66.6 0.006127
2007 295  0   0  66.0 0.006157
2007 296  0   0  66.4 0.006127
2007 297  0   0  66.8 0.006111
2007 298  0   0  66.3 0.006079
2007 299  0   0  66.7 0.006041
2007 300  0   0  66.2 0.006044
2007 301  0   0  66.6 0.006052
2007 302  0   0  66.2 0.006041
2007 303  0   0  66.3 0.006016
2007 304  0   0  66.1 0.006011
2007 305  0   0  66.3 0.006004
2007 306  0   0  66.8 0.006013
2007 307  0   0  66.5 0.006018
2007 308  0   0  66.5 0.006005
2007 309  0   0  66.2 0.006006
2007 310  0  13  67.3 0.006027
2007 311  0   0  66.9 0.006029
2007 312  0   0  68.4 0.006039
2007 313  0   0  68.2 0.006001
2007 314  0   0  68.4 0.006048
2007 315  0   0  67.7 0.006007
2007 316  0   0  68.3 0.006017
2007 317  0   0  68.4 0.006020
2007 318  0   0  68.9 0.006020
2007 319  0   0  67.7 0.005999
2007 320  0  16  69.1 0.006052
2007 321  0  15  68.2 0.006059
2007 322  0   0  67.2 0.006054
2007 323  0   0  67.9 0.006057
2007 324  0   0  68.0 0.006008
2007 325  0   0  67.4 0.005961
2007 326  0   0  68.0 0.006008
2007 327  0   0  68.3 0.005991
2007 328  0  16  69.5 0.006031
2007 329  0  13  68.8 0.006007
2007 330  0  12  69.6 0.006017
2007 331  0   0  69.6 0.006019
2007 332  0   0  69.3 0.006066
2007 333  0   0  69.3 0.006052
2007 334  0   0  69.2 0.006042
2007 335  0  17  69.9 0.006051
2007 336  0  15  71.0 0.006084
2007 337  0  12  70.5 0.006066
2007 338  0  15  71.5 0.006109
2007 339  0  14  73.1 0.006115
2007 340  0  27  75.9 0.006143
2007 341  0  26  79.8 0.006155
2007 342  0  43  84.4 0.006235
2007 343  0  45  86.2 0.006234
2007 344  0  41  84.3 0.006198
2007 345  0  41  90.5 0.006142
2007 346  0  48  91.1 0.006279
2007 347  0  51  90.9 0.006301
2007 348  0  41  89.0 0.006290
2007 349  0  38  86.1 0.006298
2007 350  0  31  79.1 0.006213
2007 351  0  19  76.9 0.006101
2007 352  0  12  74.4 0.006002
2007 353  0   0  72.1 0.006016
2007 354  0   0  70.2 0.005997
2007 355  0   0  68.7 0.005980
2007 356  0   0  69.1 0.005986
2007 357  0   0  69.1 0.005985
2007 358  0   0  69.1 0.005975
2007 359  0   0  69.7 0.006070
2007 360  0   0  70.2 0.006034
2007 361  0   0  69.7 0.006049
2007 362  0   0  69.5 0.006055
2007 363  0   0  70.3 0.006019
2007 364  0   0  72.5 0.006005
2007 365  0   0  74.2 0.006038
2008   1  0   9  76.7 0.006103
2008   2  0   9  77.0 0.006208
2008   3  0   9  76.7 0.006239
2008   4  0  12  76.4 0.006330
2008   5  0  10  77.1 0.006384
2008   6  0  14  76.6 0.006390
2008   7  0  14  75.2 0.006329
2008   8  0  11  73.0 0.006315
2008   9  0   0  74.0 0.006276
2008  10  0  10  73.2 0.006275
2008  11  0  10  73.5 0.006263
2008  12  0   0  73.2 0.006231
2008  13  0   0  72.9 0.006211
2008  14  0   0  73.1 0.006081
2008  15  0   0  71.3 0.005977
2008  16  0   0  70.6 0.005941
2008  17  0   0  71.3 0.005991
2008  18  0   0  68.8 0.006000
2008  19  0   0  68.6 0.005986
2008  20  0   0  68.0 0.005964
2008  21  0   0  69.3 0.005982
2008  22  0   0  68.1 0.005950
2008  23  0   0  68.4 0.005983
2008  24  0   0  69.1 0.005991
2008  25  0   0  68.9 0.005989
2008  26  0   0  70.3 0.005997
2008  27  0   0  69.8 0.006026
2008  28  0   0  69.2 0.006044
2008  29  0   0  69.5 0.006065
2008  30  0  10  70.6 0.006128
2008  31  0  10  69.9 0.006163
2008  32  0  15  69.0 0.006156
2008  33  0  12  69.8 0.006227
2008  34  0  12 999.9 0.006229
2008  35  0  11  69.3 0.006218
2008  36  0   0  68.5 0.006185
2008  37  0   0  69.6 0.006133
2008  38  0   0  68.9 0.006154
2008  39  0   0  69.0 0.006112
2008  40  0   0  70.3 0.006057
2008  41  0   0  70.7 0.006031
2008  42  0   0  70.2 0.006015
2008  43  0   0  70.3 0.005978
2008  44  0   0  68.7 0.006024
2008  45  0   0  68.8 0.005983
2008  46  0   0  68.0 0.005912
2008  47  0   0  68.6 0.005908
2008  48  0   0  69.4 0.005953
2008  49  0   0  69.5 0.006027
2008  50  0   0  70.0 0.006009
2008  51  0   0  69.3 0.005999
2008  52  0   0  70.3 0.005992
2008  53  0   0  70.8 0.006034
2008  54  0   0  70.1 0.006007
2008  55  0   0  69.3 0.006023
2008  56  0  11  69.9 0.006059
2008  57  0  11  69.3 0.006133
2008  58  0  11  69.4 0.006108
2008  59  0   0  68.7 0.006108
2008  60  0   0  68.5 0.006076
2008  61  0   0  67.4 0.006064
2008  62  0   0  68.0 0.006095
2008  63  0  12  67.3 0.006084
2008  64  0   0  67.2 0.006071
2008  65  0   0  68.2 0.006055
2008  66  0  13  69.3 0.006064
2008  67  0   0  69.5 0.006041
2008  68  0   0  68.8 0.006019
2008  69  0   0  68.5 0.005991
2008  70  0  15  69.4 0.006012
2008  71  0   0  69.3 0.005940
2008  72  0   0  68.5 0.005965
2008  73  0   0  68.7 0.005946
2008  74  0   0  69.1 0.005948
2008  75  0  12  68.8 0.005976
2008  76  0  12  69.6 0.006008
2008  77  0  12  69.1 0.006029
2008  78  0   0  69.0 0.006001
2008  79  0   0  68.4 0.005967
2008  80  0   0  67.9 0.005965
2008  81  0   0  67.7 0.006005
2008  82  0   0  69.1 0.006117
2008  83  0   0  71.5 0.006116
2008  84  0  32  79.0 0.006160
2008  85  0  54  88.2 0.006190
2008  86  0  60  81.2 0.006218
2008  87  0  59  84.5 0.006326
2008  88  0  57  82.6 0.006350
2008  89  0  50  82.4 0.006436
2008  90  0  52  80.4 0.006410
2008  91  0  42  79.1 0.006383
2008  92  0  20  77.7 0.006317
2008  93  0  11  75.9 0.006256
2008  94  0  11  76.4 0.006168
2008  95  0   9  73.1 0.006136
2008  96  0   0  71.1 0.006076
2008  97  0   0  69.5 0.006069
2008  98  0   0  69.3 0.005942
2008  99  0   0  70.0 0.005999
2008 100  0   0  68.2 0.005990
2008 101  0   0  68.1 0.005946
2008 102  0   0  67.4 0.005898
2008 103  0   0  68.5 0.005918
2008 104  0   9  69.7 0.005981
2008 105  0   9  69.0 0.005953
2008 106  0   0  69.7 0.006000
2008 107  0   0  70.0 0.006036
2008 108  0   0  69.8 0.006027
2008 109  0   0  70.8 0.006032
2008 110  0  10  71.7 0.006092
2008 111  0   0  71.5 0.006163
2008 112  0   0  71.6 0.006212
2008 113  0  10  72.1 0.006281
2008 114  0  10  71.5 0.006274
2008 115  0   9  71.2 0.006332
2008 116  0   0  70.7 0.006307
2008 117  0   0  69.9 0.006294
2008 118  0   0  69.0 0.006189
2008 119  0   0  69.4 0.006246
2008 120  0   0  69.6 0.006217
2008 121  0   0  68.0 0.006122
2008 122  0  10  69.6 0.006039
2008 123  0   0  69.2 0.005980
2008 124  0   0  68.5 0.006010
2008 125  0  10  69.5 0.006021
2008 126  0  12  68.8 0.005963
2008 127  0   0  68.4 0.005960
2008 128  0   0  67.8 0.005959
2008 129  0   0  67.7 0.005991
2008 130  0   0  68.6 0.005988
2008 131  0   0  68.7 0.006017
2008 132  0   0  69.4 0.006020
2008 133  0   0  69.5 0.006018
2008 134  0  12  69.7 0.006011
2008 135  0   0  70.5 0.006012
2008 136  0  13  72.7 0.006154
2008 137  0  20  73.2 0.006155
2008 138  0  17  72.8 0.006185
2008 139  0  22  73.3 0.006238
2008 140  0  16  70.5 0.006228
2008 141  0  10  70.2 0.006258
2008 142  0   0  70.8 0.006220
2008 143  0   0  71.0 0.006247
2008 144  0   0  69.6 0.006217
2008 145  0   0  70.3 0.006207
2008 146  0   0  70.1 0.006151
2008 147  0   0  69.8 0.006114
2008 148  0   0  69.7 0.006211
2008 149  0   0  69.6 0.006035
2008 150  0   0  69.9 0.006044
2008 151  0   0  69.0 0.005987
2008 152  0   0  68.8 0.005922
2008 153  0   0  68.5 0.005925
2008 154  0   0  69.0 0.005927
2008 155  0   0  68.2 0.005931
2008 156  0   0  67.1 0.005938
2008 157  0  14  68.4 0.005936
2008 158  0   0  67.9 0.005910
2008 159  0   0  67.6 0.005942
2008 160  0   0  66.9 0.005934
2008 161  0   0  68.0 0.005904
2008 162  0  14  68.2 0.005897
2008 163  0  12  67.8 0.005933
2008 164  0  11  69.2 0.006015
2008 165  0  12  68.6 0.006083
2008 166  0   0  69.2 0.006131
2008 167  0  11  68.6 0.006127
2008 168  0  11  67.4 0.006102
2008 169  0  11  68.1 0.006074
2008 170  0  12  67.5 0.006115
2008 171  0  11  67.0 0.006107
2008 172  0  12  67.3 0.006084
2008 173  0  12  67.0 0.006076
2008 174  0  12  67.5 0.006048
2008 175  0   0  67.5 0.006024
2008 176  0   0  68.0 0.006005
2008 177  0   0  68.1 0.005973
2008 178  0   0  67.5 0.005907
2008 179  0   0  68.3 0.005953
2008 180  0   0  68.1 0.005880
2008 181  0   0  68.8 0.005910
2008 182  0   0  68.9 0.005952
2008 183  0   0  67.8 0.005969
2008 184  0   0  68.2 0.005983
2008 185  0   0  67.7 0.005963
2008 186  0   0  67.6 0.005975
2008 187  0   0  67.3 0.005976
2008 188  0   0  68.3 0.005949
2008 189  0   0  67.7 0.005955
2008 190  0   0  67.8 0.005947
2008 191  0   0  68.3 0.005965
2008 192  0   0  67.6 0.006015
2008 193  0   0  67.9 0.006003
2008 194  0   0  67.1 0.005961
2008 195  0   0  67.4 0.006020
2008 196  0   0  67.8 0.006081
2008 197  0   0  67.9 0.006080
2008 198  0   0  66.7 0.006011
2008 199  0   0  67.1 0.006039
2008 200  0   6  67.4 0.006059
2008 201  0   7  68.5 0.006073
2008 202  0   6  68.0 0.006061
2008 203  0   0  68.4 0.006063
2008 204  0   0  68.0 0.006059
2008 205  0   0  67.6 0.006007
2008 206  0   0  67.5 0.005997
2008 207  0   0  67.9 0.005921
2008 208  0   0  68.1 0.005910
2008 209  0   0  68.4 0.005913
2008 210  0   0  68.3 0.005907
2008 211  0   0  68.1 0.005954
2008 212  0   0  68.5 0.005956
2008 213  0   0  67.5 0.005934
2008 214  0   0  68.1 0.005970
2008 215  0   0  68.2 0.005962
2008 216  0   0  67.4 0.005965
2008 217  0   0  68.2 0.005923
2008 218  0   0  68.4 0.006026
2008 219  0   0  68.9 0.005990
2008 220  0   0  68.0 0.005959
2008 221  0   0  67.3 0.005975
2008 222  0   0  67.3 0.006008
2008 223  0   0  67.4 0.005994
2008 224  0   0  67.5 0.005964
2008 225  0   0  66.9 0.005963
2008 226  0   0  67.0 0.005964
2008 227  0   0  67.6 0.005985
2008 228  0   0  67.0 0.006022
2008 229  0   0  67.8 0.006046
2008 230  0   0  68.2 0.005977
2008 231  0   0  67.8 0.005997
2008 232  0   0  68.9 0.006058
2008 233  0   0  67.4 0.005986
2008 234  0   5  68.7 0.006003
2008 235  0   5  69.1 0.005974
2008 236  0   0  69.4 0.006010
2008 237  0   0  68.6 0.005968
2008 238  0   0  68.0 0.005937
2008 239  0   0  68.3 0.005999
2008 240  0   0  68.0 0.005999
2008 241  0   0  67.4 0.006000
2008 242  0   0  68.1 0.005998
2008 243  0   0  68.4 0.005991
2008 244  0   0  67.9 0.006025
2008 245  0   0  67.0 0.005963
2008 246  0   0  67.2 0.005972
2008 247  0   0  67.3 0.005982
2008 248  0   0  67.0 0.005974
2008 249  0   0  66.3 0.006002
2008 250  0   0  66.8 0.006024
2008 251  0   0  67.6 0.006046
2008 252  0   0  68.0 0.006013
2008 253  0   0  68.0 0.005975
2008 254  0   0  68.1 0.005997
2008 255  0   7  67.8 0.006024
2008 256  0   0  67.1 0.005961
2008 257  0   0  67.2 0.005943
2008 258  0   0  67.6 0.005926
2008 259  0   0  68.2 0.005956
2008 260  0   0  70.1 0.005991
2008 261  0   0  67.7 0.005974
2008 262  0   0  67.8 0.005933
2008 263  0   0  68.4 0.005937
2008 264  0   0  68.4 0.005929
2008 265  0   0  68.4 0.005952
2008 266  0   9  69.6 0.006029
2008 267  0  10  69.8 0.006036
2008 268  0   0  68.8 0.006050
2008 269  0   0  68.6 0.006111
2008 270  0   0  68.0 0.006026
2008 271  0   0  67.6 0.005955
2008 272  0   0  67.3 0.005949
2008 273  0   9  67.0 0.005946
2008 274  0   0  66.4 0.005997
2008 275  0   0  65.9 0.005953
2008 276  0   0  66.4 0.005969
2008 277  0   0  67.2 0.005962
2008 278  0  10  66.6 0.005953
2008 279  0   0  67.4 0.005973
2008 280  0   0  67.2 0.006002
2008 281  0   0  66.6 0.006016
2008 282  0   0  67.5 0.006054
2008 283  0   0  68.5 0.006031
2008 284  0  10  68.7 0.006033
2008 285  0  13  70.5 0.006071
2008 286  0  16  69.7 0.006061
2008 287  0  13  70.5 0.006074
2008 288  0  13  70.0 0.006100
2008 289  0  12  70.5 0.006121
2008 290  0  17  71.4 0.006197
2008 291  0  12  69.5 0.006130
2008 292  0   0  68.6 0.006055
2008 293  0   0  69.0 0.006047
2008 294  0   0  68.6 0.006108
2008 295  0   0  68.2 0.006035
2008 296  0   0  67.0 0.006038
2008 297  0   0  66.5 0.006011
2008 298  0   0  66.7 0.006026
2008 299  0   0  66.7 0.006047
2008 300  0   0  66.0 0.006000
2008 301  0   0  66.1 0.005984
2008 302  0   0  66.2 0.006010
2008 303  0   0  65.8 0.005992
2008 304  0   0  65.9 0.005990
2008 305  0  13  67.1 0.006042
2008 306  0  15  65.6 0.006053
2008 307  0  18  68.0 0.006029
2008 308  0  18  68.3 0.006003
2008 309  0  16  66.8 0.006040
2008 310  0  13  66.5 0.005981
2008 311  0  11  67.3 0.006003
2008 312  0   0  66.5 0.006003
2008 313  0   0  67.0 0.006048
2008 314  0   0  67.1 0.006062
2008 315  0   0  67.9 0.006059
2008 316  0  20  70.0 0.006180
2008 317  0  23  69.5 0.006143
2008 318  0  15  67.6 0.006164
2008 319  0  13  66.8 0.006116
2008 320  0  13  66.7 0.006074
2008 321  0  13  66.2 0.006047
2008 322  0  11  66.2 0.006065
2008 323  0   0  68.2 0.006027
2008 324  0   0  67.7 0.005982
2008 325  0   0  67.9 0.005957
2008 326  0   0  66.8 0.005961
2008 327  0   0  67.3 0.005933
2008 328  0   0  67.2 0.005978
2008 329  0   0  66.1 0.005987
2008 330  0   0  66.0 0.005978
2008 331  0   0  66.5 0.005994
2008 332  0   0  66.4 0.006027
2008 333  0   0  65.2 0.005968
2008 334  0   0  66.4 0.005954
2008 335  0   0  66.5 0.006021
2008 336  0   0  66.2 0.006042
2008 337  0   0  67.0 0.005961
2008 338  0   0  67.2 0.005993
2008 339  0   0  67.6 0.006033
2008 340  0   0  66.8 0.006069
2008 341  0   0  67.1 0.006013
2008 342  0   0  67.0 0.006009
2008 343  0   0  66.4 0.005996
2008 344  0   0  66.7 0.006022
2008 345  0  11  68.7 0.006003
2008 346  0  10  68.0 0.005981
2008 347  0  11  68.8 0.005992
2008 348  0   0  67.5 0.005987
2008 349  0   0  66.6 0.005957
2008 350  0   0  66.7 0.005964
2008 351  0   0  67.2 0.005986
2008 352  0   0  66.6 0.006020
2008 353  0   0  66.2 0.006000
2008 354  0   0  67.0 0.006045
2008 355  0   0  66.9 0.006021
2008 356  0   0 999.9 0.006041
2008 357  0   0  65.5 0.005965
2008 358  0   0  66.3 0.005949
2008 359  0   0  67.1 0.006014
2008 360  0   0  67.0 0.006008
2008 361  0   0  67.0 0.006037
2008 362  0   0  67.1 0.006020
2008 363  0   0  67.5 0.006052
2008 364  0   0  67.5 0.006077
2008 365  0   0  66.3 0.006084
2008 366  0   0  67.0 0.005982
2009   1  0   0  66.6 0.005982
2009   2  0   0  67.6 0.006010
2009   3  0   0  67.2 0.006015
2009   4  0   0  66.6 0.006068
2009   5  0   0  66.9 0.006039
2009   6  0   0  66.5 0.006089
2009   7  0   0  66.7 0.006022
2009   8  0   0  66.5 0.006015
2009   9  0   7  67.4 0.006039
2009  10  0   9  68.5 0.006072
2009  11  0  10  67.7 0.006074
2009  12  0   8  67.0 0.006094
2009  13  0   0  68.2 0.006065
2009  14  0   0  68.9 0.006059
2009  15  0   0  68.8 0.006065
2009  16  0   0  68.5 0.006027
2009  17  0   0  69.6 0.006083
2009  18  0   0  68.8 0.006047
2009  19  0   7  68.6 0.006028
2009  20  0   0  68.1 0.006026
2009  21  0   0  67.2 0.006027
2009  22  0   0  66.9 0.006012
2009  23  0   0  67.8 0.006001
2009  24  0   0  66.6 0.005987
2009  25  0   0  67.7 0.006020
2009  26  0   0  67.8 0.006031
2009  27  0   0  67.6 0.005981
2009  28  0   0  67.4 0.005994
2009  29  0   0  67.3 0.005958
2009  30  0   0  67.1 0.005976
2009  31  0   0  67.4 0.005994
2009  32  0   0  67.5 0.005995
2009  33  0   0  67.1 0.006031
2009  34  0   0  67.3 0.006046
2009  35  0   0  67.5 0.006019
2009  36  0   0  68.1 0.006033
2009  37  0   0  68.2 0.006016
2009  38  0   0  69.2 0.006036
2009  39  0   0  69.3 0.006016
2009  40  0   0  68.8 0.006034
2009  41  0   0  65.8 0.006045
2009  42  0   7  68.5 0.006032
2009  43  0   6  68.0 0.006013
2009  44  0   6  68.3 0.005961
2009  45  0   0  68.4 0.005981
2009  46  0   0  67.9 0.005988
2009  47  0   0  67.9 0.006010
2009  48  0   0  69.0 0.006037
2009  49  0   0  68.2 0.005992
2009  50  0   0  67.4 0.005980
2009  51  0   0  67.6 0.005973
2009  52  0   0  69.1 0.005957
2009  53  0   0  68.8 0.005982
2009  54  0   0  69.3 0.006000
2009  55  0   7  69.5 0.005940
2009  56  0   7  69.3 0.005952
2009  57  0   0  68.6 0.005909
2009  58  0   0  67.6 0.005951
2009  59  0   0  69.3 0.006001
2009  60  0   0  68.1 0.006007
2009  61  0   0  68.0 0.005977
2009  62  0   0  68.0 0.005998
2009  63  0   0  68.6 0.005963
2009  64  0   0  68.1 0.006002
2009  65  0   7  68.0 0.006014
2009  66  0   7  68.0 0.005984
2009  67  0   0  67.9 0.006035
2009  68  0   0  67.2 0.006020
2009  69  0   0  67.8 0.005991
2009  70  0   0  68.0 0.005978
2009  71  0   0  67.8 0.006000
2009  72  0   0  67.4 0.005990
2009  73  0   0  67.7 0.006008
2009  74  0   0  67.7 0.005980
2009  75  0   0  68.7 0.006025
2009  76  0   0  68.2 0.006006
2009  77  0   0  67.8 0.006018
2009  78  0   0  68.5 0.005977
2009  79  0   0  68.2 0.005994
2009  80  0   0  69.6 0.006045
2009  81  0   0  68.2 0.006037
2009  82  0   0  67.6 0.006035
2009  83  0   0  68.7 0.006020
2009  84  0   0  68.2 0.006013
2009  85  0   6  68.8 0.005996
2009  86  0   0  71.4 0.006014
2009  87  0   0  70.4 0.006064
2009  88  0   0  70.7 0.006085
2009  89  0   0  70.8 0.006050
2009  90  0   0  71.1 0.006030
2009  91  0   0  70.7 0.006058
2009  92  0   0  70.6 0.006060
2009  93  0   0  70.4 0.006024
2009  94  0   0  70.1 0.006032
2009  95  0   0  70.5 0.006074
2009  96  0   0  68.9 0.006083
2009  97  0   0  70.4 0.006000
2009  98  0   0  70.2 0.006024
2009  99  0   0  70.3 0.006080
2009 100  0   0  69.7 0.005973
2009 101  0   0  69.7 0.006003
2009 102  0   0  69.7 0.005980
2009 103  0   0  68.8 0.005961
2009 104  0   0  69.9 0.005961
2009 105  0   0  69.9 0.005978
2009 106  0   0  70.5 0.005979
2009 107  0   0  70.4 0.006051
2009 108  0   0  70.5 0.006033
2009 109  0   0  70.8 0.005957
2009 110  0   0  70.4 0.005966
2009 111  0  11  71.8 0.005965
2009 112  0   0  71.9 0.005978
2009 113  0   0  71.4 0.005974
2009 114  0   0  70.5 0.005969
2009 115  0   0  70.3 0.005970
2009 116  0   0  70.1 0.006012
2009 117  0   0  68.6 0.006018
2009 118  0   0  69.8 0.006006
2009 119  0  13  70.5 0.005956
2009 120  0  13  70.5 0.005983
2009 121  0   0  69.6 0.005989
2009 122  0   0  69.4 0.006038
2009 123  0   0  69.7 0.006005
2009 124  0   7  69.2 0.005965
2009 125  0   0  69.2 0.005978
2009 126  0   0  70.0 0.006006
2009 127  0   0  70.8 0.006052
2009 128  0   0  72.2 0.006042
2009 129  0   0  73.7 0.006030
2009 130  0   0  73.2 0.006087
2009 131  0   0  73.3 0.006086
2009 132  0   0  75.5 0.006137
2009 133  0   7  75.3 0.006156
2009 134  0  10  75.5 0.006157
2009 135  0   9  75.4 0.006152
2009 136  0   8  75.8 0.006180
2009 137  0   9  75.7 0.006229
2009 138  0   8  74.6 0.006228
2009 139  0   7  74.0 0.006232
2009 140  0   0  73.2 0.006149
2009 141  0   0  73.5 0.006139
2009 142  0   8  73.9 0.006145
2009 143  0   8  72.2 0.006101
2009 144  0   0  71.0 0.006071
2009 145  0   0  70.7 0.006093
2009 146  0   0  69.9 0.006064
2009 147  0   0  68.5 0.005979
2009 148  0   0  69.6 0.005990
2009 149  0   0  70.1 0.006032
2009 150  0   0  70.4 0.005977
2009 151  0  10  70.4 0.006044
2009 152  0  24  74.6 0.006049
2009 153  0  26  74.0 0.006089
2009 154  0  24  74.6 0.006175
2009 155  0  19  73.1 0.006178
2009 156  0  17  72.2 0.006188
2009 157  0   0  71.1 0.006138
2009 158  0   0  71.0 0.006166
2009 159  0   0  71.1 0.006151
2009 160  0   0  71.2 0.006163
2009 161  0   0  71.3 0.006109
2009 162  0   0  71.4 0.006172
2009 163  0   0  71.2 0.006134
2009 164  0   0  70.4 0.006104
2009 165  0   0  70.3 0.006115
2009 166  0   0  69.5 0.006121
2009 167  0   0  70.5 0.006113
2009 168  0  15  70.0 0.006080
2009 169  0   0  69.9 0.006057
2009 170  0   0  69.2 0.006034
2009 171  0   0  68.8 0.005982
2009 172  0  15  69.2 0.006006
2009 173  0  17  70.2 0.005999
2009 174  0  15  70.2 0.005978
2009 175  0  17  69.1 0.006013
2009 176  0   0  70.3 0.006041
2009 177  0   0  69.0 0.006065
2009 178  0   0  69.3 0.006068
2009 179  0   0  69.2 0.006042
2009 180  0   0  70.8 0.006042
2009 181  0   0  70.5 0.006051
2009 182  0   0  69.8 0.006115
2009 183  0   0  68.7 0.006033
2009 184  0   0  69.5 0.006015
2009 185  0  24  73.4 0.006091
2009 186  0  27  74.0 0.006121
2009 187  0  24  71.2 0.006106
2009 188  0  19  73.7 0.006102
2009 189  0  21  73.1 0.006041
2009 190  0  17  71.4 0.006052
2009 191  0  15  70.1 0.006034
2009 192  0   0  70.5 0.005973
2009 193  0   0  70.3 0.006025
2009 194  0   0  69.5 0.006077
2009 195  0   0  68.8 0.006009
2009 196  0   0  68.7 0.006050
2009 197  0   0  68.9 0.006014
2009 198  0   0  68.4 0.005980
2009 199  0   0  69.2 0.005978
2009 200  0   0  69.9 0.005998
2009 201  0   0  70.4 0.006010
2009 202  0   0  69.9 0.006027
2009 203  0   0  70.0 0.006028
2009 204  0  12  69.9 0.006082
2009 205  0   0  70.5 0.006097
2009 206  0   0  71.2 0.006103
2009 207  0   0  69.8 0.006047
2009 208  0   0  70.5 0.006028
2009 209  0   0  70.9 0.006070
2009 210  0   0  70.4 0.006100
2009 211  0  12  70.1 0.006107
2009 212  0   0  70.8 0.006119
2009 213  0   0  70.2 0.006088
2009 214  0   0  70.1 0.006095
2009 215  0   0  69.3 0.006073
2009 216  0   0  67.8 0.006017
2009 217  0   0  68.1 0.006001
2009 218  0   0  68.7 0.005990
2009 219  0   0  69.7 0.006053
2009 220  0   0  68.8 0.005960
2009 221  0   0  69.1 0.005953
2009 222  0   0  69.0 0.006002
2009 223  0   0  68.4 0.006012
2009 224  0   0  68.2 0.006014
2009 225  0   0  68.9 0.006005
2009 226  0   0  69.4 0.006012
2009 227  0   0  69.8 0.005991
2009 228  0   0  70.6 0.006008
2009 229  0   0  69.8 0.006036
2009 230  0   0  69.1 0.006016
2009 231  0   0  68.7 0.006028
2009 232  0   0  69.2 0.006038
2009 233  0   0  67.9 0.005950
2009 234  0   0  68.1 0.005975
2009 235  0   0  68.8 0.006004
2009 236  0   0  69.1 0.006020
2009 237  0   0  68.5 0.006026
2009 238  0   0  68.7 0.006029
2009 239  0   0  69.1 0.006082
2009 240  0   0  69.3 0.006083
2009 241  0   0  69.3 0.006148
2009 242  0   0  68.5 0.006090
2009 243  0   0  69.6 0.006013
2009 244  0  13  70.4 0.006069
2009 245  0   0  69.4 0.006071
2009 246  0   0  69.8 0.006073
2009 247  0   0  69.5 0.006057
2009 248  0   0  69.6 0.006048
2009 249  0   0  70.3 0.006076
2009 250  0   0  69.8 0.006031
2009 251  0   0  70.0 0.006019
2009 252  0   0  70.2 0.006027
2009 253  0   0  70.2 0.006026
2009 254  0   0  70.2 0.006007
2009 255  0   0  69.8 0.005984
2009 256  0   0  69.9 0.005965
2009 257  0   0  69.8 0.005995
2009 258  0   0  69.9 0.006022
2009 259  0   0  69.5 0.006007
2009 260  0   0  69.8 0.006013
2009 261  0   0  69.6 0.006005
2009 262  0   0  71.1 0.005999
2009 263  0   0  71.9 0.006040
2009 264  0  13  72.5 0.006081
2009 265  0  22  75.3 0.006128
2009 266  0  33  76.6 0.006152
2009 267  0  33  75.0 0.006141
2009 268  0  28  72.8 0.006152
2009 269  0  15  72.2 0.006165
2009 270  0  12  72.6 0.006175
2009 271  0  17  73.5 0.006149
2009 272  0  15  72.5 0.006135
2009 273  0  12  72.1 0.006130
2009 274  0  11  72.2 0.006057
2009 275  0   0  71.7 0.006077
2009 276  0   0  71.7 0.006083
2009 277  0   0  71.1 0.006036
2009 278  0   0  69.9 0.006010
2009 279  0   0  68.8 0.005970
2009 280  0   0  68.4 0.005994
2009 281  0   0  68.6 0.005951
2009 282  0   0  69.0 0.005968
2009 283  0   0  69.8 0.006001
2009 284  0  13  70.1 0.006035
2009 285  0   0  69.8 0.006107
2009 286  0   0  69.4 0.006115
2009 287  0   0  70.5 0.006088
2009 288  0   0  70.0 0.006102
2009 289  0   0  69.2 0.006148
2009 290  0   0  70.2 0.006086
2009 291  0   0  69.5 0.006079
2009 292  0   0  70.3 0.006158
2009 293  0   0  70.3 0.006180
2009 294  0   0  70.6 0.006174
2009 295  0   0  70.9 0.006195
2009 296  0  18  72.1 0.006221
2009 297  0  26  74.7 0.006232
2009 298  0  30  74.7 0.006313
2009 299  0  32  80.3 0.006362
2009 300  0  32  80.4 0.006312
2009 301  0  32  78.9 0.006215
2009 302  0  26  75.6 0.006118
2009 303  0  18  74.2 0.006071
2009 304  0   0  74.0 0.006019
2009 305  0   0  71.2 0.005996
2009 306  0   0  70.3 0.006006
2009 307  0   0  70.3 0.005994
2009 308  0   0  70.2 0.005984
2009 309  0  12  69.3 0.005999
2009 310  0  13  69.6 0.006028
2009 311  0   0  69.3 0.006023
2009 312  0   0  69.6 0.005996
2009 313  0  13  70.7 0.006019
2009 314  0  12  71.3 0.006047
2009 315  0  12  71.0 0.006082
2009 316  0   0  71.7 0.006097
2009 317  0  12  72.6 0.006096
2009 318  0  13  73.2 0.006132
2009 319  0  12  73.5 0.006182
2009 320  0  13  74.5 0.006219
2009 321  0   0  75.4 0.006302
2009 322  0  12  74.4 0.006307
2009 323  0  29  74.9 0.006349
2009 324  0  25  74.4 0.006344
2009 325  0  15  74.0 0.006373
2009 326  0  13  74.4 0.006353
2009 327  0   0  73.8 0.006326
2009 328  0   0  72.8 0.006276
2009 329  0   0  72.3 0.006239
2009 330  0   0  72.7 0.006207
2009 331  0   0  71.7 0.006112
2009 332  0   0  70.9 0.006101
2009 333  0   0  70.1 0.006056
2009 334  0   0  70.4 0.006048
2009 335  0   0  70.2 0.006043
2009 336  0   0  69.4 0.006045
2009 337  0   0  69.6 0.006050
2009 338  0   0  69.4 0.006019
2009 339  0   0  69.6 0.006000
2009 340  0   0  69.8 0.006008
2009 341  0   0  69.0 0.005998
2009 342  0   0  70.0 0.006038
2009 343  0  11  70.8 0.006116
2009 344  0  12  71.6 0.006118
2009 345  0  12  69.9 0.006137
2009 346  0  12  72.2 0.006215
2009 347  0  14  73.1 0.006255
2009 348  0  30  76.2 0.006278
2009 349  0  36  79.0 0.006299
2009 350  0  33  80.6 0.006333
2009 351  0  26  84.2 0.006351
2009 352  0  23  81.6 0.006396
2009 353  0  24  79.1 0.006397
2009 354  0  44  81.0 0.006422
2009 355  0  46  80.0 0.006386
2009 356  0  33  79.5 0.006316
2009 357  0  26  75.9 0.006292
2009 358  0  20  74.6 0.006284
2009 359  0   0  73.5 0.006215
2009 360  0  14  73.4 0.006202
2009 361  0  15  74.3 0.006179
2009 362  0  18  73.3 0.006143
2009 363  0  18  72.7 0.006116
2009 364  0  18  74.3 0.006148
2009 365  0  21  77.2 0.006163
2010   1  0  18  72.7 0.006176
2010   2  0  21  75.4 0.006189
2010   3  0  16  73.8 0.006112
2010   4  0  15  70.6 0.006112
2010   5  0  10  74.3 0.006111
2010   6  0   0  74.7 0.006143
2010   7  0   0  75.5 0.006147
2010   8  0  15  74.9 0.006185
2010   9  0  15  79.0 0.006293
2010  10  0  22  81.6 0.006369
2010  11  0  37  86.3 0.006431
2010  12  0  35  90.2 0.006479
2010  13  0  31  87.5 0.006534
2010  14  0  26  87.0 0.006436
2010  15  0  26  82.6 0.006432
2010  16  0  23  81.4 0.006361
2010  17  0  18  79.9 0.006331
2010  18  0  13  78.9 0.006266
2010  19  0   0  81.6 0.006253
2010  20  0  13  79.1 0.006213
2010  21  0  18  80.0 0.006210
2010  22  0  31  79.8 0.006244
2010  23  0  38  82.0 0.006325
2010  24  0  38  81.9 0.006279
2010  25  0  34  78.7 0.006265
2010  26  0  25  77.3 0.006264
2010  27  0  13  75.4 0.006285
2010  28  0  12  74.0 0.006259
2010  29  0  12  71.1 0.006256
2010  30  0  12  72.8 0.006292
2010  31  0  16  73.0 0.006260
2010  32  0  17  73.1 0.006208
2010  33  0  14  73.0 0.006135
2010  34  0  14  72.3 0.006141
2010  35  0  12  71.8 0.006196
2010  36  0  12  75.6 0.006223
2010  37  0  36  85.1 0.006344
2010  38  0  38  87.8 0.006440
2010  39  0  59  91.2 0.006621
2010  40  0  56  89.0 0.006573
2010  41  0  50  88.9 0.006619
2010  42  0  44  91.8 0.006666
2010  43  0  41  93.1 0.006714
2010  44  0  43  91.8 0.006678
2010  45  0  33  87.2 0.006634
2010  46  0  30  85.5 0.006503
2010  47  0  30  84.7 0.006547
2010  48  0  43  84.8 0.006544
2010  49  0  23  83.1 0.006585
2010  50  0  20  81.8 0.006510
2010  51  0  20  82.0 0.006476
2010  52  0  17  81.7 0.006488
2010  53  0  17  81.9 0.006428
2010  54  0  15  82.4 0.006404
2010  55  0  30  80.9 0.006389
2010  56  0  29  81.1 0.006363
2010  57  0  27  78.9 0.006402
2010  58  0  14  77.1 0.006327
2010  59  0  14  76.6 0.006283
2010  60  0  23  76.5 0.006254
2010  61  0  37  78.0 0.006327
2010  62  0  36  79.0 0.006368
2010  63  0  39  80.0 0.006356
2010  64  0  28  78.2 0.006306
2010  65  0   0  77.1 0.006288
2010  66  0  12  75.4 0.006326
2010  67  0  17  75.1 0.006349
2010  68  0   0  76.8 0.006384
2010  69  0   0  79.3 0.006486
2010  70  0  34  83.1 0.006516
2010  71  0  36  88.5 0.006577
2010  72  0  31  90.7 0.006654
2010  73  0  33  88.3 0.006659
2010  74  0  27  85.5 0.006682
2010  75  0  23  84.3 0.006652
2010  76  0  28  85.9 0.006648
2010  77  0  30  85.0 0.006627
2010  78  0  22  83.7 0.006596
2010  79  0  14  82.8 0.006530
2010  80  0  22  84.1 0.006520
2010  81  0  17  81.9 0.006559
2010  82  0  14  83.3 0.006487
2010  83  0  17  83.9 0.006466
2010  84  0  23  87.1 0.006502
2010  85  0  22  85.5 0.006460
2010  86  0  34  87.8 0.006446
2010  87  0  31  85.7 0.006426
2010  88  0  33  82.9 0.006378
2010  89  0  33  82.6 0.006362
2010  90  0  27  80.9 0.006347
2010  91  0  22  79.1 0.006341
2010  92  0  22  76.1 0.006290
2010  93  0  24  77.4 0.006350
2010  94  0  33  78.7 0.006360
2010  95  0  34  79.3 0.006415
2010  96  0  25  77.7 0.006450
2010  97  0  21  76.5 0.006510
2010  98  0  29  75.9 0.006554
2010  99  0   9  76.3 0.006493
2010 100  0  10  75.3 0.006477
2010 101  0  10  74.9 0.006440
2010 102  0  10  74.9 0.006427
2010 103  0   9  75.3 0.006394
2010 104  0   0  75.6 0.006389
2010 105  0   0  75.0 0.006385
2010 106  0   0  75.4 0.006368
2010 107  0   0  74.5 0.006324
2010 108  0   0  75.3 0.006340
2010 109  0   0  76.1 0.006365
2010 110  0   0  76.4 0.006391
2010 111  0   9  76.9 0.006412
2010 112  0   9  76.9 0.006398
2010 113  0   0  75.8 0.006411
2010 114  0   0  75.0 0.006436
2010 115  0  16  76.4 0.006465
2010 116  0   0  77.0 0.006477
2010 117  0   0  75.7 0.006487
2010 118  0  10  77.2 0.006441
2010 119  0   0  77.3 0.006466
2010 120  0   9  79.8 0.006447
2010 121  0  13  79.0 0.006516
2010 122  0  21  80.8 0.006429
2010 123  0  40  81.6 0.006471
2010 124  0  51  83.1 0.006584
2010 125  0  47  84.7 0.006646
2010 126  0  19  80.5 0.006653
2010 127  0  16  80.5 0.006680
2010 128  0  16  80.3 0.006602
2010 129  0   0  76.9 0.006553
2010 130  0   0  75.1 0.006497
2010 131  0   0  75.0 0.006387
2010 132  0   0  72.7 0.006330
2010 133  0   0  70.9 0.006256
2010 134  0   0  71.2 0.006195
2010 135  0   0  71.8 0.006190
2010 136  0   0  70.0 0.006179
2010 137  0   0  70.8 0.006223
2010 138  0   0  70.3 0.006224
2010 139  0   0  70.2 0.006282
2010 140  0   0  70.4 0.006264
2010 141  0  14  72.6 0.006271
2010 142  0  21  74.3 0.006333
2010 143  0  22  76.4 0.006369
2010 144  0  19  74.4 0.006399
2010 145  0  24  75.1 0.006374
2010 146  0  16  74.3 0.006365
2010 147  0  13  74.6 0.006397
2010 148  0  13  75.2 0.006373
2010 149  0  19  75.7 0.006380
2010 150  0  29  75.0 0.006335
2010 151  0  18  74.1 0.006387
2010 152  0  15  74.8 0.006458
2010 153  0  18  76.1 0.006376
2010 154  0  21  76.8 0.006329
2010 155  0  28  74.0 0.006335
2010 156  0  26  72.4 0.006278
2010 157  0  12  70.0 0.006235
2010 158  0  18  70.6 0.006170
2010 159  0  14  74.0 0.006175
2010 160  0  29  73.7 0.006228
2010 161  0  39  75.2 0.006264
2010 162  0  46  76.9 0.006325
2010 163  0  46  78.6 0.006312
2010 164  0  25  78.7 0.006292
2010 165  0  14  75.1 0.006306
2010 166  0   0  72.3 0.006297
2010 167  0   0  73.9 0.006344
2010 168  0  12  72.7 0.006376
2010 169  0  12  72.8 0.006370
2010 170  0  26  71.2 0.006360
2010 171  0  18  72.3 0.006345
2010 172  0  14  74.3 0.006380
2010 173  0  15  75.7 0.006474
2010 174  0  14  76.5 0.006445
2010 175  0  12  76.9 0.006432
2010 176  0  17  76.9 0.006423
2010 177  0  18  76.9 0.006443
2010 178  0  11  75.3 0.006397
2010 179  0  11  76.4 0.006420
2010 180  0  22  76.0 0.006526
2010 181  0  11  76.3 0.006519
2010 182  0  13  75.5 0.006554
2010 183  0  13  75.9 0.006521
2010 184  0  13  74.8 0.006477
2010 185  0  14  74.0 0.006440
2010 186  0  27  75.2 0.006416
2010 187  0  25  75.2 0.006350
2010 188  0  13  76.6 0.006387
2010 189  0  13  78.2 0.006404
2010 190  0  17  82.7 0.006394
2010 191  0  22  82.6 0.006471
2010 192  0  36  85.4 0.006489
2010 193  0  34  82.6 0.006558
2010 194  0  30  81.1 0.006589
2010 195  0  17  80.3 0.006589
2010 196  0  25  78.4 0.006567
2010 197  0  16  79.1 0.006565
2010 198  0  14  81.3 0.006621
2010 199  0  14  79.4 0.006631
2010 200  0  14  82.5 0.006592
2010 201  0  30  89.9 0.006587
2010 202  0  31  92.0 0.006509
2010 203  0  36  90.5 0.006548
2010 204  0  44  89.2 0.006547
2010 205  0  47  87.9 0.006570
2010 206  0  39  87.9 0.006593
2010 207  0  33  87.1 0.006695
2010 208  0  19  85.2 0.006658
2010 209  0  34  88.0 0.006697
2010 210  0  38  87.2 0.006660
2010 211  0  31  85.7 0.006620
2010 212  0  30  83.9 0.006627
2010 213  0  24  82.1 0.006546
2010 214  0  24  81.5 0.006496
2010 215  0  14  83.0 0.006518
2010 216  0  32  83.2 0.006565
2010 217  0  51  85.1 0.006668
2010 218  0  51  84.4 0.006696
2010 219  0  48  93.1 0.006702
2010 220  0  38  84.9 0.006688
2010 221  0  55  86.5 0.006718
2010 222  0  58  85.8 0.006726
2010 223  0  67  88.1 0.006759
2010 224  0  50  86.0 0.006777
2010 225  0  41  86.0 0.006740
2010 226  0  33  87.4 0.006699
2010 227  0  38  87.8 0.006600
2010 228  0  51  86.9 0.006568
2010 229  0  26  83.1 0.006546
2010 230  0  23  81.8 0.006537
2010 231  0  15  79.8 0.006536
2010 232  0  12  78.9 0.006472
2010 233  0   0  77.3 0.006462
2010 234  0   0  76.3 0.006419
2010 235  0   0  76.5 0.006405
2010 236  0  12  75.2 0.006377
2010 237  0  23  75.1 0.006376
2010 238  0  23  75.0 0.006389
2010 239  0  12  74.8 0.006348
2010 240  0  12  73.3 0.006303
2010 241  0  27  75.4 0.006310
2010 242  0  29  76.4 0.006345
2010 243  0  30  76.0 0.006397
2010 244  0  30  77.7 0.006514
2010 245  0  58  78.4 0.006591
2010 246  0  49  78.5 0.006636
2010 247  0  58  83.6 0.006608
2010 248  0  43  83.5 0.006644
2010 249  0  29  81.0 0.006613
2010 250  0  14  77.3 0.006561
2010 251  0   0  75.6 0.006528
2010 252  0   0  74.7 0.006489
2010 253  0  16  76.4 0.006499
2010 254  0  12  79.1 0.006540
2010 255  0  13  79.3 0.006589
2010 256  0  26  80.4 0.006626
2010 257  0  27  81.6 0.006594
2010 258  0  27  82.1 0.006585
2010 259  0  43  83.3 0.006607
2010 260  0  53  83.0 0.006659
2010 261  0  51  82.9 0.006652
2010 262  0  49  81.9 0.006710
2010 263  0  39  83.3 0.006704
2010 264  0  38  85.2 0.006697
2010 265  0  36  85.4 0.006689
2010 266  0  39  84.9 0.006639
2010 267  0  39  83.1 0.006569
2010 268  0  39  83.4 0.006593
2010 269  0  49  84.3 0.006602
2010 270  0  56  83.4 0.006701
2010 271  0  55  83.5 0.006714
2010 272  0  55  91.0 0.006732
2010 273  0  48  90.2 0.006677
2010 274  0  36  86.9 0.006653
2010 275  0  27  85.1 0.006614
2010 276  0  29  80.1 0.006479
2010 277  0  21  76.1 0.006456
2010 278  0  13  75.4 0.006393
2010 279  0   0  74.2 0.006301
2010 280  0   0  75.0 0.006327
2010 281  0   0  74.7 0.006328
2010 282  0  13  76.2 0.006340
2010 283  0  13  75.7 0.006386
2010 284  0  13  75.0 0.006405
2010 285  0  13  74.9 0.006392
2010 286  0  23  77.7 0.006459
2010 287  0  37  79.9 0.006584
2010 288  0  41  81.7 0.006699
2010 289  0  49  86.3 0.006729
2010 290  0  57  83.0 0.006657
2010 291  0  60  89.9 0.006686
2010 292  0  63  85.9 0.006766
2010 293  0  51  83.2 0.006697
2010 294  0  36  82.7 0.006660
2010 295  0  36  81.4 0.006614
2010 296  0  44  83.4 0.006612
2010 297  0  60  81.2 0.006621
2010 298  0  67  85.2 0.006607
2010 299  0  63  85.1 0.006603
2010 300  0  41  86.5 0.006596
2010 301  0  31  85.3 0.006505
2010 302  0  39  84.5 0.006435
2010 303  0  33  83.6 0.006405
2010 304  0  34  80.0 0.006359
2010 305  0  21  77.9 0.006294
2010 306  0  18  77.7 0.006275
2010 307  0  18  77.2 0.006287
2010 308  0  14  77.8 0.006329
2010 309  0  27  81.6 0.006457
2010 310  0  35  87.1 0.006575
2010 311  0  37  83.5 0.006565
2010 312  0  37  82.2 0.006612
2010 313  0  30  82.5 0.006633
2010 314  0  48  83.9 0.006699
2010 315  0  51  82.8 0.006707
2010 316  0  48  83.7 0.006671
2010 317  0  69  83.6 0.006699
2010 318  0  61  84.6 0.006675
2010 319  0  61  88.8 0.006724
2010 320  0  59  89.8 0.006770
2010 321  0  56  89.1 0.006710
2010 322  0  46  84.5 0.006689
2010 323  0  42  82.0 0.006658
2010 324  0  32  77.9 0.006591
2010 325  0  27  75.8 0.006554
2010 326  0  24  72.9 0.006547
2010 327  0  26  73.4 0.006563
2010 328  0  13  73.9 0.006557
2010 329  0  24  75.9 0.006511
2010 330  0  14  74.2 0.006470
2010 331  0  13  74.5 0.006416
2010 332  0  27  77.9 0.006385
2010 333  0  29  80.2 0.006370
2010 334  0  24  84.0 0.006349
2010 335  0  32  84.1 0.006386
2010 336  0  36  84.1 0.006453
2010 337  0  41  84.4 0.006528
2010 338  0  53  84.9 0.006540
2010 339  0  44  85.4 0.006607
2010 340  0  29  85.9 0.006672
2010 341  0  31  84.5 0.006668
2010 342  0  31  84.6 0.006668
2010 343  0  29  84.2 0.006689
2010 344  0  36  85.8 0.006633
2010 345  0  27  84.3 0.006656
2010 346  0  27  86.7 0.006734
2010 347  0  47  85.0 0.006684
2010 348  0  27  87.5 0.006642
2010 349  0  14  84.2 0.006635
2010 350  0  24  81.4 0.006619
2010 351  0  12  79.1 0.006606
2010 352  0   0  78.0 0.006648
2010 353  0   0  78.3 0.006656
2010 354  0   0  75.4 0.006690
2010 355  0   0  75.3 0.006667
2010 356  0  17  75.2 0.006648
2010 357  0  17  77.5 0.006653
2010 358  0  14  76.1 0.006541
2010 359  0  25  76.8 0.006441
2010 360  0  34  77.9 0.006405
2010 361  0  17  77.4 0.006351
2010 362  0  22  78.0 0.006324
2010 363  0  19  79.9 0.006351
2010 364  0  14  80.2 0.006431
2010 365  0  42  87.9 0.006560
2011   1  0  48 999.9 0.006706
2011   2  0  48  88.1 0.006708
2011   3  0  47  89.1 0.006729
2011   4  0  48  87.6 0.006764
2011   5  0  36  84.8 0.006765
2011   6  0  28  83.9 0.006746
2011   7  0  35  83.5 0.006716
2011   8  0  25  82.0 0.006654
2011   9  0  32  80.0 0.006628
2011  10  0  26  80.6 0.006581
2011  11  0  25  79.9 0.006500
2011  12  0  22  77.4 0.006445
2011  13  0  13  76.9 0.006412
2011  14  0   0  76.7 0.006402
2011  15  0  12  77.6 0.006420
2011  16  0  20  77.8 0.006452
2011  17  0  28  79.1 0.006464
2011  18  0  32  78.4 0.006522
2011  19  0  26  78.2 0.006511
2011  20  0  29  79.7 0.006488
2011  21  0  33  84.8 0.006506
2011  22  0  32  84.9 0.006487
2011  23  0  33  81.7 0.006463
2011  24  0  29  79.9 0.006376
2011  25  0  28  78.0 0.006288
2011  26  0  25  77.6 0.006331
2011  27  0  20  78.1 0.006253
2011  28  0  13  78.1 0.006260
2011  29  0  15  79.0 0.006442
2011  30  0  19  80.2 0.006499
2011  31  0  20  78.9 0.006500
2011  32  0  24  77.6 0.006554
2011  33  0  21  77.0 0.006561
2011  34  0  29  78.1 0.006612
2011  35  0  36  79.8 0.006650
2011  36  0  26  78.7 0.006628
2011  37  0  18  78.0 0.006593
2011  38  0  15  80.1 0.006571
2011  39  0  64  87.3 0.006659
2011  40  0  51  86.4 0.006657
2011  41  0  34  89.0 0.006626
2011  42  0  57  88.9 0.006647
2011  43  0  60  93.1 0.006729
2011  44  0  78 104.1 0.006835
2011  45  0  87 109.8 0.006951
2011  46  0  83 110.0 0.007007
2011  47  0  78 111.4 0.006948
2011  48  0  65 108.3 0.006851
2011  49  0  85 121.9 0.006928
2011  50  0  82 106.9 0.006756
2011  51  0  69 102.2 0.006652
2011  52  0  47  94.6 0.006545
2011  53  0  38  89.0 0.006467
2011  54  0  31  87.4 0.006367
2011  55  0  24  87.0 0.006269
2011  56  0  13  86.4 0.006308
2011  57  0  42  88.4 0.006391
2011  58  0  44  88.7 0.006454
2011  59  0  51  94.0 0.006593
2011  60  0  62 108.5 0.006726
2011  61  0  56 111.4 0.006789
2011  62  0  73 118.8 0.006919
2011  63  0  99 124.7 0.006989
2011  64  0 116 132.5 0.007045
2011  65  0 130 140.3 0.007095
2011  66  0 138 151.9 0.007229
2011  67  0 141 164.3 0.007172
2011  68  0 113 141.1 0.007097
2011  69  0  83 129.5 0.007023
2011  70  0  83 121.5 0.007025
2011  71  0  83 119.2 0.007087
2011  72  0  93 111.5 0.007077
2011  73  0  61 106.1 0.006991
2011  74  0  48 100.3 0.006911
2011  75  0  38 103.8 0.006969
2011  76  0  38  89.2 0.006804
2011  77  0  28  86.8 0.006740
2011  78  0  32  88.0 0.006561
2011  79  0  30  91.2 0.006496
2011  80  0  24 100.2 0.006444
2011  81  0  45  99.1 0.006427
2011  82  0  42 104.0 0.006521
2011  83  0  55 106.9 0.006654
2011  84  0  97 112.0 0.006843
2011  85  0 101 113.9 0.007057
2011  86  0 118 115.1 0.007238
2011  87  0 124 118.1 0.007356
2011  88  0 104 115.9 0.007455
2011  89  0  96 117.3 0.007548
2011  90  0  87 113.1 0.007563
2011  91  0  67 108.7 0.007549
2011  92  0  63 107.4 0.007584
2011  93  0  60 114.0 0.007748
2011  94  0  67 112.7 0.007521
2011  95  0  56 109.3 0.007439
2011  96  0  57 117.2 0.007432
2011  97  0  81 112.5 0.007417
2011  98  0  84 109.0 0.007379
2011  99  0  78 105.3 0.007379
2011 100  0  56 105.2 0.007336
2011 101  0  67 106.3 0.007255
2011 102  0  92 110.8 0.007223
2011 103  0 111 118.4 0.007257
2011 104  0 123 119.4 0.007249
2011 105  0 127 130.2 0.007168
2011 106  0  92 120.0 0.007052
2011 107  0  71 115.3 0.006973
2011 108  0  71 111.9 0.006953
2011 109  0  71 111.9 0.006883
2011 110  0  73 118.1 0.006936
2011 111  0  80 114.1 0.007011
2011 112  0  87 116.0 0.007153
2011 113  0  78 120.4 0.007188
2011 114  0  64 118.5 0.007245
2011 115  0  56 113.5 0.007353
2011 116  0  74 110.8 0.007447
2011 117  0  73 109.3 0.007493
2011 118  0  62 111.9 0.007476
2011 119  0  62 111.2 0.007466
2011 120  0  80 111.1 0.007386
2011 121  0  70 107.7 0.007334
2011 122  0  55 111.5 0.007372
2011 123  0  71 108.8 0.007345
2011 124  0  76 108.7 0.007375
2011 125  0  76 106.7 0.007345
2011 126  0  45 103.7 0.007303
2011 127  0  43 104.1 0.007368
2011 128  0  63 104.1 0.007377
2011 129  0  84 105.7 0.007370
2011 130  0  90  99.4 0.007316
2011 131  0  66  96.0 0.007185
2011 132  0  46  94.7 0.007123
2011 133  0  36  93.5 0.007052
2011 134  0  52  93.4 0.006954
2011 135  0  57  96.6 0.006905
2011 136  0  57  94.3 0.006874
2011 137  0  50  93.6 0.006901
2011 138  0  41  92.7 0.006919
2011 139  0  36  86.4 0.006819
2011 140  0  35  85.7 0.006819
2011 141  0  36  85.7 0.006887
2011 142  0  56  86.6 0.006932
2011 143  0  31  86.3 0.006987
2011 144  0  11  83.8 0.006965
2011 145  0  24  82.4 0.006956
2011 146  0  42  84.9 0.006927
2011 147  0  63  92.3 0.006932
2011 148  0  73 103.2 0.006991
2011 149  0  98 113.8 0.007079
2011 150  0 115 115.0 0.007203
2011 151  0 106 115.2 0.007229
2011 152  0 126 116.8 0.007331
2011 153  0 135 114.8 0.007460
2011 154  0 130 110.2 0.007406
2011 155  0 115 105.8 0.007422
2011 156  0  80 105.9 0.007470
2011 157  0  70 103.2 0.007379
2011 158  0  58  99.3 0.007250
2011 159  0  45  92.9 0.007114
2011 160  0  39  90.2 0.006957
2011 161  0  33  89.4 0.006871
2011 162  0  23  87.2 0.006816
2011 163  0  17  87.3 0.006810
2011 164  0  15  89.4 0.006741
2011 165  0  36 102.5 0.006783
2011 166  0  52 104.8 0.006875
2011 167  0  59 106.6 0.006994
2011 168  0  59 107.6 0.007079
2011 169  0  61 102.4 0.007122
2011 170  0  47 102.4 0.007217
2011 171  0  39  99.6 0.007282
2011 172  0  50  98.2 0.007191
2011 173  0  50  96.0 0.007186
2011 174  0  58  99.5 0.007129
2011 175  0  65  99.4 0.007184
2011 176  0  50  96.7 0.007105
2011 177  0  27  93.1 0.006977
2011 178  0  15  92.2 0.006899
2011 179  0  38  89.8 0.006907
2011 180  0  41  90.3 0.006951
2011 181  0  49  92.2 0.006935
2011 182  0  56  90.5 0.006958
2011 183  0  44  88.5 0.006927
2011 184  0  41  89.2 0.006896
2011 185  0  46  87.9 0.006810
2011 186  0  32  87.7 0.006810
2011 187  0  34  87.5 0.006784
2011 188  0  38  88.4 0.006789
2011 189  0  63  88.7 0.006765
2011 190  0  49  88.5 0.006759
2011 191  0  59  93.7 0.006741
2011 192  0  75  93.1 0.006817
2011 193  0  72  94.7 0.006966
2011 194  0  68  97.7 0.007087
2011 195  0  68  97.2 0.007203
2011 196  0  82  96.9 0.007266
2011 197  0  74  96.9 0.007297
2011 198  0  93 107.0 0.007382
2011 199  0 115 105.3 0.007376
2011 200  0 109 103.6 0.007330
2011 201  0  71 103.4 0.007226
2011 202  0  60  99.1 0.007151
2011 203  0  54  95.4 0.007053
2011 204  0  43  91.1 0.006945
2011 205  0  43  88.9 0.006823
2011 206  0  29  89.8 0.006759
2011 207  0  43  96.4 0.006815
2011 208  0  63 102.5 0.006938
2011 209  0  96 110.7 0.007015
2011 210  0  90 115.2 0.007089
2011 211  0  91 116.2 0.007033
2011 212  0  99 122.2 0.007084
2011 213  0 107 128.7 0.007147
2011 214  0  95 125.2 0.007040
2011 215  0  81 123.5 0.007067
2011 216  0  92 119.7 0.007124
2011 217  0  88 112.5 0.007022
2011 218  0  79 113.2 0.006978
2011 219  0  79 108.4 0.006940
2011 220  0  70 104.3 0.006989
2011 221  0  61 100.2 0.006979
2011 222  0  36  92.7 0.007013
2011 223  0  38  86.5 0.007033
2011 224  0  29  85.7 0.007019
2011 225  0  18  85.3 0.006989
2011 226  0   0  90.4 0.006979
2011 227  0  12  92.7 0.006943
2011 228  0  31  95.4 0.006964
2011 229  0  51 100.0 0.007065
2011 230  0  59 100.2 0.007059
2011 231  0  60 100.6 0.006974
2011 232  0  59 102.9 0.006961
2011 233  0  73 103.3 0.006906
2011 234  0  92 110.7 0.007021
2011 235  0  98 106.1 0.007075
2011 236  0  70 106.4 0.007196
2011 237  0  65 106.4 0.007252
2011 238  0  86 106.8 0.007294
2011 239  0  77 106.0 0.007308
2011 240  0  64 103.1 0.007185
2011 241  0  56 103.2 0.007109
2011 242  0  90 103.2 0.007169
2011 243  0 125 111.0 0.007258
2011 244  0 131 113.8 0.007280
2011 245  0 136 117.5 0.007286
2011 246  0 140 120.8 0.007302
2011 247  0 105 121.5 0.007239
2011 248  0 114 120.7 0.007281
2011 249  0  89 113.2 0.007326
2011 250  0  72 114.5 0.007289
2011 251  0  54 111.7 0.007296
2011 252  0  72 113.4 0.007311
2011 253  0  80 117.8 0.007248
2011 254  0  94 122.9 0.007250
2011 255  0 139 125.5 0.007404
2011 256  0 145 131.0 0.007618
2011 257  0 169 144.3 0.007755
2011 258  0 191 142.3 0.007881
2011 259  0 191 144.6 0.007740
2011 260  0 160 146.2 0.007743
2011 261  0 143 151.6 0.007820
2011 262  0 142 142.2 0.007801
2011 263  0 123 145.5 0.007746
2011 264  0 108 145.3 0.007731
2011 265  0 109 151.9 0.007768
2011 266  0  91 159.3 0.007621
2011 267  0 116 191.6 0.007682
2011 268  0 122 169.8 0.007710
2011 269  0 112 149.0 0.007726
2011 270  0 103 139.6 0.007701
2011 271  0 109 134.0 0.007703
2011 272  0 128 137.0 0.007716
2011 273  0 116 138.5 0.007672
2011 274  0 118 137.2 0.007677
2011 275  0 118 131.1 0.007639
2011 276  0 113 129.1 0.007687
2011 277  0 128 130.4 0.007770
2011 278  0 100 126.7 0.007762
2011 279  0 100 123.9 0.007774
2011 280  0  89 121.9 0.007715
2011 281  0  69 118.2 0.007645
2011 282  0  79 120.7 0.007636
2011 283  0  90 126.0 0.007730
2011 284  0 124 129.7 0.007772
2011 285  0 146 133.5 0.007867
2011 286  0 161 137.0 0.007857
2011 287  0 170 135.4 0.007839
2011 288  0 148 136.9 0.007853
2011 289  0 154 150.0 0.007898
2011 290  0 176 151.6 0.007882
2011 291  0 156 145.7 0.007860
2011 292  0 141 146.1 0.007916
2011 293  0 183 157.8 0.008074
2011 294  0 194 166.3 0.008081
2011 295  0 174 162.5 0.008042
2011 296  0 134 153.9 0.007993
2011 297  0 130 143.8 0.007918
2011 298  0 110 137.3 0.007889
2011 299  0 104 130.6 0.007829
2011 300  0  93 129.9 0.007782
2011 301  0 101 132.2 0.007659
2011 302  0  94 121.4 0.007533
2011 303  0 103 124.9 0.007487
2011 304  0  96 136.1 0.007443
2011 305  0 125 136.5 0.007548
2011 306  0 128 151.2 0.007656
2011 307  0 125 157.8 0.007793
2011 308  0  99 161.1 0.007850
2011 309  0 114 169.0 0.007970
2011 310  0 145 173.6 0.008222
2011 311  0 173 178.9 0.008348
2011 312  0 171 177.7 0.008477
2011 313  0 177 176.7 0.008619
2011 314  0 170 175.2 0.008639
2011 315  0 162 170.4 0.008564
2011 316  0 157 165.3 0.008473
2011 317  0 162 152.1 0.008422
2011 318  0 164 157.7 0.008347
2011 319  0 141 145.1 0.008222
2011 320  0 125 139.2 0.008195
2011 321  0 121 144.4 0.008214
2011 322  0 132 141.1 0.008147
2011 323  0 128 136.3 0.008137
2011 324  0 137 136.6 0.008140
2011 325  0 127 137.7 0.008174
2011 326  0 138 138.9 0.008233
2011 327  0 142 136.5 0.008104
2011 328  0 131 133.8 0.007955
2011 329  0 158 131.7 0.007884
2011 330  0 131 129.3 0.007735
2011 331  0 124 131.7 0.007691
2011 332  0  98 134.0 0.007776
2011 333  0 135 136.8 0.007741
2011 334  0 132 140.1 0.007838
2011 335  0 129 148.0 0.007961
2011 336  0 127 152.9 0.008092
2011 337  0 154 159.4 0.008277
2011 338  0 162 159.0 0.008482
2011 339  0 151 153.6 0.008510
2011 340  0 151 146.6 0.008472
2011 341  0 132 144.5 0.008571
2011 342  0 159 140.4 0.008544
2011 343  0 114 139.2 0.008405
2011 344  0 102 135.8 0.008132
2011 345  0  93 130.2 0.008044
2011 346  0  76 127.5 0.007902
2011 347  0  81 129.0 0.007907
2011 348  0  78 127.9 0.007944
2011 349  0  57 120.3 0.007781
2011 350  0  75 117.2 0.007857
2011 351  0  90 115.8 0.008028
2011 352  0 100 123.3 0.008076
2011 353  0 115 124.1 0.008046
2011 354  0 108 133.0 0.008056
2011 355  0 109 139.9 0.008161
2011 356  0 103 141.1 0.008025
2011 357  0 103 133.7 0.007872
2011 358  0  84 138.1 0.007806
2011 359  0  97 139.6 0.007801
2011 360  0 117 140.8 0.007774
2011 361  0 114 135.7 0.007761
2011 362  0 109 140.0 0.007744
2011 363  0 112 142.3 0.007825
2011 364  0  93 136.4 0.007866
2011 365  0  93 128.5 0.007938
2012   1  0  71 999.9 0.007886
2012   2  0  92 130.3 0.007816
2012   3  0 120 130.2 0.007901
2012   4  0 126 131.6 0.007984
2012   5  0 109 136.6 0.007973
2012   6  0 113 131.0 0.007809
2012   7  0 113 135.9 0.007685
2012   8  0 104 131.4 0.007567
2012   9  0  79 137.6 0.007511
2012  10  0  70 124.6 0.007497
2012  11  0  63 116.1 0.007427
2012  12  0  52 113.0 0.007446
2012  13  0  71 120.0 0.007457
2012  14  0 118 128.0 0.007556
2012  15  0 149 129.2 0.007643
2012  16  0 154 135.1 0.007835
2012  17  0 141 134.5 0.007943
2012  18  0 126 143.4 0.007940
2012  19  0 105 152.0 0.007849
2012  20  0 102 136.7 0.007723
2012  21  0 112 137.2 0.007655
2012  22  0 109 136.6 0.007636
2012  23  0 113 139.8 0.007673
2012  24  0  86 131.5 0.007574
2012  25  0  76 122.5 0.007511
2012  26  0  49 124.3 0.007453
2012  27  0  65 137.4 0.007412
2012  28  0  45 111.0 0.007423
2012  29  0  57 106.6 0.007541
2012  30  0  62 111.0 0.007610
2012  31  0  75 113.1 0.007707
2012  32  0  89 114.1 0.007618
2012  33  0  59 114.6 0.007585
2012  34  0  35 107.9 0.007480
2012  35  0  38 104.0 0.007385
2012  36  0  29  99.8 0.007312
2012  37  0  42 108.9 0.007237
2012  38  0  32 104.3 0.007194
2012  39  0  13  94.6 0.007167
2012  40  0  29  96.6 0.007162
2012  41  0  46 107.9 0.007211
2012  42  0  46 109.4 0.007209
2012  43  0  49 107.6 0.007286
2012  44  0  65 105.7 0.007370
2012  45  0  58 104.8 0.007456
2012  46  0  54 102.0 0.007412
2012  47  0  48 100.8 0.007319
2012  48  0  49 101.3 0.007317
2012  49  0  55 101.7 0.007256
2012  50  0  70 102.9 0.007244
2012  51  0  64 108.7 0.007354
2012  52  0  59 101.0 0.007270
2012  53  0  44 102.0 0.007254
2012  54  0  55 101.2 0.007257
2012  55  0  58 106.7 0.007294
2012  56  0  48 105.9 0.007401
2012  57  0  48 104.9 0.007432
2012  58  0  44 103.5 0.007577
2012  59  0  39 101.3 0.007551
2012  60  0  20 100.2 0.007532
2012  61  0  24 101.6 0.007529
2012  62  0  27 106.3 0.007410
2012  63  0  63 114.5 0.007381
2012  64  0  86 118.2 0.007378
2012  65  0 108 129.5 0.007393
2012  66  0 115 136.0 0.007369
2012  67  0 106 133.7 0.007364
2012  68  0  97 137.5 0.007324
2012  69  0 110 143.5 0.007371
2012  70  0 104 146.9 0.007356
2012  71  0 116 129.5 0.007334
2012  72  0 116 113.5 0.007308
2012  73  0  96 139.0 0.007306
2012  74  0  85 117.5 0.007235
2012  75  0  88 109.4 0.007171
2012  76  0  85  97.6 0.007108
2012  77  0  88 101.4 0.007150
2012  78  0  62 101.1 0.007172
2012  79  0  74 100.9 0.007179
2012  80  0  86  98.8 0.007169
2012  81  0  77  99.2 0.007173
2012  82  0  70 101.7 0.007267
2012  83  0  71 104.2 0.007311
2012  84  0  94 102.1 0.007383
2012  85  0  89 100.8 0.007469
2012  86  0  88 101.9 0.007516
2012  87  0  84 105.2 0.007540
2012  88  0  88 106.6 0.007542
2012  89  0 106 111.2 0.007488
2012  90  0  94 110.4 0.007452
2012  91  0  89 109.9 0.007501
2012  92  0  65 107.2 0.007471
2012  93  0  79 105.9 0.007458
2012  94  0  72 103.6 0.007325
2012  95  0  64 102.1 0.007273
2012  96  0  53 101.0 0.007283
2012  97  0  53  97.6 0.007241
2012  98  0  30  98.7 0.007185
2012  99  0  25  93.5 0.007133
2012 100  0  14  94.9 0.007043
2012 101  0  16  93.7 0.007021
2012 102  0  30  93.8 0.007103
2012 103  0  58  95.8 0.007115
2012 104  0  54  98.3 0.007252
2012 105  0  51  98.8 0.007278
2012 106  0  90 102.4 0.007341
2012 107  0  61 108.8 0.007456
2012 108  0  79 114.7 0.007563
2012 109  0 112 122.6 0.007677
2012 110  0 148 139.1 0.007785
2012 111  0 168 143.1 0.007869
2012 112  0 162 150.6 0.007867
2012 113  0 146 149.5 0.007864
2012 114  0 138 143.4 0.007700
2012 115  0 134 135.2 0.007625
2012 116  0 126 128.8 0.007593
2012 117  0 117 120.7 0.007572
2012 118  0 106 119.5 0.007530
2012 119  0 112 122.8 0.007474
2012 120  0 110 117.7 0.007417
2012 121  0 104 115.9 0.007337
2012 122  0  96 111.6 0.007294
2012 123  0  95 117.4 0.007252
2012 124  0  96 115.9 0.007345
2012 125  0  87 115.9 0.007310
2012 126  0  88 118.1 0.007291
2012 127  0  87 119.4 0.007220
2012 128  0  80 123.9 0.007301
2012 129  0  85 125.1 0.007308
2012 130  0  91 129.8 0.007340
2012 131  0  96 133.3 0.007341
2012 132  0 110 139.2 0.007489
2012 133  0 101 132.2 0.007602
2012 134  0 105 133.3 0.007632
2012 135  0 119 132.9 0.007714
2012 136  0 122 131.9 0.007858
2012 137  0 137 133.9 0.007926
2012 138  0 110 139.5 0.007914
2012 139  0 102 135.3 0.007904
2012 140  0 109 134.1 0.007882
2012 141  0 116 134.0 0.007826
2012 142  0 110 128.2 0.007788
2012 143  0  80 124.3 0.007704
2012 144  0  77 120.2 0.007606
2012 145  0  87 118.5 0.007531
2012 146  0  94 120.3 0.007503
2012 147  0  80 112.9 0.007465
2012 148  0  82 113.7 0.007454
2012 149  0 109 113.3 0.007406
2012 150  0  78 109.3 0.007331
2012 151  0  73 114.1 0.007327
2012 152  0  89 120.6 0.007346
2012 153  0 121 132.2 0.007440
2012 154  0 151 132.9 0.007628
2012 155  0 165 133.2 0.007753
2012 156  0 148 131.9 0.007803
2012 157  0 151 142.8 0.007821
2012 158  0 153 156.4 0.007840
2012 159  0 127 132.1 0.007878
2012 160  0 107 127.9 0.007856
2012 161  0 106 132.3 0.007930
2012 162  0 121 132.3 0.007939
2012 163  0 128 138.1 0.008000
2012 164  0 111 145.8 0.007972
2012 165  0 113 147.3 0.007812
2012 166  0 123 153.3 0.007800
2012 167  0 117 149.6 0.007789
2012 168  0 106 138.8 0.007655
2012 169  0  88 128.0 0.007537
2012 170  0  57 121.9 0.007345
2012 171  0  51 113.5 0.007169
2012 172  0  30 107.1 0.006999
2012 173  0  16 100.9 0.006930
2012 174  0  16  91.4 0.006902
2012 175  0  16  86.8 0.006887
2012 176  0  20  88.1 0.006912
2012 177  0  17  91.5 0.006898
2012 178  0  36 102.5 0.006962
2012 179  0  70 109.9 0.007135
2012 180  0  87 123.7 0.007293
2012 181  0 103 121.3 0.007529
2012 182  0 104 128.2 0.007561
2012 183  0 126 137.9 0.007633
2012 184  0 128 171.4 0.007613
2012 185  0 125 150.7 0.007604
2012 186  0 131 168.6 0.007633
2012 187  0 129 170.1 0.007677
2012 188  0 132 163.0 0.007760
2012 189  0 146 163.7 0.007789
2012 190  0 117 183.7 0.007903
2012 191  0 122 179.6 0.007982
2012 192  0 107 179.2 0.007919
2012 193  0 110 167.1 0.007909
2012 194  0 125 170.9 0.007885
2012 195  0 129 152.1 0.007803
2012 196  0 125 152.8 0.007690
2012 197  0 117 145.1 0.007548
2012 198  0 102 159.5 0.007399
2012 199  0  86 131.7 0.007191
2012 200  0  57 113.1 0.006927
2012 201  0  38 103.2 0.006810
2012 202  0  36  95.3 0.006794
2012 203  0  29  92.8 0.006833
2012 204  0  29  96.7 0.006833
2012 205  0  63  99.8 0.006876
2012 206  0  71 105.7 0.006993
2012 207  0  68 108.7 0.007152
2012 208  0  86 118.3 0.007410
2012 209  0 110 127.1 0.007580
2012 210  0 107 130.5 0.007628
2012 211  0 111 135.4 0.007685
2012 212  0 120 140.1 0.007735
2012 213  0 122 144.0 0.007758
2012 214  0 132 154.6 0.007781
2012 215  0 143 138.6 0.007890
2012 216  0 174 143.8 0.007978
2012 217  0 152 142.7 0.008059
2012 218  0 123 137.9 0.007978
2012 219  0  98 137.9 0.007907
2012 220  0 122 132.1 0.007882
2012 221  0 123 137.0 0.007835
2012 222  0 158 134.8 0.007879
2012 223  0 131 128.8 0.007785
2012 224  0 108 123.0 0.007653
2012 225  0  98 115.3 0.007457
2012 226  0  74 110.9 0.007246
2012 227  0  33 108.5 0.007094
2012 228  0  30 103.2 0.006997
2012 229  0  32 100.8 0.006967
2012 230  0  50  97.5 0.006853
2012 231  0  54  99.4 0.006839
2012 232  0  72  98.5 0.006913
2012 233  0  80  98.5 0.006964
2012 234  0  71  96.4 0.007063
2012 235  0  69  96.9 0.007159
2012 236  0  71  98.8 0.007309
2012 237  0  71 106.4 0.007424
2012 238  0  77 108.1 0.007515
2012 239  0  78 115.6 0.007611
2012 240  0  75 113.7 0.007695
2012 241  0  80 113.4 0.007681
2012 242  0  83 120.6 0.007761
2012 243  0 126 130.2 0.007968
2012 244  0 150 132.9 0.008092
2012 245  0 145 148.2 0.008180
2012 246  0 142 144.7 0.008119
2012 247  0 171 144.0 0.008159
2012 248  0 159 139.9 0.008150
2012 249  0 122 134.9 0.008040
2012 250  0 116 130.0 0.007902
2012 251  0  95 135.4 0.007767
2012 252  0  82 130.5 0.007542
2012 253  0  89 124.8 0.007385
2012 254  0  70 112.8 0.007225
2012 255  0  76 106.4 0.007088
2012 256  0  73 103.8 0.006961
2012 257  0  58 100.3 0.006958
2012 258  0  52 101.7 0.006944
2012 259  0  61  98.6 0.006960
2012 260  0  64  98.3 0.006970
2012 261  0  55 102.5 0.007016
2012 262  0  64 105.3 0.007156
2012 263  0  67 110.8 0.007297
2012 264  0  81 118.4 0.007547
2012 265  0  84 117.8 0.007645
2012 266  0  58 125.3 0.007854
2012 267  0  75 134.4 0.007939
2012 268  0  95 137.4 0.008106
2012 269  0 136 140.6 0.008311
2012 270  0 145 139.9 0.008379
2012 271  0 113 133.8 0.008398
2012 272  0  85 138.3 0.008389
2012 273  0  79 136.4 0.008180
2012 274  0  99 135.9 0.008066
2012 275  0  78 128.3 0.007877
2012 276  0  73 118.3 0.007689
2012 277  0  63 111.8 0.007515
2012 278  0  62 109.5 0.007374
2012 279  0  60 106.1 0.007241
2012 280  0  43  98.7 0.006999
2012 281  0  40  97.9 0.006877
2012 282  0  49 103.2 0.006797
2012 283  0  70 105.9 0.006849
2012 284  0  76 111.6 0.006932
2012 285  0  73 116.2 0.006938
2012 286  0  83 121.3 0.007046
2012 287  0  80 124.3 0.007182
2012 288  0  95 131.3 0.007328
2012 289  0 119 135.9 0.007586
2012 290  0 115 136.1 0.007833
2012 291  0 102 134.1 0.007986
2012 292  0 109 136.5 0.008179
2012 293  0  95 140.3 0.008348
2012 294  0  73 150.1 0.008399
2012 295  0  82 142.8 0.008367
2012 296  0  85 153.9 0.008274
2012 297  0  92 140.1 0.008293
2012 298  0  95 134.1 0.008223
2012 299  0  79 128.5 0.008006
2012 300  0  78 129.1 0.007935
2012 301  0  67 120.2 0.007790
2012 302  0  53 115.4 0.007545
2012 303  0  69 106.9 0.007443
2012 304  0  65 104.8 0.007433
2012 305  0  50 102.7 0.007180
2012 306  0  47  96.8 0.007093
2012 307  0  45  94.9 0.006947
2012 308  0  44  91.8 0.006860
2012 309  0  45  93.4 0.006843
2012 310  0  51  94.9 0.006893
2012 311  0  47  96.9 0.006917
2012 312  0  61  99.8 0.006999
2012 313  0  65 102.2 0.007106
2012 314  0  65 112.9 0.007150
2012 315  0  79 119.8 0.007324
2012 316  0 108 130.6 0.007526
2012 317  0 122 140.8 0.007761
2012 318  0 121 143.1 0.008010
2012 319  0 133 139.1 0.008238
2012 320  0 138 138.6 0.008367
2012 321  0 142 135.2 0.008464
2012 322  0 139 132.4 0.008432
2012 323  0 132 137.7 0.008453
2012 324  0 121 130.7 0.008340
2012 325  0 105 137.8 0.008316
2012 326  0 106 137.0 0.008251
2012 327  0  95 124.5 0.007968
2012 328  0  78 123.5 0.007685
2012 329  0  82 115.0 0.007528
2012 330  0  84 118.4 0.007439
2012 331  0  72 118.6 0.007372
2012 332  0  77 114.0 0.007213
2012 333  0  77 111.2 0.007174
2012 334  0  78 110.0 0.007173
2012 335  0  70 107.5 0.007067
2012 336  0  53  98.8 0.007001
2012 337  0  47  94.9 0.006965
2012 338  0  44  93.9 0.006980
2012 339  0  54  93.4 0.007026
2012 340  0  60  92.7 0.006995
2012 341  0  28  94.6 0.007012
2012 342  0  31  94.2 0.007045
2012 343  0  50  98.1 0.007100
2012 344  0  42 100.6 0.007152
2012 345  0  43 100.9 0.007198
2012 346  0  47 100.5 0.007341
2012 347  0  67 108.4 0.007629
2012 348  0  72 113.0 0.007659
2012 349  0  60 115.5 0.007705
2012 350  0  62 118.5 0.007779
2012 351  0  65 115.8 0.007741
2012 352  0  74 111.3 0.007683
2012 353  0  60 112.5 0.007599
2012 354  0  54 109.8 0.007510
2012 355  0  56 110.4 0.007446
2012 356  0  60 110.9 0.007423
2012 357  0  78 111.6 0.007395
2012 358  0  79 110.4 0.007350
2012 359  0  57 109.4 0.007252
2012 360  0  53 109.3 0.007240
2012 361  0  57 106.2 0.007276
2012 362  0  54 103.2 0.007208
2012 363  0  53 102.3 0.007256
2012 364  0  56 100.9 0.007212
2012 365  0  56 103.2 0.007206
2012 366  0  89 109.8 0.007260
2013   1  0  99 113.9 0.007426
2013   2  0  95 115.0 0.007547
2013   3  0 130 124.6 0.007707
2013   4  0 150 138.4 0.007791
2013   5  0 162 140.3 0.007772
2013   6  0 160 137.5 0.007804
2013   7  0 145 144.8 0.007861
2013   8  0 154 150.5 0.007917
2013   9  0 156 163.8 0.008031
2013  10  0 148 168.2 0.008200
2013  11  0 163 166.7 0.008253
2013  12  0 160 163.0 0.008205
2013  13  0 128 151.4 0.008140
2013  14  0 119 149.1 0.008083
2013  15  0 110 135.2 0.008038
2013  16  0  90 132.6 0.007882
2013  17  0  63 118.8 0.007727
2013  18  0  43 111.5 0.007568
2013  19  0  47 103.3 0.007373
2013  20  0  47 103.2 0.007231
2013  21  0  37 104.9 0.007181
2013  22  0  55 106.9 0.007219
2013  23  0  60 101.6 0.007219
2013  24  0  55 100.2 0.007151
2013  25  0  49  97.5 0.007190
2013  26  0  66  96.3 0.007241
2013  27  0  72  94.7 0.007243
2013  28  0  61  94.7 0.007256
2013  29  0  52  92.6 0.007226
2013  30  0  53  93.8 0.007212
2013  31  0  49  99.7 0.007154
2013  32  0  64 100.7 0.007122
2013  33  0  72 108.6 0.007131
2013  34  0  80 107.9 0.007150
2013  35  0  38 103.7 0.007277
2013  36  0  42 102.2 0.007337
2013  37  0  43 100.7 0.007427
2013  38  0  62 100.0 0.007535
2013  39  0  59 101.4 0.007590
2013  40  0  61 104.8 0.007597
2013  41  0  48 103.2 0.007526
2013  42  0  56 102.5 0.007566
2013  43  0  64  99.2 0.007467
2013  44  0  38  97.8 0.007458
2013  45  0  35  97.0 0.007328
2013  46  0  45  97.7 0.007211
2013  47  0  40 100.8 0.007190
2013  48  0  72 103.1 0.007253
2013  49  0 109 102.3 0.007233
2013  50  0 114 109.9 0.007351
2013  51  0 107 111.0 0.007262
2013  52  0  78 106.2 0.007218
2013  53  0  67 104.7 0.007098
2013  54  0  50  97.5 0.007032
2013  55  0  30  93.0 0.006993
2013  56  0  51  93.5 0.007011
2013  57  0  53  96.8 0.007071
2013  58  0  58 100.0 0.007019
2013  59  0  70 103.6 0.006971
2013  60  0  77 110.6 0.007008
2013  61  0  96 109.1 0.007061
2013  62  0  92 110.1 0.007293
2013  63  0  88 112.4 0.007440
2013  64  0  83 116.6 0.007633
2013  65  0  77 112.6 0.007720
2013  66  0  66 112.1 0.007752
2013  67  0  73 113.3 0.007776
2013  68  0  81 114.6 0.007768
2013  69  0 100 117.7 0.007796
2013  70  0 101 118.2 0.007820
2013  71  0 115 121.5 0.007856
2013  72  0 110 121.5 0.007850
2013  73  0 123 121.5 0.007643
2013  74  0 111 121.8 0.007614
2013  75  0 110 124.8 0.007559
2013  76  0 119 124.5 0.007538
2013  77  0 107 116.6 0.007441
2013  78  0  66 109.5 0.007275
2013  79  0  51 106.7 0.007184
2013  80  0  49 105.3 0.007121
2013  81  0  49 100.2 0.007027
2013  82  0  49  97.6 0.006988
2013  83  0  41  95.4 0.006976
2013  84  0  42  92.2 0.006991
2013  85  0  30  92.0 0.007002
2013  86  0  35  92.6 0.006995
2013  87  0  47  98.3 0.007060
2013  88  0  72 104.8 0.007169
2013  89  0  73 108.2 0.007272
2013  90  0  95 113.1 0.007392
2013  91  0  79 119.0 0.007628
2013  92  0  98 122.1 0.007717
2013  93  0 101 127.0 0.007764
2013  94  0  93 128.6 0.007856
2013  95  0 114 134.5 0.007946
2013  96  0 113 137.3 0.007987
2013  97  0 126 138.2 0.008120
2013  98  0 122 139.6 0.008149
2013  99  0 136 147.0 0.008185
2013 100  0 139 148.6 0.008085
2013 101  0 126 137.8 0.007942
2013 102  0 125 138.6 0.007864
2013 103  0 117 125.8 0.007661
2013 104  0 110 117.5 0.007571
2013 105  0  93 114.1 0.007459
2013 106  0  93 114.1 0.007319
2013 107  0  95 107.1 0.007193
2013 108  0  85 105.9 0.006971
2013 109  0  87 100.3 0.006941
2013 110  0  90 105.9 0.006954
2013 111  0  93 110.5 0.007037
2013 112  0  89 114.1 0.007008
2013 113  0  82 118.8 0.007064
2013 114  0  98 116.1 0.007140
2013 115  0 111 120.7 0.007252
2013 116  0 105 123.5 0.007340
2013 117  0 107 128.8 0.007546
2013 118  0 102 133.5 0.007841
2013 119  0 141 144.5 0.008001
2013 120  0 150 156.7 0.008119
2013 121  0 142 161.7 0.008228
2013 122  0 104 151.8 0.008179
2013 123  0  98 150.4 0.008214
2013 124  0 122 144.1 0.008170
2013 125  0 110 139.5 0.008130
2013 126  0 108 133.0 0.008041
2013 127  0 116 131.1 0.007930
2013 128  0 122 129.3 0.007794
2013 129  0 116 130.9 0.007682
2013 130  0 125 127.3 0.007609
2013 131  0 134 139.4 0.007546
2013 132  0 142 150.4 0.007651
2013 133  0 153 153.5 0.007702
2013 134  0 160 151.1 0.007776
2013 135  0 173 148.8 0.007881
2013 136  0 206 148.0 0.008018
2013 137  0 183 139.6 0.007971
2013 138  0 133 135.2 0.007898
2013 139  0 127 138.5 0.007787
2013 140  0 112 135.2 0.007708
2013 141  0 113 128.4 0.007720
2013 142  0 131 136.7 0.007697
2013 143  0 108 137.9 0.007679
2013 144  0 108 130.6 0.007674
2013 145  0 118 124.5 0.007781
2013 146  0  96 123.2 0.007838
2013 147  0  92 113.1 0.007824
2013 148  0  78 107.6 0.007889
2013 149  0  72 109.8 0.007964
2013 150  0  73 106.9 0.007903
2013 151  0  50 104.7 0.007806
2013 152  0  60 108.8 0.007742
2013 153  0  77 114.1 0.007675
2013 154  0  64 115.0 0.007584
2013 155  0  51 113.1 0.007552
2013 156  0  79 112.1 0.007538
2013 157  0  76 112.3 0.007443
2013 158  0  48 113.1 0.007408
2013 159  0  26 106.3 0.007378
2013 160  0  35  99.0 0.007305
2013 161  0  26  96.2 0.007389
2013 162  0  16  92.3 0.007351
2013 163  0  29  96.2 0.007331
2013 164  0  51 102.0 0.007329
2013 165  0  64 112.6 0.007346
2013 166  0  95 114.5 0.007372
2013 167  0 104 119.7 0.007514
2013 168  0 111 127.8 0.007608
2013 169  0 113 128.8 0.007609
2013 170  0 123 127.4 0.007653
2013 171  0 129 130.5 0.007728
2013 172  0 139 137.6 0.007746
2013 173  0 137 134.2 0.007791
2013 174  0 118 132.4 0.007937
2013 175  0 108 124.6 0.007891
2013 176  0  77 112.9 0.007695
2013 177  0  60 110.1 0.007576
2013 178  0  61 102.9 0.007498
2013 179  0  75 104.3 0.007438
2013 180  0  69 103.6 0.007427
2013 181  0  80 106.3 0.007370
2013 182  0  77 111.4 0.007345
2013 183  0 112 118.1 0.007355
2013 184  0 109 128.7 0.007377
2013 185  0 121 142.3 0.007495
2013 186  0 109 145.6 0.007573
2013 187  0 124 138.7 0.007609
2013 188  0 141 129.8 0.007652
2013 189  0 122 123.3 0.007589
2013 190  0 110 124.0 0.007518
2013 191  0  80 121.9 0.007470
2013 192  0  79 117.1 0.007564
2013 193  0  73 121.6 0.007605
2013 194  0  36 117.8 0.007590
2013 195  0  60 116.7 0.007595
2013 196  0  77 117.9 0.007618
2013 197  0  77 117.6 0.007711
2013 198  0  73 114.9 0.007692
2013 199  0  95 118.6 0.007857
2013 200  0  85 117.3 0.008018
2013 201  0  59 116.1 0.008033
2013 202  0  53 112.9 0.008012
2013 203  0  57 113.4 0.007850
2013 204  0  80 110.1 0.007844
2013 205  0  70 111.0 0.007740
2013 206  0  85 110.3 0.007587
2013 207  0  71 112.9 0.007472
2013 208  0  68 111.3 0.007420
2013 209  0  73 112.7 0.007350
2013 210  0 103 115.6 0.007380
2013 211  0  89 116.5 0.007382
2013 212  0 103 112.0 0.007448
2013 213  0  96 115.4 0.007587
2013 214  0 114 116.2 0.007668
2013 215  0 107 110.5 0.007674
2013 216  0  86 107.9 0.007598
2013 217  0  82 107.3 0.007611
2013 218  0  71 106.8 0.007615
2013 219  0  86 108.5 0.007535
2013 220  0  89 107.3 0.007470
2013 221  0  64 106.5 0.007352
2013 222  0  72 105.3 0.007393
2013 223  0  81 113.4 0.007461
2013 224  0  90 117.2 0.007502
2013 225  0 108 125.1 0.007491
2013 226  0 108 128.5 0.007731
2013 227  0 124 125.8 0.007920
2013 228  0  96 122.9 0.007911
2013 229  0 100 153.4 0.008025
2013 230  0 110 129.2 0.008059
2013 231  0 134 131.4 0.008066
2013 232  0 129 134.6 0.008140
2013 233  0 146 133.4 0.007998
2013 234  0 139 134.5 0.007944
2013 235  0 138 126.8 0.007827
2013 236  0  78 119.9 0.007689
2013 237  0  50 115.0 0.007530
2013 238  0  43 113.5 0.007537
2013 239  0  56 111.9 0.007513
2013 240  0  50 110.3 0.007579
2013 241  0  53 111.0 0.007528
2013 242  0  71 109.5 0.007504
2013 243  0  74 109.5 0.007546
2013 244  0  74 105.6 0.007494
2013 245  0  90 107.5 0.007544
2013 246  0  72 107.9 0.007463
2013 247  0  78 111.1 0.007481
2013 248  0  65 111.9 0.007284
2013 249  0  49 102.9 0.007260
2013 250  0  37 100.0 0.007211
2013 251  0  25  97.1 0.007165
2013 252  0  13  95.6 0.007261
2013 253  0  18  96.2 0.007333
2013 254  0  60  94.1 0.007350
2013 255  0  52  94.1 0.007382
2013 256  0  37  92.7 0.007376
2013 257  0  25  93.6 0.007241
2013 258  0  13  93.8 0.007182
2013 259  0  25  95.5 0.007097
2013 260  0  52  99.7 0.007110
2013 261  0  63 105.1 0.007049
2013 262  0  63 108.9 0.007136
2013 263  0  90 110.0 0.007361
2013 264  0  77 111.2 0.007446
2013 265  0  79 111.9 0.007507
2013 266  0  72 108.5 0.007604
2013 267  0  65 110.9 0.007752
2013 268  0  71 111.7 0.007859
2013 269  0  54 110.5 0.007805
2013 270  0  63 108.3 0.007703
2013 271  0  56 106.0 0.007522
2013 272  0  43 103.4 0.007400
2013 273  0  53 105.2 0.007400
2013 274  0  48 107.0 0.007254
2013 275  0  60 108.3 0.007265
2013 276  0  68 113.9 0.007269
2013 277  0  79 109.2 0.007308
2013 278  0  57 105.9 0.007322
2013 279  0  47 106.5 0.007341
2013 280  0  73 111.8 0.007487
2013 281  0  96 111.7 0.007520
2013 282  0 106 113.1 0.007685
2013 283  0 120 120.3 0.007776
2013 284  0 122 128.5 0.007790
2013 285  0 112 127.3 0.007629
2013 286  0 132 128.6 0.007653
2013 287  0 128 124.3 0.007563
2013 288  0 128 124.5 0.007596
2013 289  0 119 127.2 0.007685
2013 290  0 146 135.1 0.007718
2013 291  0 155 138.8 0.007724
2013 292  0 130 131.6 0.007727
2013 293  0 114 132.2 0.007796
2013 294  0 128 134.5 0.007955
2013 295  0 118 144.8 0.008029
2013 296  0 124 151.1 0.008068
2013 297  0 144 158.8 0.008060
2013 298  0 138 159.6 0.008090
2013 299  0 132 169.7 0.007992
2013 300  0 148 164.8 0.007927
2013 301  0 147 157.8 0.008025
2013 302  0 150 150.6 0.007783
2013 303  0 146 139.9 0.007692
2013 304  0 130 140.5 0.007581
2013 305  0 106 144.2 0.007659
2013 306  0 101 139.4 0.007748
2013 307  0 123 141.1 0.007826
2013 308  0 128 144.9 0.008040
2013 309  0 122 145.9 0.008042
2013 310  0 145 150.8 0.008051
2013 311  0 166 145.3 0.007885
2013 312  0 142 143.3 0.007798
2013 313  0 104 145.2 0.007794
2013 314  0 101 151.1 0.007746
2013 315  0 113 160.4 0.007822
2013 316  0 135 164.0 0.007776
2013 317  0 152 167.4 0.008203
2013 318  0 173 172.0 0.008349
2013 319  0 166 174.0 0.008525
2013 320  0 183 170.6 0.008665
2013 321  0 192 172.9 0.008787
2013 322  0 145 159.5 0.008780
2013 323  0 113 149.3 0.008667
2013 324  0  84 143.5 0.008347
2013 325  0  72 137.8 0.008157
2013 326  0  67 139.2 0.008020
2013 327  0  62 132.2 0.007764
2013 328  0  72 123.9 0.007611
2013 329  0  40 116.0 0.007463
2013 330  0  37 112.4 0.007346
2013 331  0  73 125.6 0.007402
2013 332  0 106 129.3 0.007524
2013 333  0  98 125.0 0.007524
2013 334  0  95 127.6 0.007637
2013 335  0 124 126.9 0.007783
2013 336  0 139 130.0 0.007944
2013 337  0 110 131.9 0.007933
2013 338  0 117 134.0 0.007892
2013 339  0 110 145.3 0.008057
2013 340  0  98 146.1 0.008055
2013 341  0  89 152.3 0.008101
2013 342  0  95 160.6 0.008109
2013 343  0 142 163.1 0.008319
2013 344  0 187 169.9 0.008604
2013 345  0 176 165.6 0.008811
2013 346  0 151 159.8 0.008915
2013 347  0 144 158.1 0.008871
2013 348  0 135 159.0 0.008817
2013 349  0 135 151.3 0.008719
2013 350  0 114 149.4 0.008610
2013 351  0 121 153.9 0.008495
2013 352  0 140 151.1 0.008377
2013 353  0 140 148.5 0.008105
2013 354  0 143 144.4 0.008012
2013 355  0 140 139.5 0.007864
2013 356  0 114 133.4 0.007320
2013 357  0 111 131.6 0.007532
2013 358  0 109 124.1 0.007551
2013 359  0  96 118.7 0.007574
2013 360  0 103 120.6 0.007619
2013 361  0 106 126.3 0.007740
2013 362  0 100 130.1 0.007700
2013 363  0 124 132.5 0.007899
2013 364  0 100 138.2 0.007868
2013 365  0 136 140.5 0.007912
2014   1  0 124 154.3 0.007898
2014   2  0 133 155.2 0.008072
2014   3  0 153 176.3 0.008194
2014   4  0 136 253.3 0.008297
2014   5  0 134 210.3 0.008441
2014   6  0 167 197.2 0.008504
2014   7  0 140 229.3 0.008593
2014   8  0 107 188.2 0.008593
2014   9  0 120 178.1 0.008665
2014  10  0 137 169.4 0.008699
2014  11  0 142 160.7 0.008573
2014  12  0 133 150.2 0.008502
2014  13  0 117 138.7 0.008214
2014  14  0  96 132.6 0.008009
2014  15  0  93 122.1 0.007846
2014  16  0  80 117.1 0.007779
2014  17  0  74 124.7 0.007716
2014  18  0 116 125.5 0.007720
2014  19  0 110 123.4 0.007750
2014  20  0 133 133.0 0.007888
2014  21  0 129 141.4 0.008053
2014  22  0 154 138.9 0.008107
2014  23  0 146 132.1 0.008292
2014  24  0 116 131.3 0.008292
2014  25  0 100 129.1 0.008279
2014  26  0  97 133.7 0.008097
2014  27  0  76 139.6 0.007901
2014  28  0  77 152.5 0.008036
2014  29  0  94 151.8 0.008123
2014  30  0  99 155.8 0.008247
2014  31  0  93 160.9 0.008186
2014  32  0  94 171.6 0.008258
2014  33  0 118 184.4 0.008406
2014  34  0 127 183.0 0.008497
2014  35  0 144 182.9 0.008658
2014  36  0 167 188.1 0.008780
2014  37  0 171 186.1 0.008808
2014  38  0 147 173.2 0.008776
2014  39  0 147 167.2 0.008556
2014  40  0 147 164.6 0.008253
2014  41  0 137 156.8 0.008084
2014  42  0 158 167.8 0.008171
2014  43  0 161 156.1 0.008255
2014  44  0 147 162.5 0.008114
2014  45  0 130 162.5 0.008016
2014  46  0 113 158.1 0.007994
2014  47  0 103 150.2 0.007922
2014  48  0 106 148.9 0.008047
2014  49  0 127 147.9 0.007996
2014  50  0 126 154.2 0.008053
2014  51  0 133 153.0 0.008145
2014  52  0 136 153.4 0.008096
2014  53  0 146 159.7 0.008049
2014  54  0 158 168.2 0.008107
2014  55  0 153 167.2 0.008086
2014  56  0 171 170.4 0.008530
2014  57  0 207 174.7 0.008740
2014  58  0 220 172.4 0.008839
2014  59  0 196 167.5 0.008847
2014  60  0 155 161.6 0.008697
2014  61  0 158 158.5 0.008634
2014  62  0 161 158.3 0.008601
2014  63  0 141 155.4 0.008595
2014  64  0 154 146.7 0.008655
2014  65  0 127 146.5 0.008544
2014  66  0 134 146.0 0.008451
2014  67  0 116 139.5 0.008236
2014  68  0 111 143.8 0.008082
2014  69  0 113 149.5 0.008083
2014  70  0 111 162.5 0.008073
2014  71  0 132 145.8 0.008064
2014  72  0 112 145.9 0.008119
2014  73  0 109 142.1 0.008144
2014  74  0 111 137.5 0.008067
2014  75  0 122 134.2 0.008072
2014  76  0 126 135.1 0.008155
2014  77  0 136 137.0 0.008211
2014  78  0 141 147.9 0.008303
2014  79  0 139 150.1 0.008435
2014  80  0 126 151.4 0.008494
2014  81  0 146 153.8 0.008571
2014  82  0 151 156.0 0.008654
2014  83  0 137 157.7 0.008610
2014  84  0 136 152.0 0.008660
2014  85  0 112 152.5 0.008727
2014  86  0 115 144.2 0.008633
2014  87  0 122 145.9 0.008568
2014  88  0 118 142.3 0.008515
2014  89  0 101 148.1 0.008406
2014  90  0 118 152.1 0.008391
2014  91  0  96 153.1 0.008329
2014  92  0 114 154.6 0.008368
2014  93  0 133 153.0 0.008341
2014  94  0 158 157.0 0.008363
2014  95  0 135 142.3 0.008312
2014  96  0 121 141.2 0.008260
2014  97  0 114 140.2 0.008244
2014  98  0 117 132.4 0.008072
2014  99  0  94 131.0 0.007962
2014 100  0  65 137.3 0.007951
2014 101  0  61 138.2 0.007926
2014 102  0  73 136.5 0.007912
2014 103  0  80 137.9 0.007971
2014 104  0 105 151.2 0.008203
2014 105  0 145 163.0 0.008465
2014 106  0 187 185.2 0.008675
2014 107  0 199 180.3 0.008769
2014 108  0 178 173.7 0.008800
2014 109  0 178 170.8 0.008789
2014 110  0 173 164.1 0.008741
2014 111  0 150 160.4 0.008662
2014 112  0 123 146.3 0.008360
2014 113  0  85 137.6 0.008168
2014 114  0  72 131.6 0.008061
2014 115  0  57 126.2 0.007952
2014 116  0  45 122.3 0.007878
2014 117  0  77 119.6 0.007909
2014 118  0  80 122.5 0.007902
2014 119  0  77 121.8 0.007885
2014 120  0  82 125.5 0.007873
2014 121  0  88 127.7 0.007803
2014 122  0 115 137.6 0.007863
2014 123  0 123 134.8 0.007848
2014 124  0 127 133.7 0.007800
2014 125  0 142 141.5 0.007726
2014 126  0 148 141.3 0.007724
2014 127  0 120 148.6 0.007874
2014 128  0 132 150.8 0.007989
2014 129  0 139 155.2 0.008149
2014 130  0 123 155.1 0.008224
2014 131  0 150 167.7 0.008398
2014 132  0 154 166.3 0.008497
2014 133  0 133 162.7 0.008504
2014 134  0 166 166.7 0.008599
2014 135  0 156 155.5 0.008560
2014 136  0 133 141.8 0.008395
2014 137  0 151 136.6 0.008343
2014 138  0 138 130.4 0.008119
2014 139  0 102 119.7 0.007951
2014 140  0  87 120.1 0.007939
2014 141  0  85 116.7 0.007764
2014 142  0  66 114.1 0.007739
2014 143  0  91 119.2 0.007680
2014 144  0 109 127.7 0.007792
2014 145  0 109 116.0 0.007680
2014 146  0  91 111.1 0.007634
2014 147  0  78 108.7 0.007546
2014 148  0  70 102.1 0.007500
2014 149  0  48 105.5 0.007516
2014 150  0  55 104.4 0.007466
2014 151  0  57 106.6 0.007408
2014 152  0  64 106.2 0.007397
2014 153  0  62 108.3 0.007445
2014 154  0  74 110.1 0.007584
2014 155  0  64 108.5 0.007677
2014 156  0  87 113.8 0.007777
2014 157  0 119 136.9 0.007917
2014 158  0 133 140.8 0.008093
2014 159  0 142 153.1 0.008154
2014 160  0 156 166.1 0.008308
2014 161  0 162 171.3 0.008357
2014 162  0 174 173.6 0.008433
2014 163  0 197 179.9 0.008464
2014 164  0 182 157.5 0.008293
2014 165  0 137 148.0 0.008102
2014 166  0  74 134.3 0.007931
2014 167  0  84 120.5 0.007749
2014 168  0  95 118.0 0.007739
2014 169  0 120 114.4 0.007768
2014 170  0  95 114.7 0.007629
2014 171  0  80 105.5 0.007510
2014 172  0  93 104.5 0.007409
2014 173  0  90  97.3 0.007305
2014 174  0  77  95.6 0.007173
2014 175  0  40  96.6 0.007092
2014 176  0  55 100.2 0.007050
2014 177  0  67 103.3 0.007088
2014 178  0  67 107.6 0.007124
2014 179  0  71 118.4 0.007222
2014 180  0  93 129.9 0.007516
2014 181  0 132 145.2 0.007807
2014 182  0 134 156.9 0.008188
2014 183  0 145 175.1 0.008438
2014 184  0 167 184.1 0.008685
2014 185  0 172 193.9 0.009040
2014 186  0 194 199.4 0.009125
2014 187  0 185 207.7 0.009187
2014 188  0 197 204.5 0.009053
2014 189  0 183 208.1 0.008971
2014 190  0 162 205.0 0.008966
2014 191  0 161 183.3 0.008729
2014 192  0 144 171.8 0.008471
2014 193  0 119 149.9 0.008153
2014 194  0  86 131.0 0.007923
2014 195  0  62 113.0 0.007757
2014 196  0  18 103.9 0.007487
2014 197  0  10  95.1 0.007263
2014 198  0   0  91.5 0.007069
2014 199  0  15  91.4 0.007024
2014 200  0  35  88.9 0.006923
2014 201  0  35  89.9 0.006834
2014 202  0  17  93.0 0.006736
2014 203  0  39  95.5 0.006780
2014 204  0  65 102.2 0.006872
2014 205  0  62 107.4 0.006972
2014 206  0  64 109.9 0.007137
2014 207  0  58 120.1 0.007372
2014 208  0  78 125.2 0.007648
2014 209  0 109 136.3 0.007902
2014 210  0 137 146.8 0.008174
2014 211  0 122 156.6 0.008458
2014 212  0 131 161.1 0.008642
2014 213  0 165 173.5 0.008868
2014 214  0 165 160.2 0.008903
2014 215  0 153 156.2 0.008853
2014 216  0 146 143.3 0.008736
2014 217  0 128 143.3 0.008614
2014 218  0 113 140.5 0.008387
2014 219  0 123 140.0 0.008202
2014 220  0  89 126.4 0.007890
2014 221  0  83 116.3 0.007624
2014 222  0  62 111.3 0.007431
2014 223  0  69 107.3 0.007363
2014 224  0  75 106.8 0.007292
2014 225  0  79 105.6 0.007222
2014 226  0  86 105.4 0.007221
2014 227  0 107 116.0 0.007232
2014 228  0 109 114.8 0.007237
2014 229  0 116 117.9 0.007291
2014 230  0 105 113.3 0.007332
2014 231  0  93 113.3 0.007367
2014 232  0 102 121.1 0.007480
2014 233  0 120 131.3 0.007625
2014 234  0 125 129.3 0.007757
2014 235  0 150 134.9 0.007875
2014 236  0 149 144.0 0.008090
2014 237  0 116 154.8 0.008084
2014 238  0  86 130.8 0.008106
2014 239  0  95 125.3 0.008239
2014 240  0  82 121.0 0.008212
2014 241  0  66 122.5 0.008184
2014 242  0  76 125.5 0.008181
2014 243  0  82 127.1 0.008092
2014 244  0  96 128.9 0.008042
2014 245  0 110 138.7 0.007971
2014 246  0 102 140.1 0.007818
2014 247  0 120 148.4 0.007789
2014 248  0 116 146.3 0.007783
2014 249  0 142 159.8 0.007963
2014 250  0 165 162.6 0.008124
2014 251  0 154 166.3 0.008128
2014 252  0 175 161.6 0.008152
2014 253  0 169 177.0 0.008221
2014 254  0 160 153.4 0.008191
2014 255  0 126 154.0 0.008167
2014 256  0 125 146.9 0.008139
2014 257  0 104 141.0 0.007997
2014 258  0  94 134.4 0.007910
2014 259  0 114 134.1 0.007837
2014 260  0 123 134.2 0.007777
2014 261  0  82 121.3 0.007805
2014 262  0  79 122.8 0.007879
2014 263  0  80 120.1 0.007824
2014 264  0  95 124.9 0.007894
2014 265  0 101 136.8 0.007882
2014 266  0 119 139.1 0.008030
2014 267  0 108 145.6 0.008032
2014 268  0 144 167.8 0.008153
2014 269  0 165 171.0 0.008283
2014 270  0 181 182.2 0.008398
2014 271  0 193 181.8 0.008352
2014 272  0 180 175.6 0.008349
2014 273  0 178 162.6 0.008349
2014 274  0 135 155.4 0.008255
2014 275  0 126 149.3 0.008229
2014 276  0 117 136.9 0.008260
2014 277  0 105 127.6 0.008382
2014 278  0  89 128.4 0.008447
2014 279  0  68 129.9 0.008405
2014 280  0  68 125.2 0.008296
2014 281  0  74 126.2 0.008230
2014 282  0  59 118.6 0.008090
2014 283  0  36 120.4 0.007953
2014 284  0  30 111.6 0.007810
2014 285  0  30 110.0 0.007665
2014 286  0  42 112.6 0.007652
2014 287  0  74 131.9 0.007685
2014 288  0  89 125.0 0.007704
2014 289  0  70 138.0 0.007754
2014 290  0  64 144.8 0.007859
2014 291  0  61 171.1 0.008016
2014 292  0  92 171.7 0.008255
2014 293  0 110 202.2 0.008367
2014 294  0 107 197.1 0.008399
2014 295  0 123 214.2 0.008600
2014 296  0 132 224.8 0.008509
2014 297  0 138 215.4 0.008723
2014 298  0 136 216.8 0.008602
2014 299  0 132 214.0 0.008504
2014 300  0 107 185.4 0.008366
2014 301  0 101 165.1 0.008163
2014 302  0  92 148.4 0.007938
2014 303  0 102 138.4 0.007946
2014 304  0  80 119.5 0.007947
2014 305  0  90 118.1 0.008036
2014 306  0  98 122.4 0.007994
2014 307  0 112 123.2 0.007887
2014 308  0 109 127.3 0.007857
2014 309  0 137 142.7 0.007914
2014 310  0 101 133.1 0.007943
2014 311  0 106 142.9 0.008023
2014 312  0  86 129.6 0.007897
2014 313  0  75 129.2 0.007852
2014 314  0  69 133.4 0.007801
2014 315  0  89 139.5 0.007790
2014 316  0  92 149.8 0.007935
2014 317  0 112 150.3 0.008127
2014 318  0 102 157.6 0.008365
2014 319  0 111 157.1 0.008575
2014 320  0 103 167.7 0.008700
2014 321  0  99 163.8 0.008719
2014 322  0  77 163.6 0.008729
2014 323  0  65 165.7 0.008741
2014 324  0  74 164.1 0.008661
2014 325  0  75 158.6 0.008884
2014 326  0  84 162.6 0.008758
2014 327  0  78 168.8 0.008233
2014 328  0 103 140.7 0.008284
2014 329  0 117 165.0 0.008255
2014 330  0 139 166.5 0.008277
2014 331  0 152 174.1 0.008524
2014 332  0 143 176.6 0.008613
2014 333  0 157 172.5 0.008681
2014 334  0 154 172.4 0.008569
2014 335  0 141 163.4 0.008408
2014 336  0 125 163.0 0.008358
2014 337  0 115 149.8 0.008283
2014 338  0  93 153.0 0.008133
2014 339  0  65 132.8 0.008053
2014 340  0  57 125.0 0.007954
2014 341  0  57 127.9 0.007879
2014 342  0  71 128.7 0.007922
2014 343  0  69 135.5 0.007977
2014 344  0  90 145.3 0.008140
2014 345  0 104 143.0 0.008327
2014 346  0 115 149.4 0.008558
2014 347  0 140 154.9 0.008741
2014 348  0 162 161.2 0.008855
2014 349  0 166 164.0 0.008917
2014 350  0 175 178.8 0.008960
2014 351  0 178 192.3 0.009125
2014 352  0 154 206.4 0.009117
2014 353  0 175 208.9 0.009069
2014 354  0 138 196.7 0.008997
2014 355  0 137 199.2 0.008685
2014 356  0 118 173.4 0.008517
2014 357  0 115 160.5 0.008324
2014 358  0  93 146.5 0.008207
2014 359  0  97 140.6 0.008135
2014 360  0  88 132.5 0.008095
2014 361  0  91 129.7 0.007990
2014 362  0 100 128.2 0.007934
2014 363  0  94 127.1 0.007845
2014 364  0  88 126.0 0.007813
2014 365  0  88 129.2 0.007817
2015   1  0 104 132.9 0.007769
2015   2  0 122 141.0 0.007824
2015   3  0 102 143.8 0.007882
2015   4  0 105 144.8 0.007859
2015   5  0  88 137.2 0.007886
2015   6  0  89 137.2 0.008028
2015   7  0 103 142.4 0.008072
2015   8  0  99 152.0 0.008293
2015   9  0 111 146.2 0.008556
2015  10  0 106 146.9 0.008691
2015  11  0 122 148.6 0.008798
2015  12  0 124 153.4 0.008761
2015  13  0 101 999.9 0.008650
2015  14  0  80 137.2 0.008691
2015  15  0  59 127.1 0.008608
2015  16  0  52 120.7 0.008498
2015  17  0  40 118.0 0.008323
2015  18  0  68 121.7 0.008178
2015  19  0  66 125.9 0.007999
2015  20  0  56 121.6 0.007789
2015  21  0  43 120.0 0.007693
2015  22  0  50 116.6 0.007655
2015  23  0  60 117.3 0.007584
2015  24  0  59 121.4 0.007561
2015  25  0  62 122.7 0.007589
2015  26  0 109 142.5 0.007694
2015  27  0 126 153.3 0.007822
2015  28  0 141 154.5 0.008021
2015  29  0 146 166.7 0.008180
2015  30  0 153 154.6 0.008295
2015  31  0 138 149.0 0.008373
2015  32  0 113 137.6 0.008413
2015  33  0  93 139.8 0.008463
2015  34  0  89 145.1 0.008617
2015  35  0  96 150.1 0.008730
2015  36  0  93 138.0 0.008809
2015  37  0  89 139.3 0.008810
2015  38  0  76 148.9 0.008824
2015  39  0  84 148.7 0.008865
2015  40  0  88 141.9 0.008836
2015  41  0  84 137.3 0.008778
2015  42  0  60 127.7 0.008715
2015  43  0  51 124.4 0.008681
2015  44  0  62 121.8 0.008489
2015  45  0  53 117.4 0.008234
2015  46  0  65 116.7 0.008060
2015  47  0  41 115.3 0.007935
2015  48  0  39 115.7 0.007786
2015  49  0  87 118.2 0.007763
2015  50  0  89 116.0 0.007712
2015  51  0  64 117.0 0.007629
2015  52  0  58 113.6 0.007616
2015  53  0  43 115.0 0.007594
2015  54  0  46 114.3 0.007731
2015  55  0  44 112.1 0.007820
2015  56  0  21 108.8 0.007873
2015  57  0  22 109.1 0.007933
2015  58  0  58 115.7 0.008018
2015  59  0  60 121.1 0.008130
2015  60  0  65 125.3 0.008078
2015  61  0  52 128.1 0.008188
2015  62  0  42 122.9 0.008244
2015  63  0  37 122.1 0.008250
2015  64  0  26 137.9 0.008269
2015  65  0  35 125.4 0.008334
2015  66  0  17 135.7 0.008291
2015  67  0  28 122.3 0.008256
2015  68  0  23 121.2 0.008170
2015  69  0  27 119.2 0.008166
2015  70  0  44 129.9 0.008105
2015  71  0  56 125.1 0.008135
2015  72  0  76 117.9 0.008043
2015  73  0  55 114.3 0.007910
2015  74  0  53 113.1 0.007769
2015  75  0  46 116.0 0.007626
2015  76  0  38 113.2 0.007470
2015  77  0  41 113.7 0.007465
2015  78  0  49 108.3 0.007365
2015  79  0  20 111.8 0.007329
2015  80  0  26 112.7 0.007389
2015  81  0  81 121.5 0.007552
2015  82  0  99 127.2 0.007843
2015  83  0 108 132.2 0.008169
2015  84  0  99 137.0 0.008372
2015  85  0 105 135.5 0.008510
2015  86  0 101 137.2 0.008611
2015  87  0  81 145.1 0.008593
2015  88  0  72 144.0 0.008581
2015  89  0  51 133.3 0.008499
2015  90  0  38 127.8 0.008419
2015  91  0  43 123.9 0.008373
2015  92  0  35 121.2 0.008242
2015  93  0  35 119.8 0.008205
2015  94  0  54 122.4 0.008178
2015  95  0  55 122.3 0.008208
2015  96  0  53 125.8 0.008198
2015  97  0  51 111.4 0.008176
2015  98  0  43 106.3 0.008115
2015  99  0  47 111.6 0.008088
2015 100  0  41 115.5 0.007974
2015 101  0  59 123.5 0.007852
2015 102  0  86 134.6 0.007767
2015 103  0 103 142.1 0.007739
2015 104  0 105 147.7 0.007744
2015 105  0  96 155.7 0.007836
2015 106  0 100 151.3 0.007897
2015 107  0 117 150.8 0.008021
2015 108  0 140 148.9 0.008193
2015 109  0 137 153.0 0.008338
2015 110  0 128 151.0 0.008515
2015 111  0 127 155.3 0.008717
2015 112  0 138 151.8 0.008851
2015 113  0 117 142.0 0.008784
2015 114  0  83 136.0 0.008556
2015 115  0  69 127.4 0.008364
2015 116  0  65 120.0 0.008171
2015 117  0  47 108.9 0.008011
2015 118  0  41 109.2 0.007958
2015 119  0  30 105.5 0.007828
2015 120  0  15 103.3 0.007709
2015 121  0  19 101.4 0.007738
2015 122  0  34 107.3 0.007764
2015 123  0  44 112.9 0.007779
2015 124  0 103 125.4 0.007794
2015 125  0 104 130.0 0.007874
2015 126  0 124 138.6 0.007928
2015 127  0 145 149.2 0.007964
2015 128  0 150 152.6 0.007949
2015 129  0 139 157.5 0.008081
2015 130  0 163 163.1 0.008088
2015 131  0 163 166.2 0.008201
2015 132  0 165 166.5 0.008279
2015 133  0 172 160.3 0.008321
2015 134  0 164 148.2 0.008411
2015 135  0 124 139.5 0.008442
2015 136  0 103 134.0 0.008503
2015 137  0  89 122.3 0.008425
2015 138  0 101 117.6 0.008337
2015 139  0  77 112.9 0.008237
2015 140  0  59 108.2 0.008190
2015 141  0  50 104.3 0.008014
2015 142  0  73 101.6 0.007827
2015 143  0  72 100.2 0.007715
2015 144  0  78 101.2 0.007504
2015 145  0  67  99.0 0.007389
2015 146  0  53  97.0 0.007316
2015 147  0  14  97.8 0.007300
2015 148  0  12  95.5 0.007347
2015 149  0  33  94.8 0.007321
2015 150  0  31  97.7 0.007337
2015 151  0  29  97.0 0.007374
2015 152  0  27 103.2 0.007454
2015 153  0  44 103.9 0.007569
2015 154  0  49 111.6 0.007671
2015 155  0  80 121.4 0.007773
2015 156  0  90 129.7 0.007824
2015 157  0 109 136.6 0.007973
2015 158  0 124 141.4 0.008117
2015 159  0 112 138.2 0.008219
2015 160  0  92 140.6 0.008246
2015 161  0  93 139.5 0.008370
2015 162  0  95 144.2 0.008327
2015 163  0  98 141.0 0.008355
2015 164  0  97 140.3 0.008261
2015 165  0  90 135.8 0.008130
2015 166  0  54 139.1 0.008040
2015 167  0  70 140.5 0.007921
2015 168  0  80 140.2 0.007834
2015 169  0  77 155.7 0.007956
2015 170  0  68 141.8 0.007860
2015 171  0  64 139.8 0.007725
2015 172  0  61 136.0 0.007653
2015 173  0  56 255.0 0.007533
2015 174  0  45 119.9 0.007345
2015 175  0  36 113.1 0.007195
2015 176  0  27 105.2 0.007126
2015 177  0  23 104.6 0.007024
2015 178  0  21 100.5 0.006965
2015 179  0  32 100.5 0.006989
2015 180  0  39 100.4 0.007108
2015 181  0  41 104.2 0.007354
2015 182  0  54 113.3 0.007551
2015 183  0  75 117.6 0.007695
2015 184  0  88 116.1 0.007894
2015 185  0  99 120.7 0.008041
2015 186  0 109 129.0 0.008109
2015 187  0  97 137.9 0.008266
2015 188  0 112 137.1 0.008337
2015 189  0 123 133.2 0.008345
2015 190  0 110 126.0 0.008244
2015 191  0 103 133.3 0.008150
2015 192  0  92 124.3 0.008082
2015 193  0  71 119.9 0.007957
2015 194  0  53 113.8 0.007912
2015 195  0  43 108.7 0.007808
2015 196  0  43 104.4 0.007753
2015 197  0  50 102.9 0.007720
2015 198  0  50 100.6 0.007596
2015 199  0  58  99.1 0.007524
2015 200  0  44 102.6 0.007459
2015 201  0  36  96.3 0.007346
2015 202  0  36  94.0 0.007209
2015 203  0  36  91.9 0.007115
2015 204  0  29  92.2 0.006997
2015 205  0  31  95.2 0.006963
2015 206  0  34  96.9 0.006951
2015 207  0  40 100.1 0.006995
2015 208  0  51 103.2 0.007143
2015 209  0  62 104.2 0.007322
2015 210  0  67 103.8 0.007510
2015 211  0  76 105.1 0.007668
2015 212  0  69 103.8 0.007757
2015 213  0  64 106.0 0.007782
2015 214  0  53 104.5 0.007789
2015 215  0  61 108.7 0.007858
2015 216  0  90 109.9 0.007811
2015 217  0  94 115.5 0.007781
2015 218  0 108 125.1 0.007777
2015 219  0 112 125.5 0.007746
2015 220  0  93 124.4 0.007695
2015 221  0  76 117.6 0.007569
2015 222  0  69 109.1 0.007510
2015 223  0  78 105.6 0.007501
2015 224  0  66 101.9 0.007437
2015 225  0  55  97.3 0.007395
2015 226  0  46  95.7 0.007265
2015 227  0  39  91.7 0.007194
2015 228  0  38  87.8 0.007106
2015 229  0  33  89.2 0.007066
2015 230  0  39  90.9 0.006969
2015 231  0  50 100.6 0.006984
2015 232  0  65 105.3 0.007046
2015 233  0  73 121.4 0.007110
2015 234  0  71 119.6 0.007206
2015 235  0  81 136.1 0.007242
2015 236  0  81 130.6 0.007315
2015 237  0  69 123.9 0.007346
2015 238  0  47 128.9 0.007365
2015 239  0  55 112.5 0.007405
2015 240  0  44 111.3 0.007376
2015 241  0  56 102.1 0.007399
2015 242  0  56  93.4 0.007347
2015 243  0  35  92.7 0.007360
2015 244  0  43  90.7 0.007358
2015 245  0  36  89.8 0.007333
2015 246  0  29  88.0 0.007293
2015 247  0  37  91.5 0.007304
2015 248  0  27  86.8 0.007263
2015 249  0  43  86.9 0.007251
2015 250  0  44  85.0 0.007184
2015 251  0  42  84.7 0.007170
2015 252  0  57  83.5 0.007066
2015 253  0  46  84.6 0.006987
2015 254  0  81  94.1 0.006993
2015 255  0  89 100.4 0.006945
2015 256  0  83 100.0 0.006927
2015 257  0  56  97.7 0.007006
2015 258  0  68 102.2 0.007087
2015 259  0  86 110.6 0.007158
2015 260  0  75 107.9 0.007208
2015 261  0  71 103.8 0.007227
2015 262  0  64 106.7 0.007323
2015 263  0  65 111.3 0.007429
2015 264  0  78 104.2 0.007469
2015 265  0  86 107.8 0.007562
2015 266  0  96 111.4 0.007574
2015 267  0 101 107.4 0.007542
2015 268  0 152 120.5 0.007617
2015 269  0 162 120.8 0.007564
2015 270  0 169 128.1 0.007547
2015 271  0 156 124.5 0.007574
2015 272  0 120 129.6 0.007571
2015 273  0  95 131.5 0.007409
2015 274  0  89 120.0 0.007242
2015 275  0  59 107.6 0.007126
2015 276  0  50  97.0 0.007032
2015 277  0  21  88.3 0.006920
2015 278  0  18  82.6 0.006809
2015 279  0  25  81.3 0.006760
2015 280  0  32  80.4 0.006675
2015 281  0  36  79.5 0.006597
2015 282  0  26  81.0 0.006620
2015 283  0  12  81.2 0.006613
2015 284  0  31  84.3 0.006687
2015 285  0  52  88.7 0.006792
2015 286  0  62  95.2 0.006843
2015 287  0  54 100.2 0.006993
2015 288  0  51 106.1 0.007123
2015 289  0  54 108.4 0.007282
2015 290  0  74 115.8 0.007478
2015 291  0  72 118.6 0.007750
2015 292  0  91 122.7 0.007893
2015 293  0  95 121.7 0.007985
2015 294  0  88 127.8 0.007947
2015 295  0 104 119.3 0.007946
2015 296  0  90 113.7 0.007873
2015 297  0  77 105.2 0.007768
2015 298  0  67 105.2 0.007662
2015 299  0  74 104.9 0.007458
2015 300  0  67 108.7 0.007288
2015 301  0  79 110.7 0.007242
2015 302  0  91 111.4 0.007154
2015 303  0  88 119.5 0.007080
2015 304  0  83 116.7 0.007037
2015 305  0  86 122.4 0.007059
2015 306  0 104 120.1 0.006926
2015 307  0  84 122.2 0.006999
2015 308  0 105 112.0 0.007016
2015 309  0  85 108.1 0.006996
2015 310  0  81 113.2 0.007045
2015 311  0  84 112.9 0.007149
2015 312  0  76 105.7 0.007179
2015 313  0  67 105.6 0.007234
2015 314  0  71 103.3 0.007283
2015 315  0  63 102.9 0.007324
2015 316  0  60 101.4 0.007437
2015 317  0  50 100.8 0.007613
2015 318  0  39 104.1 0.007747
2015 319  0  58 103.5 0.007881
2015 320  0  43 103.2 0.007936
2015 321  0  35 104.6 0.007856
2015 322  0  29 105.1 0.007778
2015 323  0  41 105.6 0.007728
2015 324  0  53 108.4 0.007730
2015 325  0  59 119.2 0.007693
2015 326  0  70 119.9 0.007627
2015 327  0  55 116.7 0.007482
2015 328  0  59 110.3 0.007371
2015 329  0  62 106.2 0.007354
2015 330  0  64 101.2 0.007354
2015 331  0  59  96.3 0.007284
2015 332  0  52  94.0 0.007208
2015 333  0  54  92.9 0.007133
2015 334  0  48  93.1 0.007118
2015 335  0  32  91.9 0.007059
2015 336  0  49  92.6 0.007013
2015 337  0  36  91.8 0.006932
2015 338  0  33  94.8 0.006938
2015 339  0  49  97.6 0.006957
2015 340  0  54  99.3 0.007062
2015 341  0  60  97.8 0.007109
2015 342  0  57 107.9 0.007160
2015 343  0  77 105.5 0.007308
2015 344  0  82 105.2 0.007494
2015 345  0  81 110.3 0.007613
2015 346  0  83 113.1 0.007741
2015 347  0  81 118.7 0.007804
2015 348  0  86 120.2 0.007861
2015 349  0  65 115.2 0.007780
2015 350  0  63 122.2 0.007755
2015 351  0  56 114.0 0.007608
2015 352  0  53 113.3 0.007572
2015 353  0  50 115.2 0.007551
2015 354  0  21 112.8 0.007480
2015 355  0  18 117.8 0.007534
2015 356  0  73 125.8 0.007556
2015 357  0  68 129.5 0.007562
2015 358  0  68 128.4 0.007558
2015 359  0  77 122.3 0.007442
2015 360  0  64 113.5 0.007333
2015 361  0  67 106.7 0.007330
2015 362  0  70 108.4 0.007235
2015 363  0  58 101.9 0.007161
2015 364  0  35  98.1 0.007081
2015 365  0  22  93.0 0.007000
2016   1  0  37  95.1 0.007000
2016   2  0  40  96.6 0.006958
2016   3  0  51  98.5 0.006921
2016   4  0  70  92.2 0.006961
2016   5  0  35  92.1 0.007083
2016   6  0  31  96.9 0.007301
2016   7  0  61  99.9 0.007415
2016   8  0  86 104.9 0.007521
2016   9  0  97 103.5 0.007599
2016  10  0  90 105.4 0.007621
2016  11  0  47 104.5 0.007627
2016  12  0  40 102.0 0.007556
2016  13  0  38 100.7 0.007473
2016  14  0  41  99.9 0.007363
2016  15  0  45 100.1 0.007328
2016  16  0  44  96.7 0.007288
2016  17  0  58  97.4 0.007279
2016  18  0  54  96.7 0.007267
2016  19  0  66  94.4 0.007286
2016  20  0  62  97.2 0.007319
2016  21  0  64 100.7 0.007264
2016  22  0  67  97.3 0.007214
2016  23  0  63  95.8 0.007149
2016  24  0  48 100.6 0.007207
2016  25  0  67 104.3 0.007213
2016  26  0  69 111.3 0.007220
2016  27  0  83 109.3 0.007185
2016  28  0  77 106.6 0.007161
2016  29  0  64 103.7 0.007159
2016  30  0  36 102.0 0.007062
2016  31  0  35  98.3 0.007025
2016  32  0  44  97.3 0.007114
2016  33  0  52  99.1 0.007257
2016  34  0  83 108.9 0.007456
2016  35  0 108 119.8 0.007631
2016  36  0 103 116.3 0.007666
2016  37  0  79 113.9 0.007748
2016  38  0  89 113.9 0.007664
2016  39  0  89 112.1 0.007625
2016  40  0  84 114.1 0.007673
2016  41  0  75 109.2 0.007594
2016  42  0  85 109.8 0.007541
2016  43  0  63 109.3 0.007453
2016  44  0  38 107.5 0.007401
2016  45  0  46 105.4 0.007360
2016  46  0  50 104.7 0.007362
2016  47  0  42 101.5 0.007241
2016  48  0  38  97.5 0.007226
2016  49  0  36  92.7 0.007132
2016  50  0  46  91.9 0.007140
2016  51  0  52  97.8 0.007157
2016  52  0  47  93.5 0.007145
2016  53  0  34  91.7 0.007113
2016  54  0  37  89.1 0.007174
2016  55  0  34  86.1 0.007137
2016  56  0  26  89.9 0.007080
2016  57  0  48  87.2 0.007038
2016  58  0  26  88.6 0.007044
2016  59  0  36  91.5 0.007078
2016  60  0  45  89.3 0.007105
2016  61  0  68  95.1 0.007199
2016  62  0  78  96.5 0.007343
2016  63  0  77  97.1 0.007403
2016  64  0 111  98.9 0.007474
2016  65  0  83  94.7 0.007386
2016  66  0  78  94.1 0.007392
2016  67  0  79  92.8 0.007358
2016  68  0  63  94.2 0.007311
2016  69  0  91  96.0 0.007182
2016  70  0  80  93.7 0.007121
2016  71  0  51  93.0 0.007096
2016  72  0  70  93.9 0.007080
2016  73  0  57  91.5 0.007066
2016  74  0  70  92.4 0.007038
2016  75  0  59  93.1 0.006987
2016  76  0  79  90.1 0.007022
2016  77  0  72  90.7 0.007068
2016  78  0  47  89.5 0.006997
2016  79  0  37  88.6 0.007007
2016  80  0  36  86.9 0.006954
2016  81  0  33  88.2 0.006956
2016  82  0  20  86.7 0.006910
2016  83  0  21  86.2 0.006880
2016  84  0  35  86.0 0.006853
2016  85  0  34  85.1 0.006862
2016  86  0  32  85.1 0.006838
2016  87  0  32  87.9 0.006908
2016  88  0  30  87.4 0.006942
2016  89  0  20  87.5 0.006889
2016  90  0  17  83.6 0.006869
2016  91  0  16  81.6 0.006912
2016  92  0  12  82.0 0.006946
2016  93  0  12  81.5 0.006897
2016  94  0  12  82.3 0.006869
2016  95  0  40  83.5 0.006883
2016  96  0  33  83.5 0.006815
2016  97  0  20  87.2 0.006804
2016  98  0  18  92.5 0.006792
2016  99  0  26  98.6 0.006807
2016 100  0  25 105.9 0.006823
2016 101  0  34 111.1 0.006854
2016 102  0  43 117.2 0.006853
2016 103  0  37 111.9 0.006895
2016 104  0  48 108.8 0.006956
2016 105  0  46 111.8 0.007025
2016 106  0  33 113.2 0.007019
2016 107  0  42 114.0 0.007000
2016 108  0  36 102.9 0.006935
2016 109  0  31  95.4 0.006906
2016 110  0  28  89.9 0.006754
2016 111  0  25  84.0 0.006660
2016 112  0  26  77.5 0.006589
2016 113  0  21  77.5 0.006593
2016 114  0  13  79.6 0.006616
2016 115  0  37  82.8 0.006674
2016 116  0  45  82.9 0.006710
2016 117  0  57  86.3 0.006751
2016 118  0  76  93.8 0.006856
2016 119  0  90  96.3 0.006925
2016 120  0  82  93.8 0.006948
2016 121  0  89  95.4 0.006990
2016 122  0  87  93.6 0.006969
2016 123  0  83  91.3 0.007003
2016 124  0  73  91.5 0.006998
2016 125  0  71  91.6 0.006996
2016 126  0  60  88.7 0.006909
2016 127  0  57  91.2 0.006883
2016 128  0  34  89.7 0.006869
2016 129  0  44  85.6 0.006836
2016 130  0  52  90.2 0.006885
2016 131  0  76  90.5 0.006897
2016 132  0  79  95.8 0.006889
2016 133  0  83  93.9 0.006858
2016 134  0  78  95.4 0.006911
2016 135  0  88 103.4 0.006978
2016 136  0  87 110.8 0.007040
2016 137  0  55 104.3 0.006963
2016 138  0  38 105.6 0.006906
2016 139  0  30 104.7 0.006910
2016 140  0  43 101.2 0.006893
2016 141  0  46 102.0 0.006911
2016 142  0  18 100.2 0.006925
2016 143  0  28  99.8 0.006945
2016 144  0  16  99.8 0.006956
2016 145  0  25  96.7 0.006893
2016 146  0  35  96.1 0.006847
2016 147  0  34  94.2 0.006822
2016 148  0  34  92.8 0.006790
2016 149  0  33  90.1 0.006785
2016 150  0  33  85.3 0.006762
2016 151  0  41  88.7 0.006796
2016 152  0  36  89.0 0.006860
2016 153  0  41  88.4 0.006881
2016 154  0  14  87.7 0.006900
2016 155  0   0  85.7 0.006891
2016 156  0  10  82.4 0.006871
2016 157  0   0  81.5 0.006863
2016 158  0   0  80.8 0.006836
2016 159  0  12  80.8 0.006808
2016 160  0  14  82.6 0.006761
2016 161  0  19  87.8 0.006718
2016 162  0  33  87.5 0.006654
2016 163  0  44  90.9 0.006678
2016 164  0  42  97.1 0.006753
2016 165  0  38  93.9 0.006740
2016 166  0  38  90.4 0.006807
2016 167  0  40  90.1 0.006869
2016 168  0  28  91.0 0.006932
2016 169  0  39  89.4 0.007003
2016 170  0  47  86.3 0.006965
2016 171  0  50  87.9 0.006989
2016 172  0  36  87.1 0.006933
2016 173  0  24  82.9 0.006853
2016 174  0  23  80.9 0.006689
2016 175  0  12  80.0 0.006669
2016 176  0  12  78.2 0.006609
2016 177  0   0  79.6 0.006626
2016 178  0   0  79.2 0.006575
2016 179  0   0  78.0 0.006623
2016 180  0   0  75.5 0.006620
2016 181  0   0  76.0 0.006622
2016 182  0   0  75.4 0.006658
2016 183  0   0  74.4 0.006627
2016 184  0  12  73.3 0.006646
2016 185  0  19  74.8 0.006652
2016 186  0   0  76.3 0.006607
2016 187  0  13  74.9 0.006623
2016 188  0  13  79.7 0.006633
2016 189  0  25  86.1 0.006688
2016 190  0  42  90.0 0.006729
2016 191  0  55  95.3 0.006834
2016 192  0  50  97.6 0.006930
2016 193  0  62  97.8 0.007074
2016 194  0  59  95.5 0.007198
2016 195  0  53 100.0 0.007189
2016 196  0  58  98.2 0.007258
2016 197  0  69 105.4 0.007291
2016 198  0  61 110.1 0.007201
2016 199  0  39 108.6 0.007168
2016 200  0  64 110.6 0.007075
2016 201  0  59 104.1 0.006958
2016 202  0  57 111.5 0.006853
2016 203  0  52 103.3 0.006712
2016 204  0  39  93.3 0.006619
2016 205  0  28  88.9 0.006530
2016 206  0  13  84.8 0.006419
2016 207  0   0  75.9 0.006437
2016 208  0   0  75.9 0.006423
2016 209  0   0  73.8 0.006411
2016 210  0  13  72.5 0.006419
2016 211  0  16  72.6 0.006483
2016 212  0  21  73.1 0.006474
2016 213  0  16  73.7 0.006494
2016 214  0  12  74.1 0.006487
2016 215  0  12  77.1 0.006489
2016 216  0   0  77.0 0.006509
2016 217  0  16  78.5 0.006508
2016 218  0  38  82.1 0.006588
2016 219  0  39  85.5 0.006596
2016 220  0  53  95.3 0.006659
2016 221  0  81  99.0 0.006771
2016 222  0  73  94.9 0.006850
2016 223  0  77  97.6 0.006966
2016 224  0  79  97.2 0.007034
2016 225  0  73  97.3 0.007058
2016 226  0  58  92.9 0.007004
2016 227  0  59  89.4 0.006980
2016 228  0  64  89.8 0.006863
2016 229  0  81  88.7 0.006809
2016 230  0  58  84.9 0.006657
2016 231  0  49  84.4 0.006639
2016 232  0  47  82.7 0.006519
2016 233  0  17  80.0 0.006447
2016 234  0  14  78.4 0.006399
2016 235  0  30  81.8 0.006454
2016 236  0  48  83.1 0.006544
2016 237  0  49  79.7 0.006553
2016 238  0  48  80.3 0.006589
2016 239  0  51  83.6 0.006707
2016 240  0  59  85.6 0.006701
2016 241  0  64  87.1 0.006683
2016 242  0  69  89.5 0.006731
2016 243  0  73 102.3 0.006649
2016 244  0  80  99.3 0.006634
2016 245  0  78  96.9 0.006643
2016 246  0  67  96.3 0.006633
2016 247  0  65 100.7 0.006674
2016 248  0  50  99.0 0.006698
2016 249  0  31  95.3 0.006763
2016 250  0  42  93.9 0.006883
2016 251  0  58  94.4 0.006938
2016 252  0  54  95.9 0.006950
2016 253  0  79  92.3 0.006878
2016 254  0  77  94.3 0.006858
2016 255  0  67  87.5 0.006829
2016 256  0  59  87.5 0.006759
2016 257  0  39  87.0 0.006638
2016 258  0  27  86.2 0.006620
2016 259  0  15  85.3 0.006618
2016 260  0  13  84.5 0.006566
2016 261  0  14  81.0 0.006560
2016 262  0  39  83.8 0.006624
2016 263  0  63  83.3 0.006742
2016 264  0  53  85.2 0.006806
2016 265  0  54  86.1 0.006782
2016 266  0  36  85.7 0.006711
2016 267  0  60  86.1 0.006745
2016 268  0  55  85.4 0.006678
2016 269  0  31  85.1 0.006653
2016 270  0  28  87.2 0.006594
2016 271  0  26  85.9 0.006579
2016 272  0  31  84.8 0.006554
2016 273  0  17  83.0 0.006535
2016 274  0  12  80.8 0.006524
2016 275  0   0  81.2 0.006550
2016 276  0  15  82.4 0.006629
2016 277  0  36  87.9 0.006739
2016 278  0  40  93.1 0.006816
2016 279  0  41  99.3 0.006846
2016 280  0  56 101.4 0.006924
2016 281  0  59 104.0 0.006935
2016 282  0  63 104.1 0.006896
2016 283  0  69 104.2 0.006813
2016 284  0  66 101.6 0.006778
2016 285  0  64  98.8 0.006728
2016 286  0  41  97.2 0.006711
2016 287  0  41  94.8 0.006677
2016 288  0  41  92.3 0.006627
2016 289  0  36  84.4 0.006531
2016 290  0  32  80.4 0.006521
2016 291  0  25  75.6 0.006504
2016 292  0  29  76.8 0.006548
2016 293  0  30  75.8 0.006525
2016 294  0  16  74.0 0.006506
2016 295  0  28  77.1 0.006450
2016 296  0  28  76.7 0.006359
2016 297  0  15  76.0 0.006317
2016 298  0  15  74.5 0.006307
2016 299  0  17  76.9 0.006318
2016 300  0  29  77.1 0.006347
2016 301  0  25  77.8 0.006349
2016 302  0  36  78.2 0.006377
2016 303  0  23  78.0 0.006403
2016 304  0  14  75.1 0.006429
2016 305  0  13  75.5 0.006519
2016 306  0  12  75.4 0.006669
2016 307  0   0  74.8 0.006674
2016 308  0  28  74.4 0.006645
2016 309  0  25  75.4 0.006668
2016 310  0  24  75.3 0.006594
2016 311  0  22  74.9 0.006510
2016 312  0  11  75.1 0.006490
2016 313  0   0  75.4 0.006466
2016 314  0  13  78.3 0.006381
2016 315  0  24  78.6 0.006344
2016 316  0  26  76.8 0.006353
2016 317  0  12  76.8 0.006385
2016 318  0  37  76.2 0.006440
2016 319  0  31  75.6 0.006465
2016 320  0  27  74.9 0.006453
2016 321  0  28  79.1 0.006476
2016 322  0  29  76.8 0.006495
2016 323  0  28  75.8 0.006494
2016 324  0  23  74.9 0.006447
2016 325  0  12  74.6 0.006402
2016 326  0   0  73.1 0.006374
2016 327  0   0  75.4 0.006362
2016 328  0  11  75.7 0.006349
2016 329  0  12  77.0 0.006368
2016 330  0  13  78.8 0.006401
2016 331  0  24  79.1 0.006489
2016 332  0  30  80.4 0.006522
2016 333  0  42  82.9 0.006597
2016 334  0  46  83.1 0.006693
2016 335  0  52  81.3 0.006723
2016 336  0  55  82.1 0.006691
2016 337  0  62  82.0 0.006686
2016 338  0  52  82.2 0.006616
2016 339  0  38  80.0 0.006565
2016 340  0  35  80.3 0.006522
2016 341  0  33  77.4 0.006407
2016 342  0  19  74.9 0.006373
2016 343  0  14  72.6 0.006250
2016 344  0  20  70.7 0.006187
2016 345  0   0  70.0 0.006171
2016 346  0  12  69.2 0.006196
2016 347  0  12  68.6 0.006231
2016 348  0  14  69.0 0.006273
2016 349  0  23  70.1 0.006259
2016 350  0  12  70.2 0.006200
2016 351  0   0  70.3 0.006178
2016 352  0  13  69.8 0.006191
2016 353  0  29  70.0 0.006219
2016 354  0  15  70.5 0.006253
2016 355  0  22  72.5 0.006289
2016 356  0  30  72.6 0.006303
2016 357  0  16  72.4 0.006312
2016 358  0   0  71.3 0.006344
2016 359  0   0  70.7 0.006316
2016 360  0   0  70.1 0.006362
2016 361  0   0  71.4 0.006404
2016 362  0  16  71.3 0.006415
2016 363  0  12  70.9 0.006389
2016 364  0  11  70.9 0.006363
2016 365  0  11  71.2 0.006324
2016 366  0  11  71.1 0.006337
2017   1  0  12  70.1 0.006346
2017   2  0  12  70.6 0.006325
2017   3  0  11  71.0 0.006339
2017   4  0   0  70.0 0.006303
2017   5  0   0  70.9 0.006276
2017   6  0   0  69.6 0.006248
2017   7  0   0  69.7 0.006203
2017   8  0   0  69.2 0.006192
2017   9  0   0  68.9 0.006198
2017  10  0   0  70.3 0.006230
2017  11  0   0  72.0 0.006176
2017  12  0  11  73.0 0.006149
2017  13  0  26  72.4 0.006193
2017  14  0  31  74.1 0.006196
2017  15  0  30  75.0 0.006318
2017  16  0  25  75.8 0.006398
2017  17  0  30  76.1 0.006421
2017  18  0  36  76.1 0.006581
2017  19  0  33  77.0 0.006487
2017  20  0  56  80.6 0.006562
2017  21  0  75  83.4 0.006611
2017  22  0  68  84.0 0.006644
2017  23  0  57  81.5 0.006617
2017  24  0  43  79.7 0.006557
2017  25  0  47  82.5 0.006503
2017  26  0  40  80.6 0.006476
2017  27  0  30  77.9 0.006414
2017  28  0  30  76.1 0.006390
2017  29  0  34  74.4 0.006337
2017  30  0  35  74.7 0.006285
2017  31  0  36  73.8 0.006284
2017  32  0  47  73.9 0.006239
2017  33  0  47  73.1 0.006219
2017  34  0  39  73.0 0.006167
2017  35  0  20  71.9 0.006104
2017  36  0  14  70.6 0.006076
2017  37  0  13  70.5 0.006148
2017  38  0  13  70.1 0.006163
2017  39  0  11  71.1 0.006241
2017  40  0  19  71.5 0.006244
2017  41  0  24  72.1 0.006298
2017  42  0  23  73.8 0.006336
2017  43  0  21  74.3 0.006339
2017  44  0  19  73.0 0.006395
2017  45  0  16  72.7 0.006431
2017  46  0  24  73.0 0.006434
2017  47  0  19  72.2 0.006421
2017  48  0  14  72.8 0.006399
2017  49  0  13  74.9 0.006429
2017  50  0  27  76.4 0.006469
2017  51  0  32  78.9 0.006525
2017  52  0  27  80.7 0.006529
2017  53  0  29  81.4 0.006602
2017  54  0  24  81.6 0.006589
2017  55  0  27  80.5 0.006563
2017  56  0  32  78.5 0.006543
2017  57  0  38  77.5 0.006531
2017  58  0  50  80.6 0.006497
2017  59  0  58  80.1 0.006477
2017  60  0  59  79.3 0.006412
2017  61  0  56  77.8 0.006393
2017  62  0  39  76.7 0.006339
2017  63  0   0  73.9 0.006303
2017  64  0  14  71.6 0.006252
2017  65  0   0  71.3 0.006205
2017  66  0   0  70.6 0.006168
2017  67  0   0  69.6 0.006220
2017  68  0   0  70.3 0.006213
2017  69  0   0  70.0 0.006207
2017  70  0   0  69.1 0.006221
2017  71  0   0  69.2 0.006227
2017  72  0   0  69.5 0.006222
2017  73  0   0  68.8 0.006237
2017  74  0   0  69.1 0.006229
2017  75  0   0  69.7 0.006224
2017  76  0   0  69.9 0.006252
2017  77  0   0  69.6 0.006262
2017  78  0   0  70.5 0.006288
2017  79  0   0  72.1 0.006283
2017  80  0  13  70.5 0.006307
2017  81  0  14  72.0 0.006341
2017  82  0  14  71.5 0.006386
2017  83  0  14  71.9 0.006380
2017  84  0  18  73.7 0.006410
2017  85  0  31  76.8 0.006455
2017  86  0  52  82.5 0.006468
2017  87  0  57  83.4 0.006410
2017  88  0  52  83.1 0.006362
2017  89  0  49  85.7 0.006326
2017  90  0  66  90.4 0.006401
2017  91  0  71 100.9 0.006393
2017  92  0  83 111.9 0.006392
2017  93  0 100 107.9 0.006285
2017  94  0  76  93.9 0.006259
2017  95  0  50  84.7 0.006280
2017  96  0  36  75.8 0.006212
2017  97  0  23  74.1 0.006176
2017  98  0   0  73.3 0.006203
2017  99  0  12  74.7 0.006279
2017 100  0  14  73.9 0.006344
2017 101  0  14  74.9 0.006338
2017 102  0  22  71.8 0.006336
2017 103  0  25  73.9 0.006365
2017 104  0  19  73.3 0.006350
2017 105  0   0  73.5 0.006323
2017 106  0   0  75.0 0.006342
2017 107  0   0  75.8 0.006360
2017 108  0  23  86.4 0.006455
2017 109  0  15  81.6 0.006507
2017 110  0  28  81.4 0.006580
2017 111  0  40  83.1 0.006508
2017 112  0  30  84.5 0.006550
2017 113  0  43  83.4 0.006638
2017 114  0  46  81.1 0.006626
2017 115  0  41  82.3 0.006609
2017 116  0  38  80.6 0.006522
2017 117  0  26  79.3 0.006461
2017 118  0  36  79.1 0.006395
2017 119  0  34  78.2 0.006363
2017 120  0  24  78.6 0.006357
2017 121  0  12  76.4 0.006209
2017 122  0  29  78.4 0.006189
2017 123  0  18  76.2 0.006228
2017 124  0  17  75.4 0.006229
2017 125  0  31  74.8 0.006207
2017 126  0  27  74.1 0.006254
2017 127  0  23  73.0 0.006234
2017 128  0  11  71.8 0.006194
2017 129  0   0  70.2 0.006202
2017 130  0   0  69.9 0.006185
2017 131  0  11  70.5 0.006208
2017 132  0  15  70.4 0.006220
2017 133  0   0  71.9 0.006239
2017 134  0   0  72.7 0.006247
2017 135  0   0  72.2 0.006313
2017 136  0  25  73.5 0.006342
2017 137  0  12  73.1 0.006420
2017 138  0  24  73.9 0.006522
2017 139  0  25  74.0 0.006550
2017 140  0  30  74.2 0.006440
2017 141  0  37  75.3 0.006579
2017 142  0  50  76.3 0.006594
2017 143  0  55  77.9 0.006573
2017 144  0  20  79.9 0.006529
2017 145  0  31  78.1 0.006511
2017 146  0  25  82.4 0.006465
2017 147  0  24  84.1 0.006340
2017 148  0  21  81.0 0.006250
2017 149  0  14  77.9 0.006201
2017 150  0   0  75.7 0.006248
2017 151  0   0  76.2 0.006277
2017 152  0  15  77.9 0.006293
2017 153  0  23  80.4 0.006377
2017 154  0  24  80.2 0.006450
2017 155  0  25  79.9 0.006467
2017 156  0  34  81.8 0.006464
2017 157  0  24  77.6 0.006402
2017 158  0  14  77.8 0.006357
2017 159  0  14  76.2 0.006338
2017 160  0   0  76.0 0.006348
2017 161  0   0  77.0 0.006378
2017 162  0   0  76.6 0.006388
2017 163  0   0  77.5 0.006413
2017 164  0  11  77.2 0.006488
2017 165  0  11  76.4 0.006549
2017 166  0  31  79.9 0.006560
2017 167  0  30  75.8 0.006616
2017 168  0  30  77.2 0.006623
2017 169  0  29  77.3 0.006580
2017 170  0  27  76.0 0.006568
2017 171  0  31  76.9 0.006519
2017 172  0  35  76.2 0.006451
2017 173  0  24  76.1 0.006411
2017 174  0  23  76.1 0.006363
2017 175  0  25  76.6 0.006359
2017 176  0  18  76.2 0.006306
2017 177  0  21  76.2 0.006323
2017 178  0  19  76.6 0.006321
2017 179  0  16  74.5 0.006314
2017 180  0  12  74.2 0.006337
2017 181  0  11  73.9 0.006324
2017 182  0  23  73.1 0.006296
2017 183  0  13  73.6 0.006268
2017 184  0   0  74.1 0.006256
2017 185  0   0  74.2 0.006308
2017 186  0   7  75.5 0.006315
2017 187  0  16  78.5 0.006337
2017 188  0  26  82.2 0.006429
2017 189  0  31  89.5 0.006457
2017 190  0  43  94.0 0.006456
2017 191  0  45  98.2 0.006504
2017 192  0  38  94.1 0.006563
2017 193  0  61  93.2 0.006621
2017 194  0  59  95.3 0.006654
2017 195  0  52  97.0 0.006556
2017 196  0  33  94.6 0.006499
2017 197  0  21  89.3 0.006411
2017 198  0  22  88.4 0.006357
2017 199  0   0  80.8 0.006307
2017 200  0   0  75.5 0.006191
2017 201  0   0  72.5 0.006320
2017 202  0   0  71.6 0.006253
2017 203  0   0  71.8 0.006247
2017 204  0   0  72.8 0.006236
2017 205  0   0  72.3 0.006251
2017 206  0  12  72.0 0.006256
2017 207  0  12  70.7 0.006261
2017 208  0   0  70.5 0.006290
2017 209  0  11  71.6 0.006267
2017 210  0  12  72.1 0.006213
2017 211  0  15  71.7 0.006189
2017 212  0   0  74.4 0.006229
2017 213  0  13  75.7 0.006287
2017 214  0  13  76.6 0.006392
2017 215  0  13  77.3 0.006421
2017 216  0  14  76.3 0.006417
2017 217  0  13  76.3 0.006481
2017 218  0  13  75.6 0.006523
2017 219  0  12  74.8 0.006534
2017 220  0  13  73.0 0.006540
2017 221  0  12  73.4 0.006478
2017 222  0  14  73.0 0.006428
2017 223  0  12  71.7 0.006363
2017 224  0  13  72.2 0.006296
2017 225  0  12  70.0 0.006256
2017 226  0  13  74.9 0.006252
2017 227  0  22  76.1 0.006287
2017 228  0  33  79.2 0.006312
2017 229  0  45  78.5 0.006355
2017 230  0  45  82.0 0.006373
2017 231  0  50  88.9 0.006390
2017 232  0  60  88.0 0.006479
2017 233  0  63  89.1 0.006475
2017 234  0  63  92.3 0.006465
2017 235  0  69  87.0 0.006430
2017 236  0  54  80.5 0.006373
2017 237  0  53  82.5 0.006273
2017 238  0  48  79.2 0.006279
2017 239  0  38  79.8 0.006349
2017 240  0  23  83.2 0.006416
2017 241  0  40  85.9 0.006504
2017 242  0  51  88.6 0.006533
2017 243  0  73  93.6 0.006513
2017 244  0  59  95.1 0.006607
2017 245  0  56 101.7 0.006822
2017 246  0 105 122.2 0.006997
2017 247  0 112 185.5 0.006996
2017 248  0 119 122.5 0.007078
2017 249  0 100 134.9 0.006940
2017 250  0  97 130.4 0.006804
2017 251  0  88 118.5 0.006688
2017 252  0  62 108.7 0.006572
2017 253  0  40 101.6 0.006453
2017 254  0  29  80.9 0.006428
2017 255  0  11  76.4 0.006389
2017 256  0  23  76.0 0.006292
2017 257  0  12  75.1 0.006288
2017 258  0  12  73.6 0.006292
2017 259  0  13  72.9 0.006301
2017 260  0  14  72.9 0.006296
2017 261  0  13  72.9 0.006317
2017 262  0  11  71.3 0.006319
2017 263  0  21  74.5 0.006355
2017 264  0  22  73.6 0.006328
2017 265  0  21  78.1 0.006329
2017 266  0  12  81.7 0.006437
2017 267  0  23  87.4 0.006589
2017 268  0  36  90.4 0.006675
2017 269  0  39  91.1 0.006766
2017 270  0  37  91.3 0.006770
2017 271  0  42  91.2 0.006780
2017 272  0  42  90.0 0.006787
2017 273  0  40  89.6 0.006782
2017 274  0  36  85.9 0.006778
2017 275  0  24  86.1 0.006735
2017 276  0  25  86.5 0.006693
2017 277  0  27  86.8 0.006612
2017 278  0  26  84.7 0.006524
2017 279  0  23  84.0 0.006392
2017 280  0  11  79.5 0.006349
2017 281  0  11  76.5 0.006264
2017 282  0   0  72.1 0.006251
2017 283  0   0  70.7 0.006236
2017 284  0   0  69.3 0.006254
2017 285  0   0  69.9 0.006250
2017 286  0   0  69.4 0.006287
2017 287  0  11  68.6 0.006306
2017 288  0   0  69.9 0.006301
2017 289  0   0  70.4 0.006325
2017 290  0   0  69.8 0.006348
2017 291  0   0  72.7 0.006335
2017 292  0   0  72.8 0.006352
2017 293  0   0  75.1 0.006384
2017 294  0  11  75.7 0.006476
2017 295  0  11  76.5 0.006548
2017 296  0  23  77.2 0.006624
2017 297  0  23  76.7 0.006689
2017 298  0  23  77.9 0.006712
2017 299  0  23  76.4 0.006727
2017 300  0  23  75.0 0.006691
2017 301  0  24  74.4 0.006673
2017 302  0  23  74.3 0.006645
2017 303  0  21  74.5 0.006604
2017 304  0  11  74.2 0.006498
2017 305  0   0  71.5 0.006420
2017 306  0   0  72.4 0.006363
2017 307  0   0  72.0 0.006281
2017 308  0   0  70.9 0.006278
2017 309  0   0  69.9 0.006247
2017 310  0   0  68.1 0.006241
2017 311  0   0  67.0 0.006183
2017 312  0   0  66.4 0.006151
2017 313  0   0  64.6 0.006191
2017 314  0   0  67.2 0.006217
2017 315  0   0  65.9 0.006215
2017 316  0   0  68.0 0.006233
2017 317  0   0  70.6 0.006293
2017 318  0  13  72.8 0.006341
2017 319  0  15  72.6 0.006345
2017 320  0  16  71.6 0.006384
2017 321  0  25  74.7 0.006477
2017 322  0  15  74.3 0.006533
2017 323  0   0  72.7 0.006562
2017 324  0   0  71.8 0.006566
2017 325  0   0  71.4 0.006594
2017 326  0   0  71.6 0.006602
2017 327  0   0  70.6 0.006556
2017 328  0   0  72.2 0.006548
2017 329  0  15  72.4 0.006491
2017 330  0  17  73.5 0.006376
2017 331  0  16  71.7 0.006336
2017 332  0  15  70.0 0.006327
2017 333  0  13  70.6 0.006159
2017 334  0  11  69.8 0.006153
2017 335  0   0  68.3 0.006093
2017 336  0   0  69.5 0.006065
2017 337  0   0  67.0 0.005980
2017 338  0   0  66.4 0.005971
2017 339  0   0  66.0 0.005976
2017 340  0  13  66.3 0.006031
2017 341  0  11  65.9 0.005980
2017 342  0   0  67.8 0.006016
2017 343  0   0  69.0 0.006028
2017 344  0  11  69.8 0.006083
2017 345  0  12  70.1 0.006294
2017 346  0  13  69.2 0.006305
2017 347  0   0  69.9 0.006348
2017 348  0   0  69.8 0.006345
2017 349  0   0  69.5 0.006387
2017 350  0   0  69.0 0.006384
2017 351  0   0  68.8 0.006409
2017 352  0   0  69.4 0.006392
2017 353  0  11  66.6 0.006409
2017 354  0  13  71.8 0.006441
2017 355  0  20  73.6 0.006416
2017 356  0  26  72.9 0.006424
2017 357  0  26  73.7 0.006382
2017 358  0  30  73.6 0.006343
2017 359  0  25  73.2 0.006304
2017 360  0  16  69.5 0.006223
2017 361  0  13  68.6 0.006227
2017 362  0   0  68.8 0.006196
2017 363  0   0  69.1 0.006146
2017 364  0   0  68.1 0.005996
2017 365  0  13  68.3 0.006032
2018   1  0   0  66.8 0.006189
2018   2  0   0  67.2 0.006212
2018   3  0   0  68.3 0.006183
2018   4  0  13  67.2 0.006184
2018   5  0  11  67.0 0.006203
2018   6  0  11  67.1 0.006199
2018   7  0  12  67.6 0.006238
2018   8  0  13  68.0 0.006252
2018   9  0  16  68.5 0.006285
2018  10  0  20  68.1 0.006299
2018  11  0  12  68.5 0.006261
2018  12  0   0  68.6 0.006257
2018  13  0   0  68.5 0.006306
2018  14  0  12  68.2 0.006328
2018  15  0  13  67.9 0.006351
2018  16  0  15  68.8 0.006329
2018  17  0  16  68.6 0.006323
2018  18  0  12  68.8 0.006297
2018  19  0  12  68.5 0.006245
2018  20  0   0  67.4 0.006168
2018  21  0   0  66.1 0.006167
2018  22  0   0  67.9 0.006181
2018  23  0   0  68.3 0.006139
2018  24  0   0  67.7 0.006134
2018  25  0   0  68.2 0.006097
2018  26  0   0  67.7 0.006103
2018  27  0   0  66.7 0.006068
2018  28  0   0  66.4 0.006064
2018  29  0   0  66.2 0.006101
2018  30  0  11  66.9 0.006143
2018  31  0  12  67.2 0.006147
2018  32  0   0  67.0 0.006161
2018  33  0   0  66.8 0.006153
2018  34  0   0  67.3 0.006151
2018  35  0  11  71.0 0.006195
2018  36  0  13  72.0 0.006224
2018  37  0  16  74.6 0.006307
2018  38  0  20  74.6 0.006275
2018  39  0  22  75.5 0.006274
2018  40  0  25  76.1 0.006333
2018  41  0  25  76.2 0.006376
2018  42  0  28  76.2 0.006371
2018  43  0  25  76.6 0.006340
2018  44  0  23  74.1 0.006306
2018  45  0  20  73.4 0.006301
2018  46  0  16  70.8 0.006174
2018  47  0  12  69.8 0.006165
2018  48  0   0  67.4 0.006111
2018  49  0   0  68.7 0.005971
2018  50  0   0  67.5 0.006094
2018  51  0   0  66.3 0.006066
2018  52  0   0  68.7 0.005923
2018  53  0   0  67.0 0.006043
2018  54  0   0  66.2 0.006024
2018  55  0   0  66.8 0.006048
2018  56  0   0  65.9 0.006129
2018  57  0  16  68.4 0.006089
2018  58  0  15  66.6 0.006093
2018  59  0  12  67.5 0.006063
2018  60  0  12  66.0 0.006028
2018  61  0  11  66.6 0.006029
2018  62  0   0  66.7 0.006079
2018  63  0   0  66.4 0.006110
2018  64  0   0  66.5 0.006117
2018  65  0   0  66.5 0.006143
2018  66  0   0  66.8 0.006014
2018  67  0   0  65.6 0.006154
2018  68  0   0  66.6 0.006190
2018  69  0   0  66.8 0.006197
2018  70  0   0  66.9 0.006208
2018  71  0   0  67.3 0.006211
2018  72  0   0  67.7 0.006178
2018  73  0   0  66.9 0.006134
2018  74  0   0  68.3 0.006054
2018  75  0   0  67.9 0.006060
2018  76  0  14  69.0 0.006083
2018  77  0  14  68.5 0.006119
2018  78  0   0  69.7 0.006095
2018  79  0   0  68.2 0.006085
2018  80  0   0  68.8 0.006096
2018  81  0   0  68.0 0.006092
2018  82  0   0  67.7 0.006063
2018  83  0   0  67.2 0.006088
2018  84  0   0  68.0 0.006078
2018  85  0   0  67.5 0.006045
2018  86  0   0  68.0 0.006013
2018  87  0   0  68.3 0.006012
2018  88  0   0  68.8 0.006060
2018  89  0  12  68.6 0.006117
2018  90  0  13  68.9 0.006107
2018  91  0  11  68.9 0.006149
2018  92  0   0  68.4 0.006154
2018  93  0   0  67.8 0.006140
2018  94  0   0  68.6 0.006143
2018  95  0   0  66.4 0.006192
2018  96  0   0  67.4 0.006169
2018  97  0   0  67.0 0.006184
2018  98  0   0  68.1 0.006207
2018  99  0   0  68.9 0.006202
2018 100  0  12  68.8 0.006155
2018 101  0   0  68.6 0.006139
2018 102  0  13  70.4 0.006134
2018 103  0  16  70.1 0.006160
2018 104  0  11  69.9 0.006183
2018 105  0  13  71.0 0.006183
2018 106  0  12  69.7 0.006115
2018 107  0  11  69.8 0.006114
2018 108  0   0  71.4 0.006097
2018 109  0  13  71.4 0.006111
2018 110  0  16  73.7 0.006155
2018 111  0  27  77.5 0.006194
2018 112  0  22  76.5 0.006181
2018 113  0  23  74.7 0.006199
2018 114  0  21  73.7 0.006170
2018 115  0  18  71.6 0.006128
2018 116  0  15  70.3 0.006154
2018 117  0  14  69.6 0.006166
2018 118  0   0  71.1 0.006172
2018 119  0   0  72.2 0.006113
2018 120  0   0  71.3 0.006048
2018 121  0   0  69.5 0.006042
2018 122  0   0  68.1 0.006072
2018 123  0   0  67.6 0.006089
2018 124  0  13  68.9 0.006129
2018 125  0  14  68.7 0.006144
2018 126  0  15  68.4 0.006137
2018 127  0  14  70.9 0.006168
2018 128  0  20  70.9 0.006211
2018 129  0  23  70.9 0.006246
2018 130  0  11  71.0 0.006260
2018 131  0  11  71.7 0.006233
2018 132  0  13  71.2 0.006244
2018 133  0  12  72.4 0.006233
2018 134  0   0  71.8 0.006190
2018 135  0   0  71.9 0.006186
2018 136  0   0  71.5 0.006171
2018 137  0   0  70.5 0.006188
2018 138  0   0  71.1 0.006165
2018 139  0   0  71.9 0.006141
2018 140  0   0  70.4 0.006120
2018 141  0  12  71.3 0.006160
2018 142  0  13  72.6 0.006185
2018 143  0  27  75.0 0.006229
2018 144  0  33  75.6 0.006246
2018 145  0  30  77.7 0.006238
2018 146  0  27  74.9 0.006245
2018 147  0  33  76.6 0.006248
2018 148  0  20  78.9 0.006257
2018 149  0  23  77.0 0.006235
2018 150  0  21  77.3 0.006263
2018 151  0  22  78.9 0.006284
2018 152  0  22  76.9 0.006277
2018 153  0  21  76.5 0.006269
2018 154  0  13  75.7 0.006261
2018 155  0   0  72.6 0.006257
2018 156  0   0  73.4 0.006232
2018 157  0  11  73.2 0.006231
2018 158  0  10  71.3 0.006184
2018 159  0   0  70.2 0.006182
2018 160  0   0  68.8 0.006194
2018 161  0   0  72.4 0.006222
2018 162  0   0  72.0 0.006222
2018 163  0  11  72.5 0.006261
2018 164  0  15  73.0 0.006251
2018 165  0  15  74.7 0.006260
2018 166  0  14  72.8 0.006219
2018 167  0  14  72.7 0.006222
2018 168  0  14  74.6 0.006241
2018 169  0  29  76.1 0.006298
2018 170  0  33  79.0 0.006364
2018 171  0  56  84.7 0.006400
2018 172  0  48  84.2 0.006227
2018 173  0  41  83.0 0.006318
2018 174  0  37  79.7 0.006289
2018 175  0  19  77.0 0.006293
2018 176  0  16  75.2 0.006300
2018 177  0  14  73.4 0.006315
2018 178  0  14  72.4 0.006253
2018 179  0   0  71.9 0.006203
2018 180  0   0  70.9 0.006169
2018 181  0   0  71.1 0.006123
2018 182  0   0  70.4 0.006107
2018 183  0   0  68.8 0.006112
2018 184  0   0  70.5 0.006119
2018 185  0   0  70.2 0.006138
2018 186  0   0  70.4 0.006135
2018 187  0   0  72.9 0.006173
2018 188  0   0  74.4 0.006213
2018 189  0   0  74.0 0.006260
2018 190  0   0  75.4 0.006300
2018 191  0   0  74.5 0.006340
2018 192  0   0  75.8 0.006300
2018 193  0   0  74.6 0.006273
2018 194  0  13  74.9 0.006293
2018 195  0  12  74.7 0.006262
2018 196  0  12  74.1 0.006283
2018 197  0   0  74.3 0.006329
2018 198  0   0  73.5 0.006336
2018 199  0   0  73.6 0.006316
2018 200  0   0  72.8 0.006276
2018 201  0   0  72.7 0.006224
2018 202  0  12  72.2 0.006186
2018 203  0   0  70.4 0.006133
2018 204  0   0  69.1 0.006123
2018 205  0   0  69.0 0.006108
2018 206  0   0  67.9 0.005996
2018 207  0   0  68.3 0.006131
2018 208  0   0  68.6 0.006096
2018 209  0   0  70.0 0.006101
2018 210  0   0  70.0 0.006111
2018 211  0   0  70.4 0.006143
2018 212  0   0  71.0 0.006148
2018 213  0  12  72.3 0.006118
2018 214  0  11  72.0 0.006109
2018 215  0   0  72.3 0.006156
2018 216  0   0  72.5 0.006182
2018 217  0   0  71.2 0.006167
2018 218  0   0  71.1 0.006213
2018 219  0   0  71.5 0.006265
2018 220  0   0  71.6 0.006258
2018 221  0   0  72.2 0.006226
2018 222  0   0  71.4 0.006174
2018 223  0   0  69.3 0.006198
2018 224  0   0  69.9 0.006195
2018 225  0   0  69.6 0.006211
2018 226  0  12  70.5 0.006191
2018 227  0  13  70.6 0.006149
2018 228  0  13  70.0 0.006110
2018 229  0  12  69.0 0.006092
2018 230  0  11  68.9 0.006119
2018 231  0  14  68.4 0.006144
2018 232  0  16  69.6 0.006120
2018 233  0  16  69.4 0.006120
2018 234  0  12  68.4 0.006215
2018 235  0  15  71.1 0.006201
2018 236  0  29  74.0 0.006182
2018 237  0  32  73.1 0.006131
2018 238  0  28  72.6 0.006117
2018 239  0  13  71.0 0.006099
2018 240  0  11  71.2 0.006089
2018 241  0   0  71.8 0.006071
2018 242  0   0  69.6 0.006104
2018 243  0   0  68.8 0.006166
2018 244  0   0  69.5 0.006193
2018 245  0   0  68.9 0.006207
2018 246  0   0  69.3 0.006172
2018 247  0   0  68.6 0.006147
2018 248  0   0  68.6 0.006138
2018 249  0   0  68.4 0.006133
2018 250  0   0  68.6 0.006179
2018 251  0  16  69.7 0.006165
2018 252  0  14  69.4 0.006011
2018 253  0  12  69.9 0.006209
2018 254  0  16  70.3 0.006196
2018 255  0  14  70.6 0.006053
2018 256  0   0  70.5 0.006210
2018 257  0   0  69.8 0.006199
2018 258  0   0  69.2 0.006224
2018 259  0   0  69.8 0.006174
2018 260  0  13  68.5 0.006139
2018 261  0   0  68.8 0.006110
2018 262  0   0  68.5 0.006132
2018 263  0   0  67.2 0.006122
2018 264  0   0  67.4 0.006109
2018 265  0   0  68.4 0.006114
2018 266  0   0  68.9 0.006079
2018 267  0   0  69.0 0.006071
2018 268  0   0  68.0 0.006111
2018 269  0   0  69.3 0.006108
2018 270  0   0  67.4 0.006117
2018 271  0   0  69.4 0.006157
2018 272  0   0  68.9 0.006178
2018 273  0  15  68.5 0.006171
2018 274  0  17  70.3 0.006162
2018 275  0  14  67.1 0.006136
2018 276  0  12  68.4 0.006112
2018 277  0  11  67.2 0.006120
2018 278  0   0  68.7 0.006129
2018 279  0   0  68.6 0.006176
2018 280  0   0  69.4 0.006178
2018 281  0   0  68.7 0.006174
2018 282  0   0  69.3 0.006185
2018 283  0   0  69.6 0.006205
2018 284  0   5  70.6 0.006222
2018 285  0  13  71.3 0.006294
2018 286  0  26  72.1 0.006261
2018 287  0  23  71.1 0.006218
2018 288  0  17  69.6 0.006186
2018 289  0   0  69.3 0.006201
2018 290  0  11  69.6 0.006183
2018 291  0   0  69.0 0.006123
2018 292  0   0  69.0 0.006124
2018 293  0   0  69.8 0.006132
2018 294  0   3  70.4 0.006107
2018 295  0   0  70.2 0.006114
2018 296  0   0  70.9 0.006149
2018 297  0   0  68.9 0.006147
2018 298  0   0  68.6 0.006142
2018 299  0   0  68.3 0.006136
2018 300  0   0  68.5 0.006136
2018 301  0   0  67.4 0.006123
2018 302  0   0  67.9 0.006098
2018 303  0   0  66.1 0.006121
2018 304  0   0  67.1 0.006108
2018 305  0   0  65.8 0.006095
2018 306  0   0  66.5 0.006098
2018 307  0   0  66.3 0.006056
2018 308  0   0  65.5 0.006061
2018 309  0   0  67.2 0.006076
2018 310  0   0  67.6 0.006061
2018 311  0   0  67.5 0.006098
2018 312  0  11  68.2 0.006046
2018 313  0  11  67.6 0.006052
2018 314  0  11  67.6 0.006081
2018 315  0   0  68.0 0.006059
2018 316  0  15  66.8 0.006029
2018 317  0  11  65.6 0.006034
2018 318  0  11  66.5 0.006118
2018 319  0  13  66.9 0.006139
2018 320  0  15  69.5 0.006156
2018 321  0  15  71.7 0.006155
2018 322  0  14  70.6 0.006108
2018 323  0  12  69.5 0.006098
2018 324  0   0  68.8 0.006094
2018 325  0   0  67.1 0.006115
2018 326  0   0  67.5 0.006101
2018 327  0   0  67.5 0.006103
2018 328  0  15  68.2 0.006107
2018 329  0  14  67.8 0.006086
2018 330  0  10  66.8 0.006087
2018 331  0   0  66.6 0.006089
2018 332  0   0  65.7 0.006093
2018 333  0   0  66.0 0.006088
2018 334  0   0  66.1 0.006054
2018 335  0   0  67.4 0.006034
2018 336  0   0  67.0 0.006029
2018 337  0   0  66.4 0.006031
2018 338  0   0  66.8 0.006117
2018 339  0  17  68.8 0.006086
2018 340  0  20  67.7 0.006110
2018 341  0  18  68.1 0.006143
2018 342  0   6  68.4 0.006107
2018 343  0   0  69.5 0.006105
2018 344  0   0  68.8 0.006118
2018 345  0  12  68.9 0.006162
2018 346  0   0  68.6 0.006133
2018 347  0   0  68.0 0.006131
2018 348  0  11  68.6 0.006164
2018 349  0  12  68.9 0.006150
2018 350  0   0  67.6 0.006106
2018 351  0   0  67.9 0.006101
2018 352  0   0  68.1 0.006106
2018 353  0   0  68.0 0.006058
2018 354  0   0  67.6 0.006100
2018 355  0   0  68.8 0.006095
2018 356  0   0  68.7 0.006070
2018 357  0   0  68.0 0.006075
2018 358  0   0  67.2 0.006106
2018 359  0   0  67.3 0.006110
2018 360  0   0  66.5 0.006103
2018 361  0   0  66.2 0.006130
2018 362  0   0  67.0 0.006156
2018 363  0   0  66.7 0.006166
2018 364  0   0  67.1 0.006164
2018 365  0   0  67.0 0.006159
2019   1  0  12  69.5 0.006173
2019   2  0  15  72.7 0.006128
2019   3  0  15  70.2 0.006111
2019   4  0  13  69.1 0.006082
2019   5  0  11  68.8 0.006073
2019   6  0   0  69.6 0.006091
2019   7  0   0  69.1 0.006139
2019   8  0   0  69.0 0.006096
2019   9  0   0  69.2 0.006068
2019  10  0   0  67.8 0.006026
2019  11  0   0  65.9 0.006068
2019  12  0   0  67.3 0.006066
2019  13  0   0  66.6 0.006043
2019  14  0   0  67.8 0.006026
2019  15  0   0  67.3 0.006030
2019  16  0   0  67.5 0.006040
2019  17  0   0  66.4 0.006042
2019  18  0   0  66.6 0.006038
2019  19  0   0  67.4 0.006028
2019  20  0   0  67.0 0.006054
2019  21  0  10  67.7 0.006098
2019  22  0  16  68.5 0.006117
2019  23  0  19  69.3 0.006171
2019  24  0  21  70.2 0.006198
2019  25  0  22  72.7 0.006215
2019  26  0  26  74.3 0.006186
2019  27  0  19  72.8 0.006194
2019  28  0  16  73.5 0.006167
2019  29  0  13  70.9 0.006146
2019  30  0  11  71.4 0.006103
2019  31  0   0  70.0 0.006110
2019  32  0   0  70.0 0.006077
2019  33  0   0  68.8 0.006070
2019  34  0   0  69.1 0.006077
2019  35  0   0  68.7 0.005923
2019  36  0   0  68.7 0.005936
2019  37  0   0  67.9 0.005897
2019  38  0   0  68.3 0.006107
2019  39  0   0  68.1 0.006089
2019  40  0   0  68.4 0.006057
2019  41  0   0  68.1 0.006054
2019  42  0   0  68.0 0.006057
2019  43  0   0  68.4 0.006092
2019  44  0  12  68.6 0.006114
2019  45  0   0  69.7 0.006110
2019  46  0   0  69.2 0.006132
2019  47  0   0  69.0 0.006155
2019  48  0   0  68.4 0.006175
2019  49  0   0  68.3 0.006186
2019  50  0   0  68.6 0.006190
2019  51  0   0  69.4 0.006239
2019  52  0  11  69.2 0.006199
2019  53  0   0  69.7 0.006180
2019  54  0   0  69.2 0.006143
2019  55  0   0  69.0 0.006126
2019  56  0   0  68.9 0.006098
2019  57  0   0  69.2 0.006056
2019  58  0   0  69.4 0.006025
2019  59  0   0  68.8 0.006002
2019  60  0   0  68.7 0.006010
2019  61  0   0  68.2 0.006054
2019  62  0   0  68.3 0.006096
2019  63  0   0  69.7 0.006116
2019  64  0  14  70.8 0.006138
2019  65  0  18  71.3 0.006147
2019  66  0  16  69.9 0.006150
2019  67  0  11  70.7 0.006144
2019  68  0  11  69.7 0.006138
2019  69  0  11  70.1 0.006114
2019  70  0  11  69.5 0.006081
2019  71  0  11  69.8 0.006113
2019  72  0   0  70.0 0.006136
2019  73  0  12  69.3 0.006132
2019  74  0   0  68.9 0.006143
2019  75  0   0  68.8 0.006169
2019  76  0   0  68.6 0.006166
2019  77  0  13  69.3 0.006165
2019  78  0  15  69.1 0.006260
2019  79  0  32  76.2 0.006274
2019  80  0  38  79.4 0.006301
2019  81  0  30  81.8 0.006225
2019  82  0  22  78.9 0.006141
2019  83  0  14  75.0 0.006081
2019  84  0   0  70.8 0.006048
2019  85  0   0  68.7 0.006038
2019  86  0   0  68.6 0.006039
2019  87  0   0  68.1 0.006032
2019  88  0   0  68.6 0.006077
2019  89  0   0  69.2 0.006068
2019  90  0  13  69.4 0.006095
2019  91  0  14  69.2 0.006097
2019  92  0  17  70.8 0.006114
2019  93  0  19  70.6 0.006122
2019  94  0  11  70.3 0.006107
2019  95  0   5  71.8 0.006148
2019  96  0   0  73.7 0.006151
2019  97  0  11  76.6 0.006271
2019  98  0  12  78.8 0.006314
2019  99  0  12  79.3 0.006335
2019 100  0  13  78.4 0.006344
2019 101  0  12  78.9 0.006307
2019 102  0  13  77.7 0.006280
2019 103  0  16  78.3 0.006259
2019 104  0  14  75.9 0.006208
2019 105  0  12  75.9 0.006230
2019 106  0  11  74.7 0.006258
2019 107  0  16  76.7 0.006198
2019 108  0  24  75.2 0.006148
2019 109  0  24  73.3 0.006119
2019 110  0  11  70.6 0.006107
2019 111  0   5  69.9 0.006098
2019 112  0   0  70.2 0.006074
2019 113  0   0  69.6 0.006090
2019 114  0   0  70.1 0.006078
2019 115  0   0  68.4 0.006041
2019 116  0   0  68.0 0.006051
2019 117  0   0  67.8 0.006064
2019 118  0   0  68.8 0.006047
2019 119  0   0  67.9 0.006033
2019 120  0   0  69.5 0.006047
2019 121  0   0  68.7 0.006095
2019 122  0   0  70.3 0.006129
2019 123  0   0  70.9 0.006136
2019 124  0  12  73.5 0.006180
2019 125  0  12  74.7 0.006279
2019 126  0  16  77.3 0.006336
2019 127  0  26  80.1 0.006302
2019 128  0  25  76.8 0.006319
2019 129  0  26  77.7 0.006340
2019 130  0  26  77.8 0.006349
2019 131  0  27  79.5 0.006327
2019 132  0  26  77.6 0.006326
2019 133  0  24  76.2 0.006320
2019 134  0  24  76.0 0.006265
2019 135  0  18  75.6 0.006181
2019 136  0  13  75.3 0.006126
2019 137  0  13  73.8 0.006054
2019 138  0  12  72.2 0.006047
2019 139  0   0  69.6 0.006017
2019 140  0   0  70.4 0.006018
2019 141  0   0  69.7 0.006052
2019 142  0   0  69.0 0.006057
2019 143  0   0  68.2 0.006049
2019 144  0   0  68.1 0.006050
2019 145  0   0  68.7 0.006056
2019 146  0   0  69.8 0.006065
2019 147  0   0  69.3 0.006095
2019 148  0   0  70.0 0.006102
2019 149  0   7  70.1 0.006127
2019 150  0   0  70.6 0.006142
2019 151  0   0  70.6 0.006177
2019 152  0   0  71.7 0.006228
2019 153  0   0  71.9 0.006302
2019 154  0   0  71.8 0.006327
2019 155  0   0  72.1 0.006339
2019 156  0   0  71.8 0.006324
2019 157  0   0  70.9 0.006338
2019 158  0   0  71.0 0.006294
2019 159  0   0  70.5 0.006257
2019 160  0   0  70.5 0.006265
2019 161  0   0  71.0 0.006236
2019 162  0   0  71.9 0.006172
2019 163  0   0  71.6 0.006072
2019 164  0   0  69.6 0.006043
2019 165  0   0  70.1 0.006019
2019 166  0   0  68.8 0.006008
2019 167  0   0  68.0 0.006024
2019 168  0   0  68.5 0.006008
2019 169  0   0  69.2 0.006040
2019 170  0   0  70.2 0.006051
2019 171  0   0  69.9 0.006050
2019 172  0   0  68.6 0.006050
2019 173  0   0  68.6 0.006047
2019 174  0   0  69.5 0.006081
2019 175  0  11  70.2 0.006115
2019 176  0  12  70.2 0.006085
2019 177  0   7  70.3 0.006111
2019 178  0   0  69.3 0.006165
2019 179  0   0  70.4 0.006180
2019 180  0   5  69.9 0.006222
2019 181  0   0  69.7 0.006271
2019 182  0   5  70.5 0.006258
2019 183  0   0  69.5 0.006245
2019 184  0   0  69.1 0.006260
2019 185  0   0  69.9 0.006220
2019 186  0   0  69.0 0.006183
2019 187  0   0  68.8 0.006185
2019 188  0   9  69.6 0.006146
2019 189  0   5  68.7 0.006113
2019 190  0   0  69.7 0.006055
2019 191  0   0  70.1 0.006067
2019 192  0   0  69.4 0.006042
2019 193  0   0  69.0 0.006049
2019 194  0   0  68.2 0.006063
2019 195  0   0  69.4 0.006088
2019 196  0   0  69.3 0.006090
2019 197  0   0  69.5 0.006051
2019 198  0   0  70.0 0.006002
2019 199  0   0  69.2 0.006006
2019 200  0   0  68.9 0.006049
2019 201  0   0  69.1 0.006070
2019 202  0   0  69.8 0.006094
2019 203  0   8  69.5 0.006105
2019 204  0   0  69.6 0.006192
2019 205  0   0  70.0 0.006199
2019 206  0   0  70.3 0.006150
2019 207  0   0  69.8 0.006159
2019 208  0   0  68.7 0.006194
2019 209  0   0  69.2 0.006191
2019 210  0   0  68.2 0.006163
2019 211  0   0  68.3 0.006168
2019 212  0   0  68.9 0.006161
2019 213  0   0  68.8 0.006126
2019 214  0   0  68.9 0.006132
2019 215  0   0  67.7 0.006077
2019 216  0   0  68.8 0.006126
2019 217  0   8  70.1 0.006107
2019 218  0   0  70.1 0.006087
2019 219  0   7  69.9 0.006125
2019 220  0   0  70.6 0.006112
2019 221  0   0  69.1 0.006112
2019 222  0   0  69.1 0.006094
2019 223  0   0  69.5 0.006045
2019 224  0   0  69.0 0.006035
2019 225  0   0  68.6 0.006057
2019 226  0   0  69.1 0.006080
2019 227  0   0  69.4 0.006088
2019 228  0   0  69.2 0.006066
2019 229  0   0  69.7 0.006082
2019 230  0   0  69.2 0.006112
2019 231  0   0  69.3 0.006123
2019 232  0   0  68.9 0.006127
2019 233  0   0  68.4 0.006125
2019 234  0   0  67.3 0.006131
2019 235  0   0  68.0 0.006114
2019 236  0   0  67.8 0.006105
2019 237  0   0  67.4 0.006094
2019 238  0   0  67.2 0.006092
2019 239  0   0  67.5 0.006096
2019 240  0   0  67.2 0.006109
2019 241  0   0  67.2 0.006105
2019 242  0   0  67.8 0.006049
2019 243  0   0  67.7 0.006043
2019 244  0  14  68.3 0.006054
2019 245  0  14  70.0 0.006106
2019 246  0   5  69.8 0.006095
2019 247  0   0  69.8 0.006085
2019 248  0   0  69.4 0.006107
2019 249  0   0  70.0 0.006126
2019 250  0   0  75.0 0.006101
2019 251  0   0  68.5 0.006093
2019 252  0   0  69.8 0.006087
2019 253  0   0  70.9 0.006077
2019 254  0   0  69.0 0.006052
2019 255  0   0  70.3 0.006063
2019 256  0   0  69.1 0.006066
2019 257  0   0  69.4 0.006102
2019 258  0   0  68.4 0.005918
2019 259  0   0  69.4 0.005889
2019 260  0   0  68.2 0.006121
2019 261  0   0  66.9 0.006109
2019 262  0   0  67.7 0.006119
2019 263  0   0  67.7 0.006144
2019 264  0   0  68.2 0.006108
2019 265  0   0  68.8 0.006074
2019 266  0   0  66.6 0.006077
2019 267  0   0  67.5 0.006073
2019 268  0   0  67.9 0.006064
2019 269  0   0  67.4 0.006050
2019 270  0   0  66.8 0.006019
2019 271  0   0  67.5 0.006030
2019 272  0   0  67.7 0.006056
2019 273  0   0  68.1 0.006063
2019 274  0   7  68.8 0.006081
2019 275  0   6  68.4 0.006080
2019 276  0   0  68.3 0.006094
2019 277  0   0  68.1 0.006121
2019 278  0   0  67.8 0.006092
2019 279  0   0  67.3 0.006101
2019 280  0   0  67.6 0.006105
2019 281  0   0  67.0 0.006072
2019 282  0   0  67.9 0.006072
2019 283  0   0  67.3 0.006080
2019 284  0   0  68.3 0.006072
2019 285  0   0  68.0 0.006071
2019 286  0   0  66.9 0.006080
2019 287  0   0  65.8 0.006101
2019 288  0   0  66.9 0.006091
2019 289  0   0  65.9 0.006099
2019 290  0   0  65.6 0.006099
2019 291  0   0  65.6 0.006118
2019 292  0   0  65.5 0.006056
2019 293  0   0  64.4 0.006055
2019 294  0   0  63.4 0.006053
2019 295  0   0  64.9 0.006061
2019 296  0   0  63.9 0.006076
2019 297  0   0  64.3 0.006053
2019 298  0   0  67.9 0.006062
2019 299  0   0  67.8 0.006070
2019 300  0   0  68.0 0.006090
2019 301  0   0  68.5 0.006103
2019 302  0   0  68.2 0.006062
2019 303  0   0  68.8 0.006092
2019 304  0   0  70.2 0.006114
2019 305  0   6  69.6 0.006147
2019 306  0   2  69.6 0.006152
2019 307  0   0  68.3 0.006130
2019 308  0   4  69.6 0.006135
2019 309  0   0  69.2 0.006137
2019 310  0   0  68.1 0.006114
2019 311  0   0  68.5 0.006107
2019 312  0   0  68.9 0.006103
2019 313  0   0  68.3 0.006122
2019 314  0   0  69.4 0.006077
2019 315  0   0  68.1 0.006095
2019 316  0   0  69.3 0.006129
2019 317  0   3  69.6 0.006129
2019 318  0   0  68.4 0.006110
2019 319  0   0  68.5 0.006143
2019 320  0   0  68.2 0.006120
2019 321  0   0  68.5 0.006136
2019 322  0   0  68.8 0.006141
2019 323  0   0  67.6 0.006131
2019 324  0   0  68.5 0.006166
2019 325  0   0  69.1 0.006123
2019 326  0   0  67.9 0.006141
2019 327  0   0  68.5 0.006146
2019 328  0   0  68.8 0.006117
2019 329  0   0  67.7 0.006128
2019 330  0   0  68.6 0.006144
2019 331  0   0  69.6 0.006119
2019 332  0   0  68.3 0.006073
2019 333  0   0  67.9 0.006098
2019 334  0   0  68.5 0.006116
2019 335  0   0  69.2 0.006128
2019 336  0   0  68.4 0.006132
2019 337  0   0  67.9 0.006105
2019 338  0   0  67.6 0.006113
2019 339  0   0  68.6 0.006125
2019 340  0   0  68.3 0.006121
2019 341  0   0  68.2 0.006125
2019 342  0   0  69.4 0.006125
2019 343  0   0  68.6 0.006154
2019 344  0   0  68.4 0.006136
2019 345  0   0  68.6 0.006117
2019 346  0   0  68.3 0.006118
2019 347  0   0  66.8 0.006166
2019 348  0   0  68.1 0.006178
2019 349  0   0  68.8 0.006174
2019 350  0   0  67.7 0.006146
2019 351  0   0  68.2 0.006125
2019 352  0   0  68.0 0.006104
2019 353  0   0  67.7 0.006106
2019 354  0   0  69.7 0.006140
2019 355  0   0  68.4 0.006136
2019 356  0   0  68.7 0.006155
2019 357  0   0  70.2 0.006161
2019 358  0  16  70.3 0.006124
2019 359  0  23  69.8 0.006167
2019 360  0  10  69.7 0.006163
2019 361  0   0  70.1 0.006165
2019 362  0   0  69.8 0.006135
2019 363  0   0  69.6 0.006111
2019 364  0   0  68.6 0.006109
2019 365  0   0  68.2 0.006089
2020   1  0   6  69.4 0.006118
2020   2  0  12  69.5 0.006135
2020   3  0  13  68.9 0.006155
2020   4  0  12  69.8 0.006127
2020   5  0  14  69.4 0.006102
2020   6  0   7  68.1 0.006161
2020   7  0   4  69.3 0.006226
2020   8  0   4  71.2 0.006002
2020   9  0  15  71.9 0.006229
2020  10  0   4  70.4 0.006219
2020  11  0   0  71.0 0.006177
2020  12  0   0  69.5 0.006215
2020  13  0   0  69.1 0.006210
2020  14  0   0  69.5 0.006178
2020  15  0   0  68.9 0.006195
2020  16  0   0  69.4 0.006148
2020  17  0   0  67.9 0.006155
2020  18  0   0  69.0 0.006146
2020  19  0   0  69.5 0.006115
2020  20  0   0  69.0 0.006130
2020  21  0   0  68.3 0.006125
2020  22  0   0  69.6 0.006110
2020  23  0   0  68.6 0.006105
2020  24  0   8  68.8 0.006153
2020  25  0  12  70.4 0.006172
2020  26  0  19  72.4 0.006193
2020  27  0  14  70.7 0.006189
2020  28  0  12  72.0 0.006220
2020  29  0  12  72.0 0.006216
2020  30  0  12  71.9 0.006225
2020  31  0  12  71.7 0.006226
2020  32  0   6  70.4 0.006197
2020  33  0   0  70.2 0.006183
2020  34  0   0  70.0 0.006150
2020  35  0   0  68.3 0.006156
2020  36  0   0  68.6 0.006176
2020  37  0   0  69.3 0.006169
2020  38  0   0  68.9 0.006151
2020  39  0   0  70.0 0.006147
2020  40  0   0  68.8 0.006137
2020  41  0   0  68.3 0.006139
2020  42  0   0  69.3 0.006116
2020  43  0   0  69.8 0.006101
2020  44  0   0  69.4 0.006076
2020  45  0   0  69.5 0.006074
2020  46  0   0  68.8 0.006084
2020  47  0   0  68.8 0.006120
2020  48  0   0  69.0 0.006079
2020  49  0   0  69.4 0.006059
2020  50  0   0  69.4 0.006058
2020  51  0   0  69.2 0.006096
2020  52  0   0  69.6 0.006108
2020  53  0   0  70.7 0.006152
2020  54  0   0  68.8 0.006129
2020  55  0   0  68.7 0.006111
2020  56  0   0  69.1 0.006080
2020  57  0   0  68.7 0.006076
2020  58  0   0  69.6 0.006065
2020  59  0   0  69.3 0.006090
2020  60  0   0  68.8 0.006093
2020  61  0   0  68.1 0.006108
2020  62  0   0  68.1 0.006098
2020  63  0   0  68.8 0.006098
2020  64  0   0  68.7 0.006077
2020  65  0   0  68.3 0.006125
2020  66  0   0  68.9 0.006142
2020  67  0   2  68.8 0.006123
2020  68  0  16  69.2 0.006143
2020  69  0  11  69.8 0.006184
2020  70  0   0  69.8 0.006118
2020  71  0   0  69.6 0.006119
2020  72  0   0  69.1 0.006109
2020  73  0   0  67.9 0.006083
2020  74  0   0  67.4 0.006095
2020  75  0   0  69.5 0.006090
2020  76  0   0  69.1 0.006164
2020  77  0   0  70.9 0.006179
2020  78  0   3  71.4 0.006210
2020  79  0   0  71.5 0.006193
2020  80  0   0  71.1 0.006161
2020  81  0   0  70.3 0.006175
2020  82  0   0  69.8 0.006158
2020  83  0   0  69.9 0.006197
2020  84  0   0  70.8 0.006150
2020  85  0   0  70.9 0.006148
2020  86  0   0  69.9 0.006124
2020  87  0   0  69.2 0.006091
2020  88  0   0  69.0 0.006107
2020  89  0   0  68.6 0.006154
2020  90  0   3  69.1 0.006137
2020  91  0  11  69.8 0.006111
2020  92  0  13  69.2 0.006144
2020  93  0  13  69.7 0.006154
2020  94  0  13  70.0 0.006157
2020  95  0  13  70.2 0.006144
2020  96  0   0  71.3 0.006154
2020  97  0   0  70.1 0.006133
2020  98  0   0  70.1 0.006132
2020  99  0   0  70.7 0.006142
2020 100  0   0  70.6 0.006170
2020 101  0   0  69.5 0.006168
2020 102  0   0  70.9 0.006120
2020 103  0   0  71.1 0.006124
2020 104  0   0  70.7 0.006138
2020 105  0   0  69.4 0.006105
2020 106  0   0  68.9 0.006097
2020 107  0   0  69.0 0.006117
2020 108  0   0  68.4 0.006122
2020 109  0   0  70.4 0.006097
2020 110  0   0  69.2 0.006099
2020 111  0   0  68.9 0.006108
2020 112  0   0  69.8 0.006133
2020 113  0   0  71.4 0.006150
2020 114  0   0  69.5 0.006190
2020 115  0   0  70.5 0.006150
2020 116  0   6  69.8 0.006134
2020 117  0  13  70.1 0.006144
2020 118  0  26  69.9 0.006196
2020 119  0  15  69.9 0.006212
2020 120  0  24  71.0 0.006213
2020 121  0  20  70.9 0.006228
2020 122  0   4  71.3 0.006201
2020 123  0   0  70.3 0.006203
2020 124  0   0  69.8 0.006213
2020 125  0   0  70.5 0.006199
2020 126  0   0  70.5 0.006174
2020 127  0   0  71.1 0.006139
2020 128  0   0  70.0 0.006182
2020 129  0   0  69.2 0.006170
2020 130  0   0  72.4 0.006121
2020 131  0   0  69.3 0.006070
2020 132  0   0  67.5 0.006090
2020 133  0   0  70.3 0.006137
2020 134  0   0  70.2 0.006145
2020 135  0   0  69.0 0.006122
2020 136  0   0  69.4 0.006125
2020 137  0   0  71.0 0.006184
2020 138  0   0  71.2 0.006238
2020 139  0   0  71.8 0.006220
2020 140  0   0  69.8 0.006198
2020 141  0   0  71.3 0.006240
2020 142  0   0  71.9 0.006295
2020 143  0   0  72.6 0.006283
2020 144  0   0  70.9 0.006255
2020 145  0   0  70.6 0.006259
2020 146  0   0  72.1 0.006260
2020 147  0   0  71.6 0.006251
2020 148  0   0  69.9 0.006172
2020 149  0   0  69.3 0.006228
2020 150  0   0  71.6 0.006238
2020 151  0   0  71.9 0.006222
2020 152  0   2  72.8 0.006215
2020 153  0   6  71.2 0.006234
2020 154  0   0  72.4 0.006263
2020 155  0   9  72.0 0.006289
2020 156  0  11  72.1 0.006290
2020 157  0  13  73.2 0.006310
2020 158  0  16  73.8 0.006322
2020 159  0  16  73.8 0.006296
2020 160  0  16  73.2 0.006302
2020 161  0  14  74.6 0.006291
2020 162  0  12  73.2 0.006361
2020 163  0  11  73.7 0.006228
2020 164  0  11  72.7 0.006176
2020 165  0  11  71.6 0.006219
2020 166  0  11  72.4 0.006205
2020 167  0   8  72.7 0.006197
2020 168  0   0  71.5 0.006243
2020 169  0   0  71.0 0.006221
2020 170  0   0  70.2 0.006195
2020 171  0   0  71.1 0.006228
2020 172  0   0  70.0 0.006204
2020 173  0   0  69.9 0.006199
2020 174  0   0  69.9 0.006203
2020 175  0   0  69.3 0.006189
2020 176  0   0  69.1 0.006195
2020 177  0   0  71.2 0.006176
2020 178  0   6  70.0 0.006205
2020 179  0   4  71.2 0.006190
2020 180  0   0  71.5 0.006199
2020 181  0   0  71.0 0.006219
2020 182  0   0  70.4 0.006224
2020 183  0   4  71.2 0.006238
2020 184  0   2  70.3 0.006281
2020 185  0   0  71.6 0.006296
2020 186  0   7  71.8 0.006272
2020 187  0   5  71.8 0.006251
2020 188  0   5  70.8 0.006251
2020 189  0   8  70.0 0.006194
2020 190  0   0  69.4 0.006247
2020 191  0   0  71.0 0.006251
2020 192  0   0  71.1 0.006189
2020 193  0   0  71.0 0.006178
2020 194  0   0  69.8 0.006162
2020 195  0   0  70.5 0.006181
2020 196  0   0  71.2 0.006186
2020 197  0   2  70.6 0.006223
2020 198  0   0  70.9 0.006217
2020 199  0   0  71.3 0.006202
2020 200  0   0  70.0 0.006206
2020 201  0   0  71.1 0.006221
2020 202  0   0  71.6 0.006220
2020 203  0   6  72.1 0.006206
2020 204  0  11  72.2 0.006204
2020 205  0  11  72.5 0.006190
2020 206  0  11  71.7 0.006187
2020 207  0  11  72.6 0.006185
2020 208  0  11  73.6 0.006179
2020 209  0  11  73.7 0.006268
2020 210  0  20  74.1 0.006315
2020 211  0  21  74.9 0.006364
2020 212  0  21  75.6 0.006355
2020 213  0  21  74.4 0.006390
2020 214  0  26  74.1 0.006405
2020 215  0  15  74.9 0.006422
2020 216  0  11  74.8 0.006420
2020 217  0  11  75.1 0.006445
2020 218  0  12  75.6 0.006455
2020 219  0  14  75.1 0.006442
2020 220  0  17  76.0 0.006447
2020 221  0  12  76.8 0.006403
2020 222  0  13  76.0 0.006362
2020 223  0  13  76.2 0.006338
2020 224  0  12  75.4 0.006330
2020 225  0  17  75.1 0.006365
2020 226  0  10  74.2 0.006361
2020 227  0   5  72.6 0.006305
2020 228  0   0  72.4 0.006302
2020 229  0   0  72.6 0.006269
2020 230  0   0  72.5 0.006268
2020 231  0  13  73.1 0.006285
2020 232  0  16  72.2 0.006301
2020 233  0  12  71.6 0.006287
2020 234  0   3  72.6 0.006248
2020 235  0   0  71.6 0.006239
2020 236  0   0  72.1 0.006248
2020 237  0   0  71.8 0.006253
2020 238  0   0  72.1 0.006246
2020 239  0   0  71.9 0.006245
2020 240  0   0  71.4 0.006301
2020 241  0   0  71.5 0.006275
2020 242  0   0  71.6 0.006305
2020 243  0   0  71.4 0.006262
2020 244  0   0  70.5 0.006293
2020 245  0   0  70.8 0.006275
2020 246  0   0  69.5 0.006271
2020 247  0   0  71.2 0.006283
2020 248  0   0  70.8 0.006272
2020 249  0   0  70.3 0.006255
2020 250  0   0  70.5 0.006270
2020 251  0   0  71.3 0.006260
2020 252  0   0  70.9 0.006231
2020 253  0   0  70.7 0.006242
2020 254  0   0  70.2 0.006221
2020 255  0   0  69.6 0.006189
2020 256  0   0  70.2 0.006177
2020 257  0   0  70.6 0.006163
2020 258  0   2  69.7 0.006184
2020 259  0   0  69.6 0.006182
2020 260  0   0  70.2 0.006165
2020 261  0   0  70.4 0.006194
2020 262  0   0  70.6 0.006215
2020 263  0   0  71.2 0.006159
2020 264  0   0  70.7 0.006141
2020 265  0   0  71.9 0.006195
2020 266  0   0  72.9 0.006205
2020 267  0   7  73.7 0.006264
2020 268  0   5  74.1 0.006274
2020 269  0   4  73.8 0.006322
2020 270  0   0  72.9 0.006326
2020 271  0   0  74.4 0.006368
2020 272  0   0  74.1 0.006366
2020 273  0   0  73.0 0.006308
2020 274  0   0  73.5 0.006315
2020 275  0   0  73.0 0.006329
2020 276  0   0  72.3 0.006327
2020 277  0   0  71.9 0.006292
2020 278  0   0  71.2 0.006272
2020 279  0   0  72.2 0.006279
2020 280  0   0  71.6 0.006240
2020 281  0   0  70.6 0.006244
2020 282  0   6  71.5 0.006260
2020 283  0  23  72.9 0.006327
2020 284  0  15  73.3 0.006332
2020 285  0  17  72.6 0.006314
2020 286  0  16  73.4 0.006309
2020 287  0   0  72.0 0.006329
2020 288  0   5  74.1 0.006314
2020 289  0  13  73.4 0.006312
2020 290  0  13  74.8 0.006306
2020 291  0  13  72.5 0.006354
2020 292  0  23  75.3 0.006340
2020 293  0  16  74.2 0.006382
2020 294  0  13  74.0 0.006355
2020 295  0  11  73.0 0.006361
2020 296  0  11  74.2 0.006419
2020 297  0  22  71.0 0.006424
2020 298  0  21  71.3 0.006399
2020 299  0  22  73.3 0.006368
2020 300  0  19  74.1 0.006386
2020 301  0  44  81.4 0.006403
2020 302  0  28  86.4 0.006486
2020 303  0  37  83.5 0.006442
2020 304  0  31  78.4 0.006414
2020 305  0  26  75.6 0.006382
2020 306  0   3  76.1 0.006364
2020 307  0   8  80.3 0.006400
2020 308  0  16  81.6 0.006485
2020 309  0  24  86.6 0.006465
2020 310  0  31  89.1 0.006518
2020 311  0  41  92.1 0.006587
2020 312  0  38  88.9 0.006587
2020 313  0  44  88.3 0.006535
2020 314  0  28  88.3 0.006554
2020 315  0  27  85.1 0.006546
2020 316  0  31  86.3 0.006572
2020 317  0  30  83.3 0.006532
2020 318  0  25  80.2 0.006480
2020 319  0  22  78.5 0.006399
2020 320  0   6  76.9 0.006389
2020 321  0   0  74.9 0.006480
2020 322  0  12  77.3 0.006548
2020 323  0  12  75.5 0.006563
2020 324  0  12  74.9 0.006543
2020 325  0  12  79.7 0.006551
2020 326  0  25  82.9 0.006552
2020 327  0  37  85.5 0.006592
2020 328  0  48  93.1 0.006725
2020 329  0  42  97.9 0.006824
2020 330  0  51 101.0 0.006865
2020 331  0  57 103.0 0.006909
2020 332  0  75 103.5 0.006987
2020 333  0  84 106.6 0.006943
2020 334  0  94 113.1 0.006940
2020 335  0  85 106.4 0.007013
2020 336  0  50 101.2 0.007017
2020 337  0  46 101.9 0.007006
2020 338  0  43  99.9 0.006950
2020 339  0  39  93.0 0.006872
2020 340  0  36  97.0 0.006729
2020 341  0  22  88.2 0.006689
2020 342  0  20  86.8 0.006655
2020 343  0  13  80.0 0.006677
2020 344  0  13  79.6 0.006660
2020 345  0  12  79.1 0.006605
2020 346  0  11  80.8 0.006564
2020 347  0  11  79.3 0.006575
2020 348  0  11  78.1 0.006566
2020 349  0  13  80.4 0.006562
2020 350  0  19  80.3 0.006570
2020 351  0  13  79.3 0.006583
2020 352  0  12  79.1 0.006584
2020 353  0   7  77.9 0.006561
2020 354  0   0  79.1 0.006542
2020 355  0   0  81.1 0.006612
2020 356  0  11  77.0 0.006705
2020 357  0  11  83.0 0.006786
2020 358  0  23  83.6 0.006856
2020 359  0  27  84.5 0.006823
2020 360  0  29  84.9 0.006827
2020 361  0  32  85.0 0.006862
2020 362  0  31  84.9 0.006889
2020 363  0  29  84.3 0.006888
2020 364  0  30  81.4 0.006884
2020 365  0  29  80.1 0.006788
2020 366  0  32  78.5 0.006714
2021   1  0  24  77.7 0.006795
2021   2  0  17  78.8 0.006676
2021   3  0   0  77.8 0.006623
2021   4  0   0  75.0 0.006527
2021   5  0   0  72.6 0.006503
2021   6  0   0  71.7 0.006496
2021   7  0   0  72.2 0.006456
2021   8  0   0  72.8 0.006436
2021   9  0   0  71.8 0.006394
2021  10  0   0  70.7 0.006371
2021  11  0   0  70.8 0.006339
2021  12  0   0  70.4 0.006304
2021  13  0   0  70.8 0.006319
2021  14  0   3  71.2 0.006344
2021  15  0  14  71.0 0.006361
2021  16  0  12  75.2 0.006369
2021  17  0  14  74.8 0.006410
2021  18  0  12  72.9 0.006444
2021  19  0  20  75.6 0.006549
2021  20  0  21  74.7 0.006542
2021  21  0  25  75.2 0.006643
2021  22  0  35  75.8 0.006651
2021  23  0  32  75.5 0.006693
2021  24  0  23  75.2 0.006717
2021  25  0  27  74.8 0.006672
2021  26  0  17  73.4 0.006651
2021  27  0  20  74.0 0.006652
2021  28  0   7  73.4 0.006627
2021  29  0   0  73.2 0.006610
2021  30  0   0  71.6 0.006507
2021  31  0   0  71.2 0.006496
2021  32  0   0  70.8 0.006432
2021  33  0   9  70.2 0.006370
2021  34  0   7  71.3 0.006120
2021  35  0   0  71.2 0.006370
2021  36  0   0  71.1 0.006384
2021  37  0   0  71.0 0.006338
2021  38  0   0  70.8 0.006325
2021  39  0   2  71.3 0.006321
2021  40  0   2  71.0 0.006317
2021  41  0   0  71.0 0.006343
2021  42  0   0  70.5 0.006352
2021  43  0   0  71.7 0.006382
2021  44  0   0  69.6 0.006350
2021  45  0   0  69.7 0.006374
2021  46  0   0  68.0 0.006388
2021  47  0   0  69.1 0.006401
2021  48  0   0  70.0 0.006453
2021  49  0  10  70.6 0.006478
2021  50  0   9  69.9 0.006478
2021  51  0   9  71.7 0.006477
2021  52  0  10  70.9 0.006470
2021  53  0  16  73.2 0.006514
2021  54  0  36  74.2 0.006566
2021  55  0  38  77.6 0.006594
2021  56  0  34  77.1 0.006546
2021  57  0  18  78.1 0.006543
2021  58  0  17  76.4 0.006506
2021  59  0  13  75.7 0.006481
2021  60  0  10  72.7 0.006414
2021  61  0  16  73.3 0.006420
2021  62  0  35  74.4 0.006397
2021  63  0  30  74.1 0.006426
2021  64  0  13  73.9 0.006402
2021  65  0   7  74.4 0.006410
2021  66  0  21  76.4 0.006397
2021  67  0  14  78.7 0.006390
2021  68  0  15  75.4 0.006397
2021  69  0  17  75.3 0.006426
2021  70  0  22  74.6 0.006450
2021  71  0  14  74.7 0.006472
2021  72  0  11  75.0 0.006468
2021  73  0  23  74.2 0.006436
2021  74  0  24  73.1 0.006408
2021  75  0  19  72.9 0.006455
2021  76  0  13  72.1 0.006439
2021  77  0  13  72.5 0.006477
2021  78  0  13  72.5 0.006575
2021  79  0  11  74.1 0.006551
2021  80  0   8  74.6 0.006531
2021  81  0  22  76.0 0.006607
2021  82  0  27  76.4 0.006595
2021  83  0  30  75.3 0.006585
2021  84  0  27  74.8 0.006614
2021  85  0  25  74.7 0.006585
2021  86  0  19  74.7 0.006553
2021  87  0  12  73.6 0.006515
2021  88  0  12  73.2 0.006575
2021  89  0   9  74.5 0.006472
2021  90  0   0  72.4 0.006427
2021  91  0   0  77.8 0.006405
2021  92  0   0  71.4 0.006333
2021  93  0   4  72.2 0.006319
2021  94  0  12  72.0 0.006364
2021  95  0  11  71.8 0.006422
2021  96  0   6  71.3 0.006427
2021  97  0   0  70.7 0.006361
2021  98  0   0  70.5 0.006380
2021  99  0   0  70.8 0.006393
2021 100  0   0  70.8 0.006418
2021 101  0  10  72.2 0.006441
2021 102  0  14  74.5 0.006476
2021 103  0  19  73.6 0.006470
2021 104  0  21  74.3 0.006502
2021 105  0  25  76.0 0.006547
2021 106  0  35  75.2 0.006542
2021 107  0  15  75.9 0.006550
2021 108  0  18  76.4 0.006564
2021 109  0  36  81.1 0.006622
2021 110  0  57  83.7 0.006637
2021 111  0  46  77.7 0.006608
2021 112  0  44  78.6 0.006594
2021 113  0  37  76.1 0.006612
2021 114  0  54  77.7 0.006633
2021 115  0  55  78.7 0.006639
2021 116  0  50  79.2 0.006607
2021 117  0  55  79.4 0.006600
2021 118  0  46  77.9 0.006539
2021 119  0  37  78.0 0.006485
2021 120  0  28  74.0 0.006547
2021 121  0  10  72.7 0.006455
2021 122  0   0  73.1 0.006385
2021 123  0   0  72.8 0.006362
2021 124  0   0  71.8 0.006360
2021 125  0   0  70.7 0.006377
2021 126  0   0  72.1 0.006385
2021 127  0  10  75.9 0.006441
2021 128  0  17  77.4 0.006488
2021 129  0  20 999.9 0.006514
2021 130  0  34  78.0 0.006544
2021 131  0  32  77.6 0.006545
2021 132  0  33  76.3 0.006542
2021 133  0  30  76.3 0.006550
2021 134  0  26  72.4 0.006588
2021 135  0  28  74.9 0.006598
2021 136  0  13  74.9 0.006601
2021 137  0  14  76.5 0.006603
2021 138  0  28  78.2 0.006632
2021 139  0  27  77.7 0.006747
2021 140  0  20  74.0 0.006569
2021 141  0  14  75.5 0.006553
2021 142  0  19  77.5 0.006587
2021 143  0  27  81.0 0.006596
2021 144  0  31  74.5 0.006753
2021 145  0  41  85.7 0.006797
2021 146  0  41  90.3 0.006632
2021 147  0  41  85.5 0.006614
2021 148  0  31  79.5 0.006514
2021 149  0  15  78.1 0.006452
2021 150  0  26  76.5 0.006557
2021 151  0  30  84.0 0.006573
2021 152  0  22  77.3 0.006487
2021 153  0  29  78.5 0.006522
2021 154  0  31  77.7 0.006545
2021 155  0  35  79.4 0.006577
2021 156  0  38  76.6 0.006565
2021 157  0  38  79.7 0.006607
2021 158  0  49  83.2 0.006786
2021 159  0  34  82.3 0.006751
2021 160  0  25  81.0 0.006533
2021 161  0  27  75.6 0.006582
2021 162  0  19  79.7 0.006642
2021 163  0   8  80.0 0.006597
2021 164  0  15  71.1 0.006633
2021 165  0  12  79.3 0.006708
2021 166  0  11  77.9 0.006720
2021 167  0  11  79.6 0.006744
2021 168  0  12  87.7 0.006804
2021 169  0  21  79.5 0.006776
2021 170  0  15  79.6 0.006702
2021 171  0  14  78.9 0.006652
2021 172  0  13  81.7 0.006646
2021 173  0  16  83.5 0.006658
2021 174  0  12  82.3 0.006668
2021 175  0  11  83.3 0.006708
2021 176  0  23  86.1 0.006775
2021 177  0  19  85.1 0.006828
2021 178  0  33  89.9 0.006863
2021 179  0  46  91.6 0.006979
2021 180  0  56  95.6 0.007008
2021 181  0  54  97.3 0.007044
2021 182  0  57  97.2 0.007072
2021 183  0  61  98.1 0.007072
2021 184  0  61  96.8 0.007045
2021 185  0  51  94.1 0.006981
2021 186  0  44  92.4 0.006828
2021 187  0  50  86.0 0.006685
2021 188  0  20  78.6 0.006598
2021 189  0  17  75.9 0.006601
2021 190  0  12  76.2 0.006572
2021 191  0  16  76.5 0.006566
2021 192  0  22  76.0 0.006603
2021 193  0  23  74.0 0.006605
2021 194  0  19  74.3 0.006599
2021 195  0  29  74.5 0.006599
2021 196  0  22  75.9 0.006626
2021 197  0  35  77.5 0.006661
2021 198  0  50  80.0 0.006692
2021 199  0  48  83.0 0.006743
2021 200  0  49  85.3 0.006821
2021 201  0  46  89.8 0.006873
2021 202  0  72  96.5 0.006800
2021 203  0  75  91.8 0.006966
2021 204  0  55  90.2 0.007031
2021 205  0  31  86.5 0.007075
2021 206  0  36  84.2 0.007113
2021 207  0  31  83.4 0.007114
2021 208  0  21  82.1 0.007130
2021 209  0   7  81.2 0.007126
2021 210  0   4  78.1 0.007018
2021 211  0   0  77.8 0.006940
2021 212  0   2  78.2 0.006868
2021 213  0   8  77.2 0.006770
2021 214  0  13  76.8 0.006779
2021 215  0  17  78.1 0.006695
2021 216  0  17  72.8 0.006514
2021 217  0  24  76.5 0.006532
2021 218  0   9  76.5 0.006486
2021 219  0   0  75.8 0.006506
2021 220  0   0  75.5 0.006604
2021 221  0   7  75.0 0.006749
2021 222  0   0  75.3 0.006786
2021 223  0  19  75.8 0.006595
2021 224  0   8  75.6 0.006633
2021 225  0  10  74.8 0.006649
2021 226  0  20  74.5 0.006683
2021 227  0  23  76.5 0.006669
2021 228  0  20  76.3 0.006666
2021 229  0  15  75.0 0.006677
2021 230  0  13  77.1 0.006706
2021 231  0  22  76.7 0.006660
2021 232  0  13  79.5 0.006646
2021 233  0  17  78.9 0.006656
2021 234  0  19  78.8 0.006724
2021 235  0  17  79.8 0.006814
2021 236  0  21  82.6 0.006891
2021 237  0  35  85.4 0.006953
2021 238  0  48  90.5 0.007051
2021 239  0  70  91.3 0.007048
2021 240  0  75  91.7 0.007019
2021 241  0  51  90.5 0.006931
2021 242  0  43  92.4 0.006870
2021 243  0  40  86.0 0.006866
2021 244  0  38  85.7 0.006827
2021 245  0  33  87.3 0.006749
2021 246  0  25  85.3 0.006716
2021 247  0  70  88.0 0.006882
2021 248  0  75  94.9 0.006850
2021 249  0  83 101.1 0.006918
2021 250  0  84 102.8 0.006923
2021 251  0  98 101.9 0.006953
2021 252  0 102 101.1 0.006917
2021 253  0  97  97.6 0.006928
2021 254  0  74  93.0 0.006903
2021 255  0  50  88.8 0.006817
2021 256  0  34  84.3 0.006712
2021 257  0  23  79.0 0.006672
2021 258  0  10  76.1 0.006587
2021 259  0   0  74.0 0.006533
2021 260  0   0  74.1 0.006562
2021 261  0   0  74.4 0.006612
2021 262  0  13  75.7 0.006623
2021 263  0  44  80.7 0.006689
2021 264  0  65  85.5 0.006870
2021 265  0  81  89.2 0.006957
2021 266  0  69  90.2 0.007060
2021 267  0  61  88.9 0.007090
2021 268  0  46  88.9 0.007046
2021 269  0  50  86.7 0.007050
2021 270  0  49  85.6 0.007055
2021 271  0  56  89.3 0.007089
2021 272  0  70 102.0 0.007153
2021 273  0  45  94.8 0.007112
2021 274  0  36  90.7 0.006981
2021 275  0  34  87.1 0.006901
2021 276  0  26  86.1 0.006861
2021 277  0  35  83.5 0.006864
2021 278  0  31  81.7 0.006862
2021 279  0  26  84.7 0.006925
2021 280  0  16  85.6 0.006935
2021 281  0  19  92.2 0.006934
2021 282  0  24  80.8 0.006905
2021 283  0  39  84.2 0.006790
2021 284  0  30  88.2 0.006789
2021 285  0  18  83.1 0.006768
2021 286  0  20  83.1 0.006777
2021 287  0  21  82.9 0.006793
2021 288  0  12  83.5 0.006692
2021 289  0  11  77.0 0.006666
2021 290  0   0  76.9 0.006676
2021 291  0  18  75.3 0.006702
2021 292  0  13  75.4 0.006676
2021 293  0  12  75.3 0.006641
2021 294  0  18  81.1 0.006754
2021 295  0  37  86.0 0.006802
2021 296  0  50  85.8 0.006902
2021 297  0  41  92.2 0.007020
2021 298  0  68  99.4 0.007140
2021 299  0  92 107.9 0.007278
2021 300  0 104 109.5 0.007364
2021 301  0 100 110.3 0.007434
2021 302  0  85 106.9 0.007352
2021 303  0  78 105.7 0.007327
2021 304  0  68 101.2 0.007280
2021 305  0  53  96.3 0.007237
2021 306  0  43  95.5 0.007341
2021 307  0  34  87.6 0.007202
2021 308  0  28  92.3 0.006999
2021 309  0  36  91.2 0.007173
2021 310  0  35  80.6 0.006956
2021 311  0  31  85.9 0.006910
2021 312  0  39  86.6 0.006868
2021 313  0  45  90.3 0.006911
2021 314  0  41  85.8 0.006858
2021 315  0  44  82.8 0.006828
2021 316  0  36  81.2 0.006906
2021 317  0  25  79.3 0.006904
2021 318  0  20  77.0 0.006716
2021 319  0  24  77.6 0.006718
2021 320  0  33  78.4 0.006726
2021 321  0  30  77.4 0.006702
2021 322  0  23  79.9 0.006666
2021 323  0  23  77.1 0.006684
2021 324  0  22  77.7 0.006754
2021 325  0  23  77.0 0.006801
2021 326  0  23  76.3 0.006804
2021 327  0  33  77.8 0.006901
2021 328  0  43  81.3 0.006981
2021 329  0  26  91.2 0.007037
2021 330  0  46  89.9 0.007100
2021 331  0  42  89.4 0.007122
2021 332  0  47  89.7 0.007083
2021 333  0  43  87.3 0.007051
2021 334  0  60  87.5 0.007035
2021 335  0  43  84.0 0.006928
2021 336  0  37  84.2 0.006893
2021 337  0  30  82.9 0.006839
2021 338  0  19  85.6 0.006774
2021 339  0  25  80.3 0.006762
2021 340  0  13  77.6 0.006696
2021 341  0  12  76.6 0.006656
2021 342  0   6  74.6 0.006623
2021 343  0   0  74.4 0.006576
2021 344  0   0  73.4 0.006566
2021 345  0   0  73.9 0.006543
2021 346  0  13  77.4 0.006626
2021 347  0  25  78.2 0.006695
2021 348  0  44  86.2 0.006808
2021 349  0  78  99.3 0.006953
2021 350  0 107 114.2 0.007130
2021 351  0 111 117.0 0.007271
2021 352  0 110 117.4 0.007463
2021 353  0 120 111.6 0.007625
2021 354  0 120 118.8 0.007734
2021 355  0 133 132.2 0.007809
2021 356  0 152 135.8 0.007925
2021 357  0 145 125.6 0.007789
2021 358  0 114 122.1 0.007674
2021 359  0 112 126.5 0.007629
2021 360  0  97 121.2 0.007534
2021 361  0 109 119.9 0.007514
2021 362  0 102 116.5 0.007530
2021 363  0  87 107.8 0.007382
2021 364  0  70  99.0 0.007218
2021 365  0  62  98.2 0.007081
2022   1  0  48  90.8 0.007039
2022   2  0  27  86.0 0.006893
2022   3  0  10  81.3 0.006827
2022   4  0  10  82.7 0.006801
2022   5  0  23  81.0 0.006862
2022   6  0  34  90.6 0.006892
2022   7  0  44 103.8 0.006973
2022   8  0  44  99.1 0.007130
2022   9  0  54  98.7 0.007293
2022  10  0  54  98.8 0.007375
2022  11  0  51  96.7 0.007463
2022  12  0  76  99.8 0.007505
2022  13  0  85 102.1 0.007583
2022  14  0  98 106.6 0.007675
2022  15  0  95 111.8 0.007702
2022  16  0 102 115.6 0.007700
2022  17  0  80 109.9 0.007730
2022  18  0  66 110.8 0.007722
2022  19  0  58 101.9 0.007653
2022  20  0  57  96.1 0.007548
2022  21  0  23  94.3 0.007458
2022  22  0  24  92.2 0.007407
2022  23  0  20  90.6 0.007413
2022  24  0  33  92.2 0.007507
2022  25  0  52  97.8 0.007444
2022  26  0  69  98.7 0.007416
2022  27  0  81 103.9 0.007358
2022  28  0  72 110.0 0.007273
2022  29  0  66 121.6 0.007256
2022  30  0  83 125.8 0.007312
2022  31  0  75 125.7 0.007423
2022  32  0  77 124.9 0.007455
2022  33  0  72 124.5 0.007516
2022  34  0  80 122.9 0.007617
2022  35  0 100 126.0 0.007610
2022  36  0  91 122.4 0.007676
2022  37  0  78 120.2 0.007741
2022  38  0  76 123.7 0.007764
2022  39  0  75 119.8 0.007792
2022  40  0  68 122.5 0.007779
2022  41  0  72 114.9 0.007708
2022  42  0  75 110.2 0.007610
2022  43  0  54 107.7 0.007528
2022  44  0  46 102.8 0.007520
2022  45  0  63 103.9 0.007590
2022  46  0  81 111.5 0.007515
2022  47  0  87 100.4 0.007503
2022  48  0  80  94.4 0.007458
2022  49  0  49  91.1 0.007392
2022  50  0  42  93.5 0.007406
2022  51  0  48  91.2 0.007385
2022  52  0  48  95.6 0.007463
2022  53  0  38  93.3 0.007478
2022  54  0  36  93.5 0.007369
2022  55  0  32  90.5 0.007307
2022  56  0  23  94.2 0.007293
2022  57  0  25  94.7 0.007355
2022  58  0  32  95.1 0.007391
2022  59  0  56  97.1 0.007445
2022  60  0  72  97.5 0.007488
2022  61  0  78 107.6 0.007579
2022  62  0  88 109.0 0.007683
2022  63  0  87 111.2 0.007753
2022  64  0  85 118.2 0.007804
2022  65  0  79 113.9 0.007861
2022  66  0  89 116.5 0.007824
2022  67  0  91 113.6 0.007813
2022  68  0  89 113.1 0.007782
2022  69  0  94 125.4 0.007726
2022  70  0  91 124.9 0.007664
2022  71  0  91 123.1 0.007581
2022  72  0  85 121.4 0.007561
2022  73  0  84 113.6 0.007530
2022  74  0  75 109.2 0.007510
2022  75  0  62 105.5 0.007423
2022  76  0  50 101.8 0.007390
2022  77  0  35  96.8 0.007341
2022  78  0  36  93.5 0.007288
2022  79  0  52  94.1 0.007256
2022  80  0  51  97.0 0.007319
2022  81  0  47 105.2 0.007352
2022  82  0  49 104.9 0.007456
2022  83  0  51 110.9 0.007591
2022  84  0  51 111.8 0.007673
2022  85  0  61 118.1 0.007879
2022  86  0  96 129.7 0.008100
2022  87  0 137 155.4 0.008254
2022  88  0 142 148.7 0.008331
2022  89  0 115 151.0 0.008331
2022  90  0 124 239.0 0.008302
2022  91  0 130 146.4 0.008234
2022  92  0 121 143.2 0.008045
2022  93  0 118 140.2 0.007948
2022  94  0  82 128.0 0.007934
2022  95  0  86 122.5 0.007933
2022  96  0  74 117.1 0.007963
2022  97  0  57 111.3 0.007896
2022  98  0  53 109.2 0.007820
2022  99  0  38 107.5 0.007704
2022 100  0  21 101.4 0.007617
2022 101  0  11  99.2 0.007504
2022 102  0  14  96.7 0.007454
2022 103  0  33  99.2 0.007454
2022 104  0  41 104.0 0.007453
2022 105  0  46 111.0 0.007463
2022 106  0  64 123.3 0.007590
2022 107  0  86 135.9 0.007743
2022 108  0 100 141.6 0.007870
2022 109  0  95 161.5 0.007984
2022 110  0  99 167.0 0.008071
2022 111  0 113 166.0 0.008165
2022 112  0 111 164.2 0.008285
2022 113  0 126 161.6 0.008345
2022 114  0 129 160.3 0.008419
2022 115  0 119 158.5 0.008423
2022 116  0 132 150.8 0.008451
2022 117  0 133 143.4 0.008360
2022 118  0 134 134.1 0.008165
2022 119  0 105 125.3 0.008070
2022 120  0  50 121.5 0.007968
2022 121  0  36 110.6 0.007945
2022 122  0  32 113.7 0.008017
2022 123  0  76 115.6 0.008100
2022 124  0  77 132.3 0.008002
2022 125  0  78 122.0 0.007947
2022 126  0  76 121.3 0.007921
2022 127  0  64 120.2 0.007833
2022 128  0  80 121.4 0.007733
2022 129  0  71 119.3 0.007697
2022 130  0  57 118.1 0.007749
2022 131  0  80 135.6 0.007782
2022 132  0 112 135.7 0.007919
2022 133  0 125 152.6 0.008099
2022 134  0 131 155.9 0.008207
2022 135  0 145 156.9 0.008386
2022 136  0 149 165.3 0.008553
2022 137  0 146 174.7 0.008665
2022 138  0 131 184.0 0.008763
2022 139  0 144 177.3 0.008758
2022 140  0 132 169.5 0.008789
2022 141  0 154 170.8 0.008787
2022 142  0 162 168.8 0.008711
2022 143  0 144 162.2 0.008589
2022 144  0 132 150.6 0.008358
2022 145  0 106 140.1 0.008100
2022 146  0  81 126.0 0.007925
2022 147  0  59 116.7 0.007738
2022 148  0  42 104.5 0.007711
2022 149  0  43 101.1 0.007623
2022 150  0  58 103.4 0.007583
2022 151  0  69 100.7 0.007547
2022 152  0  62 107.1 0.007504
2022 153  0  59 103.8 0.007517
2022 154  0  56 103.6 0.007563
2022 155  0  66 103.9 0.007580
2022 156  0  49 101.6 0.007559
2022 157  0  32  99.3 0.007556
2022 158  0   7 101.3 0.007610
2022 159  0   3 102.9 0.007720
2022 160  0  21 109.6 0.007853
2022 161  0  46 113.9 0.007971
2022 162  0  39 115.6 0.008156
2022 163  0  53 125.1 0.008349
2022 164  0  94 135.6 0.008461
2022 165  0 123 150.1 0.008447
2022 166  0 148 144.5 0.008507
2022 167  0 150 151.4 0.008547
2022 168  0 152 153.7 0.008523
2022 169  0 147 144.7 0.008471
2022 170  0 118 148.2 0.008261
2022 171  0  96 141.0 0.008075
2022 172  0  96 143.2 0.007994
2022 173  0  89 132.9 0.007904
2022 174  0  70 125.5 0.007832
2022 175  0  61 119.2 0.007691
2022 176  0  47 111.7 0.007688
2022 177  0  33 105.4 0.007601
2022 178  0  52 101.4 0.007561
2022 179  0  62  99.3 0.007513
2022 180  0  37  99.4 0.007488
2022 181  0  42  98.9 0.007504
2022 182  0  58 101.3 0.007510
2022 183  0  64 103.6 0.007543
2022 184  0  56 105.7 0.007563
2022 185  0  59 107.9 0.007703
2022 186  0  78 113.1 0.007959
2022 187  0  82 118.4 0.008133
2022 188  0  97 125.3 0.008292
2022 189  0  87 133.9 0.008374
2022 190  0  93 141.5 0.008551
2022 191  0 107 158.2 0.008674
2022 192  0 125 166.4 0.008677
2022 193  0 114 170.4 0.008586
2022 194  0 116 170.3 0.008636
2022 195  0 123 174.6 0.008660
2022 196  0 135 177.0 0.008836
2022 197  0 151 182.0 0.008541
2022 198  0 138 166.5 0.008382
2022 199  0 124 154.3 0.008356
2022 200  0 111 148.8 0.008304
2022 201  0 133 136.5 0.008172
2022 202  0 110 125.6 0.008007
2022 203  0  98 118.4 0.007879
2022 204  0  97 114.1 0.007829
2022 205  0  80 110.5 0.007745
2022 206  0  86 105.5 0.007623
2022 207  0  91 101.9 0.007547
2022 208  0  60 101.1 0.007428
2022 209  0  42  96.3 0.007311
2022 210  0  43  95.9 0.007243
2022 211  0  42  93.6 0.007264
2022 212  0  34  97.1 0.007351
2022 213  0  27  98.2 0.007512
2022 214  0  33 100.7 0.007645
2022 215  0  36 102.8 0.007784
2022 216  0  42 111.9 0.007927
2022 217  0  71 115.4 0.008088
2022 218  0  72 119.7 0.008236
2022 219  0  85 119.4 0.008316
2022 220  0  80 116.2 0.008266
2022 221  0  61 112.4 0.008284
2022 222  0  63 110.5 0.008359
2022 223  0  71 117.9 0.008362
2022 224  0 102 122.7 0.008347
2022 225  0 109 127.5 0.008348
2022 226  0 110 128.8 0.008344
2022 227  0 110 134.0 0.008247
2022 228  0 123 131.7 0.008083
2022 229  0 111 125.7 0.007915
2022 230  0  87 119.4 0.007802
2022 231  0  83 107.9 0.007643
2022 232  0  74 103.9 0.007549
2022 233  0  58  99.2 0.007495
2022 234  0  71 104.9 0.007386
2022 235  0  50 103.2 0.007362
2022 236  0  60 110.2 0.007435
2022 237  0  93 120.3 0.007517
2022 238  0  94 121.2 0.007470
2022 239  0  94 130.2 0.007451
2022 240  0  83 257.0 0.007493
2022 241  0  70 133.1 0.007470
2022 242  0  48 128.1 0.007517
2022 243  0  43 115.5 0.007616
2022 244  0  62 118.4 0.007863
2022 245  0  63 132.1 0.008005
2022 246  0  68 125.6 0.008060
2022 247  0  72 130.4 0.008081
2022 248  0  83 132.4 0.008143
2022 249  0  75 128.2 0.008290
2022 250  0  96 128.1 0.008350
2022 251  0  97 128.5 0.008456
2022 252  0 103 128.0 0.008548
2022 253  0 117 137.7 0.008635
2022 254  0 128 153.5 0.008509
2022 255  0 141 152.3 0.008403
2022 256  0 118 155.9 0.008274
2022 257  0  91 146.0 0.008161
2022 258  0 101 141.3 0.007957
2022 259  0  92 132.5 0.007828
2022 260  0  86 132.8 0.007769
2022 261  0  73 137.4 0.007705
2022 262  0  70 129.1 0.007653
2022 263  0  68 138.4 0.007629
2022 264  0  84 138.0 0.007734
2022 265  0 105 137.7 0.007798
2022 266  0 131 147.3 0.007843
2022 267  0 147 147.4 0.007742
2022 268  0 135 135.5 0.007784
2022 269  0 132 135.8 0.007866
2022 270  0 108 135.1 0.008024
2022 271  0  85 135.3 0.008111
2022 272  0  72 137.7 0.008214
2022 273  0  76 137.5 0.008329
2022 274  0 110 148.3 0.008400
2022 275  0 128 154.1 0.008560
2022 276  0 165 155.3 0.008636
2022 277  0 167 152.5 0.008769
2022 278  0 164 161.0 0.008907
2022 279  0 162 155.6 0.009048
2022 280  0 163 159.5 0.008961
2022 281  0 154 156.9 0.008884
2022 282  0 129 160.1 0.008688
2022 283  0 120 162.7 0.008491
2022 284  0 106 149.8 0.008391
2022 285  0 103 140.0 0.008261
2022 286  0  83 129.4 0.008107
2022 287  0  82 119.9 0.008045
2022 288  0  46 114.4 0.007984
2022 289  0  75 118.4 0.007888
2022 290  0  73 124.8 0.007775
2022 291  0  50 113.1 0.007821
2022 292  0  49 112.3 0.007863
2022 293  0  36 114.8 0.007841
2022 294  0  57 108.4 0.007826
2022 295  0  70 103.9 0.007730
2022 296  0  52 107.3 0.007729
2022 297  0  54 113.6 0.007802
2022 298  0  78 115.0 0.007880
2022 299  0  83 120.9 0.007997
2022 300  0  86 128.1 0.008095
2022 301  0  89 127.7 0.008229
2022 302  0  87 132.1 0.008374
2022 303  0  75 128.7 0.008376
2022 304  0  63 126.0 0.008459
2022 305  0  85 126.1 0.008590
2022 306  0  98 127.7 0.008580
2022 307  0  78 123.3 0.008622
2022 308  0 103 115.7 0.008649
2022 309  0 115 128.8 0.008613
2022 310  0  96 128.5 0.008621
2022 311  0 100 132.1 0.008545
2022 312  0 103 129.8 0.008508
2022 313  0  98 135.0 0.008422
2022 314  0  85 136.0 0.008373
2022 315  0  74 134.9 0.008261
2022 316  0  88 135.4 0.008153
2022 317  0 111 134.1 0.008064
2022 318  0  96 138.5 0.007925
2022 319  0  86 131.3 0.007856
2022 320  0  90 130.0 0.007858
2022 321  0  59 116.5 0.007862
2022 322  0  57 113.4 0.007892
2022 323  0  75 112.4 0.007879
2022 324  0  87 116.3 0.007844
2022 325  0  77 114.2 0.007807
2022 326  0  73 112.9 0.007821
2022 327  0  71 110.5 0.007850
2022 328  0  76 106.9 0.007838
2022 329  0  72 105.7 0.007832
2022 330  0  78 104.3 0.007724
2022 331  0  72 104.4 0.007628
2022 332  0  56 104.1 0.007578
2022 333  0  28 105.0 0.007628
2022 334  0  28 108.0 0.007777
2022 335  0  51 115.4 0.007927
2022 336  0  71 120.6 0.008160
2022 337  0  75 130.0 0.008377
2022 338  0  93 139.6 0.008442
2022 339  0 103 145.4 0.008454
2022 340  0 119 140.0 0.008483
2022 341  0 127 143.6 0.008496
2022 342  0 128 138.8 0.008524
2022 343  0 111 144.6 0.008477
2022 344  0 122 137.4 0.008498
2022 345  0 140 143.2 0.008482
2022 346  0 157 146.2 0.008512
2022 347  0 159 148.3 0.008595
2022 348  0 148 159.6 0.008534
2022 349  0 141 160.7 0.008453
2022 350  0 131 158.0 0.008397
2022 351  0 131 149.7 0.008374
2022 352  0 127 150.7 0.008350
2022 353  0 113 147.5 0.008259
2022 354  0 112 141.7 0.008204
2022 355  0 100 134.2 0.008163
2022 356  0  98 127.0 0.008100
2022 357  0  85 123.6 0.008180
2022 358  0  93 129.0 0.008048
2022 359  0 105 139.3 0.008058
2022 360  0 115 145.5 0.008034
2022 361  0  94 153.8 0.008174
2022 362  0 103 155.1 0.008300
2022 363  0 123 157.4 0.008417
2022 364  0 124 172.4 0.008568
2022 365  0  98 159.5 0.008654
2023   1  0 108 147.5 0.008629
2023   2  0 109 141.5 0.008716
2023   3  0 108 146.9 0.008790
2023   4  0  96 146.0 0.008912
2023   5  0 112 149.2 0.009065
2023   6  0 131 166.7 0.009085
2023   7  0 133 173.0 0.009084
2023   8  0 135 177.8 0.009021
2023   9  0 148 184.7 0.008944
2023  10  0 179 186.6 0.008892
2023  11  0 168 188.7 0.008898
2023  12  0 171 204.7 0.008920
2023  13  0 178 201.7 0.009230
2023  14  0 189 220.4 0.009452
2023  15  0 199 226.7 0.009478
2023  16  0 190 220.7 0.009434
2023  17  0 188 214.6 0.009439
2023  18  0 195 213.2 0.009541
2023  19  0 205 218.9 0.009523
2023  20  0 206 210.6 0.009432
2023  21  0 195 202.1 0.009308
2023  22  0 166 192.3 0.009172
2023  23  0 162 183.2 0.008995
2023  24  0 151 174.6 0.008684
2023  25  0 137 166.5 0.008519
2023  26  0 110 146.0 0.008480
2023  27  0  86 140.5 0.008411
2023  28  0  85 133.4 0.008499
2023  29  0  79 132.9 0.008577
2023  30  0  76 131.9 0.008605
2023  31  0  80 132.9 0.008665
2023  32  0  72 129.6 0.008759
2023  33  0  58 131.0 0.008845
2023  34  0  64 130.7 0.008952
2023  35  0  71 135.1 0.008675
2023  36  0  74 140.0 0.008835
2023  37  0 111 152.4 0.009208
2023  38  0 107 179.7 0.009146
2023  39  0 125 192.3 0.009325
2023  40  0 129 209.1 0.009610
2023  41  0 163 202.3 0.009728
2023  42  0 166 204.1 0.009600
2023  43  0 159 194.6 0.009539
2023  44  0 177 183.3 0.009326
2023  45  0 159 175.3 0.009138
2023  46  0 121 169.5 0.009026
2023  47  0  91 159.2 0.008992
2023  48  0  86 335.0 0.008873
2023  49  0 104 163.6 0.008758
2023  50  0 107 165.2 0.008673
2023  51  0 112 156.3 0.008526
2023  52  0 104 157.4 0.008405
2023  53  0  86 148.6 0.008441
2023  54  0  90 145.1 0.008539
2023  55  0 117 160.7 0.008671
2023  56  0 127 273.7 0.008801
2023  57  0 119 155.9 0.008874
2023  58  0 126 158.1 0.008905
2023  59  0  91 157.9 0.008856
2023  60  0  93 159.0 0.009000
2023  61  0 100 165.8 0.009118
2023  62  0 119 187.5 0.009254
2023  63  0 127 178.6 0.009290
2023  64  0 151 176.8 0.009404
2023  65  0 185 185.0 0.009432
2023  66  0 186 177.5 0.009519
2023  67  0 166 179.2 0.009612
2023  68  0 156 176.2 0.009666
2023  69  0 148 168.8 0.009437
2023  70  0 149 155.3 0.009319
2023  71  0 136 148.1 0.009072
2023  72  0 104 141.5 0.008840
2023  73  0 115 136.9 0.008681
2023  74  0 107 134.2 0.008564
2023  75  0  94 133.9 0.008458
2023  76  0  72 132.9 0.008352
2023  77  0  44 139.0 0.008294
2023  78  0  73 141.4 0.008443
2023  79  0  83 154.8 0.008510
2023  80  0  96 150.4 0.008623
2023  81  0 104 157.7 0.008660
2023  82  0 112 150.0 0.008817
2023  83  0 149 156.6 0.008948
2023  84  0 153 159.4 0.008981
2023  85  0 154 158.6 0.008968
2023  86  0 158 157.5 0.008951
2023  87  0 148 158.1 0.008886
2023  88  0 158 147.3 0.008827
2023  89  0 108 140.0 0.008691
2023  90  0  75 129.0 0.008608
2023  91  0  47 125.1 0.008666
2023  92  0  44 126.7 0.008815
2023  93  0  61 133.5 0.008940
2023  94  0  65 135.7 0.008987
2023  95  0  53 136.7 0.009054
2023  96  0  49 137.2 0.009018
2023  97  0  48 136.6 0.008851
2023  98  0  48 136.2 0.008778
2023  99  0  60 140.7 0.008704
2023 100  0  90 140.3 0.008749
2023 101  0 109 144.0 0.008748
2023 102  0 130 154.7 0.008833
2023 103  0 150 160.4 0.008926
2023 104  0 163 172.3 0.009027
2023 105  0 177 176.9 0.008951
2023 106  0 183 179.1 0.008916
2023 107  0 149 167.8 0.008806
2023 108  0 135 154.4 0.008722
2023 109  0 103 148.3 0.008777
2023 110  0 103 148.4 0.008797
2023 111  0 104 152.7 0.008704
2023 112  0  97 142.7 0.008633
2023 113  0  83 136.7 0.008589
2023 114  0  73 135.5 0.008529
2023 115  0  73 132.3 0.008578
2023 116  0  97 138.2 0.008563
2023 117  0 109 142.6 0.008616
2023 118  0 111 151.8 0.008624
2023 119  0 111 158.0 0.008569
2023 120  0 102 155.8 0.008604
2023 121  0 104 150.1 0.008653
2023 122  0 123 159.2 0.008775
2023 123  0 124 158.7 0.008812
2023 124  0 138 164.7 0.008892
2023 125  0 115 164.7 0.008896
2023 126  0 116 154.5 0.008879
2023 127  0 133 160.0 0.008954
2023 128  0 128 175.1 0.009136
2023 129  0 176 198.4 0.009150
2023 130  0 165 173.4 0.009144
2023 131  0 157 166.7 0.009086
2023 132  0 145 152.2 0.008963
2023 133  0 133 146.8 0.008822
2023 134  0 131 142.7 0.008590
2023 135  0 113 137.4 0.008414
2023 136  0 106 137.3 0.008405
2023 137  0 110 141.0 0.008514
2023 138  0 120 154.1 0.008677
2023 139  0 142 168.5 0.008711
2023 140  0 144 173.7 0.008618
2023 141  0 146 167.3 0.008493
2023 142  0 136 165.5 0.008526
2023 143  0 127 158.8 0.008714
2023 144  0 151 168.2 0.008751
2023 145  0 150 156.0 0.008639
2023 146  0 145 152.9 0.008651
2023 147  0 137 161.1 0.008633
2023 148  0 144 155.4 0.008670
2023 149  0 158 158.6 0.008714
2023 150  0 166 166.5 0.008703
2023 151  0 177 165.9 0.008613
2023 152  0 153 168.5 0.008638
2023 153  0 145 166.9 0.008719
2023 154  0 143 169.3 0.008922
2023 155  0 144 173.2 0.009016
2023 156  0 158 174.1 0.009260
2023 157  0 185 176.9 0.009492
2023 158  0 198 172.1 0.009484
2023 159  0 181 173.6 0.009414
2023 160  0 167 169.3 0.009215
2023 161  0 148 166.1 0.009086
2023 162  0 146 158.6 0.008870
2023 163  0 114 150.7 0.008805
2023 164  0  93 150.9 0.008754
2023 165  0 117 148.0 0.008657
2023 166  0 122 157.9 0.008654
2023 167  0 131 162.2 0.008674
2023 168  0 130 163.2 0.008803
2023 169  0 160 169.4 0.009071
2023 170  0 182 174.3 0.009043
2023 171  0 206 186.0 0.009374
2023 172  0 217 182.2 0.009410
2023 173  0 240 178.8 0.009429
2023 174  0 228 175.2 0.009380
2023 175  0 223 166.1 0.009224
2023 176  0 204 159.9 0.008959
2023 177  0 171 162.9 0.008718
2023 178  0 156 156.2 0.008601
2023 179  0 136 160.1 0.008443
2023 180  0 111 167.6 0.008388
2023 181  0 106 163.9 0.008553
2023 182  0 136 171.0 0.008794
2023 183  0 148 175.9 0.008916
2023 184  0 154 179.0 0.008951
2023 185  0 140 172.8 0.008962
2023 186  0 135 159.8 0.009037
2023 187  0 145 162.9 0.008985
2023 188  0 159 166.8 0.008999
2023 189  0 177 165.9 0.009109
2023 190  0 180 185.2 0.009079
2023 191  0 191 196.9 0.009127
2023 192  0 210 220.6 0.008952
2023 193  0 196 199.7 0.008841
2023 194  0 152 209.7 0.008753
2023 195  0 152 186.6 0.008834
2023 196  0 127 184.5 0.009008
2023 197  0 166 190.4 0.009171
2023 198  0 159 185.9 0.009305
2023 199  0 168 225.7 0.009263
2023 200  0 165 195.1 0.009331
2023 201  0 177 190.3 0.009285
2023 202  0 150 178.5 0.009344
2023 203  0 140 180.0 0.009316
2023 204  0 144 178.0 0.009283
2023 205  0 140 170.3 0.009144
2023 206  0 138 174.4 0.008988
2023 207  0 153 172.6 0.008901
2023 208  0 146 170.5 0.008970
2023 209  0 165 173.4 0.009187
2023 210  0 178 184.1 0.009216
2023 211  0 181 179.7 0.009270
2023 212  0 187 182.4 0.009199
2023 213  0 180 179.9 0.009098
2023 214  0 163 178.1 0.009107
2023 215  0 145 167.7 0.009128
2023 216  0 132 175.8 0.009249
2023 217  0 131 180.8 0.009179
2023 218  0 122 178.5 0.009149
2023 219  0 126 174.5 0.009081
2023 220  0 123 163.4 0.009046
2023 221  0 102 157.7 0.009147
2023 222  0 109 160.0 0.009219
2023 223  0 105 157.0 0.009274
2023 224  0  80 152.2 0.009319
2023 225  0 101 154.4 0.009341
2023 226  0 118 158.1 0.009361
2023 227  0 122 162.1 0.009439
2023 228  0 148 164.2 0.009398
2023 229  0 145 155.7 0.009370
2023 230  0 124 154.4 0.009284
2023 231  0 130 154.3 0.009091
2023 232  0 101 149.8 0.008933
2023 233  0 110 152.2 0.008921
2023 234  0 114 154.4 0.008907
2023 235  0 105 150.3 0.008909
2023 236  0  92 147.3 0.008896
2023 237  0  90 141.9 0.008947
2023 238  0  91 142.2 0.008815
2023 239  0  84 144.5 0.008716
2023 240  0  82 144.5 0.008687
2023 241  0  90 145.0 0.008797
2023 242  0 104 141.2 0.008744
2023 243  0  89 142.5 0.008760
2023 244  0  86 138.3 0.008752
2023 245  0  82 133.6 0.008809
2023 246  0  91 132.8 0.008840
2023 247  0 102 138.4 0.008883
2023 248  0 115 145.2 0.008955
2023 249  0 120 149.4 0.009078
2023 250  0 132 163.3 0.009151
2023 251  0 117 163.4 0.009188
2023 252  0 133 163.7 0.009164
2023 253  0 173 166.2 0.009243
2023 254  0 190 178.8 0.009103
2023 255  0 145 155.5 0.009100
2023 256  0 131 144.4 0.009106
2023 257  0 134 146.9 0.009030
2023 258  0 109 140.6 0.008985
2023 259  0  88 141.9 0.008948
2023 260  0  89 146.1 0.008990
2023 261  0 127 156.0 0.009127
2023 262  0 149 167.6 0.009087
2023 263  0 170 156.8 0.009142
2023 264  0 194 169.4 0.009067
2023 265  0 200 177.0 0.009021
2023 266  0 196 174.1 0.008948
2023 267  0 176 174.8 0.009006
2023 268  0 169 171.1 0.009029
2023 269  0 140 165.7 0.009008
2023 270  0 133 156.7 0.008970
2023 271  0 116 148.4 0.009024
2023 272  0 103 155.5 0.009083
2023 273  0 117 159.5 0.009186
2023 274  0 151 161.5 0.009320
2023 275  0 168 157.7 0.009470
2023 276  0 144 153.8 0.009506
2023 277  0 154 155.1 0.009488
2023 278  0 159 156.1 0.009546
2023 279  0 158 155.3 0.009569
2023 280  0 134 157.0 0.009484
2023 281  0 144 156.8 0.009336
2023 282  0 153 165.2 0.009252
2023 283  0 132 163.9 0.009191
2023 284  0 145 157.5 0.009120
2023 285  0 137 156.4 0.009056
2023 286  0 113 148.4 0.009034
2023 287  0 111 147.4 0.008662
2023 288  0 104 143.8 0.009008
2023 289  0  97 143.1 0.008908
2023 290  0  74 136.4 0.008857
2023 291  0  66 134.3 0.008763
2023 292  0  57 127.7 0.008644
2023 293  0  67 124.6 0.008310
2023 294  0  68 121.4 0.008420
2023 295  0  55 117.6 0.008375
2023 296  0  34 120.8 0.008306
2023 297  0  39 119.8 0.008481
2023 298  0  33 124.4 0.008066
2023 299  0  54 124.9 0.008682
2023 300  0  58 125.9 0.008820
2023 301  0  49 126.3 0.008991
2023 302  0  58 133.3 0.008978
2023 303  0  73 137.7 0.008956
2023 304  0 107 145.1 0.009058
2023 305  0 115 156.2 0.009218
2023 306  0 122 155.9 0.009333
2023 307  0 121 153.6 0.009304
2023 308  0  92 152.7 0.009166
2023 309  0  91 152.2 0.008981
2023 310  0  77 143.6 0.008706
2023 311  0  78 142.5 0.008748
2023 312  0 113 143.1 0.008731
2023 313  0  99 136.1 0.008733
2023 314  0  94 141.1 0.008711
2023 315  0  81 138.7 0.008648
2023 316  0  82 134.4 0.008444
2023 317  0  73 130.0 0.008231
2023 318  0  60 121.2 0.008078
2023 319  0  33 116.4 0.008013
2023 320  0  30 115.3 0.007989
2023 321  0  26 116.9 0.007983
2023 322  0  32 124.2 0.008104
2023 323  0  68 136.8 0.008378
2023 324  0  96 152.8 0.008806
2023 325  0 153 167.3 0.009236
2023 326  0 160 184.8 0.009480
2023 327  0 186 189.3 0.009529
2023 328  0 167 173.5 0.009616
2023 329  0 177 171.9 0.009687
2023 330  0 171 175.5 0.009638
2023 331  0 158 182.3 0.009702
2023 332  0 150 247.8 0.009573
2023 333  0 161 166.0 0.009451
2023 334  0 148 162.0 0.009284
2023 335  0 123 157.6 0.008928
2023 336  0 100 144.0 0.008647
2023 337  0 104 135.2 0.008421
2023 338  0 113 133.9 0.008343
2023 339  0 107 137.5 0.008324
2023 340  0 134 126.1 0.008354
2023 341  0 125 130.6 0.008391
2023 342  0 113 128.6 0.008356
2023 343  0 127 124.1 0.008182
2023 344  0 123 122.8 0.008028
2023 345  0  92 122.1 0.007981
2023 346  0  96 122.3 0.008135
2023 347  0 110 130.7 0.008245
2023 348  0 117 150.3 0.008262
2023 349  0 114 139.8 0.008462
2023 350  0 124 144.3 0.008667
2023 351  0 112 149.7 0.008934
2023 352  0 138 156.3 0.009342
2023 353  0 150 173.5 0.009603
2023 354  0 149 189.1 0.009723
2023 355  0 152 187.4 0.009757
2023 356  0 148 180.7 0.009715
2023 357  0 138 168.6 0.009738
2023 358  0 117 177.4 0.009494
2023 359  0 113 161.3 0.009347
2023 360  0 110 149.1 0.009220
2023 361  0  76 144.5 0.009000
2023 362  0  95 141.8 0.008758
2023 363  0  83 138.2 0.008517
2023 364  0  65 135.1 0.008426
2023 365  0  52 141.4 0.008394
2024   1  0  55 131.2 0.008444
2024   2  0  68 137.4 0.008535
2024   3  0  59 135.5 0.008676
2024   4  0 100 121.6 0.008735
2024   5  0 119 147.6 0.008898
2024   6  0 148 154.1 0.008936
2024   7  0 172 161.6 0.008941
2024   8  0 162 170.4 0.009010
2024   9  0 158 170.1 0.009161
2024  10  0 178 179.9 0.009210
2024  11  0 186 186.2 0.009212
2024  12  0 182 180.3 0.009249
2024  13  0 181 179.4 0.009426
2024  14  0 161 181.7 0.009498
2024  15  0 140 176.6 0.009544
2024  16  0 134 173.8 0.009625
2024  17  0 147 168.5 0.009577
2024  18  0 130 157.1 0.009506
2024  19  0 143 152.4 0.009558
2024  20  0 134 161.0 0.009436
2024  21  0 155 172.9 0.009481
2024  22  0 166 189.9 0.009187
2024  23  0 148 174.7 0.009034
2024  24  0 124 166.6 0.008807
2024  25  0  92 155.6 0.008653
2024  26  0  83 151.9 0.008546
2024  27  0  64 143.6 0.008531
2024  28  0  68 136.8 0.008513
2024  29  0  74 136.1 0.008464
2024  30  0  74 131.0 0.008527
2024  31  0 100 132.2 0.008605
2024  32  0 117 132.9 0.008687
2024  33  0 122 138.5 0.008771
2024  34  0 124 152.0 0.008880
2024  35  0 135 165.6 0.009023
2024  36  0 158 168.6 0.009106
2024  37  0 159 185.1 0.009087
2024  38  0 148 183.3 0.009051
2024  39  0 161 180.0 0.009009
2024  40  0 127 178.6 0.009165
2024  41  0 151 188.7 0.009203
2024  42  0 162 175.7 0.009339
2024  43  0 156 203.0 0.009371
2024  44  0 136 189.9 0.009384
2024  45  0 141 179.5 0.009316
2024  46  0 150 173.9 0.009265
2024  47  0 139 164.8 0.009046
2024  48  0 113 165.9 0.008752
2024  49  0 100 152.9 0.008701
2024  50  0  73 148.6 0.008620
2024  51  0  54 149.2 0.008547
2024  52  0  49 166.2 0.008460
2024  53  0  56 169.6 0.008508
2024  54  0 104 169.2 0.008524
2024  55  0 108 175.5 0.008591
2024  56  0 115 177.1 0.008547
2024  57  0 132 168.3 0.008542
2024  58  0 120 165.1 0.008594
2024  59  0 130 175.7 0.008520
2024  60  0 126 161.1 0.008459
2024  61  0 117 150.1 0.008447
2024  62  0  96 149.7 0.008591
2024  63  0 102 143.1 0.008698
2024  64  0 109 137.6 0.008706
2024  65  0 110 139.2 0.008585
2024  66  0 100 133.9 0.008487
2024  67  0  96 134.5 0.008523
2024  68  0 102 127.2 0.008628
2024  69  0  96 132.6 0.008655
2024  70  0  77 125.3 0.008694
2024  71  0  74 125.1 0.008691
2024  72  0  83 128.9 0.008676
2024  73  0  81 126.8 0.008558
2024  74  0  68 125.7 0.008407
2024  75  0  52 127.7 0.008366
2024  76  0  62 142.6 0.008418
2024  77  0  73 149.8 0.008721
2024  78  0 120 175.8 0.008779
2024  79  0 132 167.5 0.008800
2024  80  0 123 174.1 0.009016
2024  81  0 159 195.5 0.009168
2024  82  0 163 196.2 0.009255
2024  83  0 154 209.3 0.009226
2024  84  0 161 194.0 0.009109
2024  85  0 163 189.1 0.008980
2024  86  0 138 177.4 0.008807
2024  87  0 113 173.9 0.008618
2024  88  0  98 172.1 0.008472
2024  89  0  79 166.8 0.008247
2024  90  0  51 139.3 0.008253
2024  91  0  63 133.4 0.008138
2024  92  0  31 120.3 0.008076
2024  93  0  36 112.7 0.008118
2024  94  0  37 111.7 0.008131
2024  95  0  49 113.8 0.008141
2024  96  0  78 120.6 0.008296
2024  97  0  80 123.1 0.008407
2024  98  0  83 124.9 0.008491
2024  99  0  78 125.2 0.008431
2024 100  0  56 124.8 0.008354
2024 101  0  56 131.8 0.008396
2024 102  0  91 144.4 0.008420
2024 103  0  87 152.3 0.008635
2024 104  0 121 161.9 0.009028
2024 105  0 150 179.5 0.009232
2024 106  0 171 193.2 0.009455
2024 107  0 185 200.2 0.009683
2024 108  0 211 218.2 0.009810
2024 109  0 224 228.8 0.009799
2024 110  0 242 215.4 0.009764
2024 111  0 232 211.6 0.009822
2024 112  0 233 219.4 0.009965
2024 113  0 266 229.2 0.009943
2024 114  0 268 221.6 0.009735
2024 115  0 251 201.4 0.009229
2024 116  0 211 168.8 0.008819
2024 117  0 142 154.6 0.008563
2024 118  0 138 154.6 0.008300
2024 119  0 117 142.0 0.008159
2024 120  0  99 139.5 0.008176
2024 121  0  86 132.1 0.008227
2024 122  0 119 136.9 0.007920
2024 123  0 144 144.1 0.008461
2024 124  0 160 158.6 0.008487
2024 125  0 186 169.5 0.008648
2024 126  0 185 180.0 0.008748
2024 127  0 205 174.3 0.008805
2024 128  0 192 207.4 0.008920
2024 129  0 171 231.4 0.008906
2024 130  0 181 237.7 0.008938
2024 131  0 172 227.9 0.009209
2024 132  0 173 218.0 0.009427
2024 133  0 199 226.4 0.009728
2024 134  0 244 220.0 0.009877
2024 135  0 203 224.6 0.010044
2024 136  0 208 220.8 0.010186
2024 137  0 213 211.9 0.010258
2024 138  0 203 208.7 0.010172
2024 139  0 180 198.8 0.010142
2024 140  0 181 205.5 0.009945
2024 141  0 155 204.5 0.009736
2024 142  0 177 195.4 0.009485
2024 143  0 165 200.6 0.009149
2024 144  0 143 180.7 0.008775
2024 145  0 142 167.0 0.008529
2024 146  0 112 156.4 0.008428
2024 147  0 130 159.7 0.008469
2024 148  0 144 174.6 0.008476
2024 149  0 164 170.9 0.008678
2024 150  0 169 175.2 0.008850
2024 151  0 159 177.7 0.009058
2024 152  0 156 184.5 0.009210
2024 153  0 178 233.3 0.009265
2024 154  0 205 185.0 0.009347
2024 155  0 213 191.4 0.009268
2024 156  0 213 198.0 0.009235
2024 157  0 181 201.1 0.009221
2024 158  0 158 196.7 0.009277
2024 159  0 163 190.0 0.009437
2024 160  0 173 196.2 0.009435
2024 161  0 154 186.4 0.009392
2024 162  0 124 183.3 0.009351
2024 163  0 106 170.1 0.009452
2024 164  0 124 170.0 0.009519
2024 165  0 151 175.5 0.009446
2024 166  0 158 174.3 0.009304
2024 167  0 148 176.1 0.009110
2024 168  0 151 172.6 0.008945
2024 169  0 140 185.7 0.008781
2024 170  0 133 199.0 0.008644
2024 171  0 151 202.3 0.008649
2024 172  0 165 210.0 0.008670
2024 173  0 150 203.3 0.008705
2024 174  0 159 202.1 0.008735
2024 175  0 163 202.2 0.008906
2024 176  0 153 205.3 0.009271
2024 177  0 146 200.1 0.009543
2024 178  0 179 187.4 0.009719
2024 179  0 174 188.6 0.009749
2024 180  0 179 186.7 0.009886
2024 181  0 219 192.7 0.009825
2024 182  0 212 179.6 0.009683
2024 183  0 198 176.3 0.009515
2024 184  0 197 169.3 0.009358
2024 185  0 178 173.1 0.009198
2024 186  0 138 178.8 0.009073
2024 187  0 138 171.2 0.008958
2024 188  0 128 171.6 0.008890
2024 189  0 121 177.1 0.008960
2024 190  0 111 174.1 0.009272
2024 191  0 143 184.2 0.009644
2024 192  0 183 220.8 0.009704
2024 193  0 172 211.9 0.009723
2024 194  0 162 216.7 0.009912
2024 195  0 176 246.3 0.009979
2024 196  0 211 241.7 0.009943
2024 197  0 242 240.9 0.010050
2024 198  0 286 249.9 0.010078
2024 199  0 284 231.1 0.009998
2024 200  0 290 215.5 0.009883
2024 201  0 274 208.2 0.009712
2024 202  0 228 214.1 0.009609
2024 203  0 219 204.2 0.009513
2024 204  0 172 191.0 0.009460
2024 205  0 173 181.0 0.009512
2024 206  0 173 180.4 0.009473
2024 207  0 180 172.4 0.009441
2024 208  0 198 181.8 0.009481
2024 209  0 210 210.0 0.009638
2024 210  0 202 221.1 0.009635
2024 211  0 213 230.0 0.009545
2024 212  0 231 412.9 0.009504
2024 213  0 270 242.2 0.009498
2024 214  0 259 241.4 0.009545
2024 215  0 241 254.5 0.009520
2024 216  0 231 251.8 0.009526
2024 217  0 231 247.9 0.009752
2024 218  0 214 254.4 0.009995
2024 219  0 240 277.7 0.010293
2024 220  0 275 311.7 0.010642
2024 221  0 285 345.4 0.010904
2024 222  0 264 313.9 0.010981
2024 223  0 250 299.0 0.010944
2024 224  0 245 289.0 0.010897
2024 225  0 230 279.6 0.010767
2024 226  0 209 266.7 0.010411
2024 227  0 178 254.6 0.010078
2024 228  0 157 233.2 0.009787
2024 229  0 199 230.5 0.009666
2024 230  0 198 235.2 0.009580
2024 231  0 202 236.6 0.009611
2024 232  0 225 244.8 0.009581
2024 233  0 217 243.8 0.009549
2024 234  0 210 244.5 0.009605
2024 235  0 213 235.8 0.009686
2024 236  0 214 247.1 0.009687
2024 237  0 223 237.3 0.009734
2024 238  0 204 237.6 0.009782
2024 239  0 220 234.3 0.009721
2024 240  0 182 225.8 0.009694
2024 241  0 189 216.1 0.009687
2024 242  0 153 207.9 0.009756
2024 243  0 158 218.3 0.009879
2024 244  0 181 235.9 0.010055
2024 245  0 170 229.5 0.010210
2024 246  0 182 241.8 0.010336
2024 247  0 171 246.3 0.010595
2024 248  0 169 266.2 0.010751
2024 249  0 170 244.6 0.010855
2024 250  0 177 252.8 0.010804
2024 251  0 168 225.0 0.010677
2024 252  0 156 231.0 0.010457
2024 253  0 152 217.8 0.010138
2024 254  0 141 207.9 0.009931
2024 255  0 147 209.6 0.009701
2024 256  0 132 203.7 0.009455
2024 257  0 109 188.1 0.009228
2024 258  0 107 174.4 0.009181
2024 259  0  95 174.6 0.008926
2024 260  0 132 170.9 0.008921
2024 261  0 132 167.0 0.009019
2024 262  0 102 164.8 0.009096
2024 263  0 105 162.6 0.009108
2024 264  0 117 155.0 0.009156
2024 265  0 122 159.2 0.009257
2024 266  0 129 164.0 0.009310
2024 267  0 123 168.5 0.009401
2024 268  0 134 173.4 0.009496
2024 269  0 129 175.2 0.009608
2024 270  0 136 182.0 0.009784
2024 271  0 154 186.7 0.009916
2024 272  0 154 195.2 0.009989
2024 273  0 149 197.8 0.010187
2024 274  0 169 214.7 0.010469
2024 275  0 212 245.1 0.010651
2024 276  0 210 274.8 0.010794
2024 277  0 209 300.9 0.010600
2024 278  0 211 291.1 0.010311
2024 279  0 182 277.1 0.010027
2024 280  0 169 264.2 0.009810
2024 281  0 163 276.5 0.009617
2024 282  0 142 224.2 0.009451
2024 283  0 141 219.7 0.009285
2024 284  0 141 215.6 0.009300
2024 285  0 136 213.1 0.009304
2024 286  0 126 212.6 0.009248
2024 287  0 137 193.9 0.009137
2024 288  0 136 180.9 0.009117
2024 289  0 109 170.9 0.009150
2024 290  0 119 166.6 0.009138
2024 291  0 141 172.2 0.009028
2024 292  0 137 163.9 0.008972
2024 293  0 133 160.9 0.009093
2024 294  0 132 160.3 0.009233
2024 295  0 162 162.4 0.009423
2024 296  0 119 174.3 0.009488
2024 297  0 122 183.7 0.009633
2024 298  0 136 194.4 0.009855
2024 299  0 178 206.8 0.010016
2024 300  0 220 235.5 0.010121
2024 301  0 246 243.0 0.010331
2024 302  0 246 252.1 0.010403
2024 303  0 224 261.9 0.010459
2024 304  0 206 265.9 0.010530
2024 305  0 213 265.9 0.010402
2024 306  0 222 252.2 0.010297
2024 307  0 209 246.6 0.010116
2024 308  0 207 236.7 0.009937
2024 309  0 187 238.3 0.009883
2024 310  0 209 241.4 0.009806
2024 311  0 208 255.9 0.009767
2024 312  0 210 234.8 0.009681
2024 313  0 186 226.7 0.009550
2024 314  0 161 216.7 0.009410
2024 315  0 157 226.0 0.009268
2024 316  0 149 178.6 0.009062
2024 317  0 115 168.1 0.008854
2024 318  0 106 147.1 0.008703
2024 319  0  91 143.7 0.008704
2024 320  0  70 145.6 0.008634
2024 321  0  73 136.8 0.008663
2024 322  0  94 142.9 0.008840
2024 323  0 113 161.2 0.009027
2024 324  0 123 153.5 0.009172
2024 325  0 120 158.7 0.009357
2024 326  0 115 162.1 0.009464
2024 327  0 143 174.7 0.009561
2024 328  0 151 194.9 0.009790
2024 329  0 171 197.6 0.009989
2024 330  0 167 214.7 0.010038
2024 331  0 160 216.4 0.010162
2024 332  0 205 219.0 0.010138
2024 333  0 170 208.1 0.010035
2024 334  0 161 213.8 0.009868
2024 335  0 121 198.3 0.009722
2024 336  0 122 181.1 0.009556
2024 337  0 135 180.0 0.009452
2024 338  0 123 169.3 0.009479
2024 339  0 121 169.7 0.009527
2024 340  0 118 169.5 0.009571
2024 341  0 104 172.3 0.009493
2024 342  0 136 177.1 0.009390
2024 343  0 141 172.4 0.009221
2024 344  0 116 167.3 0.009214
2024 345  0 139 166.7 0.009194
2024 346  0 113 155.6 0.009206
2024 347  0 106 155.9 0.009204
2024 348  0 111 158.6 0.009248
2024 349  0  98 165.1 0.009152
2024 350  0 103 166.6 0.008979
2024 351  0  98 161.4 0.008899
2024 352  0  91 164.6 0.008859
2024 353  0 111 168.0 0.008925
2024 354  0 126 169.4 0.009048
2024 355  0 149 178.1 0.008828
2024 356  0 164 194.7 0.009503
2024 357  0 184 216.1 0.009682
2024 358  0 222 230.6 0.009865
2024 359  0 217 250.1 0.010003
2024 360  0 242 244.5 0.010057
2024 361  0 259 247.4 0.010076
2024 362  0 258 250.0 0.010090
2024 363  0 252 251.8 0.010091
2024 364  0 234 246.3 0.009763
2024 365  0 218 216.1 0.009842
2024 366  0 179 210.4 0.009535
2025   1  0 198 211.9 0.009652
2025   2  0 187 205.4 0.009612
2025   3  0 199 193.3 0.009665
2025   4  0 211 202.4 0.009611
2025   5  0 194 163.0 0.009522
2025   6  0 169 166.2 0.009406
2025   7  0 133 162.2 0.009420
2025   8  0 120 154.9 0.009463
2025   9  0 158 156.8 0.009260
2025  10  0 129 151.7 0.008951
2025  11  0 108 150.8 0.008708
2025  12  0 112 153.2 0.008574
2025  13  0  90 154.4 0.008585
2025  14  0  78 161.0 0.008726
2025  15  0  84 167.8 0.009082
2025  16  0 127 201.5 0.009381
2025  17  0 150 219.5 0.009601
2025  18  0 141 215.3 0.009772
2025  19  0 150 228.3 0.009957
2025  20  0 185 224.7 0.010010
2025  21  0 166 229.0 0.009992
2025  22  0 147 207.5 0.010019
2025  23  0 172 208.7 0.009831
2025  24  0 138 198.2 0.009484
2025  25  0 120 176.2 0.009254
2025  26  0 108 165.4 0.009046
2025  27  0  56 157.6 0.009025
2025  28  0  78 166.3 0.009033
2025  29  0  84 168.6 0.009141
2025  30  0 108 178.3 0.009328
2025  31  0 147 200.5 0.009429
2025  32  0 159 182.4 0.009650
2025  33  0 183 209.5 0.009732
2025  34  0 189 214.2 0.009683
2025  35  0 177 206.6 0.009633
2025  36  0 165 186.0 0.009517
2025  37  0 186 182.6 0.009239
2025  38  0 164 176.7 0.008817
2025  39  0 135 168.7 0.008493
2025  40  0 130 158.7 0.008335
2025  41  0 115 155.1 0.008432
2025  42  0  95 149.5 0.008629
2025  43  0 101 164.2 0.008964
2025  44  0 114 169.0 0.009283
2025  45  0 161 174.2 0.009487
2025  46  0 170 179.5 0.009618
2025  47  0 205 180.6 0.009704
2025  48  0 203 179.4 0.009673
2025  49  0 173 174.5 0.009546
2025  50  0 135 173.9 0.009492
2025  51  0 144 180.0 0.009316
2025  52  0 167 192.8 0.009107
2025  53  0 182 194.8 0.009156
2025  54  0 189 234.9 0.009141
2025  55  0 169 198.8 0.009178
2025  56  0 169 186.3 0.009148
2025  57  0 126 176.7 0.009066
2025  58  0 135 160.8 0.009021
2025  59  0 119 154.4 0.008950
2025  60  0 116 149.5 0.008941
2025  61  0 146 148.5 0.008985
2025  62  0 123 160.4 0.009037
2025  63  0 153 157.9 0.008970
2025  64  0 143 154.0 0.008789
2025  65  0 129 147.7 0.008617
2025  66  0 106 144.3 0.008487
2025  67  0  90 145.4 0.008422
2025  68  0 101 145.5 0.008476
2025  69  0 107 147.4 0.008772
2025  70  0 142 159.3 0.008988
2025  71  0 157 158.3 0.009185
2025  72  0 173 173.8 0.009461
2025  73  0 182 178.1 0.009657
2025  74  0 183 176.0 0.009757
2025  75  0 206 183.9 0.009843
2025  76  0 205 201.5 0.009787
2025  77  0 196 182.3 0.009635
2025  78  0 165 177.9 0.009294
2025  79  0 163 168.8 0.009101
2025  80  0 151 164.1 0.009068
2025  81  0 173 176.7 0.008969
2025  82  0 126 167.0 0.008996
2025  83  0  78 155.1 0.008942
2025  84  0  79 155.3 0.008835
2025  85  0  46 151.6 0.008804
2025  86  0  82 152.0 0.008898
2025  87  0  78 159.8 0.008898
2025  88  0  91 156.1 0.008975
2025  89  0 128 170.7 0.009056
2025  90  0 141 171.6 0.009045
2025  91  0 160 181.7 0.008922
2025  92  0 150 179.8 0.008771
2025  93  0 164 178.4 0.008726
2025  94  0 191 180.5 0.008696
2025  95  0 187 184.6 0.008690
2025  96  0 180 167.2 0.008815
2025  97  0 162 162.6 0.008853
2025  98  0 147 159.0 0.009007
2025  99  0 141 167.3 0.009022
2025 100  0 139 153.2 0.009119
2025 101  0 131 170.8 0.009110
2025 102  0 122 166.2 0.009048
2025 103  0 106 164.6 0.008913
2025 104  0  88 153.6 0.008965
2025 105  0  75 154.6 0.008931
2025 106  0  92 149.5 0.008834
2025 107  0 110 151.9 0.008700
2025 108  0 118 157.1 0.008692
2025 109  0 117 158.8 0.008792
2025 110  0 134 157.8 0.008956
2025 111  0 142 164.6 0.009123
2025 112  0 185 165.1 0.009219
2025 113  0 166 169.6 0.009392
2025 114  0 202 171.6 0.009486
2025 115  0 203 166.0 0.009519
2025 116  0 173 157.7 0.009439
2025 117  0 135 157.8 0.009279
2025 118  0 123 155.7 0.009150
2025 119  0 111 151.3 0.009025
2025 120  0  88 150.2 0.008876
2025 121  0  62 154.7 0.008652
2025 122  0  42 154.7 0.008540
2025 123  0  57 154.6 0.008618
2025 124  0  75 161.6 0.008684
2025 125  0  93 161.4 0.008648
2025 126  0  88 158.7 0.008677
2025 127  0  75 157.0 0.008681
2025 128  0  81 151.3 0.008662
2025 129  0  72 138.9 0.008642
2025 130  0  70 136.8 0.008527
2025 131  0  66 128.3 0.008402
2025 132  0  60 117.9 0.008411
2025 133  0  59 119.2 0.008388
2025 134  0  46 124.4 0.008413
2025 135  0  40 121.4 0.008450
2025 136  0  59 120.0 0.008448
2025 137  0  52 119.9 0.008434
2025 138  0  56 121.0 0.008548
2025 139  0  65 119.6 0.008674
2025 140  0  75 121.6 0.008785
2025 141  0  90 122.3 0.008808
2025 142  0  97 123.0 0.008712
2025 143  0 117 124.7 0.008643
2025 144  0  98 133.0 0.008623
2025 145  0  95 136.8 0.008589
2025 146  0 108 136.4 0.008590
2025 147  0 102 140.8 0.008598
2025 148  0 107 148.2 0.008600
2025 149  0  98 148.7 0.008662
2025 150  0 115 161.2 0.008785
2025 151  0 114 168.8 0.008718
2025 152  0 124 154.6 0.008698
2025 153  0 106 143.9 0.008723
2025 154  0  93 138.7 0.008756
2025 155  0  94 134.4 0.008619
2025 156  0  87 131.6 0.008467
2025 157  0  97 128.2 0.008377
2025 158  0  86 124.5 0.008310
2025 159  0  60 118.5 0.008381
2025 160  0  89 124.0 0.008433
2025 161  0 113 133.6 0.008487
2025 162  0 145 146.1 0.008466
2025 163  0 142 145.9 0.008483
2025 164  0 152 147.5 0.008608
2025 165  0 154 155.6 0.008643
2025 166  0 151 165.6 0.008589
2025 167  0 127 152.6 0.008636
2025 168  0 117 143.7 0.008662
2025 169  0 133 141.4 0.008685
2025 170  0 131 140.7 0.008591
2025 171  0 113 133.9 0.008488
2025 172  0  95 124.2 0.008551
2025 173  0  99 128.9 0.008531
2025 174  0  94 125.8 0.008480
2025 175  0  85 123.8 0.008442
2025 176  0  95 120.7 0.008412
2025 177  0 104 121.2 0.008434
2025 178  0 116 122.2 0.008517
2025 179  0 136 125.9 0.008562
2025 180  0 151 132.6 0.008655
2025 181  0 150 132.5 0.008730
2025 182  0 147 130.0 0.008832
2025 183  0 137 134.1 0.008768
2025 184  0 116 129.3 0.008725
2025 185  0 100 123.1 0.008672
2025 186  0  76 120.7 0.008597
2025 187  0  87 122.2 0.008485
2025 188  0  93 122.2 0.008480
2025 189  0  84 119.7 0.008411
2025 190  0  81 124.3 0.008410
2025 191  0  75 133.8 0.008486
2025 192  0  93 136.8 0.008506
2025 193  0 113 143.3 0.008410
2025 194  0 126 132.4 0.008458
2025 195  0 135 132.4 0.008622
2025 196  0 173 144.2 0.008683
2025 197  0 191 157.1 0.008818
2025 198  0 183 161.3 0.008854
2025 199  0 165 160.8 0.008973
2025 200  0 153 157.5 0.008958
2025 201  0 145 155.1 0.008867
2025 202  0 137 147.5 0.008839
2025 203  0 107 149.6 0.008809
2025 204  0 110 154.9 0.008935
2025 205  0 114 161.1 0.009018
2025 206  0 148 152.7 0.009022
2025 207  0 144 147.7 0.009157
2025 208  0 129 149.5 0.009158
2025 209  0 131 149.1 0.009164
2025 210  0 123 156.1 0.009070
2025 211  0 141 153.6 0.009047
2025 212  0 146 149.2 0.009031
2025 213  0 133 150.0 0.008917
2025 214  0 129 150.6 0.008842
2025 215  0 129 150.6 0.008675
2025 216  0 107 146.8 0.008659
2025 217  0 116 161.1 0.008677
2025 218  0 140 162.7 0.008656
2025 219  0 154 155.9 0.008583
2025 220  0 181 151.8 0.008590
2025 221  0 155 143.5 0.008721
2025 222  0 167 157.5 0.008664
2025 223  0 166 149.6 0.008731
2025 224  0 162 156.6 0.008857
2025 225  0 167 143.7 0.008788
2025 226  0 165 133.8 0.008753
2025 227  0 138 125.9 0.008688
2025 228  0 120 125.2 0.008584
2025 229  0  74 120.3 0.008465
2025 230  0  64 116.6 0.008498
2025 231  0  36 118.8 0.008444
2025 232  0  60 122.5 0.008532
2025 233  0  67 123.8 0.008522
2025 234  0  56 138.8 0.008552
2025 235  0  72 145.6 0.008611
2025 236  0 100 154.8 0.008785
2025 237  0 137 178.6 0.009162
2025 238  0 183 206.5 0.009440
2025 239  0 198 230.3 0.009636
2025 240  0 204 236.2 0.009660
2025 241  0 197 226.0 0.009640
2025 242  0 181 322.5 0.009633
2025 243  0 187 221.1 0.009518
2025 244  0 176 205.5 0.009403
2025 245  0 162 190.7 0.009389
2025 246  0 146 182.7 0.009267
2025 247  0 157 174.9 0.008949
2025 248  0 138 151.4 0.008654
2025 249  0 111 148.7 0.008421
2025 250  0  92 134.5 0.008396
2025 251  0 113 126.4 0.008374
2025 252  0 101 123.4 0.008335
2025 253  0  86 120.6 0.008263
2025 254  0  83 116.7 0.008210
2025 255  0  65 115.5 0.008087
2025 256  0  53 119.0 0.008090
2025 257  0  69 123.5 0.008075
2025 258  0  79 131.3 0.008205
2025 259  0 117 136.2 0.008491
2025 260  0 126 148.6 0.008660
2025 261  0 127 151.8 0.008816
2025 262  0 138 161.3 0.008854
2025 263  0 153 167.8 0.009157
2025 264  0 164 177.3 0.009353
2025 265  0 161 173.7 0.009527
2025 266  0 186 172.5 0.009529
2025 267  0 144 185.8 0.009392
2025 268  0 152 171.4 0.009253
2025 269  0 142 165.9 0.009242
2025 270  0 138 164.2 0.009383
2025 271  0 155 171.2 0.009574
2025 272  0 178 187.0 0.009483
2025 273  0 179 187.6 0.009316
2025 274  0 167 184.4 0.009067
2025 275  0 169 168.1 0.008907
2025 276  0 175 169.8 0.008712
2025 277  0 153 157.7 0.008646
2025 278  0 147 147.7 0.008637
2025 279  0 147 133.0 0.008553
2025 280  0 123 130.3 0.008441
2025 281  0  78 119.4 0.008356
2025 282  0  61 121.3 0.008296
2025 283  0  79 120.3 0.008330
2025 284  0 105 130.7 0.008430
2025 285  0 129 141.9 0.008483
2025 286  0 128 140.7 0.008620
2025 287  0 125 153.6 0.008629
2025 288  0 123 161.1 0.008723
2025 289  0 132 159.6 0.008846
2025 290  0 120 163.2 0.008947
2025 291  0 114 155.9 0.008900
2025 292  0 107 147.3 0.008952
2025 293  0 112 139.1 0.008891
2025 294  0 124 131.7 0.008895
2025 295  0 110 131.6 0.008884
2025 296  0 100 128.6 0.008944
2025 297  0 101 132.2 0.008891
2025 298  0 102 125.6 0.008895
2025 299  0 103 121.9 0.008847
2025 300  0  99 119.9 0.008741
2025 301  0 113 120.7 0.008609
2025 302  0 100 116.8 0.008521
2025 303  0  70 118.6 0.008311
2025 304  0  44 123.4 0.008234
2025 305  0  21 113.6 0.008249
2025 306  0  42 121.1 0.008299
2025 307  0  74 130.8 0.008337
2025 308  0  84 156.6 0.008438
2025 309  0  79 144.9 0.008590
2025 310  0 109 160.8 0.008711
2025 311  0 130 162.7 0.008868
2025 312  0 142 168.7 0.008970
2025 313  0 154 172.3 0.009008
2025 314  0 151 176.8 0.009086
2025 315  0 149 164.7 0.009104
2025 316  0 137 160.0 0.009093
2025 317  0 127 152.7 0.008972
2025 318  0 103 142.2 0.008748
2025 319  0 100 129.4 0.008598
2025 320  0  67 129.3 0.008526
2025 321  0  57 119.5 0.008386
2025 322  0  62 117.4 0.008346
2025 323  0  54 119.6 0.008369
2025 324  0  59 118.5 0.008432
2025 325  0  66 118.3 0.008506
2025 326  0  61 116.4 0.008518
2025 327  0  81 116.7 0.008485
2025 328  0 102 113.2 0.008408
2025 329  0  99 113.9 0.008332
2025 330  0  82 117.7 0.008298
2025 331  0  91 117.7 0.008232
2025 332  0  83 134.5 0.008274
2025 333  0  83 166.0 0.008421
2025 334  0 103 175.4 0.008675
2025 335  0 156 191.2 0.008771
2025 336  0 180 195.2 0.008928
2025 337  0 185 203.6 0.008943
2025 338  0 184 213.6 0.009021
2025 339  0 175 200.2 0.009032
2025 340  0 167 194.0 0.009084
2025 341  0 161 188.6 0.009209
2025 342  0 166 180.7 0.009174
2025 343  0 155 178.1 0.008957
2025 344  0 132 163.4 0.008602
2025 345  0 120 142.4 0.008220
2025 346  0  98 130.4 0.007996
2025 347  0  87 118.3 0.007919
2025 348  0  72 115.1 0.007866
2025 349  0  77 114.6 0.007857
2025 350  0  77 113.0 0.007895
2025 351  0  82 114.7 0.007919
2025 352  0  71 112.2 0.007965
2025 353  0  50 114.4 0.008061
2025 354  0  58 115.7 0.008216
2025 355  0  69 120.0 0.008348
2025 356  0  82 129.0 0.008320
2025 357  0 114 137.0 0.008440
2025 358  0 131 129.8 0.008469
2025 359  0 127 157.2 0.008546
2025 360  0 127 160.9 0.008864
2025 361  0 147 171.8 0.009100
2025 362  0 161 181.6 0.009277
2025 363  0 147 189.4 0.009288
2025 364  0 146 176.1 0.009197
2025 365  0 145 164.8 0.009053
2026   1  0 123 163.6 0.008992
2026   2  0 117 160.5 0.008959
2026   3  0 117 159.8 0.008862
2026   4  0 118 152.2 0.008827
2026   5  0 106 149.2 0.008590
2026   6  0 111 139.7 0.008298
2026   7  0 118 130.6 0.008052
2026   8  0  82 135.5 0.007797
2026   9  0  65 113.0 0.007677
2026  10  0  65 110.4 0.007584
2026  11  0  64 107.0 0.007506
2026  12  0  57 109.2 0.007509
2026  13  0  48 112.8 0.007688
2026  14  0  64 122.4 0.007854
2026  15  0  95 134.8 0.007981
2026  16  0 136 142.8 0.008073
2026  17  0 134 154.1 0.008373
2026  18  0 139 224.4 0.008504
2026  19  0 164 167.9 0.008575
2026  20  0 168 172.0 0.008658
2026  21  0 164 182.1 0.008904
2026  22  0 189 188.4 0.009119
2026  23  0 170 173.9 0.009242
2026  24  0 158 168.1 0.009189
2026  25  0 153 159.4 0.008974
2026  26  0 138 148.0 0.008767
2026  27  0  97 139.4 0.008562
2026  28  0 117 129.1 0.008470
2026  29  0  96 124.9 0.008441
2026  30  0  83 123.8 0.008497
2026  31  0 109 136.4 0.008531
2026  32  0 103 156.8 0.008621
2026  33  0 131 168.8 0.008544
2026  34  0 165 172.5 0.008387
2026  35  0 148 162.5 0.008259
2026  36  0 138 171.0 0.008193
2026  37  0 139 159.2 0.008210
2026  38  0 141 164.8 0.008195
2026  39  0 141 162.9 0.008132
2026  40  0 117 140.4 0.008044
2026  41  0 112 138.4 0.007964
2026  42  0  92 125.6 0.007898
2026  43  0  80 125.7 0.007901
2026  44  0  65 114.4 0.007984
2026  45  0  77 114.0 0.008002
2026  46  0  72 114.7 0.008024
2026  47  0  75 115.1 0.008086
2026  48  0  66 118.7 0.008184
2026  49  0  43 116.0 0.008166
2026  50  0  43 113.8 0.008166
2026  51  0  33 108.7 0.008090
2026  52  0  15 107.5 0.007980
2026  53  0   4 107.8 0.007839
2026  54  0   8 105.7 0.007824
2026  55  0   5 117.2 0.007788
2026  56  0  15 122.2 0.007865
2026  57  0  34 127.3 0.008050
2026  58  0  47 135.9 0.008171
2026  59  0  59 138.1 0.008276
2026  60  0  76 144.4 0.008326
2026  61  0  76 145.0 0.008298
2026  62  0  79 141.1 0.008256
2026  63  0  66 138.8 0.008223
2026  64  0  85 143.8 0.008203
2026  65  0  83 140.6 0.008056
2026  66  0  81 133.3 0.008050
2026  67  0  75 132.6 0.008026
2026  68  0  77 126.5 0.007934
2026  69  0  80 125.1 0.007836
2026  70  0 108 121.2 0.007677
2026  71  0  96 119.3 0.007716
2026  72  0  79 118.9 0.007655
2026  73  0  57 110.3 0.007687
2026  74  0  64 107.8 0.007711
2026  75  0  69 110.0 0.007720
2026  76  0  63 110.1 0.007745
2026  77  0  61 111.8 0.007723
2026  78  0  34 105.1 0.007535
2026  79  0  29 101.2 0.007381
2026  80  0  41 106.4 0.007464
2026  81  0  99 119.3 0.007492
2026  82  0 112 123.5 0.007517
2026  83  0 110 127.5 0.007617
2026  84  0 107 139.4 0.007771
2026  85  0 113 151.5 0.007926
2026  86  0 135 155.7 0.008062
2026  87  0 128 161.2 0.008102
2026  88  0 134 157.4 0.008175
2026  89  0 132 151.4 0.008155
2026  90  0 137 140.5 0.008143
2026  91  0 129 141.7 0.008144
2026  92  0 133 140.2 0.008019
2026  93  0 120 135.8 0.007888
2026  94  0 106 128.2 0.007792
2026  95  0  89 118.1 0.007642
2026  96  0  97 116.5 0.007492
2026  97  0  89 109.1 0.007392
2026  98  0  70 108.7 0.007219
2026  99  0  59  97.0 0.007135
2026 100  0  28  94.1 0.007147
2026 101  0  39  93.7 0.007177
2026 102  0  38  99.3 0.007249
2026 103  0  53  99.2 0.007266
2026 104  0  53 101.5 0.007279
2026 105  0  49 105.5 0.007244
2026 106  0  50 108.8 0.007191
2026 107  0  48 108.0 0.007133
2026 108  0  41 106.0 0.007105
2026 109  0  36 105.4 0.007122
2026 110  0  37 106.1 0.007366
2026 111  0  50 113.5 0.007506
2026 112  0  71 117.5 0.007687
2026 113  0  68 129.3 0.007929
2026 114  0  94 148.0 0.008011
2026 115  0 114 150.2 0.008069
2026 116  0 115 158.3 0.008111
2026 117  0 117 144.3 0.008113
2026 118  0 128 151.4 0.007979
2026 119  0 123 145.1 0.007930
2026 120  0 135 145.4 0.007870
2026 121  0 157 147.0 0.007763
2026 122  0 139 161.2 0.007626
2026 123  0 124 145.6 0.007569
2026 124  0 124 140.3 0.007510
2026 125  0 132 129.7 0.007384
2026 126  0 104 122.2 0.007274
2026 127  0  70 118.7 0.007241
2026 128  0  75 121.8 0.007287
2026 129  0  90 123.8 0.007316
2026 130  0  87 128.2 0.007314
2026 131  0  79 118.3 0.007245
2026 132  0  58 113.5 0.007118
2026 133  0  63 105.4 0.006993
2026 134  0  50 108.7 0.006896
2026 135  0  47 103.3 0.006940
2026 136  0  57 111.5 0.007066
2026 137  0  84 106.0 0.007191
2026 138  0  80 107.7 0.007308
2026 139  0  73 108.1 0.007411
2026 140  0  66 116.7 0.007508
2026 141  0  86 120.8 0.007738
2026 142  0 107 127.5 0.007987
2026 143  0 118 140.6 0.008126
2026 144  0 111 136.2 0.008174
2026 145  0 110 142.6 0.008286
2026 146  0 146 144.5 0.008312
2026 147  0 174 145.5 0.008274
2026 148  0 154 148.8 0.008239
2026 149  0 138 152.1 0.008183
2026 150  0 129 145.5 0.008073
2026 151  0 113 139.3 0.007960
2026 152  0 100 135.6 0.007981
2026 153  0 109 150.3 0.007926
2026 154  0 127 151.0 0.007834
2026 155  0 127 152.2 0.007676
2026 156  0 127 144.6 0.007630
2026 157  0 131 141.9 0.007620
2026 158  0 133 138.2 0.007580
2026 159  0 132 134.7 0.007602
2026 160  0 116 133.5 0.007567
2026 161  0  96 127.8 0.007571
2026 162  0  83 131.4 0.007592
2026 163  0  69 132.3 0.007618
2026 164  0  48 125.3 0.007634
2026 165  0  59 131.6 0.007613
2026 166  0  66 120.7 0.007661
2026 167  0  70 116.4 0.007596
2026 168  0  53 114.1 0.007530
2026 169  0  51 114.3 0.007551
2026 170  0  61 114.3 0.007684
2026 171  0  88 116.2 0.007826
2026 172  0  65 132.2 0.007903
2026 173  0  70 125.5 0.007905
2026 174  0  76 134.7 0.007904
2026 175  0  90 141.9 0.007941
2026 176  0  87 161.1 0.007940
2026 177  0 104 168.1 0.008056
2026 178  0 112 194.1 0.007975
2026 179  0 130 192.3 0.008003
2026 180  0 125 201.9 0.008079
2026 181  0 126 209.3 0.008122
2026 182  0 132 258.1 0.008014
2026 183  0 107 209.7 0.007846
2026 184  0 102 192.9 0.007561
2026 185  0  89 166.0 0.007324
2026 186  0  89 143.4 0.007109
2026 187  0  65 129.5 0.007047
2026 188  0  58 114.1 0.007058
2026 189  0  75 119.8 0.006995
2026 190  0  72 113.4 0.006953
2026 191  0  71 110.7 0.007017
2026 192  0  71 115.3 0.007060
2026 193  0  61 110.8 0.007033
2026 194  0  39 106.4 0.006991
2026 195  0  34 103.1 0.006974
2026 196  0  26 103.0 0.007360
2026 197  0  47 104.6 0.007345
2026 198  0  34 108.2 0.007059
2026 199  0  25 114.0 0.007283
2026 200  0  45 123.2 0.007598
2026 201  0  74 141.3 0.007825
2026 202  0  87 153.8 0.007994
2026 203  0  81 155.0 0.008103
2026 204  0  90 152.3 0.008112
2026 205  0  99 154.9 0.008098
2026 206  0  95 149.2 0.008092
2026 207  0 100 152.9 0.008042
2026 208  0 104 151.2 0.008035
2026 209  0 100 147.7 0.008040
2026 210  0 106 147.1 0.007912
2026 211  0 125 156.3 0.007652
2026 212  0 118 152.0 0.007440
2026 213  0 110 143.8 0.007243
2026 214  0 120 130.7 0.007184
2026 215  0 105 129.3 0.007059
2026 216  0  92 121.4 0.007023
2026 217  0  76 110.6 0.006977
2026 218  0  56 104.1 0.006884
2026 219  0  53  99.2 0.006762
2026 220  0  43  96.3 0.006653
2026 221  0  27  96.3 0.006617
2026 222  0  39  98.0 0.006672
2026 223  0  42  99.1 0.006730
2026 224  0  75 102.7 0.006827
2026 225  0  91 110.4 0.006895
2026 226  0 100 116.4 0.007002
2026 227  0 107 120.1 0.007181
2026 228  0  92 131.9 0.007339
2026 229  0  83 127.4 0.007399
2026 230  0  69 127.8 0.007518
2026 231  0  70 129.2 0.007581
2026 232  0  60 127.7 0.007634
2026 233  0  76 128.5 0.007661
2026 234  0  75 127.1 0.007693
2026 235  0  76 130.8 0.007719
2026 236  0  88 146.2 0.007715
2026 237  0  82 135.3 0.007594
2026 238  0  85 133.8 0.007417
2026 239  0  83 124.6 0.007206
2026 240  0  77 118.2 0.007058
2026 241  0  76 113.6 0.007713
2026 242  0  70 108.7 0.007463
2026 243  0  58 109.0 0.007448
